H,type,vi,polls,global_timer,ttc_speed,action,prev_action,action_state,action_timer,action_arg,x,y,z,vx,vy,vz,forward_vel,face_yaw,floor_height,ceil_height,wall,ceil,floor,interact,held,used,ridden,mario_object,mario_object_platform,g_mario_platform,g_mario_platform_slot
H,type,vi,slot,active_flags,behavior,x,y,z,face_pitch,face_yaw,face_roll,angle_vel_pitch,angle_vel_yaw,angle_vel_roll,action,timer,parent,prev,platform,collision_data
M,1,1,104948,3,00001300,0100088C,0,0,00000000,-229.700836,2611,7282,0,0,0,0,2607,2611,20000,00000000,00000000,801B4C90,8033EBD8,00000000,8033EBD8,00000000,00000000,00000000,00000000,-1
O,1,0,0101,800EB348,0,-100,0,00000000,00000000,00000000,00000000,00000000,00000000,0,156,8033C118,00000000,00000000,00000000
O,1,1,0101,800EB32C,-225,248,-300,00000000,0004E000,00000000,00000000,00000000,00000000,0,156,8033C118,00000000,00000000,00000000
O,1,2,0101,800EB32C,-73,248,-300,00000000,00000000,00000000,00000000,00000000,00000000,0,156,8033C118,00000000,00000000,00000000
O,1,3,0101,800EB32C,79,248,-300,00000000,00000000,00000000,00000000,00000000,00000000,0,156,8033C118,00000000,00000000,00000000
O,1,4,0101,800EB32C,231,248,-300,00000000,00000000,00000000,00000000,00000000,00000000,0,156,8033C118,00000000,00000000,00000000
M,2,1,104948,3,00001300,0100088C,0,0,00000000,-229.700836,2611,7282,0,0,0,0,2607,2611,20000,00000000,00000000,801B4C90,8033EBD8,00000000,8033EBD8,00000000,00000000,00000000,00000000,-1
O,2,0,0101,800EB348,0,-100,0,00000000,00000000,00000000,00000000,00000000,00000000,0,156,8033C118,00000000,00000000,00000000
O,2,1,0101,800EB32C,-225,248,-300,00000000,0004E000,00000000,00000000,00000000,00000000,0,156,8033C118,00000000,00000000,00000000
O,2,2,0101,800EB32C,-73,248,-300,00000000,00000000,00000000,00000000,00000000,00000000,0,156,8033C118,00000000,00000000,00000000
O,2,3,0101,800EB32C,79,248,-300,00000000,00000000,00000000,00000000,00000000,00000000,0,156,8033C118,00000000,00000000,00000000
O,2,4,0101,800EB32C,231,248,-300,00000000,00000000,00000000,00000000,00000000,00000000,0,156,8033C118,00000000,00000000,00000000
M,3,2,104949,3,00001300,0100088C,0,0,00000000,-229.700836,2611,7282,0,0,0,0,2607,2611,20000,00000000,00000000,801B4C90,8033EBD8,00000000,8033EBD8,00000000,00000000,00000000,00000000,-1
O,3,0,0101,800EB348,0,-100,0,00000000,00000000,00000000,00000000,00000000,00000000,0,157,8033C118,00000000,00000000,00000000
O,3,1,0101,800EB32C,-225,248,-300,00000000,0004E800,00000000,00000000,00000000,00000000,0,157,8033C118,00000000,00000000,00000000
O,3,2,0101,800EB32C,-73,248,-300,00000000,00000000,00000000,00000000,00000000,00000000,0,157,8033C118,00000000,00000000,00000000
O,3,3,0101,800EB32C,79,248,-300,00000000,00000000,00000000,00000000,00000000,00000000,0,157,8033C118,00000000,00000000,00000000
O,3,4,0101,800EB32C,231,248,-300,00000000,00000000,00000000,00000000,00000000,00000000,0,157,8033C118,00000000,00000000,00000000
M,4,2,104949,3,00001300,0100088C,0,0,00000000,-229.700836,2611,7282,0,0,0,0,2607,2611,20000,00000000,00000000,801B4C90,8033EBD8,00000000,8033EBD8,00000000,00000000,00000000,00000000,-1
O,4,0,0101,800EB348,0,-100,0,00000000,00000000,00000000,00000000,00000000,00000000,0,157,8033C118,00000000,00000000,00000000
O,4,1,0101,800EB32C,-225,248,-300,00000000,0004E800,00000000,00000000,00000000,00000000,0,157,8033C118,00000000,00000000,00000000
O,4,2,0101,800EB32C,-73,248,-300,00000000,00000000,00000000,00000000,00000000,00000000,0,157,8033C118,00000000,00000000,00000000
O,4,3,0101,800EB32C,79,248,-300,00000000,00000000,00000000,00000000,00000000,00000000,0,157,8033C118,00000000,00000000,00000000
O,4,4,0101,800EB32C,231,248,-300,00000000,00000000,00000000,00000000,00000000,00000000,0,157,8033C118,00000000,00000000,00000000
M,5,3,104950,3,00001300,0100088C,0,0,00000000,-229.700836,2611,7282,0,0,0,0,2607,2611,20000,00000000,00000000,801B4C90,8033EBD8,00000000,8033EBD8,00000000,00000000,00000000,00000000,-1
O,5,0,0101,800EB348,0,-100,0,00000000,00000000,00000000,00000000,00000000,00000000,0,158,8033C118,00000000,00000000,00000000
O,5,1,0101,800EB32C,-225,248,-300,00000000,0004F000,00000000,00000000,00000000,00000000,0,158,8033C118,00000000,00000000,00000000
O,5,2,0101,800EB32C,-73,248,-300,00000000,00000000,00000000,00000000,00000000,00000000,0,158,8033C118,00000000,00000000,00000000
O,5,3,0101,800EB32C,79,248,-300,00000000,00000000,00000000,00000000,00000000,00000000,0,158,8033C118,00000000,00000000,00000000
O,5,4,0101,800EB32C,231,248,-300,00000000,00000000,00000000,00000000,00000000,00000000,0,158,8033C118,00000000,00000000,00000000
M,6,3,104950,3,00001300,0100088C,0,0,00000000,-229.700836,2611,7282,0,0,0,0,2607,2611,20000,00000000,00000000,801B4C90,8033EBD8,00000000,8033EBD8,00000000,00000000,00000000,00000000,-1
O,6,0,0101,800EB348,0,-100,0,00000000,00000000,00000000,00000000,00000000,00000000,0,158,8033C118,00000000,00000000,00000000
O,6,1,0101,800EB32C,-225,248,-300,00000000,0004F000,00000000,00000000,00000000,00000000,0,158,8033C118,00000000,00000000,00000000
O,6,2,0101,800EB32C,-73,248,-300,00000000,00000000,00000000,00000000,00000000,00000000,0,158,8033C118,00000000,00000000,00000000
O,6,3,0101,800EB32C,79,248,-300,00000000,00000000,00000000,00000000,00000000,00000000,0,158,8033C118,00000000,00000000,00000000
O,6,4,0101,800EB32C,231,248,-300,00000000,00000000,00000000,00000000,00000000,00000000,0,158,8033C118,00000000,00000000,00000000
M,7,4,104951,3,00001300,0100088C,0,0,00000000,-229.700836,2611,7282,0,0,0,0,2607,2611,20000,00000000,00000000,801B4C90,8033EBD8,00000000,8033EBD8,00000000,00000000,00000000,00000000,-1
O,7,0,0101,800EB348,0,-100,0,00000000,00000000,00000000,00000000,00000000,00000000,0,159,8033C118,00000000,00000000,00000000
O,7,1,0101,800EB32C,-225,248,-300,00000000,0004F800,00000000,00000000,00000000,00000000,0,159,8033C118,00000000,00000000,00000000
O,7,2,0101,800EB32C,-73,248,-300,00000000,00000000,00000000,00000000,00000000,00000000,0,159,8033C118,00000000,00000000,00000000
O,7,3,0101,800EB32C,79,248,-300,00000000,00000000,00000000,00000000,00000000,00000000,0,159,8033C118,00000000,00000000,00000000
O,7,4,0101,800EB32C,231,248,-300,00000000,00000000,00000000,00000000,00000000,00000000,0,159,8033C118,00000000,00000000,00000000
M,8,4,104951,3,00001300,0100088C,0,0,00000000,-229.700836,2611,7282,0,0,0,0,2607,2611,20000,00000000,00000000,801B4C90,8033EBD8,00000000,8033EBD8,00000000,00000000,00000000,00000000,-1
O,8,0,0101,800EB348,0,-100,0,00000000,00000000,00000000,00000000,00000000,00000000,0,159,8033C118,00000000,00000000,00000000
O,8,1,0101,800EB32C,-225,248,-300,00000000,0004F800,00000000,00000000,00000000,00000000,0,159,8033C118,00000000,00000000,00000000
O,8,2,0101,800EB32C,-73,248,-300,00000000,00000000,00000000,00000000,00000000,00000000,0,159,8033C118,00000000,00000000,00000000
O,8,3,0101,800EB32C,79,248,-300,00000000,00000000,00000000,00000000,00000000,00000000,0,159,8033C118,00000000,00000000,00000000
O,8,4,0101,800EB32C,231,248,-300,00000000,00000000,00000000,00000000,00000000,00000000,0,159,8033C118,00000000,00000000,00000000
M,9,5,104952,3,00001300,0100088C,0,0,00000000,-229.700836,2611,7282,0,0,0,0,2607,2611,20000,00000000,00000000,801B4C90,8033EBD8,00000000,8033EBD8,00000000,00000000,00000000,00000000,-1
O,9,0,0101,800EB348,0,-100,0,00000000,00000000,00000000,00000000,00000000,00000000,0,160,8033C118,00000000,00000000,00000000
O,9,1,0101,800EB32C,-225,248,-300,00000000,00050000,00000000,00000000,00000000,00000000,0,160,8033C118,00000000,00000000,00000000
O,9,2,0101,800EB32C,-73,248,-300,00000000,00000000,00000000,00000000,00000000,00000000,0,160,8033C118,00000000,00000000,00000000
O,9,3,0101,800EB32C,79,248,-300,00000000,00000000,00000000,00000000,00000000,00000000,0,160,8033C118,00000000,00000000,00000000
O,9,4,0101,800EB32C,231,248,-300,00000000,00000000,00000000,00000000,00000000,00000000,0,160,8033C118,00000000,00000000,00000000
M,10,5,104952,3,00001300,0100088C,0,0,00000000,-229.700836,2611,7282,0,0,0,0,2607,2611,20000,00000000,00000000,801B4C90,8033EBD8,00000000,8033EBD8,00000000,00000000,00000000,00000000,-1
O,10,0,0101,800EB348,0,-100,0,00000000,00000000,00000000,00000000,00000000,00000000,0,160,8033C118,00000000,00000000,00000000
O,10,1,0101,800EB32C,-225,248,-300,00000000,00050000,00000000,00000000,00000000,00000000,0,160,8033C118,00000000,00000000,00000000
O,10,2,0101,800EB32C,-73,248,-300,00000000,00000000,00000000,00000000,00000000,00000000,0,160,8033C118,00000000,00000000,00000000
O,10,3,0101,800EB32C,79,248,-300,00000000,00000000,00000000,00000000,00000000,00000000,0,160,8033C118,00000000,00000000,00000000
O,10,4,0101,800EB32C,231,248,-300,00000000,00000000,00000000,00000000,00000000,00000000,0,160,8033C118,00000000,00000000,00000000
M,11,6,104953,3,00001300,0100088C,0,0,00000000,-229.700836,2611,7282,0,0,0,0,2607,2611,20000,00000000,00000000,801B4C90,8033EBD8,00000000,8033EBD8,00000000,00000000,00000000,00000000,-1
O,11,0,0101,800EB348,0,-100,0,00000000,00000000,00000000,00000000,00000000,00000000,0,161,8033C118,00000000,00000000,00000000
O,11,1,0101,800EB32C,-225,248,-300,00000000,00050800,00000000,00000000,00000000,00000000,0,161,8033C118,00000000,00000000,00000000
O,11,2,0101,800EB32C,-73,248,-300,00000000,00000000,00000000,00000000,00000000,00000000,0,161,8033C118,00000000,00000000,00000000
O,11,3,0101,800EB32C,79,248,-300,00000000,00000000,00000000,00000000,00000000,00000000,0,161,8033C118,00000000,00000000,00000000
O,11,4,0101,800EB32C,231,248,-300,00000000,00000000,00000000,00000000,00000000,00000000,0,161,8033C118,00000000,00000000,00000000
M,12,6,104953,3,00001300,0100088C,0,0,00000000,-229.700836,2611,7282,0,0,0,0,2607,2611,20000,00000000,00000000,801B4C90,8033EBD8,00000000,8033EBD8,00000000,00000000,00000000,00000000,-1
O,12,0,0101,800EB348,0,-100,0,00000000,00000000,00000000,00000000,00000000,00000000,0,161,8033C118,00000000,00000000,00000000
O,12,1,0101,800EB32C,-225,248,-300,00000000,00050800,00000000,00000000,00000000,00000000,0,161,8033C118,00000000,00000000,00000000
O,12,2,0101,800EB32C,-73,248,-300,00000000,00000000,00000000,00000000,00000000,00000000,0,161,8033C118,00000000,00000000,00000000
O,12,3,0101,800EB32C,79,248,-300,00000000,00000000,00000000,00000000,00000000,00000000,0,161,8033C118,00000000,00000000,00000000
O,12,4,0101,800EB32C,231,248,-300,00000000,00000000,00000000,00000000,00000000,00000000,0,161,8033C118,00000000,00000000,00000000
M,13,7,104954,3,00001300,0100088C,0,0,00000000,-229.700836,2611,7282,0,0,0,0,2607,2611,20000,00000000,00000000,801B4C90,8033EBD8,00000000,8033EBD8,00000000,00000000,00000000,00000000,-1
O,13,0,0101,800EB348,0,-100,0,00000000,00000000,00000000,00000000,00000000,00000000,0,162,8033C118,00000000,00000000,00000000
O,13,1,0101,800EB32C,-225,248,-300,00000000,00051000,00000000,00000000,00000000,00000000,0,162,8033C118,00000000,00000000,00000000
O,13,2,0101,800EB32C,-73,248,-300,00000000,00000000,00000000,00000000,00000000,00000000,0,162,8033C118,00000000,00000000,00000000
O,13,3,0101,800EB32C,79,248,-300,00000000,00000000,00000000,00000000,00000000,00000000,0,162,8033C118,00000000,00000000,00000000
O,13,4,0101,800EB32C,231,248,-300,00000000,00000000,00000000,00000000,00000000,00000000,0,162,8033C118,00000000,00000000,00000000
M,14,7,104954,3,00001300,0100088C,0,0,00000000,-229.700836,2611,7282,0,0,0,0,2607,2611,20000,00000000,00000000,801B4C90,8033EBD8,00000000,8033EBD8,00000000,00000000,00000000,00000000,-1
O,14,0,0101,800EB348,0,-100,0,00000000,00000000,00000000,00000000,00000000,00000000,0,162,8033C118,00000000,00000000,00000000
O,14,1,0101,800EB32C,-225,248,-300,00000000,00051000,00000000,00000000,00000000,00000000,0,162,8033C118,00000000,00000000,00000000
O,14,2,0101,800EB32C,-73,248,-300,00000000,00000000,00000000,00000000,00000000,00000000,0,162,8033C118,00000000,00000000,00000000
O,14,3,0101,800EB32C,79,248,-300,00000000,00000000,00000000,00000000,00000000,00000000,0,162,8033C118,00000000,00000000,00000000
O,14,4,0101,800EB32C,231,248,-300,00000000,00000000,00000000,00000000,00000000,00000000,0,162,8033C118,00000000,00000000,00000000
M,15,8,104955,3,00001300,0100088C,0,0,00000000,-229.700836,2611,7282,0,0,0,0,2607,2611,20000,00000000,00000000,801B4C90,8033EBD8,00000000,8033EBD8,00000000,00000000,00000000,00000000,-1
O,15,0,0101,800EB348,0,-100,0,00000000,00000000,00000000,00000000,00000000,00000000,0,163,8033C118,00000000,00000000,00000000
O,15,1,0101,800EB32C,-225,248,-300,00000000,00051800,00000000,00000000,00000000,00000000,0,163,8033C118,00000000,00000000,00000000
O,15,2,0101,800EB32C,-73,248,-300,00000000,00000000,00000000,00000000,00000000,00000000,0,163,8033C118,00000000,00000000,00000000
O,15,3,0101,800EB32C,79,248,-300,00000000,00000000,00000000,00000000,00000000,00000000,0,163,8033C118,00000000,00000000,00000000
O,15,4,0101,800EB32C,231,248,-300,00000000,00000000,00000000,00000000,00000000,00000000,0,163,8033C118,00000000,00000000,00000000
M,16,8,104955,3,00001300,0100088C,0,0,00000000,-229.700836,2611,7282,0,0,0,0,2607,2611,20000,00000000,00000000,801B4C90,8033EBD8,00000000,8033EBD8,00000000,00000000,00000000,00000000,-1
O,16,0,0101,800EB348,0,-100,0,00000000,00000000,00000000,00000000,00000000,00000000,0,163,8033C118,00000000,00000000,00000000
O,16,1,0101,800EB32C,-225,248,-300,00000000,00051800,00000000,00000000,00000000,00000000,0,163,8033C118,00000000,00000000,00000000
O,16,2,0101,800EB32C,-73,248,-300,00000000,00000000,00000000,00000000,00000000,00000000,0,163,8033C118,00000000,00000000,00000000
O,16,3,0101,800EB32C,79,248,-300,00000000,00000000,00000000,00000000,00000000,00000000,0,163,8033C118,00000000,00000000,00000000
O,16,4,0101,800EB32C,231,248,-300,00000000,00000000,00000000,00000000,00000000,00000000,0,163,8033C118,00000000,00000000,00000000
M,17,9,104956,3,00001300,0100088C,0,0,00000000,-229.700836,2611,7282,0,0,0,0,2607,2611,20000,00000000,00000000,801B4C90,8033EBD8,00000000,8033EBD8,00000000,00000000,00000000,00000000,-1
O,17,0,0101,800EB348,0,-100,0,00000000,00000000,00000000,00000000,00000000,00000000,0,164,8033C118,00000000,00000000,00000000
O,17,1,0101,800EB32C,-225,248,-300,00000000,00052000,00000000,00000000,00000000,00000000,0,164,8033C118,00000000,00000000,00000000
O,17,2,0101,800EB32C,-73,248,-300,00000000,00000000,00000000,00000000,00000000,00000000,0,164,8033C118,00000000,00000000,00000000
O,17,3,0101,800EB32C,79,248,-300,00000000,00000000,00000000,00000000,00000000,00000000,0,164,8033C118,00000000,00000000,00000000
O,17,4,0101,800EB32C,231,248,-300,00000000,00000000,00000000,00000000,00000000,00000000,0,164,8033C118,00000000,00000000,00000000
M,18,9,104956,3,00001300,0100088C,0,0,00000000,-229.700836,2611,7282,0,0,0,0,2607,2611,20000,00000000,00000000,801B4C90,8033EBD8,00000000,8033EBD8,00000000,00000000,00000000,00000000,-1
O,18,0,0101,800EB348,0,-100,0,00000000,00000000,00000000,00000000,00000000,00000000,0,164,8033C118,00000000,00000000,00000000
O,18,1,0101,800EB32C,-225,248,-300,00000000,00052000,00000000,00000000,00000000,00000000,0,164,8033C118,00000000,00000000,00000000
O,18,2,0101,800EB32C,-73,248,-300,00000000,00000000,00000000,00000000,00000000,00000000,0,164,8033C118,00000000,00000000,00000000
O,18,3,0101,800EB32C,79,248,-300,00000000,00000000,00000000,00000000,00000000,00000000,0,164,8033C118,00000000,00000000,00000000
O,18,4,0101,800EB32C,231,248,-300,00000000,00000000,00000000,00000000,00000000,00000000,0,164,8033C118,00000000,00000000,00000000
M,19,10,104957,3,00001300,0100088C,0,0,00000000,-229.700836,2611,7282,0,0,0,0,2607,2611,20000,00000000,00000000,801B4C90,8033EBD8,00000000,8033EBD8,00000000,00000000,00000000,00000000,-1
O,19,0,0101,800EB348,0,-100,0,00000000,00000000,00000000,00000000,00000000,00000000,0,165,8033C118,00000000,00000000,00000000
O,19,1,0101,800EB32C,-225,248,-300,00000000,00052800,00000000,00000000,00000000,00000000,0,165,8033C118,00000000,00000000,00000000
O,19,2,0101,800EB32C,-73,248,-300,00000000,00000000,00000000,00000000,00000000,00000000,0,165,8033C118,00000000,00000000,00000000
O,19,3,0101,800EB32C,79,248,-300,00000000,00000000,00000000,00000000,00000000,00000000,0,165,8033C118,00000000,00000000,00000000
O,19,4,0101,800EB32C,231,248,-300,00000000,00000000,00000000,00000000,00000000,00000000,0,165,8033C118,00000000,00000000,00000000
M,20,10,104957,3,00001300,0100088C,0,0,00000000,-229.700836,2611,7282,0,0,0,0,2607,2611,20000,00000000,00000000,801B4C90,8033EBD8,00000000,8033EBD8,00000000,00000000,00000000,00000000,-1
O,20,0,0101,800EB348,0,-100,0,00000000,00000000,00000000,00000000,00000000,00000000,0,165,8033C118,00000000,00000000,00000000
O,20,1,0101,800EB32C,-225,248,-300,00000000,00052800,00000000,00000000,00000000,00000000,0,165,8033C118,00000000,00000000,00000000
O,20,2,0101,800EB32C,-73,248,-300,00000000,00000000,00000000,00000000,00000000,00000000,0,165,8033C118,00000000,00000000,00000000
O,20,3,0101,800EB32C,79,248,-300,00000000,00000000,00000000,00000000,00000000,00000000,0,165,8033C118,00000000,00000000,00000000
O,20,4,0101,800EB32C,231,248,-300,00000000,00000000,00000000,00000000,00000000,00000000,0,165,8033C118,00000000,00000000,00000000
M,21,11,104958,3,00001300,0100088C,0,0,00000000,-229.700836,2611,7282,0,0,0,0,2607,2611,20000,00000000,00000000,801B4C90,8033EBD8,00000000,8033EBD8,00000000,00000000,00000000,00000000,-1
O,21,0,0101,800EB348,0,-100,0,00000000,00000000,00000000,00000000,00000000,00000000,0,166,8033C118,00000000,00000000,00000000
O,21,1,0101,800EB32C,-225,248,-300,00000000,00053000,00000000,00000000,00000000,00000000,0,166,8033C118,00000000,00000000,00000000
O,21,2,0101,800EB32C,-73,248,-300,00000000,00000000,00000000,00000000,00000000,00000000,0,166,8033C118,00000000,00000000,00000000
O,21,3,0101,800EB32C,79,248,-300,00000000,00000000,00000000,00000000,00000000,00000000,0,166,8033C118,00000000,00000000,00000000
O,21,4,0101,800EB32C,231,248,-300,00000000,00000000,00000000,00000000,00000000,00000000,0,166,8033C118,00000000,00000000,00000000
M,22,11,104958,3,00001300,0100088C,0,0,00000000,-229.700836,2611,7282,0,0,0,0,2607,2611,20000,00000000,00000000,801B4C90,8033EBD8,00000000,8033EBD8,00000000,00000000,00000000,00000000,-1
O,22,0,0101,800EB348,0,-100,0,00000000,00000000,00000000,00000000,00000000,00000000,0,166,8033C118,00000000,00000000,00000000
O,22,1,0101,800EB32C,-225,248,-300,00000000,00053000,00000000,00000000,00000000,00000000,0,166,8033C118,00000000,00000000,00000000
O,22,2,0101,800EB32C,-73,248,-300,00000000,00000000,00000000,00000000,00000000,00000000,0,166,8033C118,00000000,00000000,00000000
O,22,3,0101,800EB32C,79,248,-300,00000000,00000000,00000000,00000000,00000000,00000000,0,166,8033C118,00000000,00000000,00000000
O,22,4,0101,800EB32C,231,248,-300,00000000,00000000,00000000,00000000,00000000,00000000,0,166,8033C118,00000000,00000000,00000000
M,23,12,104959,3,00001300,0100088C,0,0,00000000,-229.700836,2611,7282,0,0,0,0,2607,2611,20000,00000000,00000000,801B4C90,8033EBD8,00000000,8033EBD8,00000000,00000000,00000000,00000000,-1
O,23,0,0101,800EB348,0,-100,0,00000000,00000000,00000000,00000000,00000000,00000000,0,167,8033C118,00000000,00000000,00000000
O,23,1,0101,800EB32C,-225,248,-300,00000000,00053800,00000000,00000000,00000000,00000000,0,167,8033C118,00000000,00000000,00000000
O,23,2,0101,800EB32C,-73,248,-300,00000000,00000000,00000000,00000000,00000000,00000000,0,167,8033C118,00000000,00000000,00000000
O,23,3,0101,800EB32C,79,248,-300,00000000,00000000,00000000,00000000,00000000,00000000,0,167,8033C118,00000000,00000000,00000000
O,23,4,0101,800EB32C,231,248,-300,00000000,00000000,00000000,00000000,00000000,00000000,0,167,8033C118,00000000,00000000,00000000
M,24,12,104959,3,00001300,0100088C,0,0,00000000,-229.700836,2611,7282,0,0,0,0,2607,2611,20000,00000000,00000000,801B4C90,8033EBD8,00000000,8033EBD8,00000000,00000000,00000000,00000000,-1
O,24,0,0101,800EB348,0,-100,0,00000000,00000000,00000000,00000000,00000000,00000000,0,167,8033C118,00000000,00000000,00000000
O,24,1,0101,800EB32C,-225,248,-300,00000000,00053800,00000000,00000000,00000000,00000000,0,167,8033C118,00000000,00000000,00000000
O,24,2,0101,800EB32C,-73,248,-300,00000000,00000000,00000000,00000000,00000000,00000000,0,167,8033C118,00000000,00000000,00000000
O,24,3,0101,800EB32C,79,248,-300,00000000,00000000,00000000,00000000,00000000,00000000,0,167,8033C118,00000000,00000000,00000000
O,24,4,0101,800EB32C,231,248,-300,00000000,00000000,00000000,00000000,00000000,00000000,0,167,8033C118,00000000,00000000,00000000
M,25,13,104960,3,00001300,0100088C,0,0,00000000,-229.700836,2611,7282,0,0,0,0,2607,2611,20000,00000000,00000000,801B4C90,8033EBD8,00000000,8033EBD8,00000000,00000000,00000000,00000000,-1
O,25,0,0101,800EB348,0,-100,0,00000000,00000000,00000000,00000000,00000000,00000000,0,168,8033C118,00000000,00000000,00000000
O,25,1,0101,800EB32C,-225,248,-300,00000000,00054000,00000000,00000000,00000000,00000000,0,168,8033C118,00000000,00000000,00000000
O,25,2,0101,800EB32C,-73,248,-300,00000000,00000000,00000000,00000000,00000000,00000000,0,168,8033C118,00000000,00000000,00000000
O,25,3,0101,800EB32C,79,248,-300,00000000,00000000,00000000,00000000,00000000,00000000,0,168,8033C118,00000000,00000000,00000000
O,25,4,0101,800EB32C,231,248,-300,00000000,00000000,00000000,00000000,00000000,00000000,0,168,8033C118,00000000,00000000,00000000
M,26,13,104960,3,00001300,0100088C,0,0,00000000,-229.700836,2611,7282,0,0,0,0,2607,2611,20000,00000000,00000000,801B4C90,8033EBD8,00000000,8033EBD8,00000000,00000000,00000000,00000000,-1
O,26,0,0101,800EB348,0,-100,0,00000000,00000000,00000000,00000000,00000000,00000000,0,168,8033C118,00000000,00000000,00000000
O,26,1,0101,800EB32C,-225,248,-300,00000000,00054000,00000000,00000000,00000000,00000000,0,168,8033C118,00000000,00000000,00000000
O,26,2,0101,800EB32C,-73,248,-300,00000000,00000000,00000000,00000000,00000000,00000000,0,168,8033C118,00000000,00000000,00000000
O,26,3,0101,800EB32C,79,248,-300,00000000,00000000,00000000,00000000,00000000,00000000,0,168,8033C118,00000000,00000000,00000000
O,26,4,0101,800EB32C,231,248,-300,00000000,00000000,00000000,00000000,00000000,00000000,0,168,8033C118,00000000,00000000,00000000
M,27,14,104961,3,00001300,0100088C,0,0,00000000,-229.700836,2611,7282,0,0,0,0,2607,2611,20000,00000000,00000000,801B4C90,8033EBD8,00000000,8033EBD8,00000000,00000000,00000000,00000000,-1
O,27,0,0101,800EB348,0,-100,0,00000000,00000000,00000000,00000000,00000000,00000000,0,169,8033C118,00000000,00000000,00000000
O,27,1,0101,800EB32C,-225,248,-300,00000000,00054800,00000000,00000000,00000000,00000000,0,169,8033C118,00000000,00000000,00000000
O,27,2,0101,800EB32C,-73,248,-300,00000000,00000000,00000000,00000000,00000000,00000000,0,169,8033C118,00000000,00000000,00000000
O,27,3,0101,800EB32C,79,248,-300,00000000,00000000,00000000,00000000,00000000,00000000,0,169,8033C118,00000000,00000000,00000000
O,27,4,0101,800EB32C,231,248,-300,00000000,00000000,00000000,00000000,00000000,00000000,0,169,8033C118,00000000,00000000,00000000
M,28,14,104961,3,00001300,0100088C,0,0,00000000,-229.700836,2611,7282,0,0,0,0,2607,2611,20000,00000000,00000000,801B4C90,8033EBD8,00000000,8033EBD8,00000000,00000000,00000000,00000000,-1
O,28,0,0101,800EB348,0,-100,0,00000000,00000000,00000000,00000000,00000000,00000000,0,169,8033C118,00000000,00000000,00000000
O,28,1,0101,800EB32C,-225,248,-300,00000000,00054800,00000000,00000000,00000000,00000000,0,169,8033C118,00000000,00000000,00000000
O,28,2,0101,800EB32C,-73,248,-300,00000000,00000000,00000000,00000000,00000000,00000000,0,169,8033C118,00000000,00000000,00000000
O,28,3,0101,800EB32C,79,248,-300,00000000,00000000,00000000,00000000,00000000,00000000,0,169,8033C118,00000000,00000000,00000000
O,28,4,0101,800EB32C,231,248,-300,00000000,00000000,00000000,00000000,00000000,00000000,0,169,8033C118,00000000,00000000,00000000
M,29,15,104962,3,00001300,0100088C,0,0,00000000,-229.700836,2611,7282,0,0,0,0,2607,2611,20000,00000000,00000000,801B4C90,8033EBD8,00000000,8033EBD8,00000000,00000000,00000000,00000000,-1
O,29,0,0101,800EB348,0,-100,0,00000000,00000000,00000000,00000000,00000000,00000000,0,170,8033C118,00000000,00000000,00000000
O,29,1,0101,800EB32C,-225,248,-300,00000000,00055000,00000000,00000000,00000000,00000000,0,170,8033C118,00000000,00000000,00000000
O,29,2,0101,800EB32C,-73,248,-300,00000000,00000000,00000000,00000000,00000000,00000000,0,170,8033C118,00000000,00000000,00000000
O,29,3,0101,800EB32C,79,248,-300,00000000,00000000,00000000,00000000,00000000,00000000,0,170,8033C118,00000000,00000000,00000000
O,29,4,0101,800EB32C,231,248,-300,00000000,00000000,00000000,00000000,00000000,00000000,0,170,8033C118,00000000,00000000,00000000
M,30,15,104962,3,00001300,0100088C,0,0,00000000,-229.700836,2611,7282,0,0,0,0,2607,2611,20000,00000000,00000000,801B4C90,8033EBD8,00000000,8033EBD8,00000000,00000000,00000000,00000000,-1
O,30,0,0101,800EB348,0,-100,0,00000000,00000000,00000000,00000000,00000000,00000000,0,170,8033C118,00000000,00000000,00000000
O,30,1,0101,800EB32C,-225,248,-300,00000000,00055000,00000000,00000000,00000000,00000000,0,170,8033C118,00000000,00000000,00000000
O,30,2,0101,800EB32C,-73,248,-300,00000000,00000000,00000000,00000000,00000000,00000000,0,170,8033C118,00000000,00000000,00000000
O,30,3,0101,800EB32C,79,248,-300,00000000,00000000,00000000,00000000,00000000,00000000,0,170,8033C118,00000000,00000000,00000000
O,30,4,0101,800EB32C,231,248,-300,00000000,00000000,00000000,00000000,00000000,00000000,0,170,8033C118,00000000,00000000,00000000
M,31,16,104963,3,00001300,0100088C,0,0,00000000,-229.700836,2611,7282,0,0,0,0,2607,2611,20000,00000000,00000000,801B4C90,8033EBD8,00000000,8033EBD8,00000000,00000000,00000000,00000000,-1
O,31,0,0101,800EB348,0,-100,0,00000000,00000000,00000000,00000000,00000000,00000000,0,171,8033C118,00000000,00000000,00000000
O,31,1,0101,800EB32C,-225,248,-300,00000000,00055800,00000000,00000000,00000000,00000000,0,171,8033C118,00000000,00000000,00000000
O,31,2,0101,800EB32C,-73,248,-300,00000000,00000000,00000000,00000000,00000000,00000000,0,171,8033C118,00000000,00000000,00000000
O,31,3,0101,800EB32C,79,248,-300,00000000,00000000,00000000,00000000,00000000,00000000,0,171,8033C118,00000000,00000000,00000000
O,31,4,0101,800EB32C,231,248,-300,00000000,00000000,00000000,00000000,00000000,00000000,0,171,8033C118,00000000,00000000,00000000
M,32,16,104963,3,00001300,0100088C,0,0,00000000,-229.700836,2611,7282,0,0,0,0,2607,2611,20000,00000000,00000000,801B4C90,8033EBD8,00000000,8033EBD8,00000000,00000000,00000000,00000000,-1
O,32,0,0101,800EB348,0,-100,0,00000000,00000000,00000000,00000000,00000000,00000000,0,171,8033C118,00000000,00000000,00000000
O,32,1,0101,800EB32C,-225,248,-300,00000000,00055800,00000000,00000000,00000000,00000000,0,171,8033C118,00000000,00000000,00000000
O,32,2,0101,800EB32C,-73,248,-300,00000000,00000000,00000000,00000000,00000000,00000000,0,171,8033C118,00000000,00000000,00000000
O,32,3,0101,800EB32C,79,248,-300,00000000,00000000,00000000,00000000,00000000,00000000,0,171,8033C118,00000000,00000000,00000000
O,32,4,0101,800EB32C,231,248,-300,00000000,00000000,00000000,00000000,00000000,00000000,0,171,8033C118,00000000,00000000,00000000
M,33,17,104964,3,00001300,0100088C,0,0,00000000,-229.700836,2611,7282,0,0,0,0,2607,2611,20000,00000000,00000000,801B4C90,8033EBD8,00000000,8033EBD8,00000000,00000000,00000000,00000000,-1
O,33,0,0101,800EB348,0,-100,0,00000000,00000000,00000000,00000000,00000000,00000000,0,172,8033C118,00000000,00000000,00000000
O,33,1,0101,800EB32C,-225,248,-300,00000000,00056000,00000000,00000000,00000000,00000000,0,172,8033C118,00000000,00000000,00000000
O,33,2,0101,800EB32C,-73,248,-300,00000000,00000000,00000000,00000000,00000000,00000000,0,172,8033C118,00000000,00000000,00000000
O,33,3,0101,800EB32C,79,248,-300,00000000,00000000,00000000,00000000,00000000,00000000,0,172,8033C118,00000000,00000000,00000000
O,33,4,0101,800EB32C,231,248,-300,00000000,00000000,00000000,00000000,00000000,00000000,0,172,8033C118,00000000,00000000,00000000
M,34,17,104964,3,00001300,0100088C,0,0,00000000,-229.700836,2611,7282,0,0,0,0,2607,2611,20000,00000000,00000000,801B4C90,8033EBD8,00000000,8033EBD8,00000000,00000000,00000000,00000000,-1
O,34,0,0101,800EB348,0,-100,0,00000000,00000000,00000000,00000000,00000000,00000000,0,172,8033C118,00000000,00000000,00000000
O,34,1,0101,800EB32C,-225,248,-300,00000000,00056000,00000000,00000000,00000000,00000000,0,172,8033C118,00000000,00000000,00000000
O,34,2,0101,800EB32C,-73,248,-300,00000000,00000000,00000000,00000000,00000000,00000000,0,172,8033C118,00000000,00000000,00000000
O,34,3,0101,800EB32C,79,248,-300,00000000,00000000,00000000,00000000,00000000,00000000,0,172,8033C118,00000000,00000000,00000000
O,34,4,0101,800EB32C,231,248,-300,00000000,00000000,00000000,00000000,00000000,00000000,0,172,8033C118,00000000,00000000,00000000
M,35,18,104965,3,00001300,0100088C,0,0,00000000,-229.700836,2611,7282,0,0,0,0,2607,2611,20000,00000000,00000000,801B4C90,8033EBD8,00000000,8033EBD8,00000000,00000000,00000000,00000000,-1
O,35,0,0101,800EB348,0,-100,0,00000000,00000000,00000000,00000000,00000000,00000000,0,173,8033C118,00000000,00000000,00000000
O,35,1,0101,800EB32C,-225,248,-300,00000000,00056800,00000000,00000000,00000000,00000000,0,173,8033C118,00000000,00000000,00000000
O,35,2,0101,800EB32C,-73,248,-300,00000000,00000000,00000000,00000000,00000000,00000000,0,173,8033C118,00000000,00000000,00000000
O,35,3,0101,800EB32C,79,248,-300,00000000,00000000,00000000,00000000,00000000,00000000,0,173,8033C118,00000000,00000000,00000000
O,35,4,0101,800EB32C,231,248,-300,00000000,00000000,00000000,00000000,00000000,00000000,0,173,8033C118,00000000,00000000,00000000
M,36,18,104965,3,00001300,0100088C,0,0,00000000,-229.700836,2611,7282,0,0,0,0,2607,2611,20000,00000000,00000000,801B4C90,8033EBD8,00000000,8033EBD8,00000000,00000000,00000000,00000000,-1
O,36,0,0101,800EB348,0,-100,0,00000000,00000000,00000000,00000000,00000000,00000000,0,173,8033C118,00000000,00000000,00000000
O,36,1,0101,800EB32C,-225,248,-300,00000000,00056800,00000000,00000000,00000000,00000000,0,173,8033C118,00000000,00000000,00000000
O,36,2,0101,800EB32C,-73,248,-300,00000000,00000000,00000000,00000000,00000000,00000000,0,173,8033C118,00000000,00000000,00000000
O,36,3,0101,800EB32C,79,248,-300,00000000,00000000,00000000,00000000,00000000,00000000,0,173,8033C118,00000000,00000000,00000000
O,36,4,0101,800EB32C,231,248,-300,00000000,00000000,00000000,00000000,00000000,00000000,0,173,8033C118,00000000,00000000,00000000
M,37,19,104966,3,00001300,0100088C,0,0,00000000,-229.700836,2611,7282,0,0,0,0,2607,2611,20000,00000000,00000000,801B4C90,8033EBD8,00000000,8033EBD8,00000000,00000000,00000000,00000000,-1
O,37,0,0101,800EB348,0,-100,0,00000000,00000000,00000000,00000000,00000000,00000000,0,174,8033C118,00000000,00000000,00000000
O,37,1,0101,800EB32C,-225,248,-300,00000000,00057000,00000000,00000000,00000000,00000000,0,174,8033C118,00000000,00000000,00000000
O,37,2,0101,800EB32C,-73,248,-300,00000000,00000000,00000000,00000000,00000000,00000000,0,174,8033C118,00000000,00000000,00000000
O,37,3,0101,800EB32C,79,248,-300,00000000,00000000,00000000,00000000,00000000,00000000,0,174,8033C118,00000000,00000000,00000000
O,37,4,0101,800EB32C,231,248,-300,00000000,00000000,00000000,00000000,00000000,00000000,0,174,8033C118,00000000,00000000,00000000
M,38,19,104966,3,00001300,0100088C,0,0,00000000,-229.700836,2611,7282,0,0,0,0,2607,2611,20000,00000000,00000000,801B4C90,8033EBD8,00000000,8033EBD8,00000000,00000000,00000000,00000000,-1
O,38,0,0101,800EB348,0,-100,0,00000000,00000000,00000000,00000000,00000000,00000000,0,174,8033C118,00000000,00000000,00000000
O,38,1,0101,800EB32C,-225,248,-300,00000000,00057000,00000000,00000000,00000000,00000000,0,174,8033C118,00000000,00000000,00000000
O,38,2,0101,800EB32C,-73,248,-300,00000000,00000000,00000000,00000000,00000000,00000000,0,174,8033C118,00000000,00000000,00000000
O,38,3,0101,800EB32C,79,248,-300,00000000,00000000,00000000,00000000,00000000,00000000,0,174,8033C118,00000000,00000000,00000000
O,38,4,0101,800EB32C,231,248,-300,00000000,00000000,00000000,00000000,00000000,00000000,0,174,8033C118,00000000,00000000,00000000
M,39,20,104967,3,00001300,0100088C,0,0,00000000,-229.700836,2611,7282,0,0,0,0,2607,2611,20000,00000000,00000000,801B4C90,8033EBD8,00000000,8033EBD8,00000000,00000000,00000000,00000000,-1
O,39,0,0101,800EB348,0,-100,0,00000000,00000000,00000000,00000000,00000000,00000000,0,175,8033C118,00000000,00000000,00000000
O,39,1,0101,800EB32C,-225,248,-300,00000000,00057800,00000000,00000000,00000000,00000000,0,175,8033C118,00000000,00000000,00000000
O,39,2,0101,800EB32C,-73,248,-300,00000000,00000000,00000000,00000000,00000000,00000000,0,175,8033C118,00000000,00000000,00000000
O,39,3,0101,800EB32C,79,248,-300,00000000,00000000,00000000,00000000,00000000,00000000,0,175,8033C118,00000000,00000000,00000000
O,39,4,0101,800EB32C,231,248,-300,00000000,00000000,00000000,00000000,00000000,00000000,0,175,8033C118,00000000,00000000,00000000
M,40,20,104967,3,00001300,0100088C,0,0,00000000,-229.700836,2611,7282,0,0,0,0,2607,2611,20000,00000000,00000000,801B4C90,8033EBD8,00000000,8033EBD8,00000000,00000000,00000000,00000000,-1
O,40,0,0101,800EB348,0,-100,0,00000000,00000000,00000000,00000000,00000000,00000000,0,175,8033C118,00000000,00000000,00000000
O,40,1,0101,800EB32C,-225,248,-300,00000000,00057800,00000000,00000000,00000000,00000000,0,175,8033C118,00000000,00000000,00000000
O,40,2,0101,800EB32C,-73,248,-300,00000000,00000000,00000000,00000000,00000000,00000000,0,175,8033C118,00000000,00000000,00000000
O,40,3,0101,800EB32C,79,248,-300,00000000,00000000,00000000,00000000,00000000,00000000,0,175,8033C118,00000000,00000000,00000000
O,40,4,0101,800EB32C,231,248,-300,00000000,00000000,00000000,00000000,00000000,00000000,0,175,8033C118,00000000,00000000,00000000
M,41,21,104968,3,00001300,0100088C,0,0,00000000,-229.700836,2611,7282,0,0,0,0,2607,2611,20000,00000000,00000000,801B4C90,8033EBD8,00000000,8033EBD8,00000000,00000000,00000000,00000000,-1
O,41,0,0101,800EB348,0,-100,0,00000000,00000000,00000000,00000000,00000000,00000000,0,176,8033C118,00000000,00000000,00000000
O,41,1,0101,800EB32C,-225,248,-300,00000000,00058000,00000000,00000000,00000000,00000000,0,176,8033C118,00000000,00000000,00000000
O,41,2,0101,800EB32C,-73,248,-300,00000000,00000000,00000000,00000000,00000000,00000000,0,176,8033C118,00000000,00000000,00000000
O,41,3,0101,800EB32C,79,248,-300,00000000,00000000,00000000,00000000,00000000,00000000,0,176,8033C118,00000000,00000000,00000000
O,41,4,0101,800EB32C,231,248,-300,00000000,00000000,00000000,00000000,00000000,00000000,0,176,8033C118,00000000,00000000,00000000
M,42,21,104968,3,00001300,0100088C,0,0,00000000,-229.700836,2611,7282,0,0,0,0,2607,2611,20000,00000000,00000000,801B4C90,8033EBD8,00000000,8033EBD8,00000000,00000000,00000000,00000000,-1
O,42,0,0101,800EB348,0,-100,0,00000000,00000000,00000000,00000000,00000000,00000000,0,176,8033C118,00000000,00000000,00000000
O,42,1,0101,800EB32C,-225,248,-300,00000000,00058000,00000000,00000000,00000000,00000000,0,176,8033C118,00000000,00000000,00000000
O,42,2,0101,800EB32C,-73,248,-300,00000000,00000000,00000000,00000000,00000000,00000000,0,176,8033C118,00000000,00000000,00000000
O,42,3,0101,800EB32C,79,248,-300,00000000,00000000,00000000,00000000,00000000,00000000,0,176,8033C118,00000000,00000000,00000000
O,42,4,0101,800EB32C,231,248,-300,00000000,00000000,00000000,00000000,00000000,00000000,0,176,8033C118,00000000,00000000,00000000
M,43,22,104969,3,00001300,0100088C,0,0,00000000,-229.700836,2611,7282,0,0,0,0,2607,2611,20000,00000000,00000000,801B4C90,8033EBD8,00000000,8033EBD8,00000000,00000000,00000000,00000000,-1
O,43,0,0101,800EB348,0,-100,0,00000000,00000000,00000000,00000000,00000000,00000000,0,177,8033C118,00000000,00000000,00000000
O,43,1,0101,800EB32C,-225,248,-300,00000000,00058800,00000000,00000000,00000000,00000000,0,177,8033C118,00000000,00000000,00000000
O,43,2,0101,800EB32C,-73,248,-300,00000000,00000000,00000000,00000000,00000000,00000000,0,177,8033C118,00000000,00000000,00000000
O,43,3,0101,800EB32C,79,248,-300,00000000,00000000,00000000,00000000,00000000,00000000,0,177,8033C118,00000000,00000000,00000000
O,43,4,0101,800EB32C,231,248,-300,00000000,00000000,00000000,00000000,00000000,00000000,0,177,8033C118,00000000,00000000,00000000
M,44,22,104969,3,00001300,0100088C,0,0,00000000,-229.700836,2611,7282,0,0,0,0,2607,2611,20000,00000000,00000000,801B4C90,8033EBD8,00000000,8033EBD8,00000000,00000000,00000000,00000000,-1
O,44,0,0101,800EB348,0,-100,0,00000000,00000000,00000000,00000000,00000000,00000000,0,177,8033C118,00000000,00000000,00000000
O,44,1,0101,800EB32C,-225,248,-300,00000000,00058800,00000000,00000000,00000000,00000000,0,177,8033C118,00000000,00000000,00000000
O,44,2,0101,800EB32C,-73,248,-300,00000000,00000000,00000000,00000000,00000000,00000000,0,177,8033C118,00000000,00000000,00000000
O,44,3,0101,800EB32C,79,248,-300,00000000,00000000,00000000,00000000,00000000,00000000,0,177,8033C118,00000000,00000000,00000000
O,44,4,0101,800EB32C,231,248,-300,00000000,00000000,00000000,00000000,00000000,00000000,0,177,8033C118,00000000,00000000,00000000
M,45,23,104970,3,00001300,0100088C,0,0,00000000,-229.700836,2611,7282,0,0,0,0,2607,2611,20000,00000000,00000000,801B4C90,8033EBD8,00000000,8033EBD8,00000000,00000000,00000000,00000000,-1
O,45,0,0101,800EB348,0,-100,0,00000000,00000000,00000000,00000000,00000000,00000000,0,178,8033C118,00000000,00000000,00000000
O,45,1,0101,800EB32C,-225,248,-300,00000000,00059000,00000000,00000000,00000000,00000000,0,178,8033C118,00000000,00000000,00000000
O,45,2,0101,800EB32C,-73,248,-300,00000000,00000000,00000000,00000000,00000000,00000000,0,178,8033C118,00000000,00000000,00000000
O,45,3,0101,800EB32C,79,248,-300,00000000,00000000,00000000,00000000,00000000,00000000,0,178,8033C118,00000000,00000000,00000000
O,45,4,0101,800EB32C,231,248,-300,00000000,00000000,00000000,00000000,00000000,00000000,0,178,8033C118,00000000,00000000,00000000
M,46,23,104970,3,00001300,0100088C,0,0,00000000,-229.700836,2611,7282,0,0,0,0,2607,2611,20000,00000000,00000000,801B4C90,8033EBD8,00000000,8033EBD8,00000000,00000000,00000000,00000000,-1
O,46,0,0101,800EB348,0,-100,0,00000000,00000000,00000000,00000000,00000000,00000000,0,178,8033C118,00000000,00000000,00000000
O,46,1,0101,800EB32C,-225,248,-300,00000000,00059000,00000000,00000000,00000000,00000000,0,178,8033C118,00000000,00000000,00000000
O,46,2,0101,800EB32C,-73,248,-300,00000000,00000000,00000000,00000000,00000000,00000000,0,178,8033C118,00000000,00000000,00000000
O,46,3,0101,800EB32C,79,248,-300,00000000,00000000,00000000,00000000,00000000,00000000,0,178,8033C118,00000000,00000000,00000000
O,46,4,0101,800EB32C,231,248,-300,00000000,00000000,00000000,00000000,00000000,00000000,0,178,8033C118,00000000,00000000,00000000
M,47,24,104971,3,00001300,0100088C,0,0,00000000,-229.700836,2611,7282,0,0,0,0,2607,2611,20000,00000000,00000000,801B4C90,8033EBD8,00000000,8033EBD8,00000000,00000000,00000000,00000000,-1
O,47,0,0101,800EB348,0,-100,0,00000000,00000000,00000000,00000000,00000000,00000000,0,179,8033C118,00000000,00000000,00000000
O,47,1,0101,800EB32C,-225,248,-300,00000000,00059800,00000000,00000000,00000000,00000000,0,179,8033C118,00000000,00000000,00000000
O,47,2,0101,800EB32C,-73,248,-300,00000000,00000000,00000000,00000000,00000000,00000000,0,179,8033C118,00000000,00000000,00000000
O,47,3,0101,800EB32C,79,248,-300,00000000,00000000,00000000,00000000,00000000,00000000,0,179,8033C118,00000000,00000000,00000000
O,47,4,0101,800EB32C,231,248,-300,00000000,00000000,00000000,00000000,00000000,00000000,0,179,8033C118,00000000,00000000,00000000
M,48,24,104971,3,00001300,0100088C,0,0,00000000,-229.700836,2611,7282,0,0,0,0,2607,2611,20000,00000000,00000000,801B4C90,8033EBD8,00000000,8033EBD8,00000000,00000000,00000000,00000000,-1
O,48,0,0101,800EB348,0,-100,0,00000000,00000000,00000000,00000000,00000000,00000000,0,179,8033C118,00000000,00000000,00000000
O,48,1,0101,800EB32C,-225,248,-300,00000000,00059800,00000000,00000000,00000000,00000000,0,179,8033C118,00000000,00000000,00000000
O,48,2,0101,800EB32C,-73,248,-300,00000000,00000000,00000000,00000000,00000000,00000000,0,179,8033C118,00000000,00000000,00000000
O,48,3,0101,800EB32C,79,248,-300,00000000,00000000,00000000,00000000,00000000,00000000,0,179,8033C118,00000000,00000000,00000000
O,48,4,0101,800EB32C,231,248,-300,00000000,00000000,00000000,00000000,00000000,00000000,0,179,8033C118,00000000,00000000,00000000
M,49,25,104972,3,00001300,0100088C,0,0,00000000,-229.700836,2611,7282,0,0,0,0,2607,2611,20000,00000000,00000000,801B4C90,8033EBD8,00000000,8033EBD8,00000000,00000000,00000000,00000000,-1
O,49,0,0101,800EB348,0,-100,0,00000000,00000000,00000000,00000000,00000000,00000000,0,180,8033C118,00000000,00000000,00000000
O,49,1,0101,800EB32C,-225,248,-300,00000000,0005A000,00000000,00000000,00000000,00000000,0,180,8033C118,00000000,00000000,00000000
O,49,2,0101,800EB32C,-73,248,-300,00000000,00000000,00000000,00000000,00000000,00000000,0,180,8033C118,00000000,00000000,00000000
O,49,3,0101,800EB32C,79,248,-300,00000000,00000000,00000000,00000000,00000000,00000000,0,180,8033C118,00000000,00000000,00000000
O,49,4,0101,800EB32C,231,248,-300,00000000,00000000,00000000,00000000,00000000,00000000,0,180,8033C118,00000000,00000000,00000000
M,50,25,104972,3,00001300,0100088C,0,0,00000000,-229.700836,2611,7282,0,0,0,0,2607,2611,20000,00000000,00000000,801B4C90,8033EBD8,00000000,8033EBD8,00000000,00000000,00000000,00000000,-1
O,50,0,0101,800EB348,0,-100,0,00000000,00000000,00000000,00000000,00000000,00000000,0,180,8033C118,00000000,00000000,00000000
O,50,1,0101,800EB32C,-225,248,-300,00000000,0005A000,00000000,00000000,00000000,00000000,0,180,8033C118,00000000,00000000,00000000
O,50,2,0101,800EB32C,-73,248,-300,00000000,00000000,00000000,00000000,00000000,00000000,0,180,8033C118,00000000,00000000,00000000
O,50,3,0101,800EB32C,79,248,-300,00000000,00000000,00000000,00000000,00000000,00000000,0,180,8033C118,00000000,00000000,00000000
O,50,4,0101,800EB32C,231,248,-300,00000000,00000000,00000000,00000000,00000000,00000000,0,180,8033C118,00000000,00000000,00000000
M,51,26,104973,3,00001300,0100088C,0,0,00000000,-229.700836,2611,7282,0,0,0,0,2607,2611,20000,00000000,00000000,801B4C90,8033EBD8,00000000,8033EBD8,00000000,00000000,00000000,00000000,-1
O,51,0,0101,800EB348,0,-100,0,00000000,00000000,00000000,00000000,00000000,00000000,0,181,8033C118,00000000,00000000,00000000
O,51,1,0101,800EB32C,-225,248,-300,00000000,0005A800,00000000,00000000,00000000,00000000,0,181,8033C118,00000000,00000000,00000000
O,51,2,0101,800EB32C,-73,248,-300,00000000,00000000,00000000,00000000,00000000,00000000,0,181,8033C118,00000000,00000000,00000000
O,51,3,0101,800EB32C,79,248,-300,00000000,00000000,00000000,00000000,00000000,00000000,0,181,8033C118,00000000,00000000,00000000
O,51,4,0101,800EB32C,231,248,-300,00000000,00000000,00000000,00000000,00000000,00000000,0,181,8033C118,00000000,00000000,00000000
M,52,26,104973,3,00001300,0100088C,0,0,00000000,-229.700836,2611,7282,0,0,0,0,2607,2611,20000,00000000,00000000,801B4C90,8033EBD8,00000000,8033EBD8,00000000,00000000,00000000,00000000,-1
O,52,0,0101,800EB348,0,-100,0,00000000,00000000,00000000,00000000,00000000,00000000,0,181,8033C118,00000000,00000000,00000000
O,52,1,0101,800EB32C,-225,248,-300,00000000,0005A800,00000000,00000000,00000000,00000000,0,181,8033C118,00000000,00000000,00000000
O,52,2,0101,800EB32C,-73,248,-300,00000000,00000000,00000000,00000000,00000000,00000000,0,181,8033C118,00000000,00000000,00000000
O,52,3,0101,800EB32C,79,248,-300,00000000,00000000,00000000,00000000,00000000,00000000,0,181,8033C118,00000000,00000000,00000000
O,52,4,0101,800EB32C,231,248,-300,00000000,00000000,00000000,00000000,00000000,00000000,0,181,8033C118,00000000,00000000,00000000
M,53,27,104974,3,00001300,0100088C,0,0,00000000,-229.700836,2611,7282,0,0,0,0,2607,2611,20000,00000000,00000000,801B4C90,8033EBD8,00000000,8033EBD8,00000000,00000000,00000000,00000000,-1
O,53,0,0101,800EB348,0,-100,0,00000000,00000000,00000000,00000000,00000000,00000000,0,182,8033C118,00000000,00000000,00000000
O,53,1,0101,800EB32C,-225,248,-300,00000000,0005B000,00000000,00000000,00000000,00000000,0,182,8033C118,00000000,00000000,00000000
O,53,2,0101,800EB32C,-73,248,-300,00000000,00000000,00000000,00000000,00000000,00000000,0,182,8033C118,00000000,00000000,00000000
O,53,3,0101,800EB32C,79,248,-300,00000000,00000000,00000000,00000000,00000000,00000000,0,182,8033C118,00000000,00000000,00000000
O,53,4,0101,800EB32C,231,248,-300,00000000,00000000,00000000,00000000,00000000,00000000,0,182,8033C118,00000000,00000000,00000000
M,54,27,104974,3,00001300,0100088C,0,0,00000000,-229.700836,2611,7282,0,0,0,0,2607,2611,20000,00000000,00000000,801B4C90,8033EBD8,00000000,8033EBD8,00000000,00000000,00000000,00000000,-1
O,54,0,0101,800EB348,0,-100,0,00000000,00000000,00000000,00000000,00000000,00000000,0,182,8033C118,00000000,00000000,00000000
O,54,1,0101,800EB32C,-225,248,-300,00000000,0005B000,00000000,00000000,00000000,00000000,0,182,8033C118,00000000,00000000,00000000
O,54,2,0101,800EB32C,-73,248,-300,00000000,00000000,00000000,00000000,00000000,00000000,0,182,8033C118,00000000,00000000,00000000
O,54,3,0101,800EB32C,79,248,-300,00000000,00000000,00000000,00000000,00000000,00000000,0,182,8033C118,00000000,00000000,00000000
O,54,4,0101,800EB32C,231,248,-300,00000000,00000000,00000000,00000000,00000000,00000000,0,182,8033C118,00000000,00000000,00000000
M,55,28,104975,3,00001300,0100088C,0,0,00000000,-229.700836,2611,7282,0,0,0,0,2607,2611,20000,00000000,00000000,801B4C90,8033EBD8,00000000,8033EBD8,00000000,00000000,00000000,00000000,-1
O,55,0,0101,800EB348,0,-100,0,00000000,00000000,00000000,00000000,00000000,00000000,0,183,8033C118,00000000,00000000,00000000
O,55,1,0101,800EB32C,-225,248,-300,00000000,0005B800,00000000,00000000,00000000,00000000,0,183,8033C118,00000000,00000000,00000000
O,55,2,0101,800EB32C,-73,248,-300,00000000,00000000,00000000,00000000,00000000,00000000,0,183,8033C118,00000000,00000000,00000000
O,55,3,0101,800EB32C,79,248,-300,00000000,00000000,00000000,00000000,00000000,00000000,0,183,8033C118,00000000,00000000,00000000
O,55,4,0101,800EB32C,231,248,-300,00000000,00000000,00000000,00000000,00000000,00000000,0,183,8033C118,00000000,00000000,00000000
M,56,28,104975,3,00001300,0100088C,0,0,00000000,-229.700836,2611,7282,0,0,0,0,2607,2611,20000,00000000,00000000,801B4C90,8033EBD8,00000000,8033EBD8,00000000,00000000,00000000,00000000,-1
O,56,0,0101,800EB348,0,-100,0,00000000,00000000,00000000,00000000,00000000,00000000,0,183,8033C118,00000000,00000000,00000000
O,56,1,0101,800EB32C,-225,248,-300,00000000,0005B800,00000000,00000000,00000000,00000000,0,183,8033C118,00000000,00000000,00000000
O,56,2,0101,800EB32C,-73,248,-300,00000000,00000000,00000000,00000000,00000000,00000000,0,183,8033C118,00000000,00000000,00000000
O,56,3,0101,800EB32C,79,248,-300,00000000,00000000,00000000,00000000,00000000,00000000,0,183,8033C118,00000000,00000000,00000000
O,56,4,0101,800EB32C,231,248,-300,00000000,00000000,00000000,00000000,00000000,00000000,0,183,8033C118,00000000,00000000,00000000
M,57,29,104976,3,00001300,0100088C,0,0,00000000,-229.700836,2611,7282,0,0,0,0,2607,2611,20000,00000000,00000000,801B4C90,8033EBD8,00000000,8033EBD8,00000000,00000000,00000000,00000000,-1
O,57,0,0101,800EB348,0,-100,0,00000000,00000000,00000000,00000000,00000000,00000000,0,184,8033C118,00000000,00000000,00000000
O,57,1,0101,800EB32C,-225,248,-300,00000000,0005C000,00000000,00000000,00000000,00000000,0,184,8033C118,00000000,00000000,00000000
O,57,2,0101,800EB32C,-73,248,-300,00000000,00000000,00000000,00000000,00000000,00000000,0,184,8033C118,00000000,00000000,00000000
O,57,3,0101,800EB32C,79,248,-300,00000000,00000000,00000000,00000000,00000000,00000000,0,184,8033C118,00000000,00000000,00000000
O,57,4,0101,800EB32C,231,248,-300,00000000,00000000,00000000,00000000,00000000,00000000,0,184,8033C118,00000000,00000000,00000000
M,58,29,104976,3,00001300,0100088C,0,0,00000000,-229.700836,2611,7282,0,0,0,0,2607,2611,20000,00000000,00000000,801B4C90,8033EBD8,00000000,8033EBD8,00000000,00000000,00000000,00000000,-1
O,58,0,0101,800EB348,0,-100,0,00000000,00000000,00000000,00000000,00000000,00000000,0,184,8033C118,00000000,00000000,00000000
O,58,1,0101,800EB32C,-225,248,-300,00000000,0005C000,00000000,00000000,00000000,00000000,0,184,8033C118,00000000,00000000,00000000
O,58,2,0101,800EB32C,-73,248,-300,00000000,00000000,00000000,00000000,00000000,00000000,0,184,8033C118,00000000,00000000,00000000
O,58,3,0101,800EB32C,79,248,-300,00000000,00000000,00000000,00000000,00000000,00000000,0,184,8033C118,00000000,00000000,00000000
O,58,4,0101,800EB32C,231,248,-300,00000000,00000000,00000000,00000000,00000000,00000000,0,184,8033C118,00000000,00000000,00000000
M,59,30,104977,3,00001300,0100088C,0,0,00000000,-229.700836,2611,7282,0,0,0,0,2607,2611,20000,00000000,00000000,801B4C90,8033EBD8,00000000,8033EBD8,00000000,00000000,00000000,00000000,-1
O,59,0,0101,800EB348,0,-100,0,00000000,00000000,00000000,00000000,00000000,00000000,0,185,8033C118,00000000,00000000,00000000
O,59,1,0101,800EB32C,-225,248,-300,00000000,0005C800,00000000,00000000,00000000,00000000,0,185,8033C118,00000000,00000000,00000000
O,59,2,0101,800EB32C,-73,248,-300,00000000,00000000,00000000,00000000,00000000,00000000,0,185,8033C118,00000000,00000000,00000000
O,59,3,0101,800EB32C,79,248,-300,00000000,00000000,00000000,00000000,00000000,00000000,0,185,8033C118,00000000,00000000,00000000
O,59,4,0101,800EB32C,231,248,-300,00000000,00000000,00000000,00000000,00000000,00000000,0,185,8033C118,00000000,00000000,00000000
M,60,30,104977,3,00001300,0100088C,0,0,00000000,-229.700836,2611,7282,0,0,0,0,2607,2611,20000,00000000,00000000,801B4C90,8033EBD8,00000000,8033EBD8,00000000,00000000,00000000,00000000,-1
O,60,0,0101,800EB348,0,-100,0,00000000,00000000,00000000,00000000,00000000,00000000,0,185,8033C118,00000000,00000000,00000000
O,60,1,0101,800EB32C,-225,248,-300,00000000,0005C800,00000000,00000000,00000000,00000000,0,185,8033C118,00000000,00000000,00000000
O,60,2,0101,800EB32C,-73,248,-300,00000000,00000000,00000000,00000000,00000000,00000000,0,185,8033C118,00000000,00000000,00000000
O,60,3,0101,800EB32C,79,248,-300,00000000,00000000,00000000,00000000,00000000,00000000,0,185,8033C118,00000000,00000000,00000000
O,60,4,0101,800EB32C,231,248,-300,00000000,00000000,00000000,00000000,00000000,00000000,0,185,8033C118,00000000,00000000,00000000
M,61,31,104978,3,00001300,0100088C,0,0,00000000,-229.700836,2611,7282,0,0,0,0,2607,2611,20000,00000000,00000000,801B4C90,8033EBD8,00000000,8033EBD8,00000000,00000000,00000000,00000000,-1
O,61,0,0101,800EB348,0,-100,0,00000000,00000000,00000000,00000000,00000000,00000000,0,186,8033C118,00000000,00000000,00000000
O,61,1,0101,800EB32C,-225,248,-300,00000000,0005D000,00000000,00000000,00000000,00000000,0,186,8033C118,00000000,00000000,00000000
O,61,2,0101,800EB32C,-73,248,-300,00000000,00000000,00000000,00000000,00000000,00000000,0,186,8033C118,00000000,00000000,00000000
O,61,3,0101,800EB32C,79,248,-300,00000000,00000000,00000000,00000000,00000000,00000000,0,186,8033C118,00000000,00000000,00000000
O,61,4,0101,800EB32C,231,248,-300,00000000,00000000,00000000,00000000,00000000,00000000,0,186,8033C118,00000000,00000000,00000000
M,62,31,104978,3,00001300,0100088C,0,0,00000000,-229.700836,2611,7282,0,0,0,0,2607,2611,20000,00000000,00000000,801B4C90,8033EBD8,00000000,8033EBD8,00000000,00000000,00000000,00000000,-1
O,62,0,0101,800EB348,0,-100,0,00000000,00000000,00000000,00000000,00000000,00000000,0,186,8033C118,00000000,00000000,00000000
O,62,1,0101,800EB32C,-225,248,-300,00000000,0005D000,00000000,00000000,00000000,00000000,0,186,8033C118,00000000,00000000,00000000
O,62,2,0101,800EB32C,-73,248,-300,00000000,00000000,00000000,00000000,00000000,00000000,0,186,8033C118,00000000,00000000,00000000
O,62,3,0101,800EB32C,79,248,-300,00000000,00000000,00000000,00000000,00000000,00000000,0,186,8033C118,00000000,00000000,00000000
O,62,4,0101,800EB32C,231,248,-300,00000000,00000000,00000000,00000000,00000000,00000000,0,186,8033C118,00000000,00000000,00000000
M,63,32,104979,3,00001300,0100088C,0,0,00000000,-229.700836,2611,7282,0,0,0,0,2607,2611,20000,00000000,00000000,801B4C90,8033EBD8,00000000,8033EBD8,00000000,00000000,00000000,00000000,-1
O,63,0,0101,800EB348,0,-100,0,00000000,00000000,00000000,00000000,00000000,00000000,0,187,8033C118,00000000,00000000,00000000
O,63,1,0101,800EB32C,-225,248,-300,00000000,0005D800,00000000,00000000,00000000,00000000,0,187,8033C118,00000000,00000000,00000000
O,63,2,0101,800EB32C,-73,248,-300,00000000,00000000,00000000,00000000,00000000,00000000,0,187,8033C118,00000000,00000000,00000000
O,63,3,0101,800EB32C,79,248,-300,00000000,00000000,00000000,00000000,00000000,00000000,0,187,8033C118,00000000,00000000,00000000
O,63,4,0101,800EB32C,231,248,-300,00000000,00000000,00000000,00000000,00000000,00000000,0,187,8033C118,00000000,00000000,00000000
M,64,32,104979,3,00001300,0100088C,0,0,00000000,-229.700836,2611,7282,0,0,0,0,2607,2611,20000,00000000,00000000,801B4C90,8033EBD8,00000000,8033EBD8,00000000,00000000,00000000,00000000,-1
O,64,0,0101,800EB348,0,-100,0,00000000,00000000,00000000,00000000,00000000,00000000,0,187,8033C118,00000000,00000000,00000000
O,64,1,0101,800EB32C,-225,248,-300,00000000,0005D800,00000000,00000000,00000000,00000000,0,187,8033C118,00000000,00000000,00000000
O,64,2,0101,800EB32C,-73,248,-300,00000000,00000000,00000000,00000000,00000000,00000000,0,187,8033C118,00000000,00000000,00000000
O,64,3,0101,800EB32C,79,248,-300,00000000,00000000,00000000,00000000,00000000,00000000,0,187,8033C118,00000000,00000000,00000000
O,64,4,0101,800EB32C,231,248,-300,00000000,00000000,00000000,00000000,00000000,00000000,0,187,8033C118,00000000,00000000,00000000
M,65,33,104980,3,00001300,0100088C,0,0,00000000,-229.700836,2611,7282,0,0,0,0,2607,2611,20000,00000000,00000000,801B4C90,8033EBD8,00000000,8033EBD8,00000000,00000000,00000000,00000000,-1
O,65,0,0101,800EB348,0,-100,0,00000000,00000000,00000000,00000000,00000000,00000000,0,188,8033C118,00000000,00000000,00000000
O,65,1,0101,800EB32C,-225,248,-300,00000000,0005E000,00000000,00000000,00000000,00000000,0,188,8033C118,00000000,00000000,00000000
O,65,2,0101,800EB32C,-73,248,-300,00000000,00000000,00000000,00000000,00000000,00000000,0,188,8033C118,00000000,00000000,00000000
O,65,3,0101,800EB32C,79,248,-300,00000000,00000000,00000000,00000000,00000000,00000000,0,188,8033C118,00000000,00000000,00000000
O,65,4,0101,800EB32C,231,248,-300,00000000,00000000,00000000,00000000,00000000,00000000,0,188,8033C118,00000000,00000000,00000000
M,66,33,104980,3,00001300,0100088C,0,0,00000000,-229.700836,2611,7282,0,0,0,0,2607,2611,20000,00000000,00000000,801B4C90,8033EBD8,00000000,8033EBD8,00000000,00000000,00000000,00000000,-1
O,66,0,0101,800EB348,0,-100,0,00000000,00000000,00000000,00000000,00000000,00000000,0,188,8033C118,00000000,00000000,00000000
O,66,1,0101,800EB32C,-225,248,-300,00000000,0005E000,00000000,00000000,00000000,00000000,0,188,8033C118,00000000,00000000,00000000
O,66,2,0101,800EB32C,-73,248,-300,00000000,00000000,00000000,00000000,00000000,00000000,0,188,8033C118,00000000,00000000,00000000
O,66,3,0101,800EB32C,79,248,-300,00000000,00000000,00000000,00000000,00000000,00000000,0,188,8033C118,00000000,00000000,00000000
O,66,4,0101,800EB32C,231,248,-300,00000000,00000000,00000000,00000000,00000000,00000000,0,188,8033C118,00000000,00000000,00000000
M,67,34,104981,3,00001300,0100088C,0,0,00000000,-229.700836,2611,7282,0,0,0,0,2607,2611,20000,00000000,00000000,801B4C90,8033EBD8,00000000,8033EBD8,00000000,00000000,00000000,00000000,-1
O,67,0,0101,800EB348,0,-100,0,00000000,00000000,00000000,00000000,00000000,00000000,0,189,8033C118,00000000,00000000,00000000
O,67,1,0101,800EB32C,-225,248,-300,00000000,0005E800,00000000,00000000,00000000,00000000,0,189,8033C118,00000000,00000000,00000000
O,67,2,0101,800EB32C,-73,248,-300,00000000,00000000,00000000,00000000,00000000,00000000,0,189,8033C118,00000000,00000000,00000000
O,67,3,0101,800EB32C,79,248,-300,00000000,00000000,00000000,00000000,00000000,00000000,0,189,8033C118,00000000,00000000,00000000
O,67,4,0101,800EB32C,231,248,-300,00000000,00000000,00000000,00000000,00000000,00000000,0,189,8033C118,00000000,00000000,00000000
M,68,34,104981,3,00001300,0100088C,0,0,00000000,-229.700836,2611,7282,0,0,0,0,2607,2611,20000,00000000,00000000,801B4C90,8033EBD8,00000000,8033EBD8,00000000,00000000,00000000,00000000,-1
O,68,0,0101,800EB348,0,-100,0,00000000,00000000,00000000,00000000,00000000,00000000,0,189,8033C118,00000000,00000000,00000000
O,68,1,0101,800EB32C,-225,248,-300,00000000,0005E800,00000000,00000000,00000000,00000000,0,189,8033C118,00000000,00000000,00000000
O,68,2,0101,800EB32C,-73,248,-300,00000000,00000000,00000000,00000000,00000000,00000000,0,189,8033C118,00000000,00000000,00000000
O,68,3,0101,800EB32C,79,248,-300,00000000,00000000,00000000,00000000,00000000,00000000,0,189,8033C118,00000000,00000000,00000000
O,68,4,0101,800EB32C,231,248,-300,00000000,00000000,00000000,00000000,00000000,00000000,0,189,8033C118,00000000,00000000,00000000
M,69,35,104982,3,00001300,0100088C,0,0,00000000,-229.700836,2611,7282,0,0,0,0,2607,2611,20000,00000000,00000000,801B4C90,8033EBD8,00000000,8033EBD8,00000000,00000000,00000000,00000000,-1
O,69,0,0101,800EB348,0,-100,0,00000000,00000000,00000000,00000000,00000000,00000000,0,190,8033C118,00000000,00000000,00000000
O,69,1,0101,800EB32C,-225,248,-300,00000000,0005F000,00000000,00000000,00000000,00000000,0,190,8033C118,00000000,00000000,00000000
O,69,2,0101,800EB32C,-73,248,-300,00000000,00000000,00000000,00000000,00000000,00000000,0,190,8033C118,00000000,00000000,00000000
O,69,3,0101,800EB32C,79,248,-300,00000000,00000000,00000000,00000000,00000000,00000000,0,190,8033C118,00000000,00000000,00000000
O,69,4,0101,800EB32C,231,248,-300,00000000,00000000,00000000,00000000,00000000,00000000,0,190,8033C118,00000000,00000000,00000000
M,70,35,104982,3,00001300,0100088C,0,0,00000000,-229.700836,2611,7282,0,0,0,0,2607,2611,20000,00000000,00000000,801B4C90,8033EBD8,00000000,8033EBD8,00000000,00000000,00000000,00000000,-1
O,70,0,0101,800EB348,0,-100,0,00000000,00000000,00000000,00000000,00000000,00000000,0,190,8033C118,00000000,00000000,00000000
O,70,1,0101,800EB32C,-225,248,-300,00000000,0005F000,00000000,00000000,00000000,00000000,0,190,8033C118,00000000,00000000,00000000
O,70,2,0101,800EB32C,-73,248,-300,00000000,00000000,00000000,00000000,00000000,00000000,0,190,8033C118,00000000,00000000,00000000
O,70,3,0101,800EB32C,79,248,-300,00000000,00000000,00000000,00000000,00000000,00000000,0,190,8033C118,00000000,00000000,00000000
O,70,4,0101,800EB32C,231,248,-300,00000000,00000000,00000000,00000000,00000000,00000000,0,190,8033C118,00000000,00000000,00000000
M,71,36,104983,3,00001300,0100088C,0,0,00000000,-229.700836,2611,7282,0,0,0,0,2607,2611,20000,00000000,00000000,801B4C90,8033EBD8,00000000,8033EBD8,00000000,00000000,00000000,00000000,-1
O,71,0,0101,800EB348,0,-100,0,00000000,00000000,00000000,00000000,00000000,00000000,0,191,8033C118,00000000,00000000,00000000
O,71,1,0101,800EB32C,-225,248,-300,00000000,0005F800,00000000,00000000,00000000,00000000,0,191,8033C118,00000000,00000000,00000000
O,71,2,0101,800EB32C,-73,248,-300,00000000,00000000,00000000,00000000,00000000,00000000,0,191,8033C118,00000000,00000000,00000000
O,71,3,0101,800EB32C,79,248,-300,00000000,00000000,00000000,00000000,00000000,00000000,0,191,8033C118,00000000,00000000,00000000
O,71,4,0101,800EB32C,231,248,-300,00000000,00000000,00000000,00000000,00000000,00000000,0,191,8033C118,00000000,00000000,00000000
M,72,36,104983,3,00001300,0100088C,0,0,00000000,-229.700836,2611,7282,0,0,0,0,2607,2611,20000,00000000,00000000,801B4C90,8033EBD8,00000000,8033EBD8,00000000,00000000,00000000,00000000,-1
O,72,0,0101,800EB348,0,-100,0,00000000,00000000,00000000,00000000,00000000,00000000,0,191,8033C118,00000000,00000000,00000000
O,72,1,0101,800EB32C,-225,248,-300,00000000,0005F800,00000000,00000000,00000000,00000000,0,191,8033C118,00000000,00000000,00000000
O,72,2,0101,800EB32C,-73,248,-300,00000000,00000000,00000000,00000000,00000000,00000000,0,191,8033C118,00000000,00000000,00000000
O,72,3,0101,800EB32C,79,248,-300,00000000,00000000,00000000,00000000,00000000,00000000,0,191,8033C118,00000000,00000000,00000000
O,72,4,0101,800EB32C,231,248,-300,00000000,00000000,00000000,00000000,00000000,00000000,0,191,8033C118,00000000,00000000,00000000
M,73,37,104984,3,00001300,0100088C,0,0,00000000,-229.700836,2611,7282,0,0,0,0,2607,2611,20000,00000000,00000000,801B4C90,8033EBD8,00000000,8033EBD8,00000000,00000000,00000000,00000000,-1
O,73,0,0101,800EB348,0,-100,0,00000000,00000000,00000000,00000000,00000000,00000000,0,192,8033C118,00000000,00000000,00000000
O,73,1,0101,800EB32C,-225,248,-300,00000000,00060000,00000000,00000000,00000000,00000000,0,192,8033C118,00000000,00000000,00000000
O,73,2,0101,800EB32C,-73,248,-300,00000000,00000000,00000000,00000000,00000000,00000000,0,192,8033C118,00000000,00000000,00000000
O,73,3,0101,800EB32C,79,248,-300,00000000,00000000,00000000,00000000,00000000,00000000,0,192,8033C118,00000000,00000000,00000000
O,73,4,0101,800EB32C,231,248,-300,00000000,00000000,00000000,00000000,00000000,00000000,0,192,8033C118,00000000,00000000,00000000
M,74,37,104984,3,00001300,0100088C,0,0,00000000,-229.700836,2611,7282,0,0,0,0,2607,2611,20000,00000000,00000000,801B4C90,8033EBD8,00000000,8033EBD8,00000000,00000000,00000000,00000000,-1
O,74,0,0101,800EB348,0,-100,0,00000000,00000000,00000000,00000000,00000000,00000000,0,192,8033C118,00000000,00000000,00000000
O,74,1,0101,800EB32C,-225,248,-300,00000000,00060000,00000000,00000000,00000000,00000000,0,192,8033C118,00000000,00000000,00000000
O,74,2,0101,800EB32C,-73,248,-300,00000000,00000000,00000000,00000000,00000000,00000000,0,192,8033C118,00000000,00000000,00000000
O,74,3,0101,800EB32C,79,248,-300,00000000,00000000,00000000,00000000,00000000,00000000,0,192,8033C118,00000000,00000000,00000000
O,74,4,0101,800EB32C,231,248,-300,00000000,00000000,00000000,00000000,00000000,00000000,0,192,8033C118,00000000,00000000,00000000
M,75,38,104985,3,00001300,0100088C,0,0,00000000,-229.700836,2611,7282,0,0,0,0,2607,2611,20000,00000000,00000000,801B4C90,8033EBD8,00000000,8033EBD8,00000000,00000000,00000000,00000000,-1
O,75,0,0101,800EB348,0,-100,0,00000000,00000000,00000000,00000000,00000000,00000000,0,193,8033C118,00000000,00000000,00000000
O,75,1,0101,800EB32C,-225,248,-300,00000000,00060800,00000000,00000000,00000000,00000000,0,193,8033C118,00000000,00000000,00000000
O,75,2,0101,800EB32C,-73,248,-300,00000000,00000000,00000000,00000000,00000000,00000000,0,193,8033C118,00000000,00000000,00000000
O,75,3,0101,800EB32C,79,248,-300,00000000,00000000,00000000,00000000,00000000,00000000,0,193,8033C118,00000000,00000000,00000000
O,75,4,0101,800EB32C,231,248,-300,00000000,00000000,00000000,00000000,00000000,00000000,0,193,8033C118,00000000,00000000,00000000
M,76,38,104985,3,00001300,0100088C,0,0,00000000,-229.700836,2611,7282,0,0,0,0,2607,2611,20000,00000000,00000000,801B4C90,8033EBD8,00000000,8033EBD8,00000000,00000000,00000000,00000000,-1
O,76,0,0101,800EB348,0,-100,0,00000000,00000000,00000000,00000000,00000000,00000000,0,193,8033C118,00000000,00000000,00000000
O,76,1,0101,800EB32C,-225,248,-300,00000000,00060800,00000000,00000000,00000000,00000000,0,193,8033C118,00000000,00000000,00000000
O,76,2,0101,800EB32C,-73,248,-300,00000000,00000000,00000000,00000000,00000000,00000000,0,193,8033C118,00000000,00000000,00000000
O,76,3,0101,800EB32C,79,248,-300,00000000,00000000,00000000,00000000,00000000,00000000,0,193,8033C118,00000000,00000000,00000000
O,76,4,0101,800EB32C,231,248,-300,00000000,00000000,00000000,00000000,00000000,00000000,0,193,8033C118,00000000,00000000,00000000
M,77,39,104986,3,00001300,0100088C,0,0,00000000,-229.700836,2611,7282,0,0,0,0,2607,2611,20000,00000000,00000000,801B4C90,8033EBD8,00000000,8033EBD8,00000000,00000000,00000000,00000000,-1
O,77,0,0101,800EB348,0,-100,0,00000000,00000000,00000000,00000000,00000000,00000000,0,194,8033C118,00000000,00000000,00000000
O,77,1,0101,800EB32C,-225,248,-300,00000000,00061000,00000000,00000000,00000000,00000000,0,194,8033C118,00000000,00000000,00000000
O,77,2,0101,800EB32C,-73,248,-300,00000000,00000000,00000000,00000000,00000000,00000000,0,194,8033C118,00000000,00000000,00000000
O,77,3,0101,800EB32C,79,248,-300,00000000,00000000,00000000,00000000,00000000,00000000,0,194,8033C118,00000000,00000000,00000000
O,77,4,0101,800EB32C,231,248,-300,00000000,00000000,00000000,00000000,00000000,00000000,0,194,8033C118,00000000,00000000,00000000
M,78,39,104986,3,00001300,0100088C,0,0,00000000,-229.700836,2611,7282,0,0,0,0,2607,2611,20000,00000000,00000000,801B4C90,8033EBD8,00000000,8033EBD8,00000000,00000000,00000000,00000000,-1
O,78,0,0101,800EB348,0,-100,0,00000000,00000000,00000000,00000000,00000000,00000000,0,194,8033C118,00000000,00000000,00000000
O,78,1,0101,800EB32C,-225,248,-300,00000000,00061000,00000000,00000000,00000000,00000000,0,194,8033C118,00000000,00000000,00000000
O,78,2,0101,800EB32C,-73,248,-300,00000000,00000000,00000000,00000000,00000000,00000000,0,194,8033C118,00000000,00000000,00000000
O,78,3,0101,800EB32C,79,248,-300,00000000,00000000,00000000,00000000,00000000,00000000,0,194,8033C118,00000000,00000000,00000000
O,78,4,0101,800EB32C,231,248,-300,00000000,00000000,00000000,00000000,00000000,00000000,0,194,8033C118,00000000,00000000,00000000
M,79,40,104987,3,00001300,0100088C,0,0,00000000,-229.700836,2611,7282,0,0,0,0,2607,2611,20000,00000000,00000000,801B4C90,8033EBD8,00000000,8033EBD8,00000000,00000000,00000000,00000000,-1
O,79,0,0101,800EB348,0,-100,0,00000000,00000000,00000000,00000000,00000000,00000000,0,195,8033C118,00000000,00000000,00000000
O,79,1,0101,800EB32C,-225,248,-300,00000000,00061800,00000000,00000000,00000000,00000000,0,195,8033C118,00000000,00000000,00000000
O,79,2,0101,800EB32C,-73,248,-300,00000000,00000000,00000000,00000000,00000000,00000000,0,195,8033C118,00000000,00000000,00000000
O,79,3,0101,800EB32C,79,248,-300,00000000,00000000,00000000,00000000,00000000,00000000,0,195,8033C118,00000000,00000000,00000000
O,79,4,0101,800EB32C,231,248,-300,00000000,00000000,00000000,00000000,00000000,00000000,0,195,8033C118,00000000,00000000,00000000
M,80,40,104987,3,00001300,0100088C,0,0,00000000,-229.700836,2611,7282,0,0,0,0,2607,2611,20000,00000000,00000000,801B4C90,8033EBD8,00000000,8033EBD8,00000000,00000000,00000000,00000000,-1
O,80,0,0101,800EB348,0,-100,0,00000000,00000000,00000000,00000000,00000000,00000000,0,195,8033C118,00000000,00000000,00000000
O,80,1,0101,800EB32C,-225,248,-300,00000000,00061800,00000000,00000000,00000000,00000000,0,195,8033C118,00000000,00000000,00000000
O,80,2,0101,800EB32C,-73,248,-300,00000000,00000000,00000000,00000000,00000000,00000000,0,195,8033C118,00000000,00000000,00000000
O,80,3,0101,800EB32C,79,248,-300,00000000,00000000,00000000,00000000,00000000,00000000,0,195,8033C118,00000000,00000000,00000000
O,80,4,0101,800EB32C,231,248,-300,00000000,00000000,00000000,00000000,00000000,00000000,0,195,8033C118,00000000,00000000,00000000
M,81,41,104988,3,00001300,0100088C,0,0,00000000,-229.700836,2611,7282,0,0,0,0,2607,2611,20000,00000000,00000000,801B4C90,8033EBD8,00000000,8033EBD8,00000000,00000000,00000000,00000000,-1
O,81,0,0101,800EB348,0,-100,0,00000000,00000000,00000000,00000000,00000000,00000000,0,196,8033C118,00000000,00000000,00000000
O,81,1,0101,800EB32C,-225,248,-300,00000000,00062000,00000000,00000000,00000000,00000000,0,196,8033C118,00000000,00000000,00000000
O,81,2,0101,800EB32C,-73,248,-300,00000000,00000000,00000000,00000000,00000000,00000000,0,196,8033C118,00000000,00000000,00000000
O,81,3,0101,800EB32C,79,248,-300,00000000,00000000,00000000,00000000,00000000,00000000,0,196,8033C118,00000000,00000000,00000000
O,81,4,0101,800EB32C,231,248,-300,00000000,00000000,00000000,00000000,00000000,00000000,0,196,8033C118,00000000,00000000,00000000
M,82,41,104988,3,00001300,0100088C,0,0,00000000,-229.700836,2611,7282,0,0,0,0,2607,2611,20000,00000000,00000000,801B4C90,8033EBD8,00000000,8033EBD8,00000000,00000000,00000000,00000000,-1
O,82,0,0101,800EB348,0,-100,0,00000000,00000000,00000000,00000000,00000000,00000000,0,196,8033C118,00000000,00000000,00000000
O,82,1,0101,800EB32C,-225,248,-300,00000000,00062000,00000000,00000000,00000000,00000000,0,196,8033C118,00000000,00000000,00000000
O,82,2,0101,800EB32C,-73,248,-300,00000000,00000000,00000000,00000000,00000000,00000000,0,196,8033C118,00000000,00000000,00000000
O,82,3,0101,800EB32C,79,248,-300,00000000,00000000,00000000,00000000,00000000,00000000,0,196,8033C118,00000000,00000000,00000000
O,82,4,0101,800EB32C,231,248,-300,00000000,00000000,00000000,00000000,00000000,00000000,0,196,8033C118,00000000,00000000,00000000
M,83,42,104989,3,00001300,0100088C,0,0,00000000,-229.700836,2611,7282,0,0,0,0,2607,2611,20000,00000000,00000000,801B4C90,8033EBD8,00000000,8033EBD8,00000000,00000000,00000000,00000000,-1
O,83,0,0101,800EB348,0,-100,0,00000000,00000000,00000000,00000000,00000000,00000000,0,197,8033C118,00000000,00000000,00000000
O,83,1,0101,800EB32C,-225,248,-300,00000000,00062800,00000000,00000000,00000000,00000000,0,197,8033C118,00000000,00000000,00000000
O,83,2,0101,800EB32C,-73,248,-300,00000000,00000000,00000000,00000000,00000000,00000000,0,197,8033C118,00000000,00000000,00000000
O,83,3,0101,800EB32C,79,248,-300,00000000,00000000,00000000,00000000,00000000,00000000,0,197,8033C118,00000000,00000000,00000000
O,83,4,0101,800EB32C,231,248,-300,00000000,00000000,00000000,00000000,00000000,00000000,0,197,8033C118,00000000,00000000,00000000
M,84,42,104989,3,00001300,0100088C,0,0,00000000,-229.700836,2611,7282,0,0,0,0,2607,2611,20000,00000000,00000000,801B4C90,8033EBD8,00000000,8033EBD8,00000000,00000000,00000000,00000000,-1
O,84,0,0101,800EB348,0,-100,0,00000000,00000000,00000000,00000000,00000000,00000000,0,197,8033C118,00000000,00000000,00000000
O,84,1,0101,800EB32C,-225,248,-300,00000000,00062800,00000000,00000000,00000000,00000000,0,197,8033C118,00000000,00000000,00000000
O,84,2,0101,800EB32C,-73,248,-300,00000000,00000000,00000000,00000000,00000000,00000000,0,197,8033C118,00000000,00000000,00000000
O,84,3,0101,800EB32C,79,248,-300,00000000,00000000,00000000,00000000,00000000,00000000,0,197,8033C118,00000000,00000000,00000000
O,84,4,0101,800EB32C,231,248,-300,00000000,00000000,00000000,00000000,00000000,00000000,0,197,8033C118,00000000,00000000,00000000
M,85,43,104990,3,00001300,0100088C,0,0,00000000,-229.700836,2611,7282,0,0,0,0,2607,2611,20000,00000000,00000000,801B4C90,8033EBD8,00000000,8033EBD8,00000000,00000000,00000000,00000000,-1
O,85,0,0101,800EB348,0,-100,0,00000000,00000000,00000000,00000000,00000000,00000000,0,198,8033C118,00000000,00000000,00000000
O,85,1,0101,800EB32C,-225,248,-300,00000000,00063000,00000000,00000000,00000000,00000000,0,198,8033C118,00000000,00000000,00000000
O,85,2,0101,800EB32C,-73,248,-300,00000000,00000000,00000000,00000000,00000000,00000000,0,198,8033C118,00000000,00000000,00000000
O,85,3,0101,800EB32C,79,248,-300,00000000,00000000,00000000,00000000,00000000,00000000,0,198,8033C118,00000000,00000000,00000000
O,85,4,0101,800EB32C,231,248,-300,00000000,00000000,00000000,00000000,00000000,00000000,0,198,8033C118,00000000,00000000,00000000
M,86,43,104990,3,00001300,0100088C,0,0,00000000,-229.700836,2611,7282,0,0,0,0,2607,2611,20000,00000000,00000000,801B4C90,8033EBD8,00000000,8033EBD8,00000000,00000000,00000000,00000000,-1
O,86,0,0101,800EB348,0,-100,0,00000000,00000000,00000000,00000000,00000000,00000000,0,198,8033C118,00000000,00000000,00000000
O,86,1,0101,800EB32C,-225,248,-300,00000000,00063000,00000000,00000000,00000000,00000000,0,198,8033C118,00000000,00000000,00000000
O,86,2,0101,800EB32C,-73,248,-300,00000000,00000000,00000000,00000000,00000000,00000000,0,198,8033C118,00000000,00000000,00000000
O,86,3,0101,800EB32C,79,248,-300,00000000,00000000,00000000,00000000,00000000,00000000,0,198,8033C118,00000000,00000000,00000000
O,86,4,0101,800EB32C,231,248,-300,00000000,00000000,00000000,00000000,00000000,00000000,0,198,8033C118,00000000,00000000,00000000
M,87,44,104991,3,00001300,0100088C,0,0,00000000,-229.700836,2611,7282,0,0,0,0,2607,2611,20000,00000000,00000000,801B4C90,8033EBD8,00000000,8033EBD8,00000000,00000000,00000000,00000000,-1
O,87,0,0101,800EB348,0,-100,0,00000000,00000000,00000000,00000000,00000000,00000000,0,199,8033C118,00000000,00000000,00000000
O,87,1,0101,800EB32C,-225,248,-300,00000000,00063800,00000000,00000000,00000000,00000000,0,199,8033C118,00000000,00000000,00000000
O,87,2,0101,800EB32C,-73,248,-300,00000000,00000000,00000000,00000000,00000000,00000000,0,199,8033C118,00000000,00000000,00000000
O,87,3,0101,800EB32C,79,248,-300,00000000,00000000,00000000,00000000,00000000,00000000,0,199,8033C118,00000000,00000000,00000000
O,87,4,0101,800EB32C,231,248,-300,00000000,00000000,00000000,00000000,00000000,00000000,0,199,8033C118,00000000,00000000,00000000
M,88,44,104991,3,00001300,0100088C,0,0,00000000,-229.700836,2611,7282,0,0,0,0,2607,2611,20000,00000000,00000000,801B4C90,8033EBD8,00000000,8033EBD8,00000000,00000000,00000000,00000000,-1
O,88,0,0101,800EB348,0,-100,0,00000000,00000000,00000000,00000000,00000000,00000000,0,199,8033C118,00000000,00000000,00000000
O,88,1,0101,800EB32C,-225,248,-300,00000000,00063800,00000000,00000000,00000000,00000000,0,199,8033C118,00000000,00000000,00000000
O,88,2,0101,800EB32C,-73,248,-300,00000000,00000000,00000000,00000000,00000000,00000000,0,199,8033C118,00000000,00000000,00000000
O,88,3,0101,800EB32C,79,248,-300,00000000,00000000,00000000,00000000,00000000,00000000,0,199,8033C118,00000000,00000000,00000000
O,88,4,0101,800EB32C,231,248,-300,00000000,00000000,00000000,00000000,00000000,00000000,0,199,8033C118,00000000,00000000,00000000
M,89,45,104992,3,00001300,0100088C,0,0,00000000,-229.700836,2611,7282,0,0,0,0,2607,2611,20000,00000000,00000000,801B4C90,8033EBD8,00000000,8033EBD8,00000000,00000000,00000000,00000000,-1
O,89,0,0101,800EB348,0,-100,0,00000000,00000000,00000000,00000000,00000000,00000000,0,200,8033C118,00000000,00000000,00000000
O,89,1,0101,800EB32C,-225,248,-300,00000000,00064000,00000000,00000000,00000000,00000000,0,200,8033C118,00000000,00000000,00000000
O,89,2,0101,800EB32C,-73,248,-300,00000000,00000000,00000000,00000000,00000000,00000000,0,200,8033C118,00000000,00000000,00000000
O,89,3,0101,800EB32C,79,248,-300,00000000,00000000,00000000,00000000,00000000,00000000,0,200,8033C118,00000000,00000000,00000000
O,89,4,0101,800EB32C,231,248,-300,00000000,00000000,00000000,00000000,00000000,00000000,0,200,8033C118,00000000,00000000,00000000
M,90,45,104992,3,00001300,0100088C,0,0,00000000,-229.700836,2611,7282,0,0,0,0,2607,2611,20000,00000000,00000000,801B4C90,8033EBD8,00000000,8033EBD8,00000000,00000000,00000000,00000000,-1
O,90,0,0101,800EB348,0,-100,0,00000000,00000000,00000000,00000000,00000000,00000000,0,200,8033C118,00000000,00000000,00000000
O,90,1,0101,800EB32C,-225,248,-300,00000000,00064000,00000000,00000000,00000000,00000000,0,200,8033C118,00000000,00000000,00000000
O,90,2,0101,800EB32C,-73,248,-300,00000000,00000000,00000000,00000000,00000000,00000000,0,200,8033C118,00000000,00000000,00000000
O,90,3,0101,800EB32C,79,248,-300,00000000,00000000,00000000,00000000,00000000,00000000,0,200,8033C118,00000000,00000000,00000000
O,90,4,0101,800EB32C,231,248,-300,00000000,00000000,00000000,00000000,00000000,00000000,0,200,8033C118,00000000,00000000,00000000
M,91,46,104993,3,00001300,0100088C,0,0,00000000,-229.700836,2611,7282,0,0,0,0,2607,2611,20000,00000000,00000000,801B4C90,8033EBD8,00000000,8033EBD8,00000000,00000000,00000000,00000000,-1
O,91,0,0101,800EB348,0,-100,0,00000000,00000000,00000000,00000000,00000000,00000000,0,201,8033C118,00000000,00000000,00000000
O,91,1,0101,800EB32C,-225,248,-300,00000000,00064800,00000000,00000000,00000000,00000000,0,201,8033C118,00000000,00000000,00000000
O,91,2,0101,800EB32C,-73,248,-300,00000000,00000000,00000000,00000000,00000000,00000000,0,201,8033C118,00000000,00000000,00000000
O,91,3,0101,800EB32C,79,248,-300,00000000,00000000,00000000,00000000,00000000,00000000,0,201,8033C118,00000000,00000000,00000000
O,91,4,0101,800EB32C,231,248,-300,00000000,00000000,00000000,00000000,00000000,00000000,0,201,8033C118,00000000,00000000,00000000
M,92,46,104993,3,00001300,0100088C,0,0,00000000,-229.700836,2611,7282,0,0,0,0,2607,2611,20000,00000000,00000000,801B4C90,8033EBD8,00000000,8033EBD8,00000000,00000000,00000000,00000000,-1
O,92,0,0101,800EB348,0,-100,0,00000000,00000000,00000000,00000000,00000000,00000000,0,201,8033C118,00000000,00000000,00000000
O,92,1,0101,800EB32C,-225,248,-300,00000000,00064800,00000000,00000000,00000000,00000000,0,201,8033C118,00000000,00000000,00000000
O,92,2,0101,800EB32C,-73,248,-300,00000000,00000000,00000000,00000000,00000000,00000000,0,201,8033C118,00000000,00000000,00000000
O,92,3,0101,800EB32C,79,248,-300,00000000,00000000,00000000,00000000,00000000,00000000,0,201,8033C118,00000000,00000000,00000000
O,92,4,0101,800EB32C,231,248,-300,00000000,00000000,00000000,00000000,00000000,00000000,0,201,8033C118,00000000,00000000,00000000
M,93,47,104994,3,00001300,0100088C,0,0,00000000,-229.700836,2611,7282,0,0,0,0,2607,2611,20000,00000000,00000000,801B4C90,8033EBD8,00000000,8033EBD8,00000000,00000000,00000000,00000000,-1
O,93,0,0101,800EB348,0,-100,0,00000000,00000000,00000000,00000000,00000000,00000000,0,202,8033C118,00000000,00000000,00000000
O,93,1,0101,800EB32C,-225,248,-300,00000000,00065000,00000000,00000000,00000000,00000000,0,202,8033C118,00000000,00000000,00000000
O,93,2,0101,800EB32C,-73,248,-300,00000000,00000000,00000000,00000000,00000000,00000000,0,202,8033C118,00000000,00000000,00000000
O,93,3,0101,800EB32C,79,248,-300,00000000,00000000,00000000,00000000,00000000,00000000,0,202,8033C118,00000000,00000000,00000000
O,93,4,0101,800EB32C,231,248,-300,00000000,00000000,00000000,00000000,00000000,00000000,0,202,8033C118,00000000,00000000,00000000
M,94,47,104994,3,00001300,0100088C,0,0,00000000,-229.700836,2611,7282,0,0,0,0,2607,2611,20000,00000000,00000000,801B4C90,8033EBD8,00000000,8033EBD8,00000000,00000000,00000000,00000000,-1
O,94,0,0101,800EB348,0,-100,0,00000000,00000000,00000000,00000000,00000000,00000000,0,202,8033C118,00000000,00000000,00000000
O,94,1,0101,800EB32C,-225,248,-300,00000000,00065000,00000000,00000000,00000000,00000000,0,202,8033C118,00000000,00000000,00000000
O,94,2,0101,800EB32C,-73,248,-300,00000000,00000000,00000000,00000000,00000000,00000000,0,202,8033C118,00000000,00000000,00000000
O,94,3,0101,800EB32C,79,248,-300,00000000,00000000,00000000,00000000,00000000,00000000,0,202,8033C118,00000000,00000000,00000000
O,94,4,0101,800EB32C,231,248,-300,00000000,00000000,00000000,00000000,00000000,00000000,0,202,8033C118,00000000,00000000,00000000
M,95,48,104995,3,00001300,0100088C,0,0,00000000,-229.700836,2611,7282,0,0,0,0,2607,2611,20000,00000000,00000000,801B4C90,8033EBD8,00000000,8033EBD8,00000000,00000000,00000000,00000000,-1
O,95,0,0101,800EB348,0,-100,0,00000000,00000000,00000000,00000000,00000000,00000000,0,203,8033C118,00000000,00000000,00000000
O,95,1,0101,800EB32C,-225,248,-300,00000000,00065800,00000000,00000000,00000000,00000000,0,203,8033C118,00000000,00000000,00000000
O,95,2,0101,800EB32C,-73,248,-300,00000000,00000000,00000000,00000000,00000000,00000000,0,203,8033C118,00000000,00000000,00000000
O,95,3,0101,800EB32C,79,248,-300,00000000,00000000,00000000,00000000,00000000,00000000,0,203,8033C118,00000000,00000000,00000000
O,95,4,0101,800EB32C,231,248,-300,00000000,00000000,00000000,00000000,00000000,00000000,0,203,8033C118,00000000,00000000,00000000
M,96,48,104995,3,00001300,0100088C,0,0,00000000,-229.700836,2611,7282,0,0,0,0,2607,2611,20000,00000000,00000000,801B4C90,8033EBD8,00000000,8033EBD8,00000000,00000000,00000000,00000000,-1
O,96,0,0101,800EB348,0,-100,0,00000000,00000000,00000000,00000000,00000000,00000000,0,203,8033C118,00000000,00000000,00000000
O,96,1,0101,800EB32C,-225,248,-300,00000000,00065800,00000000,00000000,00000000,00000000,0,203,8033C118,00000000,00000000,00000000
O,96,2,0101,800EB32C,-73,248,-300,00000000,00000000,00000000,00000000,00000000,00000000,0,203,8033C118,00000000,00000000,00000000
O,96,3,0101,800EB32C,79,248,-300,00000000,00000000,00000000,00000000,00000000,00000000,0,203,8033C118,00000000,00000000,00000000
O,96,4,0101,800EB32C,231,248,-300,00000000,00000000,00000000,00000000,00000000,00000000,0,203,8033C118,00000000,00000000,00000000
M,97,49,104996,3,00001300,0100088C,0,0,00000000,-229.700836,2611,7282,0,0,0,0,2607,2611,20000,00000000,00000000,801B4C90,8033EBD8,00000000,8033EBD8,00000000,00000000,00000000,00000000,-1
O,97,0,0101,800EB348,0,-100,0,00000000,00000000,00000000,00000000,00000000,00000000,0,204,8033C118,00000000,00000000,00000000
O,97,1,0101,800EB32C,-225,248,-300,00000000,00066000,00000000,00000000,00000000,00000000,0,204,8033C118,00000000,00000000,00000000
O,97,2,0101,800EB32C,-73,248,-300,00000000,00000000,00000000,00000000,00000000,00000000,0,204,8033C118,00000000,00000000,00000000
O,97,3,0101,800EB32C,79,248,-300,00000000,00000000,00000000,00000000,00000000,00000000,0,204,8033C118,00000000,00000000,00000000
O,97,4,0101,800EB32C,231,248,-300,00000000,00000000,00000000,00000000,00000000,00000000,0,204,8033C118,00000000,00000000,00000000
M,98,49,104996,3,00001300,0100088C,0,0,00000000,-229.700836,2611,7282,0,0,0,0,2607,2611,20000,00000000,00000000,801B4C90,8033EBD8,00000000,8033EBD8,00000000,00000000,00000000,00000000,-1
O,98,0,0101,800EB348,0,-100,0,00000000,00000000,00000000,00000000,00000000,00000000,0,204,8033C118,00000000,00000000,00000000
O,98,1,0101,800EB32C,-225,248,-300,00000000,00066000,00000000,00000000,00000000,00000000,0,204,8033C118,00000000,00000000,00000000
O,98,2,0101,800EB32C,-73,248,-300,00000000,00000000,00000000,00000000,00000000,00000000,0,204,8033C118,00000000,00000000,00000000
O,98,3,0101,800EB32C,79,248,-300,00000000,00000000,00000000,00000000,00000000,00000000,0,204,8033C118,00000000,00000000,00000000
O,98,4,0101,800EB32C,231,248,-300,00000000,00000000,00000000,00000000,00000000,00000000,0,204,8033C118,00000000,00000000,00000000
M,99,50,104997,3,00001300,0100088C,0,0,00000000,-229.700836,2611,7282,0,0,0,0,2607,2611,20000,00000000,00000000,801B4C90,8033EBD8,00000000,8033EBD8,00000000,00000000,00000000,00000000,-1
O,99,0,0101,800EB348,0,-100,0,00000000,00000000,00000000,00000000,00000000,00000000,0,205,8033C118,00000000,00000000,00000000
O,99,1,0101,800EB32C,-225,248,-300,00000000,00066800,00000000,00000000,00000000,00000000,0,205,8033C118,00000000,00000000,00000000
O,99,2,0101,800EB32C,-73,248,-300,00000000,00000000,00000000,00000000,00000000,00000000,0,205,8033C118,00000000,00000000,00000000
O,99,3,0101,800EB32C,79,248,-300,00000000,00000000,00000000,00000000,00000000,00000000,0,205,8033C118,00000000,00000000,00000000
O,99,4,0101,800EB32C,231,248,-300,00000000,00000000,00000000,00000000,00000000,00000000,0,205,8033C118,00000000,00000000,00000000
M,100,50,104997,3,00001300,0100088C,0,0,00000000,-229.700836,2611,7282,0,0,0,0,2607,2611,20000,00000000,00000000,801B4C90,8033EBD8,00000000,8033EBD8,00000000,00000000,00000000,00000000,-1
O,100,0,0101,800EB348,0,-100,0,00000000,00000000,00000000,00000000,00000000,00000000,0,205,8033C118,00000000,00000000,00000000
O,100,1,0101,800EB32C,-225,248,-300,00000000,00066800,00000000,00000000,00000000,00000000,0,205,8033C118,00000000,00000000,00000000
O,100,2,0101,800EB32C,-73,248,-300,00000000,00000000,00000000,00000000,00000000,00000000,0,205,8033C118,00000000,00000000,00000000
O,100,3,0101,800EB32C,79,248,-300,00000000,00000000,00000000,00000000,00000000,00000000,0,205,8033C118,00000000,00000000,00000000
O,100,4,0101,800EB32C,231,248,-300,00000000,00000000,00000000,00000000,00000000,00000000,0,205,8033C118,00000000,00000000,00000000
M,101,51,104998,3,00001300,0100088C,0,0,00000000,-229.700836,2611,7282,0,0,0,0,2607,2611,20000,00000000,00000000,801B4C90,8033EBD8,00000000,8033EBD8,00000000,00000000,00000000,00000000,-1
O,101,0,0101,800EB348,0,-100,0,00000000,00000000,00000000,00000000,00000000,00000000,0,206,8033C118,00000000,00000000,00000000
O,101,1,0101,800EB32C,-225,248,-300,00000000,00067000,00000000,00000000,00000000,00000000,0,206,8033C118,00000000,00000000,00000000
O,101,2,0101,800EB32C,-73,248,-300,00000000,00000000,00000000,00000000,00000000,00000000,0,206,8033C118,00000000,00000000,00000000
O,101,3,0101,800EB32C,79,248,-300,00000000,00000000,00000000,00000000,00000000,00000000,0,206,8033C118,00000000,00000000,00000000
O,101,4,0101,800EB32C,231,248,-300,00000000,00000000,00000000,00000000,00000000,00000000,0,206,8033C118,00000000,00000000,00000000
M,102,51,104998,3,00001300,0100088C,0,0,00000000,-229.700836,2611,7282,0,0,0,0,2607,2611,20000,00000000,00000000,801B4C90,8033EBD8,00000000,8033EBD8,00000000,00000000,00000000,00000000,-1
O,102,0,0101,800EB348,0,-100,0,00000000,00000000,00000000,00000000,00000000,00000000,0,206,8033C118,00000000,00000000,00000000
O,102,1,0101,800EB32C,-225,248,-300,00000000,00067000,00000000,00000000,00000000,00000000,0,206,8033C118,00000000,00000000,00000000
O,102,2,0101,800EB32C,-73,248,-300,00000000,00000000,00000000,00000000,00000000,00000000,0,206,8033C118,00000000,00000000,00000000
O,102,3,0101,800EB32C,79,248,-300,00000000,00000000,00000000,00000000,00000000,00000000,0,206,8033C118,00000000,00000000,00000000
O,102,4,0101,800EB32C,231,248,-300,00000000,00000000,00000000,00000000,00000000,00000000,0,206,8033C118,00000000,00000000,00000000
M,103,52,104999,3,00001300,0100088C,0,0,00000000,-229.700836,2611,7282,0,0,0,0,2607,2611,20000,00000000,00000000,801B4C90,8033EBD8,00000000,8033EBD8,00000000,00000000,00000000,00000000,-1
O,103,0,0101,800EB348,0,-100,0,00000000,00000000,00000000,00000000,00000000,00000000,0,207,8033C118,00000000,00000000,00000000
O,103,1,0101,800EB32C,-225,248,-300,00000000,00067800,00000000,00000000,00000000,00000000,0,207,8033C118,00000000,00000000,00000000
O,103,2,0101,800EB32C,-73,248,-300,00000000,00000000,00000000,00000000,00000000,00000000,0,207,8033C118,00000000,00000000,00000000
O,103,3,0101,800EB32C,79,248,-300,00000000,00000000,00000000,00000000,00000000,00000000,0,207,8033C118,00000000,00000000,00000000
O,103,4,0101,800EB32C,231,248,-300,00000000,00000000,00000000,00000000,00000000,00000000,0,207,8033C118,00000000,00000000,00000000
M,104,52,104999,3,00001300,0100088C,0,0,00000000,-229.700836,2611,7282,0,0,0,0,2607,2611,20000,00000000,00000000,801B4C90,8033EBD8,00000000,8033EBD8,00000000,00000000,00000000,00000000,-1
O,104,0,0101,800EB348,0,-100,0,00000000,00000000,00000000,00000000,00000000,00000000,0,207,8033C118,00000000,00000000,00000000
O,104,1,0101,800EB32C,-225,248,-300,00000000,00067800,00000000,00000000,00000000,00000000,0,207,8033C118,00000000,00000000,00000000
O,104,2,0101,800EB32C,-73,248,-300,00000000,00000000,00000000,00000000,00000000,00000000,0,207,8033C118,00000000,00000000,00000000
O,104,3,0101,800EB32C,79,248,-300,00000000,00000000,00000000,00000000,00000000,00000000,0,207,8033C118,00000000,00000000,00000000
O,104,4,0101,800EB32C,231,248,-300,00000000,00000000,00000000,00000000,00000000,00000000,0,207,8033C118,00000000,00000000,00000000
M,105,53,105000,3,00001300,0100088C,0,0,00000000,-229.700836,2611,7282,0,0,0,0,2607,2611,20000,00000000,00000000,801B4C90,8033EBD8,00000000,8033EBD8,00000000,00000000,00000000,00000000,-1
O,105,0,0101,800EB348,0,-100,0,00000000,00000000,00000000,00000000,00000000,00000000,0,208,8033C118,00000000,00000000,00000000
O,105,1,0101,800EB32C,-225,248,-300,00000000,00068000,00000000,00000000,00000000,00000000,0,208,8033C118,00000000,00000000,00000000
O,105,2,0101,800EB32C,-73,248,-300,00000000,00000000,00000000,00000000,00000000,00000000,0,208,8033C118,00000000,00000000,00000000
O,105,3,0101,800EB32C,79,248,-300,00000000,00000000,00000000,00000000,00000000,00000000,0,208,8033C118,00000000,00000000,00000000
O,105,4,0101,800EB32C,231,248,-300,00000000,00000000,00000000,00000000,00000000,00000000,0,208,8033C118,00000000,00000000,00000000
M,106,53,105000,3,00001300,0100088C,0,0,00000000,-229.700836,2611,7282,0,0,0,0,2607,2611,20000,00000000,00000000,801B4C90,8033EBD8,00000000,8033EBD8,00000000,00000000,00000000,00000000,-1
O,106,0,0101,800EB348,0,-100,0,00000000,00000000,00000000,00000000,00000000,00000000,0,208,8033C118,00000000,00000000,00000000
O,106,1,0101,800EB32C,-225,248,-300,00000000,00068000,00000000,00000000,00000000,00000000,0,208,8033C118,00000000,00000000,00000000
O,106,2,0101,800EB32C,-73,248,-300,00000000,00000000,00000000,00000000,00000000,00000000,0,208,8033C118,00000000,00000000,00000000
O,106,3,0101,800EB32C,79,248,-300,00000000,00000000,00000000,00000000,00000000,00000000,0,208,8033C118,00000000,00000000,00000000
O,106,4,0101,800EB32C,231,248,-300,00000000,00000000,00000000,00000000,00000000,00000000,0,208,8033C118,00000000,00000000,00000000
M,107,54,105001,3,00001300,0100088C,0,0,00000000,-229.700836,2611,7282,0,0,0,0,2607,2611,20000,00000000,00000000,801B4C90,8033EBD8,00000000,8033EBD8,00000000,00000000,00000000,00000000,-1
O,107,0,0101,800EB348,0,-100,0,00000000,00000000,00000000,00000000,00000000,00000000,0,209,8033C118,00000000,00000000,00000000
O,107,1,0101,800EB32C,-225,248,-300,00000000,00068800,00000000,00000000,00000000,00000000,0,209,8033C118,00000000,00000000,00000000
O,107,2,0101,800EB32C,-73,248,-300,00000000,00000000,00000000,00000000,00000000,00000000,0,209,8033C118,00000000,00000000,00000000
O,107,3,0101,800EB32C,79,248,-300,00000000,00000000,00000000,00000000,00000000,00000000,0,209,8033C118,00000000,00000000,00000000
O,107,4,0101,800EB32C,231,248,-300,00000000,00000000,00000000,00000000,00000000,00000000,0,209,8033C118,00000000,00000000,00000000
M,108,54,105001,3,00001300,0100088C,0,0,00000000,-229.700836,2611,7282,0,0,0,0,2607,2611,20000,00000000,00000000,801B4C90,8033EBD8,00000000,8033EBD8,00000000,00000000,00000000,00000000,-1
O,108,0,0101,800EB348,0,-100,0,00000000,00000000,00000000,00000000,00000000,00000000,0,209,8033C118,00000000,00000000,00000000
O,108,1,0101,800EB32C,-225,248,-300,00000000,00068800,00000000,00000000,00000000,00000000,0,209,8033C118,00000000,00000000,00000000
O,108,2,0101,800EB32C,-73,248,-300,00000000,00000000,00000000,00000000,00000000,00000000,0,209,8033C118,00000000,00000000,00000000
O,108,3,0101,800EB32C,79,248,-300,00000000,00000000,00000000,00000000,00000000,00000000,0,209,8033C118,00000000,00000000,00000000
O,108,4,0101,800EB32C,231,248,-300,00000000,00000000,00000000,00000000,00000000,00000000,0,209,8033C118,00000000,00000000,00000000
M,109,55,105002,3,00001300,0100088C,0,0,00000000,-229.700836,2611,7282,0,0,0,0,2607,2611,20000,00000000,00000000,801B4C90,8033EBD8,00000000,8033EBD8,00000000,00000000,00000000,00000000,-1
O,109,0,0101,800EB348,0,-100,0,00000000,00000000,00000000,00000000,00000000,00000000,0,210,8033C118,00000000,00000000,00000000
O,109,1,0101,800EB32C,-225,248,-300,00000000,00069000,00000000,00000000,00000000,00000000,0,210,8033C118,00000000,00000000,00000000
O,109,2,0101,800EB32C,-73,248,-300,00000000,00000000,00000000,00000000,00000000,00000000,0,210,8033C118,00000000,00000000,00000000
O,109,3,0101,800EB32C,79,248,-300,00000000,00000000,00000000,00000000,00000000,00000000,0,210,8033C118,00000000,00000000,00000000
O,109,4,0101,800EB32C,231,248,-300,00000000,00000000,00000000,00000000,00000000,00000000,0,210,8033C118,00000000,00000000,00000000
M,110,55,105002,3,00001300,0100088C,0,0,00000000,-229.700836,2611,7282,0,0,0,0,2607,2611,20000,00000000,00000000,801B4C90,8033EBD8,00000000,8033EBD8,00000000,00000000,00000000,00000000,-1
O,110,0,0101,800EB348,0,-100,0,00000000,00000000,00000000,00000000,00000000,00000000,0,210,8033C118,00000000,00000000,00000000
O,110,1,0101,800EB32C,-225,248,-300,00000000,00069000,00000000,00000000,00000000,00000000,0,210,8033C118,00000000,00000000,00000000
O,110,2,0101,800EB32C,-73,248,-300,00000000,00000000,00000000,00000000,00000000,00000000,0,210,8033C118,00000000,00000000,00000000
O,110,3,0101,800EB32C,79,248,-300,00000000,00000000,00000000,00000000,00000000,00000000,0,210,8033C118,00000000,00000000,00000000
O,110,4,0101,800EB32C,231,248,-300,00000000,00000000,00000000,00000000,00000000,00000000,0,210,8033C118,00000000,00000000,00000000
M,111,56,105003,3,00001300,0100088C,0,0,00000000,-229.700836,2611,7282,0,0,0,0,2607,2611,20000,00000000,00000000,801B4C90,8033EBD8,00000000,8033EBD8,00000000,00000000,00000000,00000000,-1
O,111,0,0101,800EB348,0,-100,0,00000000,00000000,00000000,00000000,00000000,00000000,0,211,8033C118,00000000,00000000,00000000
O,111,1,0101,800EB32C,-225,248,-300,00000000,00069800,00000000,00000000,00000000,00000000,0,211,8033C118,00000000,00000000,00000000
O,111,2,0101,800EB32C,-73,248,-300,00000000,00000000,00000000,00000000,00000000,00000000,0,211,8033C118,00000000,00000000,00000000
O,111,3,0101,800EB32C,79,248,-300,00000000,00000000,00000000,00000000,00000000,00000000,0,211,8033C118,00000000,00000000,00000000
O,111,4,0101,800EB32C,231,248,-300,00000000,00000000,00000000,00000000,00000000,00000000,0,211,8033C118,00000000,00000000,00000000
M,112,56,105003,3,00001300,0100088C,0,0,00000000,-229.700836,2611,7282,0,0,0,0,2607,2611,20000,00000000,00000000,801B4C90,8033EBD8,00000000,8033EBD8,00000000,00000000,00000000,00000000,-1
O,112,0,0101,800EB348,0,-100,0,00000000,00000000,00000000,00000000,00000000,00000000,0,211,8033C118,00000000,00000000,00000000
O,112,1,0101,800EB32C,-225,248,-300,00000000,00069800,00000000,00000000,00000000,00000000,0,211,8033C118,00000000,00000000,00000000
O,112,2,0101,800EB32C,-73,248,-300,00000000,00000000,00000000,00000000,00000000,00000000,0,211,8033C118,00000000,00000000,00000000
O,112,3,0101,800EB32C,79,248,-300,00000000,00000000,00000000,00000000,00000000,00000000,0,211,8033C118,00000000,00000000,00000000
O,112,4,0101,800EB32C,231,248,-300,00000000,00000000,00000000,00000000,00000000,00000000,0,211,8033C118,00000000,00000000,00000000
M,113,57,105004,3,00001300,0100088C,0,0,00000000,-229.700836,2611,7282,0,0,0,0,2607,2611,20000,00000000,00000000,801B4C90,8033EBD8,00000000,8033EBD8,00000000,00000000,00000000,00000000,-1
O,113,0,0101,800EB348,0,-100,0,00000000,00000000,00000000,00000000,00000000,00000000,0,212,8033C118,00000000,00000000,00000000
O,113,1,0101,800EB32C,-225,248,-300,00000000,0006A000,00000000,00000000,00000000,00000000,0,212,8033C118,00000000,00000000,00000000
O,113,2,0101,800EB32C,-73,248,-300,00000000,00000000,00000000,00000000,00000000,00000000,0,212,8033C118,00000000,00000000,00000000
O,113,3,0101,800EB32C,79,248,-300,00000000,00000000,00000000,00000000,00000000,00000000,0,212,8033C118,00000000,00000000,00000000
O,113,4,0101,800EB32C,231,248,-300,00000000,00000000,00000000,00000000,00000000,00000000,0,212,8033C118,00000000,00000000,00000000
M,114,57,105004,3,00001300,0100088C,0,0,00000000,-229.700836,2611,7282,0,0,0,0,2607,2611,20000,00000000,00000000,801B4C90,8033EBD8,00000000,8033EBD8,00000000,00000000,00000000,00000000,-1
O,114,0,0101,800EB348,0,-100,0,00000000,00000000,00000000,00000000,00000000,00000000,0,212,8033C118,00000000,00000000,00000000
O,114,1,0101,800EB32C,-225,248,-300,00000000,0006A000,00000000,00000000,00000000,00000000,0,212,8033C118,00000000,00000000,00000000
O,114,2,0101,800EB32C,-73,248,-300,00000000,00000000,00000000,00000000,00000000,00000000,0,212,8033C118,00000000,00000000,00000000
O,114,3,0101,800EB32C,79,248,-300,00000000,00000000,00000000,00000000,00000000,00000000,0,212,8033C118,00000000,00000000,00000000
O,114,4,0101,800EB32C,231,248,-300,00000000,00000000,00000000,00000000,00000000,00000000,0,212,8033C118,00000000,00000000,00000000
M,115,58,105005,3,00001300,0100088C,0,0,00000000,-229.700836,2611,7282,0,0,0,0,2607,2611,20000,00000000,00000000,801B4C90,8033EBD8,00000000,8033EBD8,00000000,00000000,00000000,00000000,-1
O,115,0,0101,800EB348,0,-100,0,00000000,00000000,00000000,00000000,00000000,00000000,0,213,8033C118,00000000,00000000,00000000
O,115,1,0101,800EB32C,-225,248,-300,00000000,0006A800,00000000,00000000,00000000,00000000,0,213,8033C118,00000000,00000000,00000000
O,115,2,0101,800EB32C,-73,248,-300,00000000,00000000,00000000,00000000,00000000,00000000,0,213,8033C118,00000000,00000000,00000000
O,115,3,0101,800EB32C,79,248,-300,00000000,00000000,00000000,00000000,00000000,00000000,0,213,8033C118,00000000,00000000,00000000
O,115,4,0101,800EB32C,231,248,-300,00000000,00000000,00000000,00000000,00000000,00000000,0,213,8033C118,00000000,00000000,00000000
M,116,58,105005,3,00001300,0100088C,0,0,00000000,-229.700836,2611,7282,0,0,0,0,2607,2611,20000,00000000,00000000,801B4C90,8033EBD8,00000000,8033EBD8,00000000,00000000,00000000,00000000,-1
O,116,0,0101,800EB348,0,-100,0,00000000,00000000,00000000,00000000,00000000,00000000,0,213,8033C118,00000000,00000000,00000000
O,116,1,0101,800EB32C,-225,248,-300,00000000,0006A800,00000000,00000000,00000000,00000000,0,213,8033C118,00000000,00000000,00000000
O,116,2,0101,800EB32C,-73,248,-300,00000000,00000000,00000000,00000000,00000000,00000000,0,213,8033C118,00000000,00000000,00000000
O,116,3,0101,800EB32C,79,248,-300,00000000,00000000,00000000,00000000,00000000,00000000,0,213,8033C118,00000000,00000000,00000000
O,116,4,0101,800EB32C,231,248,-300,00000000,00000000,00000000,00000000,00000000,00000000,0,213,8033C118,00000000,00000000,00000000
M,117,59,105006,3,00001300,0100088C,0,0,00000000,-229.700836,2611,7282,0,0,0,0,2607,2611,20000,00000000,00000000,801B4C90,8033EBD8,00000000,8033EBD8,00000000,00000000,00000000,00000000,-1
O,117,0,0101,800EB348,0,-100,0,00000000,00000000,00000000,00000000,00000000,00000000,0,214,8033C118,00000000,00000000,00000000
O,117,1,0101,800EB32C,-225,248,-300,00000000,0006B000,00000000,00000000,00000000,00000000,0,214,8033C118,00000000,00000000,00000000
O,117,2,0101,800EB32C,-73,248,-300,00000000,00000000,00000000,00000000,00000000,00000000,0,214,8033C118,00000000,00000000,00000000
O,117,3,0101,800EB32C,79,248,-300,00000000,00000000,00000000,00000000,00000000,00000000,0,214,8033C118,00000000,00000000,00000000
O,117,4,0101,800EB32C,231,248,-300,00000000,00000000,00000000,00000000,00000000,00000000,0,214,8033C118,00000000,00000000,00000000
M,118,59,105006,3,00001300,0100088C,0,0,00000000,-229.700836,2611,7282,0,0,0,0,2607,2611,20000,00000000,00000000,801B4C90,8033EBD8,00000000,8033EBD8,00000000,00000000,00000000,00000000,-1
O,118,0,0101,800EB348,0,-100,0,00000000,00000000,00000000,00000000,00000000,00000000,0,214,8033C118,00000000,00000000,00000000
O,118,1,0101,800EB32C,-225,248,-300,00000000,0006B000,00000000,00000000,00000000,00000000,0,214,8033C118,00000000,00000000,00000000
O,118,2,0101,800EB32C,-73,248,-300,00000000,00000000,00000000,00000000,00000000,00000000,0,214,8033C118,00000000,00000000,00000000
O,118,3,0101,800EB32C,79,248,-300,00000000,00000000,00000000,00000000,00000000,00000000,0,214,8033C118,00000000,00000000,00000000
O,118,4,0101,800EB32C,231,248,-300,00000000,00000000,00000000,00000000,00000000,00000000,0,214,8033C118,00000000,00000000,00000000
M,119,60,105007,3,00001300,0100088C,0,0,00000000,-229.700836,2611,7282,0,0,0,0,2607,2611,20000,00000000,00000000,801B4C90,8033EBD8,00000000,8033EBD8,00000000,00000000,00000000,00000000,-1
O,119,0,0101,800EB348,0,-100,0,00000000,00000000,00000000,00000000,00000000,00000000,0,215,8033C118,00000000,00000000,00000000
O,119,1,0101,800EB32C,-225,248,-300,00000000,0006B800,00000000,00000000,00000000,00000000,0,215,8033C118,00000000,00000000,00000000
O,119,2,0101,800EB32C,-73,248,-300,00000000,00000000,00000000,00000000,00000000,00000000,0,215,8033C118,00000000,00000000,00000000
O,119,3,0101,800EB32C,79,248,-300,00000000,00000000,00000000,00000000,00000000,00000000,0,215,8033C118,00000000,00000000,00000000
O,119,4,0101,800EB32C,231,248,-300,00000000,00000000,00000000,00000000,00000000,00000000,0,215,8033C118,00000000,00000000,00000000
M,120,60,105007,3,00001300,0100088C,0,0,00000000,-229.700836,2611,7282,0,0,0,0,2607,2611,20000,00000000,00000000,801B4C90,8033EBD8,00000000,8033EBD8,00000000,00000000,00000000,00000000,-1
O,120,0,0101,800EB348,0,-100,0,00000000,00000000,00000000,00000000,00000000,00000000,0,215,8033C118,00000000,00000000,00000000
O,120,1,0101,800EB32C,-225,248,-300,00000000,0006B800,00000000,00000000,00000000,00000000,0,215,8033C118,00000000,00000000,00000000
O,120,2,0101,800EB32C,-73,248,-300,00000000,00000000,00000000,00000000,00000000,00000000,0,215,8033C118,00000000,00000000,00000000
O,120,3,0101,800EB32C,79,248,-300,00000000,00000000,00000000,00000000,00000000,00000000,0,215,8033C118,00000000,00000000,00000000
O,120,4,0101,800EB32C,231,248,-300,00000000,00000000,00000000,00000000,00000000,00000000,0,215,8033C118,00000000,00000000,00000000
DONE,vi=120,polls=60,finished=true
