H,type,vi,polls,global_timer,ttc_speed,action,prev_action,action_state,action_timer,action_arg,x,y,z,vx,vy,vz,forward_vel,face_yaw,floor_height,ceil_height,wall,ceil,floor,interact,held,used,ridden,mario_object,mario_object_platform,g_mario_platform,g_mario_platform_slot
H,type,vi,slot,active_flags,behavior,x,y,z,face_pitch,face_yaw,face_roll,angle_vel_pitch,angle_vel_yaw,angle_vel_roll,action,timer,parent,prev,platform,collision_data
M,1,1,104948,3,00001300,0100088C,0,0,00000000,-229.700836,2611,7282,0,0,0,0,2607,2611,20000,00000000,00000000,801B4C90,8033EBD8,00000000,8033EBD8,00000000,00000000,00000000,00000000,-1
O,1,0,0101,800EB348,0,-100,0,00000000,00000000,00000000,00000000,00000000,00000000,0,156,8033C118,00000000,00000000,00000000
O,1,1,0101,800EB32C,-225,248,-300,00000000,0004E000,00000000,00000000,00000000,00000000,0,156,8033C118,00000000,00000000,00000000
O,1,2,0101,800EB32C,-73,248,-300,00000000,00000000,00000000,00000000,00000000,00000000,0,156,8033C118,00000000,00000000,00000000
O,1,3,0101,800EB32C,79,248,-300,00000000,00000000,00000000,00000000,00000000,00000000,0,156,8033C118,00000000,00000000,00000000
O,1,4,0101,800EB32C,231,248,-300,00000000,00000000,00000000,00000000,00000000,00000000,0,156,8033C118,00000000,00000000,00000000
M,2,1,104948,3,00001300,0100088C,0,0,00000000,-229.700836,2611,7282,0,0,0,0,2607,2611,20000,00000000,00000000,801B4C90,8033EBD8,00000000,8033EBD8,00000000,00000000,00000000,00000000,-1
O,2,0,0101,800EB348,0,-100,0,00000000,00000000,00000000,00000000,00000000,00000000,0,156,8033C118,00000000,00000000,00000000
O,2,1,0101,800EB32C,-225,248,-300,00000000,0004E000,00000000,00000000,00000000,00000000,0,156,8033C118,00000000,00000000,00000000
O,2,2,0101,800EB32C,-73,248,-300,00000000,00000000,00000000,00000000,00000000,00000000,0,156,8033C118,00000000,00000000,00000000
O,2,3,0101,800EB32C,79,248,-300,00000000,00000000,00000000,00000000,00000000,00000000,0,156,8033C118,00000000,00000000,00000000
O,2,4,0101,800EB32C,231,248,-300,00000000,00000000,00000000,00000000,00000000,00000000,0,156,8033C118,00000000,00000000,00000000
M,3,2,104949,3,00001300,0100088C,0,0,00000000,-229.700836,2611,7282,0,0,0,0,2607,2611,20000,00000000,00000000,801B4C90,8033EBD8,00000000,8033EBD8,00000000,00000000,00000000,00000000,-1
O,3,0,0101,800EB348,0,-100,0,00000000,00000000,00000000,00000000,00000000,00000000,0,156,8033C118,00000000,00000000,00000000
O,3,1,0101,800EB32C,-225,248,-300,00000000,0004E000,00000000,00000000,00000000,00000000,0,156,8033C118,00000000,00000000,00000000
O,3,2,0101,800EB32C,-73,248,-300,00000000,00000000,00000000,00000000,00000000,00000000,0,156,8033C118,00000000,00000000,00000000
O,3,3,0101,800EB32C,79,248,-300,00000000,00000000,00000000,00000000,00000000,00000000,0,156,8033C118,00000000,00000000,00000000
O,3,4,0101,800EB32C,231,248,-300,00000000,00000000,00000000,00000000,00000000,00000000,0,156,8033C118,00000000,00000000,00000000
M,4,2,104949,3,00001300,0100088C,0,0,00000000,-229.700836,2611,7282,0,0,0,0,2607,2611,20000,00000000,00000000,801B4C90,8033EBD8,00000000,8033EBD8,00000000,00000000,00000000,00000000,-1
O,4,0,0101,800EB348,0,-100,0,00000000,00000000,00000000,00000000,00000000,00000000,0,156,8033C118,00000000,00000000,00000000
O,4,1,0101,800EB32C,-225,248,-300,00000000,0004E000,00000000,00000000,00000000,00000000,0,156,8033C118,00000000,00000000,00000000
O,4,2,0101,800EB32C,-73,248,-300,00000000,00000000,00000000,00000000,00000000,00000000,0,156,8033C118,00000000,00000000,00000000
O,4,3,0101,800EB32C,79,248,-300,00000000,00000000,00000000,00000000,00000000,00000000,0,156,8033C118,00000000,00000000,00000000
O,4,4,0101,800EB32C,231,248,-300,00000000,00000000,00000000,00000000,00000000,00000000,0,156,8033C118,00000000,00000000,00000000
M,5,3,104950,3,00001300,0100088C,0,0,00000000,-229.700836,2611,7282,0,0,0,0,2607,2611,20000,00000000,00000000,801B4C90,8033EBD8,00000000,8033EBD8,00000000,00000000,00000000,00000000,-1
O,5,0,0101,800EB348,0,-100,0,00000000,00000000,00000000,00000000,00000000,00000000,0,156,8033C118,00000000,00000000,00000000
O,5,1,0101,800EB32C,-225,248,-300,00000000,0004E000,00000000,00000000,00000000,00000000,0,156,8033C118,00000000,00000000,00000000
O,5,2,0101,800EB32C,-73,248,-300,00000000,00000000,00000000,00000000,00000000,00000000,0,156,8033C118,00000000,00000000,00000000
O,5,3,0101,800EB32C,79,248,-300,00000000,00000000,00000000,00000000,00000000,00000000,0,156,8033C118,00000000,00000000,00000000
O,5,4,0101,800EB32C,231,248,-300,00000000,00000000,00000000,00000000,00000000,00000000,0,156,8033C118,00000000,00000000,00000000
M,6,3,104950,3,00001300,0100088C,0,0,00000000,-229.700836,2611,7282,0,0,0,0,2607,2611,20000,00000000,00000000,801B4C90,8033EBD8,00000000,8033EBD8,00000000,00000000,00000000,00000000,-1
O,6,0,0101,800EB348,0,-100,0,00000000,00000000,00000000,00000000,00000000,00000000,0,156,8033C118,00000000,00000000,00000000
O,6,1,0101,800EB32C,-225,248,-300,00000000,0004E000,00000000,00000000,00000000,00000000,0,156,8033C118,00000000,00000000,00000000
O,6,2,0101,800EB32C,-73,248,-300,00000000,00000000,00000000,00000000,00000000,00000000,0,156,8033C118,00000000,00000000,00000000
O,6,3,0101,800EB32C,79,248,-300,00000000,00000000,00000000,00000000,00000000,00000000,0,156,8033C118,00000000,00000000,00000000
O,6,4,0101,800EB32C,231,248,-300,00000000,00000000,00000000,00000000,00000000,00000000,0,156,8033C118,00000000,00000000,00000000
M,7,4,104951,3,00001300,0100088C,0,0,00000000,-229.700836,2611,7282,0,0,0,0,2607,2611,20000,00000000,00000000,801B4C90,8033EBD8,00000000,8033EBD8,00000000,00000000,00000000,00000000,-1
O,7,0,0101,800EB348,0,-100,0,00000000,00000000,00000000,00000000,00000000,00000000,0,156,8033C118,00000000,00000000,00000000
O,7,1,0101,800EB32C,-225,248,-300,00000000,0004E000,00000000,00000000,00000000,00000000,0,156,8033C118,00000000,00000000,00000000
O,7,2,0101,800EB32C,-73,248,-300,00000000,00000000,00000000,00000000,00000000,00000000,0,156,8033C118,00000000,00000000,00000000
O,7,3,0101,800EB32C,79,248,-300,00000000,00000000,00000000,00000000,00000000,00000000,0,156,8033C118,00000000,00000000,00000000
O,7,4,0101,800EB32C,231,248,-300,00000000,00000000,00000000,00000000,00000000,00000000,0,156,8033C118,00000000,00000000,00000000
M,8,4,104951,3,00001300,0100088C,0,0,00000000,-229.700836,2611,7282,0,0,0,0,2607,2611,20000,00000000,00000000,801B4C90,8033EBD8,00000000,8033EBD8,00000000,00000000,00000000,00000000,-1
O,8,0,0101,800EB348,0,-100,0,00000000,00000000,00000000,00000000,00000000,00000000,0,156,8033C118,00000000,00000000,00000000
O,8,1,0101,800EB32C,-225,248,-300,00000000,0004E000,00000000,00000000,00000000,00000000,0,156,8033C118,00000000,00000000,00000000
O,8,2,0101,800EB32C,-73,248,-300,00000000,00000000,00000000,00000000,00000000,00000000,0,156,8033C118,00000000,00000000,00000000
O,8,3,0101,800EB32C,79,248,-300,00000000,00000000,00000000,00000000,00000000,00000000,0,156,8033C118,00000000,00000000,00000000
O,8,4,0101,800EB32C,231,248,-300,00000000,00000000,00000000,00000000,00000000,00000000,0,156,8033C118,00000000,00000000,00000000
M,9,5,104952,3,00001300,0100088C,0,0,00000000,-229.700836,2611,7282,0,0,0,0,2607,2611,20000,00000000,00000000,801B4C90,8033EBD8,00000000,8033EBD8,00000000,00000000,00000000,00000000,-1
O,9,0,0101,800EB348,0,-100,0,00000000,00000000,00000000,00000000,00000000,00000000,0,156,8033C118,00000000,00000000,00000000
O,9,1,0101,800EB32C,-225,248,-300,00000000,0004E000,00000000,00000000,00000000,00000000,0,156,8033C118,00000000,00000000,00000000
O,9,2,0101,800EB32C,-73,248,-300,00000000,00000000,00000000,00000000,00000000,00000000,0,156,8033C118,00000000,00000000,00000000
O,9,3,0101,800EB32C,79,248,-300,00000000,00000000,00000000,00000000,00000000,00000000,0,156,8033C118,00000000,00000000,00000000
O,9,4,0101,800EB32C,231,248,-300,00000000,00000000,00000000,00000000,00000000,00000000,0,156,8033C118,00000000,00000000,00000000
M,10,5,104952,3,00001300,0100088C,0,0,00000000,-229.700836,2611,7282,0,0,0,0,2607,2611,20000,00000000,00000000,801B4C90,8033EBD8,00000000,8033EBD8,00000000,00000000,00000000,00000000,-1
O,10,0,0101,800EB348,0,-100,0,00000000,00000000,00000000,00000000,00000000,00000000,0,156,8033C118,00000000,00000000,00000000
O,10,1,0101,800EB32C,-225,248,-300,00000000,0004E000,00000000,00000000,00000000,00000000,0,156,8033C118,00000000,00000000,00000000
O,10,2,0101,800EB32C,-73,248,-300,00000000,00000000,00000000,00000000,00000000,00000000,0,156,8033C118,00000000,00000000,00000000
O,10,3,0101,800EB32C,79,248,-300,00000000,00000000,00000000,00000000,00000000,00000000,0,156,8033C118,00000000,00000000,00000000
O,10,4,0101,800EB32C,231,248,-300,00000000,00000000,00000000,00000000,00000000,00000000,0,156,8033C118,00000000,00000000,00000000
M,11,6,104953,3,00001300,0100088C,0,0,00000000,-229.700836,2611,7282,0,0,0,0,2607,2611,20000,00000000,00000000,801B4C90,8033EBD8,00000000,8033EBD8,00000000,00000000,00000000,00000000,-1
O,11,0,0101,800EB348,0,-100,0,00000000,00000000,00000000,00000000,00000000,00000000,0,156,8033C118,00000000,00000000,00000000
O,11,1,0101,800EB32C,-225,248,-300,00000000,0004E000,00000000,00000000,00000000,00000000,0,156,8033C118,00000000,00000000,00000000
O,11,2,0101,800EB32C,-73,248,-300,00000000,00000000,00000000,00000000,00000000,00000000,0,156,8033C118,00000000,00000000,00000000
O,11,3,0101,800EB32C,79,248,-300,00000000,00000000,00000000,00000000,00000000,00000000,0,156,8033C118,00000000,00000000,00000000
O,11,4,0101,800EB32C,231,248,-300,00000000,00000000,00000000,00000000,00000000,00000000,0,156,8033C118,00000000,00000000,00000000
M,12,6,104953,3,00001300,0100088C,0,0,00000000,-229.700836,2611,7282,0,0,0,0,2607,2611,20000,00000000,00000000,801B4C90,8033EBD8,00000000,8033EBD8,00000000,00000000,00000000,00000000,-1
O,12,0,0101,800EB348,0,-100,0,00000000,00000000,00000000,00000000,00000000,00000000,0,156,8033C118,00000000,00000000,00000000
O,12,1,0101,800EB32C,-225,248,-300,00000000,0004E000,00000000,00000000,00000000,00000000,0,156,8033C118,00000000,00000000,00000000
O,12,2,0101,800EB32C,-73,248,-300,00000000,00000000,00000000,00000000,00000000,00000000,0,156,8033C118,00000000,00000000,00000000
O,12,3,0101,800EB32C,79,248,-300,00000000,00000000,00000000,00000000,00000000,00000000,0,156,8033C118,00000000,00000000,00000000
O,12,4,0101,800EB32C,231,248,-300,00000000,00000000,00000000,00000000,00000000,00000000,0,156,8033C118,00000000,00000000,00000000
M,13,7,104954,3,00001300,0100088C,0,0,00000000,-229.700836,2611,7282,0,0,0,0,2607,2611,20000,00000000,00000000,801B4C90,8033EBD8,00000000,8033EBD8,00000000,00000000,00000000,00000000,-1
O,13,0,0101,800EB348,0,-100,0,00000000,00000000,00000000,00000000,00000000,00000000,0,156,8033C118,00000000,00000000,00000000
O,13,1,0101,800EB32C,-225,248,-300,00000000,0004E000,00000000,00000000,00000000,00000000,0,156,8033C118,00000000,00000000,00000000
O,13,2,0101,800EB32C,-73,248,-300,00000000,00000000,00000000,00000000,00000000,00000000,0,156,8033C118,00000000,00000000,00000000
O,13,3,0101,800EB32C,79,248,-300,00000000,00000000,00000000,00000000,00000000,00000000,0,156,8033C118,00000000,00000000,00000000
O,13,4,0101,800EB32C,231,248,-300,00000000,00000000,00000000,00000000,00000000,00000000,0,156,8033C118,00000000,00000000,00000000
M,14,7,104954,3,00001300,0100088C,0,0,00000000,-229.700836,2611,7282,0,0,0,0,2607,2611,20000,00000000,00000000,801B4C90,8033EBD8,00000000,8033EBD8,00000000,00000000,00000000,00000000,-1
O,14,0,0101,800EB348,0,-100,0,00000000,00000000,00000000,00000000,00000000,00000000,0,156,8033C118,00000000,00000000,00000000
O,14,1,0101,800EB32C,-225,248,-300,00000000,0004E000,00000000,00000000,00000000,00000000,0,156,8033C118,00000000,00000000,00000000
O,14,2,0101,800EB32C,-73,248,-300,00000000,00000000,00000000,00000000,00000000,00000000,0,156,8033C118,00000000,00000000,00000000
O,14,3,0101,800EB32C,79,248,-300,00000000,00000000,00000000,00000000,00000000,00000000,0,156,8033C118,00000000,00000000,00000000
O,14,4,0101,800EB32C,231,248,-300,00000000,00000000,00000000,00000000,00000000,00000000,0,156,8033C118,00000000,00000000,00000000
M,15,8,104955,3,00001300,0100088C,0,0,00000000,-229.700836,2611,7282,0,0,0,0,2607,2611,20000,00000000,00000000,801B4C90,8033EBD8,00000000,8033EBD8,00000000,00000000,00000000,00000000,-1
O,15,0,0101,800EB348,0,-100,0,00000000,00000000,00000000,00000000,00000000,00000000,0,156,8033C118,00000000,00000000,00000000
O,15,1,0101,800EB32C,-225,248,-300,00000000,0004E000,00000000,00000000,00000000,00000000,0,156,8033C118,00000000,00000000,00000000
O,15,2,0101,800EB32C,-73,248,-300,00000000,00000000,00000000,00000000,00000000,00000000,0,156,8033C118,00000000,00000000,00000000
O,15,3,0101,800EB32C,79,248,-300,00000000,00000000,00000000,00000000,00000000,00000000,0,156,8033C118,00000000,00000000,00000000
O,15,4,0101,800EB32C,231,248,-300,00000000,00000000,00000000,00000000,00000000,00000000,0,156,8033C118,00000000,00000000,00000000
M,16,8,104955,3,00001300,0100088C,0,0,00000000,-229.700836,2611,7282,0,0,0,0,2607,2611,20000,00000000,00000000,801B4C90,8033EBD8,00000000,8033EBD8,00000000,00000000,00000000,00000000,-1
O,16,0,0101,800EB348,0,-100,0,00000000,00000000,00000000,00000000,00000000,00000000,0,156,8033C118,00000000,00000000,00000000
O,16,1,0101,800EB32C,-225,248,-300,00000000,0004E000,00000000,00000000,00000000,00000000,0,156,8033C118,00000000,00000000,00000000
O,16,2,0101,800EB32C,-73,248,-300,00000000,00000000,00000000,00000000,00000000,00000000,0,156,8033C118,00000000,00000000,00000000
O,16,3,0101,800EB32C,79,248,-300,00000000,00000000,00000000,00000000,00000000,00000000,0,156,8033C118,00000000,00000000,00000000
O,16,4,0101,800EB32C,231,248,-300,00000000,00000000,00000000,00000000,00000000,00000000,0,156,8033C118,00000000,00000000,00000000
M,17,9,104956,3,00001300,0100088C,0,0,00000000,-229.700836,2611,7282,0,0,0,0,2607,2611,20000,00000000,00000000,801B4C90,8033EBD8,00000000,8033EBD8,00000000,00000000,00000000,00000000,-1
O,17,0,0101,800EB348,0,-100,0,00000000,00000000,00000000,00000000,00000000,00000000,0,156,8033C118,00000000,00000000,00000000
O,17,1,0101,800EB32C,-225,248,-300,00000000,0004E000,00000000,00000000,00000000,00000000,0,156,8033C118,00000000,00000000,00000000
O,17,2,0101,800EB32C,-73,248,-300,00000000,00000000,00000000,00000000,00000000,00000000,0,156,8033C118,00000000,00000000,00000000
O,17,3,0101,800EB32C,79,248,-300,00000000,00000000,00000000,00000000,00000000,00000000,0,156,8033C118,00000000,00000000,00000000
O,17,4,0101,800EB32C,231,248,-300,00000000,00000000,00000000,00000000,00000000,00000000,0,156,8033C118,00000000,00000000,00000000
M,18,9,104956,3,00001300,0100088C,0,0,00000000,-229.700836,2611,7282,0,0,0,0,2607,2611,20000,00000000,00000000,801B4C90,8033EBD8,00000000,8033EBD8,00000000,00000000,00000000,00000000,-1
O,18,0,0101,800EB348,0,-100,0,00000000,00000000,00000000,00000000,00000000,00000000,0,156,8033C118,00000000,00000000,00000000
O,18,1,0101,800EB32C,-225,248,-300,00000000,0004E000,00000000,00000000,00000000,00000000,0,156,8033C118,00000000,00000000,00000000
O,18,2,0101,800EB32C,-73,248,-300,00000000,00000000,00000000,00000000,00000000,00000000,0,156,8033C118,00000000,00000000,00000000
O,18,3,0101,800EB32C,79,248,-300,00000000,00000000,00000000,00000000,00000000,00000000,0,156,8033C118,00000000,00000000,00000000
O,18,4,0101,800EB32C,231,248,-300,00000000,00000000,00000000,00000000,00000000,00000000,0,156,8033C118,00000000,00000000,00000000
M,19,10,104957,3,00001300,0100088C,0,0,00000000,-229.700836,2611,7282,0,0,0,0,2607,2611,20000,00000000,00000000,801B4C90,8033EBD8,00000000,8033EBD8,00000000,00000000,00000000,00000000,-1
O,19,0,0101,800EB348,0,-100,0,00000000,00000000,00000000,00000000,00000000,00000000,0,156,8033C118,00000000,00000000,00000000
O,19,1,0101,800EB32C,-225,248,-300,00000000,0004E000,00000000,00000000,00000000,00000000,0,156,8033C118,00000000,00000000,00000000
O,19,2,0101,800EB32C,-73,248,-300,00000000,00000000,00000000,00000000,00000000,00000000,0,156,8033C118,00000000,00000000,00000000
O,19,3,0101,800EB32C,79,248,-300,00000000,00000000,00000000,00000000,00000000,00000000,0,156,8033C118,00000000,00000000,00000000
O,19,4,0101,800EB32C,231,248,-300,00000000,00000000,00000000,00000000,00000000,00000000,0,156,8033C118,00000000,00000000,00000000
M,20,10,104957,3,00001300,0100088C,0,0,00000000,-229.700836,2611,7282,0,0,0,0,2607,2611,20000,00000000,00000000,801B4C90,8033EBD8,00000000,8033EBD8,00000000,00000000,00000000,00000000,-1
O,20,0,0101,800EB348,0,-100,0,00000000,00000000,00000000,00000000,00000000,00000000,0,156,8033C118,00000000,00000000,00000000
O,20,1,0101,800EB32C,-225,248,-300,00000000,0004E000,00000000,00000000,00000000,00000000,0,156,8033C118,00000000,00000000,00000000
O,20,2,0101,800EB32C,-73,248,-300,00000000,00000000,00000000,00000000,00000000,00000000,0,156,8033C118,00000000,00000000,00000000
O,20,3,0101,800EB32C,79,248,-300,00000000,00000000,00000000,00000000,00000000,00000000,0,156,8033C118,00000000,00000000,00000000
O,20,4,0101,800EB32C,231,248,-300,00000000,00000000,00000000,00000000,00000000,00000000,0,156,8033C118,00000000,00000000,00000000
M,21,11,104958,3,00001300,0100088C,0,0,00000000,-229.700836,2611,7282,0,0,0,0,2607,2611,20000,00000000,00000000,801B4C90,8033EBD8,00000000,8033EBD8,00000000,00000000,00000000,00000000,-1
O,21,0,0101,800EB348,0,-100,0,00000000,00000000,00000000,00000000,00000000,00000000,0,156,8033C118,00000000,00000000,00000000
O,21,1,0101,800EB32C,-225,248,-300,00000000,0004E000,00000000,00000000,00000000,00000000,0,156,8033C118,00000000,00000000,00000000
O,21,2,0101,800EB32C,-73,248,-300,00000000,00000000,00000000,00000000,00000000,00000000,0,156,8033C118,00000000,00000000,00000000
O,21,3,0101,800EB32C,79,248,-300,00000000,00000000,00000000,00000000,00000000,00000000,0,156,8033C118,00000000,00000000,00000000
O,21,4,0101,800EB32C,231,248,-300,00000000,00000000,00000000,00000000,00000000,00000000,0,156,8033C118,00000000,00000000,00000000
M,22,11,104958,3,00001300,0100088C,0,0,00000000,-229.700836,2611,7282,0,0,0,0,2607,2611,20000,00000000,00000000,801B4C90,8033EBD8,00000000,8033EBD8,00000000,00000000,00000000,00000000,-1
O,22,0,0101,800EB348,0,-100,0,00000000,00000000,00000000,00000000,00000000,00000000,0,156,8033C118,00000000,00000000,00000000
O,22,1,0101,800EB32C,-225,248,-300,00000000,0004E000,00000000,00000000,00000000,00000000,0,156,8033C118,00000000,00000000,00000000
O,22,2,0101,800EB32C,-73,248,-300,00000000,00000000,00000000,00000000,00000000,00000000,0,156,8033C118,00000000,00000000,00000000
O,22,3,0101,800EB32C,79,248,-300,00000000,00000000,00000000,00000000,00000000,00000000,0,156,8033C118,00000000,00000000,00000000
O,22,4,0101,800EB32C,231,248,-300,00000000,00000000,00000000,00000000,00000000,00000000,0,156,8033C118,00000000,00000000,00000000
M,23,12,104959,3,00001300,0100088C,0,0,00000000,-229.700836,2611,7282,0,0,0,0,2607,2611,20000,00000000,00000000,801B4C90,8033EBD8,00000000,8033EBD8,00000000,00000000,00000000,00000000,-1
O,23,0,0101,800EB348,0,-100,0,00000000,00000000,00000000,00000000,00000000,00000000,0,156,8033C118,00000000,00000000,00000000
O,23,1,0101,800EB32C,-225,248,-300,00000000,0004E000,00000000,00000000,00000000,00000000,0,156,8033C118,00000000,00000000,00000000
O,23,2,0101,800EB32C,-73,248,-300,00000000,00000000,00000000,00000000,00000000,00000000,0,156,8033C118,00000000,00000000,00000000
O,23,3,0101,800EB32C,79,248,-300,00000000,00000000,00000000,00000000,00000000,00000000,0,156,8033C118,00000000,00000000,00000000
O,23,4,0101,800EB32C,231,248,-300,00000000,00000000,00000000,00000000,00000000,00000000,0,156,8033C118,00000000,00000000,00000000
M,24,12,104959,3,00001300,0100088C,0,0,00000000,-229.700836,2611,7282,0,0,0,0,2607,2611,20000,00000000,00000000,801B4C90,8033EBD8,00000000,8033EBD8,00000000,00000000,00000000,00000000,-1
O,24,0,0101,800EB348,0,-100,0,00000000,00000000,00000000,00000000,00000000,00000000,0,156,8033C118,00000000,00000000,00000000
O,24,1,0101,800EB32C,-225,248,-300,00000000,0004E000,00000000,00000000,00000000,00000000,0,156,8033C118,00000000,00000000,00000000
O,24,2,0101,800EB32C,-73,248,-300,00000000,00000000,00000000,00000000,00000000,00000000,0,156,8033C118,00000000,00000000,00000000
O,24,3,0101,800EB32C,79,248,-300,00000000,00000000,00000000,00000000,00000000,00000000,0,156,8033C118,00000000,00000000,00000000
O,24,4,0101,800EB32C,231,248,-300,00000000,00000000,00000000,00000000,00000000,00000000,0,156,8033C118,00000000,00000000,00000000
M,25,13,104960,3,00001300,0100088C,0,0,00000000,-229.700836,2611,7282,0,0,0,0,2607,2611,20000,00000000,00000000,801B4C90,8033EBD8,00000000,8033EBD8,00000000,00000000,00000000,00000000,-1
O,25,0,0101,800EB348,0,-100,0,00000000,00000000,00000000,00000000,00000000,00000000,0,156,8033C118,00000000,00000000,00000000
O,25,1,0101,800EB32C,-225,248,-300,00000000,0004E000,00000000,00000000,00000000,00000000,0,156,8033C118,00000000,00000000,00000000
O,25,2,0101,800EB32C,-73,248,-300,00000000,00000000,00000000,00000000,00000000,00000000,0,156,8033C118,00000000,00000000,00000000
O,25,3,0101,800EB32C,79,248,-300,00000000,00000000,00000000,00000000,00000000,00000000,0,156,8033C118,00000000,00000000,00000000
O,25,4,0101,800EB32C,231,248,-300,00000000,00000000,00000000,00000000,00000000,00000000,0,156,8033C118,00000000,00000000,00000000
M,26,13,104960,3,00001300,0100088C,0,0,00000000,-229.700836,2611,7282,0,0,0,0,2607,2611,20000,00000000,00000000,801B4C90,8033EBD8,00000000,8033EBD8,00000000,00000000,00000000,00000000,-1
O,26,0,0101,800EB348,0,-100,0,00000000,00000000,00000000,00000000,00000000,00000000,0,156,8033C118,00000000,00000000,00000000
O,26,1,0101,800EB32C,-225,248,-300,00000000,0004E000,00000000,00000000,00000000,00000000,0,156,8033C118,00000000,00000000,00000000
O,26,2,0101,800EB32C,-73,248,-300,00000000,00000000,00000000,00000000,00000000,00000000,0,156,8033C118,00000000,00000000,00000000
O,26,3,0101,800EB32C,79,248,-300,00000000,00000000,00000000,00000000,00000000,00000000,0,156,8033C118,00000000,00000000,00000000
O,26,4,0101,800EB32C,231,248,-300,00000000,00000000,00000000,00000000,00000000,00000000,0,156,8033C118,00000000,00000000,00000000
M,27,14,104961,3,00001300,0100088C,0,0,00000000,-229.700836,2611,7282,0,0,0,0,2607,2611,20000,00000000,00000000,801B4C90,8033EBD8,00000000,8033EBD8,00000000,00000000,00000000,00000000,-1
O,27,0,0101,800EB348,0,-100,0,00000000,00000000,00000000,00000000,00000000,00000000,0,156,8033C118,00000000,00000000,00000000
O,27,1,0101,800EB32C,-225,248,-300,00000000,0004E000,00000000,00000000,00000000,00000000,0,156,8033C118,00000000,00000000,00000000
O,27,2,0101,800EB32C,-73,248,-300,00000000,00000000,00000000,00000000,00000000,00000000,0,156,8033C118,00000000,00000000,00000000
O,27,3,0101,800EB32C,79,248,-300,00000000,00000000,00000000,00000000,00000000,00000000,0,156,8033C118,00000000,00000000,00000000
O,27,4,0101,800EB32C,231,248,-300,00000000,00000000,00000000,00000000,00000000,00000000,0,156,8033C118,00000000,00000000,00000000
M,28,14,104961,3,00001300,0100088C,0,0,00000000,-229.700836,2611,7282,0,0,0,0,2607,2611,20000,00000000,00000000,801B4C90,8033EBD8,00000000,8033EBD8,00000000,00000000,00000000,00000000,-1
O,28,0,0101,800EB348,0,-100,0,00000000,00000000,00000000,00000000,00000000,00000000,0,156,8033C118,00000000,00000000,00000000
O,28,1,0101,800EB32C,-225,248,-300,00000000,0004E000,00000000,00000000,00000000,00000000,0,156,8033C118,00000000,00000000,00000000
O,28,2,0101,800EB32C,-73,248,-300,00000000,00000000,00000000,00000000,00000000,00000000,0,156,8033C118,00000000,00000000,00000000
O,28,3,0101,800EB32C,79,248,-300,00000000,00000000,00000000,00000000,00000000,00000000,0,156,8033C118,00000000,00000000,00000000
O,28,4,0101,800EB32C,231,248,-300,00000000,00000000,00000000,00000000,00000000,00000000,0,156,8033C118,00000000,00000000,00000000
M,29,15,104962,3,00001300,0100088C,0,0,00000000,-229.700836,2611,7282,0,0,0,0,2607,2611,20000,00000000,00000000,801B4C90,8033EBD8,00000000,8033EBD8,00000000,00000000,00000000,00000000,-1
O,29,0,0101,800EB348,0,-100,0,00000000,00000000,00000000,00000000,00000000,00000000,0,156,8033C118,00000000,00000000,00000000
O,29,1,0101,800EB32C,-225,248,-300,00000000,0004E000,00000000,00000000,00000000,00000000,0,156,8033C118,00000000,00000000,00000000
O,29,2,0101,800EB32C,-73,248,-300,00000000,00000000,00000000,00000000,00000000,00000000,0,156,8033C118,00000000,00000000,00000000
O,29,3,0101,800EB32C,79,248,-300,00000000,00000000,00000000,00000000,00000000,00000000,0,156,8033C118,00000000,00000000,00000000
O,29,4,0101,800EB32C,231,248,-300,00000000,00000000,00000000,00000000,00000000,00000000,0,156,8033C118,00000000,00000000,00000000
M,30,15,104962,3,00001300,0100088C,0,0,00000000,-229.700836,2611,7282,0,0,0,0,2607,2611,20000,00000000,00000000,801B4C90,8033EBD8,00000000,8033EBD8,00000000,00000000,00000000,00000000,-1
O,30,0,0101,800EB348,0,-100,0,00000000,00000000,00000000,00000000,00000000,00000000,0,156,8033C118,00000000,00000000,00000000
O,30,1,0101,800EB32C,-225,248,-300,00000000,0004E000,00000000,00000000,00000000,00000000,0,156,8033C118,00000000,00000000,00000000
O,30,2,0101,800EB32C,-73,248,-300,00000000,00000000,00000000,00000000,00000000,00000000,0,156,8033C118,00000000,00000000,00000000
O,30,3,0101,800EB32C,79,248,-300,00000000,00000000,00000000,00000000,00000000,00000000,0,156,8033C118,00000000,00000000,00000000
O,30,4,0101,800EB32C,231,248,-300,00000000,00000000,00000000,00000000,00000000,00000000,0,156,8033C118,00000000,00000000,00000000
M,31,16,104963,3,00001300,0100088C,0,0,00000000,-229.700836,2611,7282,0,0,0,0,2607,2611,20000,00000000,00000000,801B4C90,8033EBD8,00000000,8033EBD8,00000000,00000000,00000000,00000000,-1
O,31,0,0101,800EB348,0,-100,0,00000000,00000000,00000000,00000000,00000000,00000000,0,156,8033C118,00000000,00000000,00000000
O,31,1,0101,800EB32C,-225,248,-300,00000000,0004E000,00000000,00000000,00000000,00000000,0,156,8033C118,00000000,00000000,00000000
O,31,2,0101,800EB32C,-73,248,-300,00000000,00000000,00000000,00000000,00000000,00000000,0,156,8033C118,00000000,00000000,00000000
O,31,3,0101,800EB32C,79,248,-300,00000000,00000000,00000000,00000000,00000000,00000000,0,156,8033C118,00000000,00000000,00000000
O,31,4,0101,800EB32C,231,248,-300,00000000,00000000,00000000,00000000,00000000,00000000,0,156,8033C118,00000000,00000000,00000000
M,32,16,104963,3,00001300,0100088C,0,0,00000000,-229.700836,2611,7282,0,0,0,0,2607,2611,20000,00000000,00000000,801B4C90,8033EBD8,00000000,8033EBD8,00000000,00000000,00000000,00000000,-1
O,32,0,0101,800EB348,0,-100,0,00000000,00000000,00000000,00000000,00000000,00000000,0,156,8033C118,00000000,00000000,00000000
O,32,1,0101,800EB32C,-225,248,-300,00000000,0004E000,00000000,00000000,00000000,00000000,0,156,8033C118,00000000,00000000,00000000
O,32,2,0101,800EB32C,-73,248,-300,00000000,00000000,00000000,00000000,00000000,00000000,0,156,8033C118,00000000,00000000,00000000
O,32,3,0101,800EB32C,79,248,-300,00000000,00000000,00000000,00000000,00000000,00000000,0,156,8033C118,00000000,00000000,00000000
O,32,4,0101,800EB32C,231,248,-300,00000000,00000000,00000000,00000000,00000000,00000000,0,156,8033C118,00000000,00000000,00000000
M,33,17,104964,3,00001300,0100088C,0,0,00000000,-229.700836,2611,7282,0,0,0,0,2607,2611,20000,00000000,00000000,801B4C90,8033EBD8,00000000,8033EBD8,00000000,00000000,00000000,00000000,-1
M,34,17,104964,3,00001300,0100088C,0,0,00000000,-229.700836,2611,7282,0,0,0,0,2607,2611,20000,00000000,00000000,801B4C90,8033EBD8,00000000,8033EBD8,00000000,00000000,00000000,00000000,-1
M,35,18,104965,3,00001300,0100088C,0,0,00000000,-229.700836,2611,7282,0,0,0,0,2607,2611,20000,00000000,00000000,801B4C90,8033EBD8,00000000,8033EBD8,00000000,00000000,00000000,00000000,-1
M,36,18,104965,3,00001300,0100088C,0,0,00000000,-229.700836,2611,7282,0,0,0,0,2607,2611,20000,00000000,00000000,801B4C90,8033EBD8,00000000,8033EBD8,00000000,00000000,00000000,00000000,-1
M,37,18,104965,3,00001300,0100088C,0,0,00000000,-229.700836,2611,7282,0,0,0,0,2607,2611,20000,00000000,00000000,801B4C90,8033EBD8,00000000,8033EBD8,00000000,00000000,00000000,00000000,-1
M,38,18,104965,3,00001300,0100088C,0,0,00000000,-229.700836,2611,7282,0,0,0,0,2607,2611,20000,00000000,00000000,801B4C90,8033EBD8,00000000,8033EBD8,00000000,00000000,00000000,00000000,-1
M,39,18,104965,3,00001300,0100088C,0,0,00000000,-229.700836,2611,7282,0,0,0,0,2607,2611,20000,00000000,00000000,801B4C90,8033EBD8,00000000,8033EBD8,00000000,00000000,00000000,00000000,-1
M,40,18,104965,3,00001300,0100088C,0,0,00000000,-229.700836,2611,7282,0,0,0,0,2607,2611,20000,00000000,00000000,801B4C90,8033EBD8,00000000,8033EBD8,00000000,00000000,00000000,00000000,-1
M,41,18,104965,3,00001300,0100088C,0,0,00000000,-229.700836,2611,7282,0,0,0,0,2607,2611,20000,00000000,00000000,801B4C90,8033EBD8,00000000,8033EBD8,00000000,00000000,00000000,00000000,-1
M,42,18,104965,3,00001300,0100088C,0,0,00000000,-229.700836,2611,7282,0,0,0,0,2607,2611,20000,00000000,00000000,801B4C90,8033EBD8,00000000,8033EBD8,00000000,00000000,00000000,00000000,-1
M,43,18,104965,3,00001300,0100088C,0,0,00000000,-229.700836,2611,7282,0,0,0,0,2607,2611,20000,00000000,00000000,801B4C90,8033EBD8,00000000,8033EBD8,00000000,00000000,00000000,00000000,-1
M,44,18,104965,3,00001300,0100088C,0,0,00000000,-229.700836,2611,7282,0,0,0,0,2607,2611,20000,00000000,00000000,801B4C90,8033EBD8,00000000,8033EBD8,00000000,00000000,00000000,00000000,-1
M,45,18,104965,3,00001300,0100088C,0,0,00000000,-229.700836,2611,7282,0,0,0,0,2607,2611,20000,00000000,00000000,801B4C90,8033EBD8,00000000,8033EBD8,00000000,00000000,00000000,00000000,-1
M,46,18,104965,3,00001300,0100088C,0,0,00000000,-229.700836,2611,7282,0,0,0,0,2607,2611,20000,00000000,00000000,801B4C90,8033EBD8,00000000,8033EBD8,00000000,00000000,00000000,00000000,-1
M,47,18,104965,3,00001300,0100088C,0,0,00000000,-229.700836,2611,7282,0,0,0,0,2607,2611,20000,00000000,00000000,801B4C90,8033EBD8,00000000,8033EBD8,00000000,00000000,00000000,00000000,-1
M,48,18,104965,3,00001300,0100088C,0,0,00000000,-229.700836,2611,7282,0,0,0,0,2607,2611,20000,00000000,00000000,801B4C90,8033EBD8,00000000,8033EBD8,00000000,00000000,00000000,00000000,-1
M,49,18,104965,3,00001300,0100088C,0,0,00000000,-229.700836,2611,7282,0,0,0,0,2607,2611,20000,00000000,00000000,801B4C90,8033EBD8,00000000,8033EBD8,00000000,00000000,00000000,00000000,-1
M,50,18,104965,3,00001300,0100088C,0,0,00000000,-229.700836,2611,7282,0,0,0,0,2607,2611,20000,00000000,00000000,801B4C90,8033EBD8,00000000,8033EBD8,00000000,00000000,00000000,00000000,-1
M,51,18,104965,3,00001300,0100088C,0,0,00000000,-229.700836,2611,7282,0,0,0,0,2607,2611,20000,00000000,00000000,801B4C90,8033EBD8,00000000,8033EBD8,00000000,00000000,00000000,00000000,-1
M,52,18,104965,3,00001300,0100088C,0,0,00000000,-229.700836,2611,7282,0,0,0,0,2607,2611,20000,00000000,00000000,801B4C90,8033EBD8,00000000,8033EBD8,00000000,00000000,00000000,00000000,-1
M,53,18,104965,3,00001924,0C400201,0,0,00000000,1417,-3822,-548,-1.39015019,0,1.4378742,2,-8010,-4822,20000,00000000,00000000,801693C0,8034D958,00000000,8034D958,00000000,8034DBB8,00000000,00000000,-1
O,53,0,0101,800ECEF0,-1032,-3291,1070,00000000,00002000,00000000,00000000,00000000,00000000,0,0,8033C118,00000000,00000000,00000000
O,53,1,0101,800ECEF0,-1881,1767,-446,00000000,00004000,00000000,00000000,00000000,00000000,0,0,8033C378,00000000,00000000,00000000
O,53,2,0101,800ECEF0,-1870,2068,362,00000000,00004000,00000000,00000000,00000000,00000000,0,0,8033C5D8,00000000,00000000,00000000
O,53,3,0101,800ECEF0,-770,-4361,-423,00000000,FFFFA000,00000000,00000000,00000000,00000000,0,0,8033C838,00000000,00000000,00000000
O,53,4,0101,800ECEF0,-1314,-3691,788,00000000,00006000,00000000,00000000,00000000,00000000,0,0,8033CA98,00000000,00000000,00000000
O,53,5,0101,800ECEF0,-1314,-2892,1353,00000000,00006000,00000000,00000000,00000000,00000000,0,0,8033CCF8,00000000,00000000,00000000
O,53,6,0101,800ECEF0,780,5767,-1027,00000000,FFFFE000,00000000,00000000,00000000,00000000,0,0,8033CF58,00000000,00000000,00000000
O,53,7,0101,800ECEF0,1063,5562,-744,00000000,FFFFE000,00000000,00000000,00000000,00000000,0,0,8033D1B8,00000000,00000000,00000000
O,53,8,0101,800ECF24,-1350,748,-1208,00000000,00002000,00000000,00000000,00000000,00000000,0,0,8033D418,00000000,00000000,00000000
O,53,9,0101,800ECF24,-690,901,-910,00000000,00002000,00000000,00000000,00000000,00000000,0,0,8033D678,00000000,00000000,00000000
O,53,10,0101,800ECF24,-1389,-3030,-1028,00000000,00002000,00000000,00000000,00000000,00000000,0,0,8033D8D8,00000000,00000000,00000000
O,53,11,0101,800ECF24,937,-3867,-1041,00000000,00002000,00000000,00000000,00000000,00000000,0,0,8033DB38,00000000,00000000,00000000
O,53,12,0101,800ECF5C,-139,-4408,-1056,00000000,00006000,00000000,00000000,00000000,00000000,0,0,8033DD98,00000000,00000000,00000000
O,53,13,0101,800ECF5C,618,3656,148,00000000,00004000,00000000,00000000,00000000,00000000,0,0,8033DFF8,00000000,00000000,00000000
O,53,14,0101,800ECF5C,963,3297,608,00000000,FFFFC000,00000000,00000000,00000000,00000000,0,0,8033E258,00000000,00000000,00000000
O,53,15,0101,800ECF5C,1306,2939,1069,00000000,00004000,00000000,00000000,00000000,00000000,0,0,8033E4B8,00000000,00000000,00000000
O,53,16,0101,800ECF5C,-1179,-1453,-792,00000000,FFFFE000,00000000,00000000,00000000,00000000,0,0,8033E718,00000000,00000000,00000000
O,53,17,0101,800ECF94,174,1248,2040,00000000,FFFF8000,00000000,00000000,00000000,00000000,0,0,8033E978,00000000,00000000,00000000
O,53,18,0101,800ECF94,-1321,1490,-1563,00000000,00002000,00000000,00000000,00000000,00000000,0,0,8033EBD8,00000000,00000000,00000000
O,53,19,0101,800ECF94,-1076,1730,-1808,00000000,00002000,00000000,00000000,00000000,00000000,0,0,8033EE38,00000000,00000000,00000000
O,53,20,0101,800ECF94,-1319,1970,-1564,00000000,00002000,00000000,00000000,00000000,00000000,0,0,8033F098,00000000,00000000,00000000
O,53,21,0101,800ECF94,-517,3175,2040,00000000,FFFF8000,00000000,00000000,00000000,00000000,0,0,8033F2F8,00000000,00000000,00000000
O,53,22,0101,800ECF94,-170,1248,2040,00000000,FFFF8000,00000000,00000000,00000000,00000000,0,0,8033F558,00000000,00000000,00000000
O,53,23,0101,800ECF94,-515,1248,2040,00000000,FFFF8000,00000000,00000000,00000000,00000000,0,0,8033F7B8,00000000,00000000,00000000
O,53,24,0101,800ECF94,-175,-1351,-2039,00000000,00000000,00000000,00000000,00000000,00000000,0,0,8033FA18,00000000,00000000,00000000
O,53,25,0101,800ECF94,-515,-2590,2040,00000000,FFFF8000,00000000,00000000,00000000,00000000,0,0,8033FC78,00000000,00000000,00000000
O,53,26,0101,800ECF94,518,3175,2040,00000000,FFFF8000,00000000,00000000,00000000,00000000,0,0,8033FED8,00000000,00000000,00000000
O,53,27,0101,800ECF94,-171,3175,2040,00000000,FFFF8000,00000000,00000000,00000000,00000000,0,0,80340138,00000000,00000000,00000000
O,53,28,0101,800ECF94,174,3175,2040,00000000,FFFF8000,00000000,00000000,00000000,00000000,0,0,80340398,00000000,00000000,00000000
O,53,29,0101,800ECFCC,1490,-2088,-873,00000000,00000000,00000000,00000000,00000000,00000000,0,0,803405F8,00000000,00000000,00000000
O,53,30,0101,800ECFCC,-708,-1606,-1589,00000000,00000000,00000000,00000000,00000000,00000000,0,0,80340858,00000000,00000000,00000000
O,53,31,0101,800ECFCC,954,-1627,-1448,00000000,00000000,00000000,00000000,00000000,00000000,0,0,80340AB8,00000000,00000000,00000000
O,53,32,0101,800ECFCC,1215,-1781,-1215,00000000,00000000,00000000,00000000,00000000,00000000,0,0,80340D18,00000000,00000000,00000000
O,53,33,0101,800ECFCC,1052,-1934,-769,00000000,00000000,00000000,00000000,00000000,00000000,0,0,80340F78,00000000,00000000,00000000
O,53,34,0101,800ECFCC,-620,1229,1233,00000000,FFFFA000,00000000,00000000,00000000,00000000,0,0,803411D8,00000000,00000000,00000000
O,53,35,0101,800ECFCC,1050,-19,-1037,00000000,FFFFE000,00000000,00000000,00000000,00000000,0,0,80341438,00000000,00000000,00000000
O,53,36,0101,800ECFF8,-1100,-71,-1030,00000000,FFFFE000,00000000,00000000,00000000,00000000,0,0,80341698,00000000,00000000,00000000
O,53,37,0101,800ED064,0,6011,0,00000000,FFFFA000,00000000,00000000,00000000,00000000,0,0,803418F8,00000000,00000000,00000000
O,53,38,0101,800ED064,0,-2487,0,00000000,00002000,00000000,00000000,00000000,00000000,0,0,80341B58,00000000,00000000,00000000
O,53,39,0101,800ED090,1102,-3619,1682,00000000,00006000,00000000,00000000,00000000,00000000,0,0,80341DB8,00000000,00000000,00000000
O,53,40,0101,800ED090,424,-3312,1959,00000000,00004000,00000000,00000000,00000000,00000000,0,0,80342018,00000000,00000000,00000000
O,53,41,0101,800ED090,1102,-3004,1682,00000000,00006000,00000000,00000000,00000000,00000000,0,0,80342278,00000000,00000000,00000000
O,53,42,0101,800ED090,1584,-2697,1200,00000000,00006000,00000000,00000000,00000000,00000000,0,0,803424D8,00000000,00000000,00000000
O,53,43,0101,800ED090,1582,-3619,1203,00000000,00006000,00000000,00000000,00000000,00000000,0,0,80342738,00000000,00000000,00000000
O,53,44,0101,800ED090,-762,4347,1047,00000000,00006000,00000000,00000000,00000000,00000000,0,0,80342998,00000000,00000000,00000000
O,53,45,0101,800ED090,424,-3926,1959,00000000,00004000,00000000,00000000,00000000,00000000,0,0,80342BF8,00000000,00000000,00000000
O,53,46,0101,800ED090,1102,-4233,1682,00000000,00006000,00000000,00000000,00000000,00000000,0,0,80342E58,00000000,00000000,00000000
O,53,47,0101,800ED090,1102,-4848,1682,00000000,00006000,00000000,00000000,00000000,00000000,0,0,803430B8,00000000,00000000,00000000
O,53,48,0101,800ED090,424,-4540,1959,00000000,00004000,00000000,00000000,00000000,00000000,0,0,80343318,00000000,00000000,00000000
O,53,49,0101,800ED090,-1037,4244,772,00000000,FFFFE000,00000000,00000000,00000000,00000000,0,0,80343578,00000000,00000000,00000000
O,53,50,0101,800ED090,1828,3835,-50,00000000,00000000,00000000,00000000,00000000,00000000,0,0,803437D8,00000000,00000000,00000000
O,53,51,0101,800ED090,1459,3835,-357,00000000,00000000,00000000,00000000,00000000,00000000,0,0,80343A38,00000000,00000000,00000000
O,53,52,0101,800ED090,1091,3835,-665,00000000,00000000,00000000,00000000,00000000,00000000,0,0,80343C98,00000000,00000000,00000000
O,53,53,0101,800ED064,1580,-4854,-825,00000000,00000000,00000000,00000000,00000000,00000000,0,0,80343EF8,00000000,00000000,00000000
O,53,54,0101,800ED064,-1692,1022,-1157,00000000,00000000,00000000,00000000,00000000,00000000,0,0,80344158,00000000,00000000,00000000
O,53,55,0101,800ED064,2098,7007,2243,00000000,00000000,00000000,00000000,00000000,00000000,0,0,803443B8,00000000,00000000,00000000
O,53,56,0101,800ED064,1801,-4843,-731,00000000,00000000,00000000,00000000,00000000,00000000,0,0,80344618,00000000,00000000,00000000
O,53,57,0101,800ED064,-1477,1044,-1088,00000000,00000000,00000000,00000000,00000000,00000000,0,0,80344878,00000000,00000000,00000000
O,53,58,0101,800ED064,2268,7030,2227,00000000,00000000,00000000,00000000,00000000,00000000,0,0,80344AD8,00000000,00000000,00000000
O,53,59,0101,800EC1AC,800,-4400,1900,00000000,00000000,00000000,00000000,00000000,00000000,0,0,80344D38,00000000,00000000,00000000
O,53,60,0101,800EC1AC,800,-3700,1900,00000000,00000000,00000000,00000000,00000000,00000000,0,0,80344F98,00000000,00000000,00000000
O,53,61,0101,800EC1AC,800,-3000,1900,00000000,00000000,00000000,00000000,00000000,00000000,0,0,803451F8,00000000,00000000,00000000
O,53,62,0101,800EC1AC,1780,-3300,1000,00000000,00000000,00000000,00000000,00000000,00000000,0,0,80345458,00000000,00000000,00000000
O,53,63,0101,800EC1AC,1388,-3300,1428,00000000,00000000,00000000,00000000,00000000,00000000,0,0,803456B8,00000000,00000000,00000000
O,53,64,0101,800EC1AC,200,-3000,2000,00000000,00000000,00000000,00000000,00000000,00000000,0,0,80345918,00000000,00000000,00000000
O,53,65,0101,800EC1AC,200,-3700,2000,00000000,00000000,00000000,00000000,00000000,00000000,0,0,80345B78,00000000,00000000,00000000
O,53,66,0101,800EC1AC,200,-4400,2000,00000000,00000000,00000000,00000000,00000000,00000000,0,0,80345DD8,00000000,00000000,00000000
O,53,67,0101,800EC4A4,-1080,90,1575,00000000,00000000,00000000,00000000,00000000,00000000,0,0,80346038,00000000,00000000,00000000
O,53,68,0101,800ED028,-1179,445,1413,00000000,00002000,00000000,00000000,00000000,00000000,0,0,80346298,00000000,00000000,00000000
O,53,69,0101,800ED028,-1524,-1454,1129,00000000,FFFFE000,00000000,00000000,00000000,00000000,0,0,803464F8,00000000,00000000,00000000
O,53,70,0101,800EB688,-980,-700,1450,00000000,00000000,00000000,00000000,00000000,00000000,0,0,80346758,00000000,00000000,00000000
O,53,71,0101,800EA888,-1203,-19,-170,00000000,00002000,00000000,00000000,00000000,00000000,0,0,803469B8,00000000,00000000,00000000
O,53,72,0101,800EA8A8,0,20,-1400,00000000,00000000,00000000,00000000,00000000,00000000,0,0,80346C18,00000000,00000000,00000000
O,53,73,0101,800EA8A8,-250,20,-1700,00000000,00000000,00000000,00000000,00000000,00000000,0,0,80346E78,00000000,00000000,00000000
O,53,74,0101,800EA8A8,250,20,-1700,00000000,00000000,00000000,00000000,00000000,00000000,0,0,803470D8,00000000,00000000,00000000
O,53,75,0101,800EA8A8,0,20,-2000,00000000,00000000,00000000,00000000,00000000,00000000,0,0,80347338,00000000,00000000,00000000
O,53,76,0101,800EA8A8,500,20,-2000,00000000,00000000,00000000,00000000,00000000,00000000,0,0,80347598,00000000,00000000,00000000
O,53,77,0101,800EA8A8,-500,20,-2000,00000000,00000000,00000000,00000000,00000000,00000000,0,0,803477F8,00000000,00000000,00000000
O,53,78,0101,800E9868,880,-19,1160,00000000,00000000,00000000,00000000,00000000,00000000,0,0,80347A58,00000000,00000000,00000000
O,53,79,0101,800ED48C,800,-2460,160,00000000,00000000,00000000,00000000,00000000,00000000,0,0,80347CB8,00000000,00000000,00000000
O,53,80,0101,800E8C0C,-1120,-820,1320,00000000,00002000,00000000,00000000,00000000,00000000,0,0,80347F18,00000000,00000000,00000000
O,53,81,0101,800ED48C,-571,6020,-1414,00000000,00000000,00000000,00000000,00000000,00000000,0,0,80348178,00000000,00000000,00000000
O,53,82,0101,800ED1F8,620,-5150,1540,00000000,00000000,00000000,00000000,00000000,00000000,0,0,803483D8,00000000,00000000,00000000
O,53,83,0101,800EC424,-520,1351,1919,00000000,00000000,00000000,00000000,00000000,00000000,0,0,80348638,00000000,00000000,00000000
O,53,84,0101,800EC424,-165,1351,1919,00000000,00000000,00000000,00000000,00000000,00000000,0,0,80348898,00000000,00000000,00000000
O,53,85,0101,800EC424,182,1351,1919,00000000,00000000,00000000,00000000,00000000,00000000,0,0,80348AF8,00000000,00000000,00000000
O,53,86,0101,800EC3EC,657,1368,1879,00000000,00000000,00000000,00000000,00000000,00000000,0,0,80348D58,00000000,00000000,00000000
O,53,87,0101,800EB688,-700,-2350,-700,00000000,00000000,00000000,00000000,00000000,00000000,0,0,80348FB8,00000000,00000000,00000000
O,53,88,0101,800EA570,1883,4150,550,00000000,00000000,00000000,00000000,00000000,00000000,0,0,80349218,00000000,00000000,00000000
O,53,89,0101,800ED1F8,-1333,350,1116,00000000,00000000,00000000,00000000,00000000,00000000,0,0,80349478,00000000,00000000,00000000
O,53,90,0101,800EA570,-1101,6316,-685,00000000,00002000,00000000,00000000,00000000,00000000,0,0,803496D8,00000000,00000000,00000000
O,53,91,0101,800EB474,1077,-4822,638,00000000,00000000,00000000,00000000,00000000,00000000,0,0,80349938,00000000,00000000,00000000
O,53,92,0101,800EB474,1683,-4822,189,00000000,00000000,00000000,00000000,00000000,00000000,0,0,80349B98,00000000,00000000,00000000
O,53,93,0101,800EA8A8,0,20,-1700,00000000,00000000,00000000,00000000,00000000,00000000,0,0,80349DF8,00000000,00000000,00000000
O,53,94,0101,800ECFCC,-1020,1229,537,00000000,00000000,00000000,00000000,00000000,00000000,0,0,8034A058,00000000,00000000,00000000
O,53,95,0101,800EA570,2350,5600,2350,00000000,00002000,00000000,00000000,00000000,00000000,0,0,8034A2B8,00000000,00000000,00000000
O,53,96,0101,800EA570,0,4783,0,00000000,00000000,00000000,00000000,00000000,00000000,0,0,8034A518,00000000,00000000,00000000
O,53,97,0101,800EA570,-1140,-3720,-1620,00000000,00002000,00000000,00000000,00000000,00000000,0,0,8034A778,00000000,00000000,00000000
O,53,98,0101,800EA570,840,-2200,860,00000000,00002000,00000000,00000000,00000000,00000000,0,0,8034A9D8,00000000,00000000,00000000
O,53,99,0101,800E8C3C,-770,-3800,-440,00000000,00000000,00000000,00000000,00000000,00000000,0,0,8034AC38,00000000,00000000,00000000
O,53,100,0101,800E8C3C,-770,-3700,-440,00000000,00000000,00000000,00000000,00000000,00000000,0,0,8034AE98,00000000,00000000,00000000
O,53,101,0101,800EA570,280,-4920,1660,00000000,00000000,00000000,00000000,00000000,00000000,0,0,8034B0F8,00000000,00000000,00000000
O,53,102,0101,800EA570,1240,300,840,00000000,00002000,00000000,00000000,00000000,00000000,0,0,8034B358,00000000,00000000,00000000
O,53,103,0101,800EA570,520,300,1500,00000000,00002000,00000000,00000000,00000000,00000000,0,0,8034B5B8,00000000,00000000,00000000
O,53,104,0101,800EA570,-400,3600,1880,00000000,00000000,00000000,00000000,00000000,00000000,0,0,8034B818,00000000,00000000,00000000
O,53,105,0101,800EA570,-40,4160,-1280,00000000,00000000,00000000,00000000,00000000,00000000,0,0,8034BA78,00000000,00000000,00000000
O,53,106,0101,800EA570,-1160,2920,-840,00000000,00002000,00000000,00000000,00000000,00000000,0,0,8034BCD8,00000000,00000000,00000000
O,53,107,0101,800EA570,-780,6316,-1020,00000000,00002000,00000000,00000000,00000000,00000000,0,0,8034BF38,00000000,00000000,00000000
O,53,108,0101,800ECF5C,1313,6190,1313,00000000,00002000,00000000,00000000,00000000,00000000,0,0,8034C198,00000000,00000000,00000000
O,53,109,0101,800ECF5C,1851,-2488,-98,00000000,00000000,00000000,00000000,00000000,00000000,0,0,8034C3F8,00000000,00000000,00000000
O,53,110,0101,800EC18C,1815,-3200,800,00000000,00000000,00000000,00000000,00000000,00000000,0,0,8034C658,00000000,00000000,00000000
O,53,111,0101,800EC13C,-1050,2400,-790,00000000,00000000,00000000,00000000,00000000,00000000,0,0,8034C8B8,00000000,00000000,00000000
O,53,112,0101,800EC13C,2200,7300,2210,00000000,00000000,00000000,00000000,00000000,00000000,0,0,8034CB18,00000000,00000000,00000000
O,53,113,0101,800EC13C,-1300,-2250,-1300,00000000,00000000,00000000,00000000,00000000,00000000,0,0,8034CD78,00000000,00000000,00000000
O,53,114,0101,800EC13C,-1850,300,-950,00000000,00000000,00000000,00000000,00000000,00000000,0,0,8034CFD8,00000000,00000000,00000000
O,53,115,0101,800EC13C,-1450,-1130,-1050,00000000,00000000,00000000,00000000,00000000,00000000,0,0,8034D238,00000000,00000000,00000000
O,53,116,0101,800E8EAC,1919,6191,1919,00000000,FFFFA000,00000000,00000000,00000000,00000000,0,0,8034D498,00000000,00000000,00000000
O,53,117,0101,800E8464,-1080,-840,1573,00000000,00000000,00000000,00000000,00000000,00000000,0,0,8034D6F8,00000000,00000000,00000000
O,53,118,0101,800EB274,1417,-3822,-548,00000000,FFFFE0B6,00000000,00000000,00000000,00000000,0,0,8034D958,00000000,00000000,00000000
O,53,119,0101,800EB1C0,1417,-3822,-548,00000000,FFFFE0B6,00000000,00000000,00000000,00000000,0,0,8034DBB8,00000000,00000000,00000000
M,54,18,104965,3,00001924,0C400201,0,0,00000000,1417,-3822,-548,-1.39015019,0,1.4378742,2,-8010,-4822,20000,00000000,00000000,801693C0,8034D958,00000000,8034D958,00000000,8034DBB8,00000000,00000000,-1
O,54,0,0101,800ECEF0,-1032,-3291,1070,00000000,00002000,00000000,00000000,00000000,00000000,0,0,8033C118,00000000,00000000,00000000
O,54,1,0101,800ECEF0,-1881,1767,-446,00000000,00004000,00000000,00000000,00000000,00000000,0,0,8033C378,00000000,00000000,00000000
O,54,2,0101,800ECEF0,-1870,2068,362,00000000,00004000,00000000,00000000,00000000,00000000,0,0,8033C5D8,00000000,00000000,00000000
O,54,3,0101,800ECEF0,-770,-4361,-423,00000000,FFFFA000,00000000,00000000,00000000,00000000,0,0,8033C838,00000000,00000000,00000000
O,54,4,0101,800ECEF0,-1314,-3691,788,00000000,00006000,00000000,00000000,00000000,00000000,0,0,8033CA98,00000000,00000000,00000000
O,54,5,0101,800ECEF0,-1314,-2892,1353,00000000,00006000,00000000,00000000,00000000,00000000,0,0,8033CCF8,00000000,00000000,00000000
O,54,6,0101,800ECEF0,780,5767,-1027,00000000,FFFFE000,00000000,00000000,00000000,00000000,0,0,8033CF58,00000000,00000000,00000000
O,54,7,0101,800ECEF0,1063,5562,-744,00000000,FFFFE000,00000000,00000000,00000000,00000000,0,0,8033D1B8,00000000,00000000,00000000
O,54,8,0101,800ECF24,-1350,748,-1208,00000000,00002000,00000000,00000000,00000000,00000000,0,0,8033D418,00000000,00000000,00000000
O,54,9,0101,800ECF24,-690,901,-910,00000000,00002000,00000000,00000000,00000000,00000000,0,0,8033D678,00000000,00000000,00000000
O,54,10,0101,800ECF24,-1389,-3030,-1028,00000000,00002000,00000000,00000000,00000000,00000000,0,0,8033D8D8,00000000,00000000,00000000
O,54,11,0101,800ECF24,937,-3867,-1041,00000000,00002000,00000000,00000000,00000000,00000000,0,0,8033DB38,00000000,00000000,00000000
O,54,12,0101,800ECF5C,-139,-4408,-1056,00000000,00006000,00000000,00000000,00000000,00000000,0,0,8033DD98,00000000,00000000,00000000
O,54,13,0101,800ECF5C,618,3656,148,00000000,00004000,00000000,00000000,00000000,00000000,0,0,8033DFF8,00000000,00000000,00000000
O,54,14,0101,800ECF5C,963,3297,608,00000000,FFFFC000,00000000,00000000,00000000,00000000,0,0,8033E258,00000000,00000000,00000000
O,54,15,0101,800ECF5C,1306,2939,1069,00000000,00004000,00000000,00000000,00000000,00000000,0,0,8033E4B8,00000000,00000000,00000000
O,54,16,0101,800ECF5C,-1179,-1453,-792,00000000,FFFFE000,00000000,00000000,00000000,00000000,0,0,8033E718,00000000,00000000,00000000
O,54,17,0101,800ECF94,174,1248,2040,00000000,FFFF8000,00000000,00000000,00000000,00000000,0,0,8033E978,00000000,00000000,00000000
O,54,18,0101,800ECF94,-1321,1490,-1563,00000000,00002000,00000000,00000000,00000000,00000000,0,0,8033EBD8,00000000,00000000,00000000
O,54,19,0101,800ECF94,-1076,1730,-1808,00000000,00002000,00000000,00000000,00000000,00000000,0,0,8033EE38,00000000,00000000,00000000
O,54,20,0101,800ECF94,-1319,1970,-1564,00000000,00002000,00000000,00000000,00000000,00000000,0,0,8033F098,00000000,00000000,00000000
O,54,21,0101,800ECF94,-517,3175,2040,00000000,FFFF8000,00000000,00000000,00000000,00000000,0,0,8033F2F8,00000000,00000000,00000000
O,54,22,0101,800ECF94,-170,1248,2040,00000000,FFFF8000,00000000,00000000,00000000,00000000,0,0,8033F558,00000000,00000000,00000000
O,54,23,0101,800ECF94,-515,1248,2040,00000000,FFFF8000,00000000,00000000,00000000,00000000,0,0,8033F7B8,00000000,00000000,00000000
O,54,24,0101,800ECF94,-175,-1351,-2039,00000000,00000000,00000000,00000000,00000000,00000000,0,0,8033FA18,00000000,00000000,00000000
O,54,25,0101,800ECF94,-515,-2590,2040,00000000,FFFF8000,00000000,00000000,00000000,00000000,0,0,8033FC78,00000000,00000000,00000000
O,54,26,0101,800ECF94,518,3175,2040,00000000,FFFF8000,00000000,00000000,00000000,00000000,0,0,8033FED8,00000000,00000000,00000000
O,54,27,0101,800ECF94,-171,3175,2040,00000000,FFFF8000,00000000,00000000,00000000,00000000,0,0,80340138,00000000,00000000,00000000
O,54,28,0101,800ECF94,174,3175,2040,00000000,FFFF8000,00000000,00000000,00000000,00000000,0,0,80340398,00000000,00000000,00000000
O,54,29,0101,800ECFCC,1490,-2088,-873,00000000,00000000,00000000,00000000,00000000,00000000,0,0,803405F8,00000000,00000000,00000000
O,54,30,0101,800ECFCC,-708,-1606,-1589,00000000,00000000,00000000,00000000,00000000,00000000,0,0,80340858,00000000,00000000,00000000
O,54,31,0101,800ECFCC,954,-1627,-1448,00000000,00000000,00000000,00000000,00000000,00000000,0,0,80340AB8,00000000,00000000,00000000
O,54,32,0101,800ECFCC,1215,-1781,-1215,00000000,00000000,00000000,00000000,00000000,00000000,0,0,80340D18,00000000,00000000,00000000
O,54,33,0101,800ECFCC,1052,-1934,-769,00000000,00000000,00000000,00000000,00000000,00000000,0,0,80340F78,00000000,00000000,00000000
O,54,34,0101,800ECFCC,-620,1229,1233,00000000,FFFFA000,00000000,00000000,00000000,00000000,0,0,803411D8,00000000,00000000,00000000
O,54,35,0101,800ECFCC,1050,-19,-1037,00000000,FFFFE000,00000000,00000000,00000000,00000000,0,0,80341438,00000000,00000000,00000000
O,54,36,0101,800ECFF8,-1100,-71,-1030,00000000,FFFFE000,00000000,00000000,00000000,00000000,0,0,80341698,00000000,00000000,00000000
O,54,37,0101,800ED064,0,6011,0,00000000,FFFFA000,00000000,00000000,00000000,00000000,0,0,803418F8,00000000,00000000,00000000
O,54,38,0101,800ED064,0,-2487,0,00000000,00002000,00000000,00000000,00000000,00000000,0,0,80341B58,00000000,00000000,00000000
O,54,39,0101,800ED090,1102,-3619,1682,00000000,00006000,00000000,00000000,00000000,00000000,0,0,80341DB8,00000000,00000000,00000000
O,54,40,0101,800ED090,424,-3312,1959,00000000,00004000,00000000,00000000,00000000,00000000,0,0,80342018,00000000,00000000,00000000
O,54,41,0101,800ED090,1102,-3004,1682,00000000,00006000,00000000,00000000,00000000,00000000,0,0,80342278,00000000,00000000,00000000
O,54,42,0101,800ED090,1584,-2697,1200,00000000,00006000,00000000,00000000,00000000,00000000,0,0,803424D8,00000000,00000000,00000000
O,54,43,0101,800ED090,1582,-3619,1203,00000000,00006000,00000000,00000000,00000000,00000000,0,0,80342738,00000000,00000000,00000000
O,54,44,0101,800ED090,-762,4347,1047,00000000,00006000,00000000,00000000,00000000,00000000,0,0,80342998,00000000,00000000,00000000
O,54,45,0101,800ED090,424,-3926,1959,00000000,00004000,00000000,00000000,00000000,00000000,0,0,80342BF8,00000000,00000000,00000000
O,54,46,0101,800ED090,1102,-4233,1682,00000000,00006000,00000000,00000000,00000000,00000000,0,0,80342E58,00000000,00000000,00000000
O,54,47,0101,800ED090,1102,-4848,1682,00000000,00006000,00000000,00000000,00000000,00000000,0,0,803430B8,00000000,00000000,00000000
O,54,48,0101,800ED090,424,-4540,1959,00000000,00004000,00000000,00000000,00000000,00000000,0,0,80343318,00000000,00000000,00000000
O,54,49,0101,800ED090,-1037,4244,772,00000000,FFFFE000,00000000,00000000,00000000,00000000,0,0,80343578,00000000,00000000,00000000
O,54,50,0101,800ED090,1828,3835,-50,00000000,00000000,00000000,00000000,00000000,00000000,0,0,803437D8,00000000,00000000,00000000
O,54,51,0101,800ED090,1459,3835,-357,00000000,00000000,00000000,00000000,00000000,00000000,0,0,80343A38,00000000,00000000,00000000
O,54,52,0101,800ED090,1091,3835,-665,00000000,00000000,00000000,00000000,00000000,00000000,0,0,80343C98,00000000,00000000,00000000
O,54,53,0101,800ED064,1580,-4854,-825,00000000,00000000,00000000,00000000,00000000,00000000,0,0,80343EF8,00000000,00000000,00000000
O,54,54,0101,800ED064,-1692,1022,-1157,00000000,00000000,00000000,00000000,00000000,00000000,0,0,80344158,00000000,00000000,00000000
O,54,55,0101,800ED064,2098,7007,2243,00000000,00000000,00000000,00000000,00000000,00000000,0,0,803443B8,00000000,00000000,00000000
O,54,56,0101,800ED064,1801,-4843,-731,00000000,00000000,00000000,00000000,00000000,00000000,0,0,80344618,00000000,00000000,00000000
O,54,57,0101,800ED064,-1477,1044,-1088,00000000,00000000,00000000,00000000,00000000,00000000,0,0,80344878,00000000,00000000,00000000
O,54,58,0101,800ED064,2268,7030,2227,00000000,00000000,00000000,00000000,00000000,00000000,0,0,80344AD8,00000000,00000000,00000000
O,54,59,0101,800EC1AC,800,-4400,1900,00000000,00000000,00000000,00000000,00000000,00000000,0,0,80344D38,00000000,00000000,00000000
O,54,60,0101,800EC1AC,800,-3700,1900,00000000,00000000,00000000,00000000,00000000,00000000,0,0,80344F98,00000000,00000000,00000000
O,54,61,0101,800EC1AC,800,-3000,1900,00000000,00000000,00000000,00000000,00000000,00000000,0,0,803451F8,00000000,00000000,00000000
O,54,62,0101,800EC1AC,1780,-3300,1000,00000000,00000000,00000000,00000000,00000000,00000000,0,0,80345458,00000000,00000000,00000000
O,54,63,0101,800EC1AC,1388,-3300,1428,00000000,00000000,00000000,00000000,00000000,00000000,0,0,803456B8,00000000,00000000,00000000
O,54,64,0101,800EC1AC,200,-3000,2000,00000000,00000000,00000000,00000000,00000000,00000000,0,0,80345918,00000000,00000000,00000000
O,54,65,0101,800EC1AC,200,-3700,2000,00000000,00000000,00000000,00000000,00000000,00000000,0,0,80345B78,00000000,00000000,00000000
O,54,66,0101,800EC1AC,200,-4400,2000,00000000,00000000,00000000,00000000,00000000,00000000,0,0,80345DD8,00000000,00000000,00000000
O,54,67,0101,800EC4A4,-1080,90,1575,00000000,00000000,00000000,00000000,00000000,00000000,0,0,80346038,00000000,00000000,00000000
O,54,68,0101,800ED028,-1179,445,1413,00000000,00002000,00000000,00000000,00000000,00000000,0,0,80346298,00000000,00000000,00000000
O,54,69,0101,800ED028,-1524,-1454,1129,00000000,FFFFE000,00000000,00000000,00000000,00000000,0,0,803464F8,00000000,00000000,00000000
O,54,70,0101,800EB688,-980,-700,1450,00000000,00000000,00000000,00000000,00000000,00000000,0,0,80346758,00000000,00000000,00000000
O,54,71,0101,800EA888,-1203,-19,-170,00000000,00002000,00000000,00000000,00000000,00000000,0,0,803469B8,00000000,00000000,00000000
O,54,72,0101,800EA8A8,0,20,-1400,00000000,00000000,00000000,00000000,00000000,00000000,0,0,80346C18,00000000,00000000,00000000
O,54,73,0101,800EA8A8,-250,20,-1700,00000000,00000000,00000000,00000000,00000000,00000000,0,0,80346E78,00000000,00000000,00000000
O,54,74,0101,800EA8A8,250,20,-1700,00000000,00000000,00000000,00000000,00000000,00000000,0,0,803470D8,00000000,00000000,00000000
O,54,75,0101,800EA8A8,0,20,-2000,00000000,00000000,00000000,00000000,00000000,00000000,0,0,80347338,00000000,00000000,00000000
O,54,76,0101,800EA8A8,500,20,-2000,00000000,00000000,00000000,00000000,00000000,00000000,0,0,80347598,00000000,00000000,00000000
O,54,77,0101,800EA8A8,-500,20,-2000,00000000,00000000,00000000,00000000,00000000,00000000,0,0,803477F8,00000000,00000000,00000000
O,54,78,0101,800E9868,880,-19,1160,00000000,00000000,00000000,00000000,00000000,00000000,0,0,80347A58,00000000,00000000,00000000
O,54,79,0101,800ED48C,800,-2460,160,00000000,00000000,00000000,00000000,00000000,00000000,0,0,80347CB8,00000000,00000000,00000000
O,54,80,0101,800E8C0C,-1120,-820,1320,00000000,00002000,00000000,00000000,00000000,00000000,0,0,80347F18,00000000,00000000,00000000
O,54,81,0101,800ED48C,-571,6020,-1414,00000000,00000000,00000000,00000000,00000000,00000000,0,0,80348178,00000000,00000000,00000000
O,54,82,0101,800ED1F8,620,-5150,1540,00000000,00000000,00000000,00000000,00000000,00000000,0,0,803483D8,00000000,00000000,00000000
O,54,83,0101,800EC424,-520,1351,1919,00000000,00000000,00000000,00000000,00000000,00000000,0,0,80348638,00000000,00000000,00000000
O,54,84,0101,800EC424,-165,1351,1919,00000000,00000000,00000000,00000000,00000000,00000000,0,0,80348898,00000000,00000000,00000000
O,54,85,0101,800EC424,182,1351,1919,00000000,00000000,00000000,00000000,00000000,00000000,0,0,80348AF8,00000000,00000000,00000000
O,54,86,0101,800EC3EC,657,1368,1879,00000000,00000000,00000000,00000000,00000000,00000000,0,0,80348D58,00000000,00000000,00000000
O,54,87,0101,800EB688,-700,-2350,-700,00000000,00000000,00000000,00000000,00000000,00000000,0,0,80348FB8,00000000,00000000,00000000
O,54,88,0101,800EA570,1883,4150,550,00000000,00000000,00000000,00000000,00000000,00000000,0,0,80349218,00000000,00000000,00000000
O,54,89,0101,800ED1F8,-1333,350,1116,00000000,00000000,00000000,00000000,00000000,00000000,0,0,80349478,00000000,00000000,00000000
O,54,90,0101,800EA570,-1101,6316,-685,00000000,00002000,00000000,00000000,00000000,00000000,0,0,803496D8,00000000,00000000,00000000
O,54,91,0101,800EB474,1077,-4822,638,00000000,00000000,00000000,00000000,00000000,00000000,0,0,80349938,00000000,00000000,00000000
O,54,92,0101,800EB474,1683,-4822,189,00000000,00000000,00000000,00000000,00000000,00000000,0,0,80349B98,00000000,00000000,00000000
O,54,93,0101,800EA8A8,0,20,-1700,00000000,00000000,00000000,00000000,00000000,00000000,0,0,80349DF8,00000000,00000000,00000000
O,54,94,0101,800ECFCC,-1020,1229,537,00000000,00000000,00000000,00000000,00000000,00000000,0,0,8034A058,00000000,00000000,00000000
O,54,95,0101,800EA570,2350,5600,2350,00000000,00002000,00000000,00000000,00000000,00000000,0,0,8034A2B8,00000000,00000000,00000000
O,54,96,0101,800EA570,0,4783,0,00000000,00000000,00000000,00000000,00000000,00000000,0,0,8034A518,00000000,00000000,00000000
O,54,97,0101,800EA570,-1140,-3720,-1620,00000000,00002000,00000000,00000000,00000000,00000000,0,0,8034A778,00000000,00000000,00000000
O,54,98,0101,800EA570,840,-2200,860,00000000,00002000,00000000,00000000,00000000,00000000,0,0,8034A9D8,00000000,00000000,00000000
O,54,99,0101,800E8C3C,-770,-3800,-440,00000000,00000000,00000000,00000000,00000000,00000000,0,0,8034AC38,00000000,00000000,00000000
O,54,100,0101,800E8C3C,-770,-3700,-440,00000000,00000000,00000000,00000000,00000000,00000000,0,0,8034AE98,00000000,00000000,00000000
O,54,101,0101,800EA570,280,-4920,1660,00000000,00000000,00000000,00000000,00000000,00000000,0,0,8034B0F8,00000000,00000000,00000000
O,54,102,0101,800EA570,1240,300,840,00000000,00002000,00000000,00000000,00000000,00000000,0,0,8034B358,00000000,00000000,00000000
O,54,103,0101,800EA570,520,300,1500,00000000,00002000,00000000,00000000,00000000,00000000,0,0,8034B5B8,00000000,00000000,00000000
O,54,104,0101,800EA570,-400,3600,1880,00000000,00000000,00000000,00000000,00000000,00000000,0,0,8034B818,00000000,00000000,00000000
O,54,105,0101,800EA570,-40,4160,-1280,00000000,00000000,00000000,00000000,00000000,00000000,0,0,8034BA78,00000000,00000000,00000000
O,54,106,0101,800EA570,-1160,2920,-840,00000000,00002000,00000000,00000000,00000000,00000000,0,0,8034BCD8,00000000,00000000,00000000
O,54,107,0101,800EA570,-780,6316,-1020,00000000,00002000,00000000,00000000,00000000,00000000,0,0,8034BF38,00000000,00000000,00000000
O,54,108,0101,800ECF5C,1313,6190,1313,00000000,00002000,00000000,00000000,00000000,00000000,0,0,8034C198,00000000,00000000,00000000
O,54,109,0101,800ECF5C,1851,-2488,-98,00000000,00000000,00000000,00000000,00000000,00000000,0,0,8034C3F8,00000000,00000000,00000000
O,54,110,0101,800EC18C,1815,-3200,800,00000000,00000000,00000000,00000000,00000000,00000000,0,0,8034C658,00000000,00000000,00000000
O,54,111,0101,800EC13C,-1050,2400,-790,00000000,00000000,00000000,00000000,00000000,00000000,0,0,8034C8B8,00000000,00000000,00000000
O,54,112,0101,800EC13C,2200,7300,2210,00000000,00000000,00000000,00000000,00000000,00000000,0,0,8034CB18,00000000,00000000,00000000
O,54,113,0101,800EC13C,-1300,-2250,-1300,00000000,00000000,00000000,00000000,00000000,00000000,0,0,8034CD78,00000000,00000000,00000000
O,54,114,0101,800EC13C,-1850,300,-950,00000000,00000000,00000000,00000000,00000000,00000000,0,0,8034CFD8,00000000,00000000,00000000
O,54,115,0101,800EC13C,-1450,-1130,-1050,00000000,00000000,00000000,00000000,00000000,00000000,0,0,8034D238,00000000,00000000,00000000
O,54,116,0101,800E8EAC,1919,6191,1919,00000000,FFFFA000,00000000,00000000,00000000,00000000,0,0,8034D498,00000000,00000000,00000000
O,54,117,0101,800E8464,-1080,-840,1573,00000000,00000000,00000000,00000000,00000000,00000000,0,0,8034D6F8,00000000,00000000,00000000
O,54,118,0101,800EB274,1417,-3822,-548,00000000,FFFFE0B6,00000000,00000000,00000000,00000000,0,0,8034D958,00000000,00000000,00000000
O,54,119,0101,800EB1C0,1417,-3822,-548,00000000,FFFFE0B6,00000000,00000000,00000000,00000000,0,0,8034DBB8,00000000,00000000,00000000
M,55,18,104965,3,00001924,0C400201,0,0,00000000,1417,-3822,-548,-1.39015019,0,1.4378742,2,-8010,-4822,20000,00000000,00000000,801693C0,8034D958,00000000,8034D958,00000000,8034DBB8,00000000,00000000,-1
O,55,0,0101,800ECEF0,-1032,-3291,1070,00000000,00002000,00000000,00000000,00000000,00000000,0,0,8033C118,00000000,00000000,00000000
O,55,1,0101,800ECEF0,-1881,1767,-446,00000000,00004000,00000000,00000000,00000000,00000000,0,0,8033C378,00000000,00000000,00000000
O,55,2,0101,800ECEF0,-1870,2068,362,00000000,00004000,00000000,00000000,00000000,00000000,0,0,8033C5D8,00000000,00000000,00000000
O,55,3,0101,800ECEF0,-770,-4361,-423,00000000,FFFFA000,00000000,00000000,00000000,00000000,0,0,8033C838,00000000,00000000,00000000
O,55,4,0101,800ECEF0,-1314,-3691,788,00000000,00006000,00000000,00000000,00000000,00000000,0,0,8033CA98,00000000,00000000,00000000
O,55,5,0101,800ECEF0,-1314,-2892,1353,00000000,00006000,00000000,00000000,00000000,00000000,0,0,8033CCF8,00000000,00000000,00000000
O,55,6,0101,800ECEF0,780,5767,-1027,00000000,FFFFE000,00000000,00000000,00000000,00000000,0,0,8033CF58,00000000,00000000,00000000
O,55,7,0101,800ECEF0,1063,5562,-744,00000000,FFFFE000,00000000,00000000,00000000,00000000,0,0,8033D1B8,00000000,00000000,00000000
O,55,8,0101,800ECF24,-1350,748,-1208,00000000,00002000,00000000,00000000,00000000,00000000,0,0,8033D418,00000000,00000000,00000000
O,55,9,0101,800ECF24,-690,901,-910,00000000,00002000,00000000,00000000,00000000,00000000,0,0,8033D678,00000000,00000000,00000000
O,55,10,0101,800ECF24,-1389,-3030,-1028,00000000,00002000,00000000,00000000,00000000,00000000,0,0,8033D8D8,00000000,00000000,00000000
O,55,11,0101,800ECF24,937,-3867,-1041,00000000,00002000,00000000,00000000,00000000,00000000,0,0,8033DB38,00000000,00000000,00000000
O,55,12,0101,800ECF5C,-139,-4408,-1056,00000000,00006000,00000000,00000000,00000000,00000000,0,0,8033DD98,00000000,00000000,00000000
O,55,13,0101,800ECF5C,618,3656,148,00000000,00004000,00000000,00000000,00000000,00000000,0,0,8033DFF8,00000000,00000000,00000000
O,55,14,0101,800ECF5C,963,3297,608,00000000,FFFFC000,00000000,00000000,00000000,00000000,0,0,8033E258,00000000,00000000,00000000
O,55,15,0101,800ECF5C,1306,2939,1069,00000000,00004000,00000000,00000000,00000000,00000000,0,0,8033E4B8,00000000,00000000,00000000
O,55,16,0101,800ECF5C,-1179,-1453,-792,00000000,FFFFE000,00000000,00000000,00000000,00000000,0,0,8033E718,00000000,00000000,00000000
O,55,17,0101,800ECF94,174,1248,2040,00000000,FFFF8000,00000000,00000000,00000000,00000000,0,0,8033E978,00000000,00000000,00000000
O,55,18,0101,800ECF94,-1321,1490,-1563,00000000,00002000,00000000,00000000,00000000,00000000,0,0,8033EBD8,00000000,00000000,00000000
O,55,19,0101,800ECF94,-1076,1730,-1808,00000000,00002000,00000000,00000000,00000000,00000000,0,0,8033EE38,00000000,00000000,00000000
O,55,20,0101,800ECF94,-1319,1970,-1564,00000000,00002000,00000000,00000000,00000000,00000000,0,0,8033F098,00000000,00000000,00000000
O,55,21,0101,800ECF94,-517,3175,2040,00000000,FFFF8000,00000000,00000000,00000000,00000000,0,0,8033F2F8,00000000,00000000,00000000
O,55,22,0101,800ECF94,-170,1248,2040,00000000,FFFF8000,00000000,00000000,00000000,00000000,0,0,8033F558,00000000,00000000,00000000
O,55,23,0101,800ECF94,-515,1248,2040,00000000,FFFF8000,00000000,00000000,00000000,00000000,0,0,8033F7B8,00000000,00000000,00000000
O,55,24,0101,800ECF94,-175,-1351,-2039,00000000,00000000,00000000,00000000,00000000,00000000,0,0,8033FA18,00000000,00000000,00000000
O,55,25,0101,800ECF94,-515,-2590,2040,00000000,FFFF8000,00000000,00000000,00000000,00000000,0,0,8033FC78,00000000,00000000,00000000
O,55,26,0101,800ECF94,518,3175,2040,00000000,FFFF8000,00000000,00000000,00000000,00000000,0,0,8033FED8,00000000,00000000,00000000
O,55,27,0101,800ECF94,-171,3175,2040,00000000,FFFF8000,00000000,00000000,00000000,00000000,0,0,80340138,00000000,00000000,00000000
O,55,28,0101,800ECF94,174,3175,2040,00000000,FFFF8000,00000000,00000000,00000000,00000000,0,0,80340398,00000000,00000000,00000000
O,55,29,0101,800ECFCC,1490,-2088,-873,00000000,00000000,00000000,00000000,00000000,00000000,0,0,803405F8,00000000,00000000,00000000
O,55,30,0101,800ECFCC,-708,-1606,-1589,00000000,00000000,00000000,00000000,00000000,00000000,0,0,80340858,00000000,00000000,00000000
O,55,31,0101,800ECFCC,954,-1627,-1448,00000000,00000000,00000000,00000000,00000000,00000000,0,0,80340AB8,00000000,00000000,00000000
O,55,32,0101,800ECFCC,1215,-1781,-1215,00000000,00000000,00000000,00000000,00000000,00000000,0,0,80340D18,00000000,00000000,00000000
O,55,33,0101,800ECFCC,1052,-1934,-769,00000000,00000000,00000000,00000000,00000000,00000000,0,0,80340F78,00000000,00000000,00000000
O,55,34,0101,800ECFCC,-620,1229,1233,00000000,FFFFA000,00000000,00000000,00000000,00000000,0,0,803411D8,00000000,00000000,00000000
O,55,35,0101,800ECFCC,1050,-19,-1037,00000000,FFFFE000,00000000,00000000,00000000,00000000,0,0,80341438,00000000,00000000,00000000
O,55,36,0101,800ECFF8,-1100,-71,-1030,00000000,FFFFE000,00000000,00000000,00000000,00000000,0,0,80341698,00000000,00000000,00000000
O,55,37,0101,800ED064,0,6011,0,00000000,FFFFA000,00000000,00000000,00000000,00000000,0,0,803418F8,00000000,00000000,00000000
O,55,38,0101,800ED064,0,-2487,0,00000000,00002000,00000000,00000000,00000000,00000000,0,0,80341B58,00000000,00000000,00000000
O,55,39,0101,800ED090,1102,-3619,1682,00000000,00006000,00000000,00000000,00000000,00000000,0,0,80341DB8,00000000,00000000,00000000
O,55,40,0101,800ED090,424,-3312,1959,00000000,00004000,00000000,00000000,00000000,00000000,0,0,80342018,00000000,00000000,00000000
O,55,41,0101,800ED090,1102,-3004,1682,00000000,00006000,00000000,00000000,00000000,00000000,0,0,80342278,00000000,00000000,00000000
O,55,42,0101,800ED090,1584,-2697,1200,00000000,00006000,00000000,00000000,00000000,00000000,0,0,803424D8,00000000,00000000,00000000
O,55,43,0101,800ED090,1582,-3619,1203,00000000,00006000,00000000,00000000,00000000,00000000,0,0,80342738,00000000,00000000,00000000
O,55,44,0101,800ED090,-762,4347,1047,00000000,00006000,00000000,00000000,00000000,00000000,0,0,80342998,00000000,00000000,00000000
O,55,45,0101,800ED090,424,-3926,1959,00000000,00004000,00000000,00000000,00000000,00000000,0,0,80342BF8,00000000,00000000,00000000
O,55,46,0101,800ED090,1102,-4233,1682,00000000,00006000,00000000,00000000,00000000,00000000,0,0,80342E58,00000000,00000000,00000000
O,55,47,0101,800ED090,1102,-4848,1682,00000000,00006000,00000000,00000000,00000000,00000000,0,0,803430B8,00000000,00000000,00000000
O,55,48,0101,800ED090,424,-4540,1959,00000000,00004000,00000000,00000000,00000000,00000000,0,0,80343318,00000000,00000000,00000000
O,55,49,0101,800ED090,-1037,4244,772,00000000,FFFFE000,00000000,00000000,00000000,00000000,0,0,80343578,00000000,00000000,00000000
O,55,50,0101,800ED090,1828,3835,-50,00000000,00000000,00000000,00000000,00000000,00000000,0,0,803437D8,00000000,00000000,00000000
O,55,51,0101,800ED090,1459,3835,-357,00000000,00000000,00000000,00000000,00000000,00000000,0,0,80343A38,00000000,00000000,00000000
O,55,52,0101,800ED090,1091,3835,-665,00000000,00000000,00000000,00000000,00000000,00000000,0,0,80343C98,00000000,00000000,00000000
O,55,53,0101,800ED064,1580,-4854,-825,00000000,00000000,00000000,00000000,00000000,00000000,0,0,80343EF8,00000000,00000000,00000000
O,55,54,0101,800ED064,-1692,1022,-1157,00000000,00000000,00000000,00000000,00000000,00000000,0,0,80344158,00000000,00000000,00000000
O,55,55,0101,800ED064,2098,7007,2243,00000000,00000000,00000000,00000000,00000000,00000000,0,0,803443B8,00000000,00000000,00000000
O,55,56,0101,800ED064,1801,-4843,-731,00000000,00000000,00000000,00000000,00000000,00000000,0,0,80344618,00000000,00000000,00000000
O,55,57,0101,800ED064,-1477,1044,-1088,00000000,00000000,00000000,00000000,00000000,00000000,0,0,80344878,00000000,00000000,00000000
O,55,58,0101,800ED064,2268,7030,2227,00000000,00000000,00000000,00000000,00000000,00000000,0,0,80344AD8,00000000,00000000,00000000
O,55,59,0101,800EC1AC,800,-4400,1900,00000000,00000000,00000000,00000000,00000000,00000000,0,0,80344D38,00000000,00000000,00000000
O,55,60,0101,800EC1AC,800,-3700,1900,00000000,00000000,00000000,00000000,00000000,00000000,0,0,80344F98,00000000,00000000,00000000
O,55,61,0101,800EC1AC,800,-3000,1900,00000000,00000000,00000000,00000000,00000000,00000000,0,0,803451F8,00000000,00000000,00000000
O,55,62,0101,800EC1AC,1780,-3300,1000,00000000,00000000,00000000,00000000,00000000,00000000,0,0,80345458,00000000,00000000,00000000
O,55,63,0101,800EC1AC,1388,-3300,1428,00000000,00000000,00000000,00000000,00000000,00000000,0,0,803456B8,00000000,00000000,00000000
O,55,64,0101,800EC1AC,200,-3000,2000,00000000,00000000,00000000,00000000,00000000,00000000,0,0,80345918,00000000,00000000,00000000
O,55,65,0101,800EC1AC,200,-3700,2000,00000000,00000000,00000000,00000000,00000000,00000000,0,0,80345B78,00000000,00000000,00000000
O,55,66,0101,800EC1AC,200,-4400,2000,00000000,00000000,00000000,00000000,00000000,00000000,0,0,80345DD8,00000000,00000000,00000000
O,55,67,0101,800EC4A4,-1080,90,1575,00000000,00000000,00000000,00000000,00000000,00000000,0,0,80346038,00000000,00000000,00000000
O,55,68,0101,800ED028,-1179,445,1413,00000000,00002000,00000000,00000000,00000000,00000000,0,0,80346298,00000000,00000000,00000000
O,55,69,0101,800ED028,-1524,-1454,1129,00000000,FFFFE000,00000000,00000000,00000000,00000000,0,0,803464F8,00000000,00000000,00000000
O,55,70,0101,800EB688,-980,-700,1450,00000000,00000000,00000000,00000000,00000000,00000000,0,0,80346758,00000000,00000000,00000000
O,55,71,0101,800EA888,-1203,-19,-170,00000000,00002000,00000000,00000000,00000000,00000000,0,0,803469B8,00000000,00000000,00000000
O,55,72,0101,800EA8A8,0,20,-1400,00000000,00000000,00000000,00000000,00000000,00000000,0,0,80346C18,00000000,00000000,00000000
O,55,73,0101,800EA8A8,-250,20,-1700,00000000,00000000,00000000,00000000,00000000,00000000,0,0,80346E78,00000000,00000000,00000000
O,55,74,0101,800EA8A8,250,20,-1700,00000000,00000000,00000000,00000000,00000000,00000000,0,0,803470D8,00000000,00000000,00000000
O,55,75,0101,800EA8A8,0,20,-2000,00000000,00000000,00000000,00000000,00000000,00000000,0,0,80347338,00000000,00000000,00000000
O,55,76,0101,800EA8A8,500,20,-2000,00000000,00000000,00000000,00000000,00000000,00000000,0,0,80347598,00000000,00000000,00000000
O,55,77,0101,800EA8A8,-500,20,-2000,00000000,00000000,00000000,00000000,00000000,00000000,0,0,803477F8,00000000,00000000,00000000
O,55,78,0101,800E9868,880,-19,1160,00000000,00000000,00000000,00000000,00000000,00000000,0,0,80347A58,00000000,00000000,00000000
O,55,79,0101,800ED48C,800,-2460,160,00000000,00000000,00000000,00000000,00000000,00000000,0,0,80347CB8,00000000,00000000,00000000
O,55,80,0101,800E8C0C,-1120,-820,1320,00000000,00002000,00000000,00000000,00000000,00000000,0,0,80347F18,00000000,00000000,00000000
O,55,81,0101,800ED48C,-571,6020,-1414,00000000,00000000,00000000,00000000,00000000,00000000,0,0,80348178,00000000,00000000,00000000
O,55,82,0101,800ED1F8,620,-5150,1540,00000000,00000000,00000000,00000000,00000000,00000000,0,0,803483D8,00000000,00000000,00000000
O,55,83,0101,800EC424,-520,1351,1919,00000000,00000000,00000000,00000000,00000000,00000000,0,0,80348638,00000000,00000000,00000000
O,55,84,0101,800EC424,-165,1351,1919,00000000,00000000,00000000,00000000,00000000,00000000,0,0,80348898,00000000,00000000,00000000
O,55,85,0101,800EC424,182,1351,1919,00000000,00000000,00000000,00000000,00000000,00000000,0,0,80348AF8,00000000,00000000,00000000
O,55,86,0101,800EC3EC,657,1368,1879,00000000,00000000,00000000,00000000,00000000,00000000,0,0,80348D58,00000000,00000000,00000000
O,55,87,0101,800EB688,-700,-2350,-700,00000000,00000000,00000000,00000000,00000000,00000000,0,0,80348FB8,00000000,00000000,00000000
O,55,88,0101,800EA570,1883,4150,550,00000000,00000000,00000000,00000000,00000000,00000000,0,0,80349218,00000000,00000000,00000000
O,55,89,0101,800ED1F8,-1333,350,1116,00000000,00000000,00000000,00000000,00000000,00000000,0,0,80349478,00000000,00000000,00000000
O,55,90,0101,800EA570,-1101,6316,-685,00000000,00002000,00000000,00000000,00000000,00000000,0,0,803496D8,00000000,00000000,00000000
O,55,91,0101,800EB474,1077,-4822,638,00000000,00000000,00000000,00000000,00000000,00000000,0,0,80349938,00000000,00000000,00000000
O,55,92,0101,800EB474,1683,-4822,189,00000000,00000000,00000000,00000000,00000000,00000000,0,0,80349B98,00000000,00000000,00000000
O,55,93,0101,800EA8A8,0,20,-1700,00000000,00000000,00000000,00000000,00000000,00000000,0,0,80349DF8,00000000,00000000,00000000
O,55,94,0101,800ECFCC,-1020,1229,537,00000000,00000000,00000000,00000000,00000000,00000000,0,0,8034A058,00000000,00000000,00000000
O,55,95,0101,800EA570,2350,5600,2350,00000000,00002000,00000000,00000000,00000000,00000000,0,0,8034A2B8,00000000,00000000,00000000
O,55,96,0101,800EA570,0,4783,0,00000000,00000000,00000000,00000000,00000000,00000000,0,0,8034A518,00000000,00000000,00000000
O,55,97,0101,800EA570,-1140,-3720,-1620,00000000,00002000,00000000,00000000,00000000,00000000,0,0,8034A778,00000000,00000000,00000000
O,55,98,0101,800EA570,840,-2200,860,00000000,00002000,00000000,00000000,00000000,00000000,0,0,8034A9D8,00000000,00000000,00000000
O,55,99,0101,800E8C3C,-770,-3800,-440,00000000,00000000,00000000,00000000,00000000,00000000,0,0,8034AC38,00000000,00000000,00000000
O,55,100,0101,800E8C3C,-770,-3700,-440,00000000,00000000,00000000,00000000,00000000,00000000,0,0,8034AE98,00000000,00000000,00000000
O,55,101,0101,800EA570,280,-4920,1660,00000000,00000000,00000000,00000000,00000000,00000000,0,0,8034B0F8,00000000,00000000,00000000
O,55,102,0101,800EA570,1240,300,840,00000000,00002000,00000000,00000000,00000000,00000000,0,0,8034B358,00000000,00000000,00000000
O,55,103,0101,800EA570,520,300,1500,00000000,00002000,00000000,00000000,00000000,00000000,0,0,8034B5B8,00000000,00000000,00000000
O,55,104,0101,800EA570,-400,3600,1880,00000000,00000000,00000000,00000000,00000000,00000000,0,0,8034B818,00000000,00000000,00000000
O,55,105,0101,800EA570,-40,4160,-1280,00000000,00000000,00000000,00000000,00000000,00000000,0,0,8034BA78,00000000,00000000,00000000
O,55,106,0101,800EA570,-1160,2920,-840,00000000,00002000,00000000,00000000,00000000,00000000,0,0,8034BCD8,00000000,00000000,00000000
O,55,107,0101,800EA570,-780,6316,-1020,00000000,00002000,00000000,00000000,00000000,00000000,0,0,8034BF38,00000000,00000000,00000000
O,55,108,0101,800ECF5C,1313,6190,1313,00000000,00002000,00000000,00000000,00000000,00000000,0,0,8034C198,00000000,00000000,00000000
O,55,109,0101,800ECF5C,1851,-2488,-98,00000000,00000000,00000000,00000000,00000000,00000000,0,0,8034C3F8,00000000,00000000,00000000
O,55,110,0101,800EC18C,1815,-3200,800,00000000,00000000,00000000,00000000,00000000,00000000,0,0,8034C658,00000000,00000000,00000000
O,55,111,0101,800EC13C,-1050,2400,-790,00000000,00000000,00000000,00000000,00000000,00000000,0,0,8034C8B8,00000000,00000000,00000000
O,55,112,0101,800EC13C,2200,7300,2210,00000000,00000000,00000000,00000000,00000000,00000000,0,0,8034CB18,00000000,00000000,00000000
O,55,113,0101,800EC13C,-1300,-2250,-1300,00000000,00000000,00000000,00000000,00000000,00000000,0,0,8034CD78,00000000,00000000,00000000
O,55,114,0101,800EC13C,-1850,300,-950,00000000,00000000,00000000,00000000,00000000,00000000,0,0,8034CFD8,00000000,00000000,00000000
O,55,115,0101,800EC13C,-1450,-1130,-1050,00000000,00000000,00000000,00000000,00000000,00000000,0,0,8034D238,00000000,00000000,00000000
O,55,116,0101,800E8EAC,1919,6191,1919,00000000,FFFFA000,00000000,00000000,00000000,00000000,0,0,8034D498,00000000,00000000,00000000
O,55,117,0101,800E8464,-1080,-840,1573,00000000,00000000,00000000,00000000,00000000,00000000,0,0,8034D6F8,00000000,00000000,00000000
O,55,118,0101,800EB274,1417,-3822,-548,00000000,FFFFE0B6,00000000,00000000,00000000,00000000,0,0,8034D958,00000000,00000000,00000000
O,55,119,0101,800EB1C0,1417,-3822,-548,00000000,FFFFE0B6,00000000,00000000,00000000,00000000,0,0,8034DBB8,00000000,00000000,00000000
M,56,18,104965,3,00001924,0C400201,0,0,00000000,1417,-3822,-548,-1.39015019,0,1.4378742,2,-8010,-4822,20000,00000000,00000000,801693C0,8034D958,00000000,8034D958,00000000,8034DBB8,00000000,00000000,-1
O,56,0,0101,800ECEF0,-1032,-3291,1070,00000000,00002000,00000000,00000000,00000000,00000000,0,0,8033C118,00000000,00000000,00000000
O,56,1,0101,800ECEF0,-1881,1767,-446,00000000,00004000,00000000,00000000,00000000,00000000,0,0,8033C378,00000000,00000000,00000000
O,56,2,0101,800ECEF0,-1870,2068,362,00000000,00004000,00000000,00000000,00000000,00000000,0,0,8033C5D8,00000000,00000000,00000000
O,56,3,0101,800ECEF0,-770,-4361,-423,00000000,FFFFA000,00000000,00000000,00000000,00000000,0,0,8033C838,00000000,00000000,00000000
O,56,4,0101,800ECEF0,-1314,-3691,788,00000000,00006000,00000000,00000000,00000000,00000000,0,0,8033CA98,00000000,00000000,00000000
O,56,5,0101,800ECEF0,-1314,-2892,1353,00000000,00006000,00000000,00000000,00000000,00000000,0,0,8033CCF8,00000000,00000000,00000000
O,56,6,0101,800ECEF0,780,5767,-1027,00000000,FFFFE000,00000000,00000000,00000000,00000000,0,0,8033CF58,00000000,00000000,00000000
O,56,7,0101,800ECEF0,1063,5562,-744,00000000,FFFFE000,00000000,00000000,00000000,00000000,0,0,8033D1B8,00000000,00000000,00000000
O,56,8,0101,800ECF24,-1350,748,-1208,00000000,00002000,00000000,00000000,00000000,00000000,0,0,8033D418,00000000,00000000,00000000
O,56,9,0101,800ECF24,-690,901,-910,00000000,00002000,00000000,00000000,00000000,00000000,0,0,8033D678,00000000,00000000,00000000
O,56,10,0101,800ECF24,-1389,-3030,-1028,00000000,00002000,00000000,00000000,00000000,00000000,0,0,8033D8D8,00000000,00000000,00000000
O,56,11,0101,800ECF24,937,-3867,-1041,00000000,00002000,00000000,00000000,00000000,00000000,0,0,8033DB38,00000000,00000000,00000000
O,56,12,0101,800ECF5C,-139,-4408,-1056,00000000,00006000,00000000,00000000,00000000,00000000,0,0,8033DD98,00000000,00000000,00000000
O,56,13,0101,800ECF5C,618,3656,148,00000000,00004000,00000000,00000000,00000000,00000000,0,0,8033DFF8,00000000,00000000,00000000
O,56,14,0101,800ECF5C,963,3297,608,00000000,FFFFC000,00000000,00000000,00000000,00000000,0,0,8033E258,00000000,00000000,00000000
O,56,15,0101,800ECF5C,1306,2939,1069,00000000,00004000,00000000,00000000,00000000,00000000,0,0,8033E4B8,00000000,00000000,00000000
O,56,16,0101,800ECF5C,-1179,-1453,-792,00000000,FFFFE000,00000000,00000000,00000000,00000000,0,0,8033E718,00000000,00000000,00000000
O,56,17,0101,800ECF94,174,1248,2040,00000000,FFFF8000,00000000,00000000,00000000,00000000,0,0,8033E978,00000000,00000000,00000000
O,56,18,0101,800ECF94,-1321,1490,-1563,00000000,00002000,00000000,00000000,00000000,00000000,0,0,8033EBD8,00000000,00000000,00000000
O,56,19,0101,800ECF94,-1076,1730,-1808,00000000,00002000,00000000,00000000,00000000,00000000,0,0,8033EE38,00000000,00000000,00000000
O,56,20,0101,800ECF94,-1319,1970,-1564,00000000,00002000,00000000,00000000,00000000,00000000,0,0,8033F098,00000000,00000000,00000000
O,56,21,0101,800ECF94,-517,3175,2040,00000000,FFFF8000,00000000,00000000,00000000,00000000,0,0,8033F2F8,00000000,00000000,00000000
O,56,22,0101,800ECF94,-170,1248,2040,00000000,FFFF8000,00000000,00000000,00000000,00000000,0,0,8033F558,00000000,00000000,00000000
O,56,23,0101,800ECF94,-515,1248,2040,00000000,FFFF8000,00000000,00000000,00000000,00000000,0,0,8033F7B8,00000000,00000000,00000000
O,56,24,0101,800ECF94,-175,-1351,-2039,00000000,00000000,00000000,00000000,00000000,00000000,0,0,8033FA18,00000000,00000000,00000000
O,56,25,0101,800ECF94,-515,-2590,2040,00000000,FFFF8000,00000000,00000000,00000000,00000000,0,0,8033FC78,00000000,00000000,00000000
O,56,26,0101,800ECF94,518,3175,2040,00000000,FFFF8000,00000000,00000000,00000000,00000000,0,0,8033FED8,00000000,00000000,00000000
O,56,27,0101,800ECF94,-171,3175,2040,00000000,FFFF8000,00000000,00000000,00000000,00000000,0,0,80340138,00000000,00000000,00000000
O,56,28,0101,800ECF94,174,3175,2040,00000000,FFFF8000,00000000,00000000,00000000,00000000,0,0,80340398,00000000,00000000,00000000
O,56,29,0101,800ECFCC,1490,-2088,-873,00000000,00000000,00000000,00000000,00000000,00000000,0,0,803405F8,00000000,00000000,00000000
O,56,30,0101,800ECFCC,-708,-1606,-1589,00000000,00000000,00000000,00000000,00000000,00000000,0,0,80340858,00000000,00000000,00000000
O,56,31,0101,800ECFCC,954,-1627,-1448,00000000,00000000,00000000,00000000,00000000,00000000,0,0,80340AB8,00000000,00000000,00000000
O,56,32,0101,800ECFCC,1215,-1781,-1215,00000000,00000000,00000000,00000000,00000000,00000000,0,0,80340D18,00000000,00000000,00000000
O,56,33,0101,800ECFCC,1052,-1934,-769,00000000,00000000,00000000,00000000,00000000,00000000,0,0,80340F78,00000000,00000000,00000000
O,56,34,0101,800ECFCC,-620,1229,1233,00000000,FFFFA000,00000000,00000000,00000000,00000000,0,0,803411D8,00000000,00000000,00000000
O,56,35,0101,800ECFCC,1050,-19,-1037,00000000,FFFFE000,00000000,00000000,00000000,00000000,0,0,80341438,00000000,00000000,00000000
O,56,36,0101,800ECFF8,-1100,-71,-1030,00000000,FFFFE000,00000000,00000000,00000000,00000000,0,0,80341698,00000000,00000000,00000000
O,56,37,0101,800ED064,0,6011,0,00000000,FFFFA000,00000000,00000000,00000000,00000000,0,0,803418F8,00000000,00000000,00000000
O,56,38,0101,800ED064,0,-2487,0,00000000,00002000,00000000,00000000,00000000,00000000,0,0,80341B58,00000000,00000000,00000000
O,56,39,0101,800ED090,1102,-3619,1682,00000000,00006000,00000000,00000000,00000000,00000000,0,0,80341DB8,00000000,00000000,00000000
O,56,40,0101,800ED090,424,-3312,1959,00000000,00004000,00000000,00000000,00000000,00000000,0,0,80342018,00000000,00000000,00000000
O,56,41,0101,800ED090,1102,-3004,1682,00000000,00006000,00000000,00000000,00000000,00000000,0,0,80342278,00000000,00000000,00000000
O,56,42,0101,800ED090,1584,-2697,1200,00000000,00006000,00000000,00000000,00000000,00000000,0,0,803424D8,00000000,00000000,00000000
O,56,43,0101,800ED090,1582,-3619,1203,00000000,00006000,00000000,00000000,00000000,00000000,0,0,80342738,00000000,00000000,00000000
O,56,44,0101,800ED090,-762,4347,1047,00000000,00006000,00000000,00000000,00000000,00000000,0,0,80342998,00000000,00000000,00000000
O,56,45,0101,800ED090,424,-3926,1959,00000000,00004000,00000000,00000000,00000000,00000000,0,0,80342BF8,00000000,00000000,00000000
O,56,46,0101,800ED090,1102,-4233,1682,00000000,00006000,00000000,00000000,00000000,00000000,0,0,80342E58,00000000,00000000,00000000
O,56,47,0101,800ED090,1102,-4848,1682,00000000,00006000,00000000,00000000,00000000,00000000,0,0,803430B8,00000000,00000000,00000000
O,56,48,0101,800ED090,424,-4540,1959,00000000,00004000,00000000,00000000,00000000,00000000,0,0,80343318,00000000,00000000,00000000
O,56,49,0101,800ED090,-1037,4244,772,00000000,FFFFE000,00000000,00000000,00000000,00000000,0,0,80343578,00000000,00000000,00000000
O,56,50,0101,800ED090,1828,3835,-50,00000000,00000000,00000000,00000000,00000000,00000000,0,0,803437D8,00000000,00000000,00000000
O,56,51,0101,800ED090,1459,3835,-357,00000000,00000000,00000000,00000000,00000000,00000000,0,0,80343A38,00000000,00000000,00000000
O,56,52,0101,800ED090,1091,3835,-665,00000000,00000000,00000000,00000000,00000000,00000000,0,0,80343C98,00000000,00000000,00000000
O,56,53,0101,800ED064,1580,-4854,-825,00000000,00000000,00000000,00000000,00000000,00000000,0,0,80343EF8,00000000,00000000,00000000
O,56,54,0101,800ED064,-1692,1022,-1157,00000000,00000000,00000000,00000000,00000000,00000000,0,0,80344158,00000000,00000000,00000000
O,56,55,0101,800ED064,2098,7007,2243,00000000,00000000,00000000,00000000,00000000,00000000,0,0,803443B8,00000000,00000000,00000000
O,56,56,0101,800ED064,1801,-4843,-731,00000000,00000000,00000000,00000000,00000000,00000000,0,0,80344618,00000000,00000000,00000000
O,56,57,0101,800ED064,-1477,1044,-1088,00000000,00000000,00000000,00000000,00000000,00000000,0,0,80344878,00000000,00000000,00000000
O,56,58,0101,800ED064,2268,7030,2227,00000000,00000000,00000000,00000000,00000000,00000000,0,0,80344AD8,00000000,00000000,00000000
O,56,59,0101,800EC1AC,800,-4400,1900,00000000,00000000,00000000,00000000,00000000,00000000,0,0,80344D38,00000000,00000000,00000000
O,56,60,0101,800EC1AC,800,-3700,1900,00000000,00000000,00000000,00000000,00000000,00000000,0,0,80344F98,00000000,00000000,00000000
O,56,61,0101,800EC1AC,800,-3000,1900,00000000,00000000,00000000,00000000,00000000,00000000,0,0,803451F8,00000000,00000000,00000000
O,56,62,0101,800EC1AC,1780,-3300,1000,00000000,00000000,00000000,00000000,00000000,00000000,0,0,80345458,00000000,00000000,00000000
O,56,63,0101,800EC1AC,1388,-3300,1428,00000000,00000000,00000000,00000000,00000000,00000000,0,0,803456B8,00000000,00000000,00000000
O,56,64,0101,800EC1AC,200,-3000,2000,00000000,00000000,00000000,00000000,00000000,00000000,0,0,80345918,00000000,00000000,00000000
O,56,65,0101,800EC1AC,200,-3700,2000,00000000,00000000,00000000,00000000,00000000,00000000,0,0,80345B78,00000000,00000000,00000000
O,56,66,0101,800EC1AC,200,-4400,2000,00000000,00000000,00000000,00000000,00000000,00000000,0,0,80345DD8,00000000,00000000,00000000
O,56,67,0101,800EC4A4,-1080,90,1575,00000000,00000000,00000000,00000000,00000000,00000000,0,0,80346038,00000000,00000000,00000000
O,56,68,0101,800ED028,-1179,445,1413,00000000,00002000,00000000,00000000,00000000,00000000,0,0,80346298,00000000,00000000,00000000
O,56,69,0101,800ED028,-1524,-1454,1129,00000000,FFFFE000,00000000,00000000,00000000,00000000,0,0,803464F8,00000000,00000000,00000000
O,56,70,0101,800EB688,-980,-700,1450,00000000,00000000,00000000,00000000,00000000,00000000,0,0,80346758,00000000,00000000,00000000
O,56,71,0101,800EA888,-1203,-19,-170,00000000,00002000,00000000,00000000,00000000,00000000,0,0,803469B8,00000000,00000000,00000000
O,56,72,0101,800EA8A8,0,20,-1400,00000000,00000000,00000000,00000000,00000000,00000000,0,0,80346C18,00000000,00000000,00000000
O,56,73,0101,800EA8A8,-250,20,-1700,00000000,00000000,00000000,00000000,00000000,00000000,0,0,80346E78,00000000,00000000,00000000
O,56,74,0101,800EA8A8,250,20,-1700,00000000,00000000,00000000,00000000,00000000,00000000,0,0,803470D8,00000000,00000000,00000000
O,56,75,0101,800EA8A8,0,20,-2000,00000000,00000000,00000000,00000000,00000000,00000000,0,0,80347338,00000000,00000000,00000000
O,56,76,0101,800EA8A8,500,20,-2000,00000000,00000000,00000000,00000000,00000000,00000000,0,0,80347598,00000000,00000000,00000000
O,56,77,0101,800EA8A8,-500,20,-2000,00000000,00000000,00000000,00000000,00000000,00000000,0,0,803477F8,00000000,00000000,00000000
O,56,78,0101,800E9868,880,-19,1160,00000000,00000000,00000000,00000000,00000000,00000000,0,0,80347A58,00000000,00000000,00000000
O,56,79,0101,800ED48C,800,-2460,160,00000000,00000000,00000000,00000000,00000000,00000000,0,0,80347CB8,00000000,00000000,00000000
O,56,80,0101,800E8C0C,-1120,-820,1320,00000000,00002000,00000000,00000000,00000000,00000000,0,0,80347F18,00000000,00000000,00000000
O,56,81,0101,800ED48C,-571,6020,-1414,00000000,00000000,00000000,00000000,00000000,00000000,0,0,80348178,00000000,00000000,00000000
O,56,82,0101,800ED1F8,620,-5150,1540,00000000,00000000,00000000,00000000,00000000,00000000,0,0,803483D8,00000000,00000000,00000000
O,56,83,0101,800EC424,-520,1351,1919,00000000,00000000,00000000,00000000,00000000,00000000,0,0,80348638,00000000,00000000,00000000
O,56,84,0101,800EC424,-165,1351,1919,00000000,00000000,00000000,00000000,00000000,00000000,0,0,80348898,00000000,00000000,00000000
O,56,85,0101,800EC424,182,1351,1919,00000000,00000000,00000000,00000000,00000000,00000000,0,0,80348AF8,00000000,00000000,00000000
O,56,86,0101,800EC3EC,657,1368,1879,00000000,00000000,00000000,00000000,00000000,00000000,0,0,80348D58,00000000,00000000,00000000
O,56,87,0101,800EB688,-700,-2350,-700,00000000,00000000,00000000,00000000,00000000,00000000,0,0,80348FB8,00000000,00000000,00000000
O,56,88,0101,800EA570,1883,4150,550,00000000,00000000,00000000,00000000,00000000,00000000,0,0,80349218,00000000,00000000,00000000
O,56,89,0101,800ED1F8,-1333,350,1116,00000000,00000000,00000000,00000000,00000000,00000000,0,0,80349478,00000000,00000000,00000000
O,56,90,0101,800EA570,-1101,6316,-685,00000000,00002000,00000000,00000000,00000000,00000000,0,0,803496D8,00000000,00000000,00000000
O,56,91,0101,800EB474,1077,-4822,638,00000000,00000000,00000000,00000000,00000000,00000000,0,0,80349938,00000000,00000000,00000000
O,56,92,0101,800EB474,1683,-4822,189,00000000,00000000,00000000,00000000,00000000,00000000,0,0,80349B98,00000000,00000000,00000000
O,56,93,0101,800EA8A8,0,20,-1700,00000000,00000000,00000000,00000000,00000000,00000000,0,0,80349DF8,00000000,00000000,00000000
O,56,94,0101,800ECFCC,-1020,1229,537,00000000,00000000,00000000,00000000,00000000,00000000,0,0,8034A058,00000000,00000000,00000000
O,56,95,0101,800EA570,2350,5600,2350,00000000,00002000,00000000,00000000,00000000,00000000,0,0,8034A2B8,00000000,00000000,00000000
O,56,96,0101,800EA570,0,4783,0,00000000,00000000,00000000,00000000,00000000,00000000,0,0,8034A518,00000000,00000000,00000000
O,56,97,0101,800EA570,-1140,-3720,-1620,00000000,00002000,00000000,00000000,00000000,00000000,0,0,8034A778,00000000,00000000,00000000
O,56,98,0101,800EA570,840,-2200,860,00000000,00002000,00000000,00000000,00000000,00000000,0,0,8034A9D8,00000000,00000000,00000000
O,56,99,0101,800E8C3C,-770,-3800,-440,00000000,00000000,00000000,00000000,00000000,00000000,0,0,8034AC38,00000000,00000000,00000000
O,56,100,0101,800E8C3C,-770,-3700,-440,00000000,00000000,00000000,00000000,00000000,00000000,0,0,8034AE98,00000000,00000000,00000000
O,56,101,0101,800EA570,280,-4920,1660,00000000,00000000,00000000,00000000,00000000,00000000,0,0,8034B0F8,00000000,00000000,00000000
O,56,102,0101,800EA570,1240,300,840,00000000,00002000,00000000,00000000,00000000,00000000,0,0,8034B358,00000000,00000000,00000000
O,56,103,0101,800EA570,520,300,1500,00000000,00002000,00000000,00000000,00000000,00000000,0,0,8034B5B8,00000000,00000000,00000000
O,56,104,0101,800EA570,-400,3600,1880,00000000,00000000,00000000,00000000,00000000,00000000,0,0,8034B818,00000000,00000000,00000000
O,56,105,0101,800EA570,-40,4160,-1280,00000000,00000000,00000000,00000000,00000000,00000000,0,0,8034BA78,00000000,00000000,00000000
O,56,106,0101,800EA570,-1160,2920,-840,00000000,00002000,00000000,00000000,00000000,00000000,0,0,8034BCD8,00000000,00000000,00000000
O,56,107,0101,800EA570,-780,6316,-1020,00000000,00002000,00000000,00000000,00000000,00000000,0,0,8034BF38,00000000,00000000,00000000
O,56,108,0101,800ECF5C,1313,6190,1313,00000000,00002000,00000000,00000000,00000000,00000000,0,0,8034C198,00000000,00000000,00000000
O,56,109,0101,800ECF5C,1851,-2488,-98,00000000,00000000,00000000,00000000,00000000,00000000,0,0,8034C3F8,00000000,00000000,00000000
O,56,110,0101,800EC18C,1815,-3200,800,00000000,00000000,00000000,00000000,00000000,00000000,0,0,8034C658,00000000,00000000,00000000
O,56,111,0101,800EC13C,-1050,2400,-790,00000000,00000000,00000000,00000000,00000000,00000000,0,0,8034C8B8,00000000,00000000,00000000
O,56,112,0101,800EC13C,2200,7300,2210,00000000,00000000,00000000,00000000,00000000,00000000,0,0,8034CB18,00000000,00000000,00000000
O,56,113,0101,800EC13C,-1300,-2250,-1300,00000000,00000000,00000000,00000000,00000000,00000000,0,0,8034CD78,00000000,00000000,00000000
O,56,114,0101,800EC13C,-1850,300,-950,00000000,00000000,00000000,00000000,00000000,00000000,0,0,8034CFD8,00000000,00000000,00000000
O,56,115,0101,800EC13C,-1450,-1130,-1050,00000000,00000000,00000000,00000000,00000000,00000000,0,0,8034D238,00000000,00000000,00000000
O,56,116,0101,800E8EAC,1919,6191,1919,00000000,FFFFA000,00000000,00000000,00000000,00000000,0,0,8034D498,00000000,00000000,00000000
O,56,117,0101,800E8464,-1080,-840,1573,00000000,00000000,00000000,00000000,00000000,00000000,0,0,8034D6F8,00000000,00000000,00000000
O,56,118,0101,800EB274,1417,-3822,-548,00000000,FFFFE0B6,00000000,00000000,00000000,00000000,0,0,8034D958,00000000,00000000,00000000
O,56,119,0101,800EB1C0,1417,-3822,-548,00000000,FFFFE0B6,00000000,00000000,00000000,00000000,0,0,8034DBB8,00000000,00000000,00000000
M,57,18,104965,3,00001924,0C400201,0,0,00000000,1417,-3822,-548,-1.39015019,0,1.4378742,2,-8010,-4822,20000,00000000,00000000,801693C0,8034D958,00000000,8034D958,00000000,8034DBB8,00000000,00000000,-1
O,57,0,0101,800ECEF0,-1032,-3291,1070,00000000,00002000,00000000,00000000,00000000,00000000,0,0,8033C118,00000000,00000000,00000000
O,57,1,0101,800ECEF0,-1881,1767,-446,00000000,00004000,00000000,00000000,00000000,00000000,0,0,8033C378,00000000,00000000,00000000
O,57,2,0101,800ECEF0,-1870,2068,362,00000000,00004000,00000000,00000000,00000000,00000000,0,0,8033C5D8,00000000,00000000,00000000
O,57,3,0101,800ECEF0,-770,-4361,-423,00000000,FFFFA000,00000000,00000000,00000000,00000000,0,0,8033C838,00000000,00000000,00000000
O,57,4,0101,800ECEF0,-1314,-3691,788,00000000,00006000,00000000,00000000,00000000,00000000,0,0,8033CA98,00000000,00000000,00000000
O,57,5,0101,800ECEF0,-1314,-2892,1353,00000000,00006000,00000000,00000000,00000000,00000000,0,0,8033CCF8,00000000,00000000,00000000
O,57,6,0101,800ECEF0,780,5767,-1027,00000000,FFFFE000,00000000,00000000,00000000,00000000,0,0,8033CF58,00000000,00000000,00000000
O,57,7,0101,800ECEF0,1063,5562,-744,00000000,FFFFE000,00000000,00000000,00000000,00000000,0,0,8033D1B8,00000000,00000000,00000000
O,57,8,0101,800ECF24,-1350,748,-1208,00000000,00002000,00000000,00000000,00000000,00000000,0,0,8033D418,00000000,00000000,00000000
O,57,9,0101,800ECF24,-690,901,-910,00000000,00002000,00000000,00000000,00000000,00000000,0,0,8033D678,00000000,00000000,00000000
O,57,10,0101,800ECF24,-1389,-3030,-1028,00000000,00002000,00000000,00000000,00000000,00000000,0,0,8033D8D8,00000000,00000000,00000000
O,57,11,0101,800ECF24,937,-3867,-1041,00000000,00002000,00000000,00000000,00000000,00000000,0,0,8033DB38,00000000,00000000,00000000
O,57,12,0101,800ECF5C,-139,-4408,-1056,00000000,00006000,00000000,00000000,00000000,00000000,0,0,8033DD98,00000000,00000000,00000000
O,57,13,0101,800ECF5C,618,3656,148,00000000,00004000,00000000,00000000,00000000,00000000,0,0,8033DFF8,00000000,00000000,00000000
O,57,14,0101,800ECF5C,963,3297,608,00000000,FFFFC000,00000000,00000000,00000000,00000000,0,0,8033E258,00000000,00000000,00000000
O,57,15,0101,800ECF5C,1306,2939,1069,00000000,00004000,00000000,00000000,00000000,00000000,0,0,8033E4B8,00000000,00000000,00000000
O,57,16,0101,800ECF5C,-1179,-1453,-792,00000000,FFFFE000,00000000,00000000,00000000,00000000,0,0,8033E718,00000000,00000000,00000000
O,57,17,0101,800ECF94,174,1248,2040,00000000,FFFF8000,00000000,00000000,00000000,00000000,0,0,8033E978,00000000,00000000,00000000
O,57,18,0101,800ECF94,-1321,1490,-1563,00000000,00002000,00000000,00000000,00000000,00000000,0,0,8033EBD8,00000000,00000000,00000000
O,57,19,0101,800ECF94,-1076,1730,-1808,00000000,00002000,00000000,00000000,00000000,00000000,0,0,8033EE38,00000000,00000000,00000000
O,57,20,0101,800ECF94,-1319,1970,-1564,00000000,00002000,00000000,00000000,00000000,00000000,0,0,8033F098,00000000,00000000,00000000
O,57,21,0101,800ECF94,-517,3175,2040,00000000,FFFF8000,00000000,00000000,00000000,00000000,0,0,8033F2F8,00000000,00000000,00000000
O,57,22,0101,800ECF94,-170,1248,2040,00000000,FFFF8000,00000000,00000000,00000000,00000000,0,0,8033F558,00000000,00000000,00000000
O,57,23,0101,800ECF94,-515,1248,2040,00000000,FFFF8000,00000000,00000000,00000000,00000000,0,0,8033F7B8,00000000,00000000,00000000
O,57,24,0101,800ECF94,-175,-1351,-2039,00000000,00000000,00000000,00000000,00000000,00000000,0,0,8033FA18,00000000,00000000,00000000
O,57,25,0101,800ECF94,-515,-2590,2040,00000000,FFFF8000,00000000,00000000,00000000,00000000,0,0,8033FC78,00000000,00000000,00000000
O,57,26,0101,800ECF94,518,3175,2040,00000000,FFFF8000,00000000,00000000,00000000,00000000,0,0,8033FED8,00000000,00000000,00000000
O,57,27,0101,800ECF94,-171,3175,2040,00000000,FFFF8000,00000000,00000000,00000000,00000000,0,0,80340138,00000000,00000000,00000000
O,57,28,0101,800ECF94,174,3175,2040,00000000,FFFF8000,00000000,00000000,00000000,00000000,0,0,80340398,00000000,00000000,00000000
O,57,29,0101,800ECFCC,1490,-2088,-873,00000000,00000000,00000000,00000000,00000000,00000000,0,0,803405F8,00000000,00000000,00000000
O,57,30,0101,800ECFCC,-708,-1606,-1589,00000000,00000000,00000000,00000000,00000000,00000000,0,0,80340858,00000000,00000000,00000000
O,57,31,0101,800ECFCC,954,-1627,-1448,00000000,00000000,00000000,00000000,00000000,00000000,0,0,80340AB8,00000000,00000000,00000000
O,57,32,0101,800ECFCC,1215,-1781,-1215,00000000,00000000,00000000,00000000,00000000,00000000,0,0,80340D18,00000000,00000000,00000000
O,57,33,0101,800ECFCC,1052,-1934,-769,00000000,00000000,00000000,00000000,00000000,00000000,0,0,80340F78,00000000,00000000,00000000
O,57,34,0101,800ECFCC,-620,1229,1233,00000000,FFFFA000,00000000,00000000,00000000,00000000,0,0,803411D8,00000000,00000000,00000000
O,57,35,0101,800ECFCC,1050,-19,-1037,00000000,FFFFE000,00000000,00000000,00000000,00000000,0,0,80341438,00000000,00000000,00000000
O,57,36,0101,800ECFF8,-1100,-71,-1030,00000000,FFFFE000,00000000,00000000,00000000,00000000,0,0,80341698,00000000,00000000,00000000
O,57,37,0101,800ED064,0,6011,0,00000000,FFFFA000,00000000,00000000,00000000,00000000,0,0,803418F8,00000000,00000000,00000000
O,57,38,0101,800ED064,0,-2487,0,00000000,00002000,00000000,00000000,00000000,00000000,0,0,80341B58,00000000,00000000,00000000
O,57,39,0101,800ED090,1102,-3619,1682,00000000,00006000,00000000,00000000,00000000,00000000,0,0,80341DB8,00000000,00000000,00000000
O,57,40,0101,800ED090,424,-3312,1959,00000000,00004000,00000000,00000000,00000000,00000000,0,0,80342018,00000000,00000000,00000000
O,57,41,0101,800ED090,1102,-3004,1682,00000000,00006000,00000000,00000000,00000000,00000000,0,0,80342278,00000000,00000000,00000000
O,57,42,0101,800ED090,1584,-2697,1200,00000000,00006000,00000000,00000000,00000000,00000000,0,0,803424D8,00000000,00000000,00000000
O,57,43,0101,800ED090,1582,-3619,1203,00000000,00006000,00000000,00000000,00000000,00000000,0,0,80342738,00000000,00000000,00000000
O,57,44,0101,800ED090,-762,4347,1047,00000000,00006000,00000000,00000000,00000000,00000000,0,0,80342998,00000000,00000000,00000000
O,57,45,0101,800ED090,424,-3926,1959,00000000,00004000,00000000,00000000,00000000,00000000,0,0,80342BF8,00000000,00000000,00000000
O,57,46,0101,800ED090,1102,-4233,1682,00000000,00006000,00000000,00000000,00000000,00000000,0,0,80342E58,00000000,00000000,00000000
O,57,47,0101,800ED090,1102,-4848,1682,00000000,00006000,00000000,00000000,00000000,00000000,0,0,803430B8,00000000,00000000,00000000
O,57,48,0101,800ED090,424,-4540,1959,00000000,00004000,00000000,00000000,00000000,00000000,0,0,80343318,00000000,00000000,00000000
O,57,49,0101,800ED090,-1037,4244,772,00000000,FFFFE000,00000000,00000000,00000000,00000000,0,0,80343578,00000000,00000000,00000000
O,57,50,0101,800ED090,1828,3835,-50,00000000,00000000,00000000,00000000,00000000,00000000,0,0,803437D8,00000000,00000000,00000000
O,57,51,0101,800ED090,1459,3835,-357,00000000,00000000,00000000,00000000,00000000,00000000,0,0,80343A38,00000000,00000000,00000000
O,57,52,0101,800ED090,1091,3835,-665,00000000,00000000,00000000,00000000,00000000,00000000,0,0,80343C98,00000000,00000000,00000000
O,57,53,0101,800ED064,1580,-4854,-825,00000000,00000000,00000000,00000000,00000000,00000000,0,0,80343EF8,00000000,00000000,00000000
O,57,54,0101,800ED064,-1692,1022,-1157,00000000,00000000,00000000,00000000,00000000,00000000,0,0,80344158,00000000,00000000,00000000
O,57,55,0101,800ED064,2098,7007,2243,00000000,00000000,00000000,00000000,00000000,00000000,0,0,803443B8,00000000,00000000,00000000
O,57,56,0101,800ED064,1801,-4843,-731,00000000,00000000,00000000,00000000,00000000,00000000,0,0,80344618,00000000,00000000,00000000
O,57,57,0101,800ED064,-1477,1044,-1088,00000000,00000000,00000000,00000000,00000000,00000000,0,0,80344878,00000000,00000000,00000000
O,57,58,0101,800ED064,2268,7030,2227,00000000,00000000,00000000,00000000,00000000,00000000,0,0,80344AD8,00000000,00000000,00000000
O,57,59,0101,800EC1AC,800,-4400,1900,00000000,00000000,00000000,00000000,00000000,00000000,0,0,80344D38,00000000,00000000,00000000
O,57,60,0101,800EC1AC,800,-3700,1900,00000000,00000000,00000000,00000000,00000000,00000000,0,0,80344F98,00000000,00000000,00000000
O,57,61,0101,800EC1AC,800,-3000,1900,00000000,00000000,00000000,00000000,00000000,00000000,0,0,803451F8,00000000,00000000,00000000
O,57,62,0101,800EC1AC,1780,-3300,1000,00000000,00000000,00000000,00000000,00000000,00000000,0,0,80345458,00000000,00000000,00000000
O,57,63,0101,800EC1AC,1388,-3300,1428,00000000,00000000,00000000,00000000,00000000,00000000,0,0,803456B8,00000000,00000000,00000000
O,57,64,0101,800EC1AC,200,-3000,2000,00000000,00000000,00000000,00000000,00000000,00000000,0,0,80345918,00000000,00000000,00000000
O,57,65,0101,800EC1AC,200,-3700,2000,00000000,00000000,00000000,00000000,00000000,00000000,0,0,80345B78,00000000,00000000,00000000
O,57,66,0101,800EC1AC,200,-4400,2000,00000000,00000000,00000000,00000000,00000000,00000000,0,0,80345DD8,00000000,00000000,00000000
O,57,67,0101,800EC4A4,-1080,90,1575,00000000,00000000,00000000,00000000,00000000,00000000,0,0,80346038,00000000,00000000,00000000
O,57,68,0101,800ED028,-1179,445,1413,00000000,00002000,00000000,00000000,00000000,00000000,0,0,80346298,00000000,00000000,00000000
O,57,69,0101,800ED028,-1524,-1454,1129,00000000,FFFFE000,00000000,00000000,00000000,00000000,0,0,803464F8,00000000,00000000,00000000
O,57,70,0101,800EB688,-980,-700,1450,00000000,00000000,00000000,00000000,00000000,00000000,0,0,80346758,00000000,00000000,00000000
O,57,71,0101,800EA888,-1203,-19,-170,00000000,00002000,00000000,00000000,00000000,00000000,0,0,803469B8,00000000,00000000,00000000
O,57,72,0101,800EA8A8,0,20,-1400,00000000,00000000,00000000,00000000,00000000,00000000,0,0,80346C18,00000000,00000000,00000000
O,57,73,0101,800EA8A8,-250,20,-1700,00000000,00000000,00000000,00000000,00000000,00000000,0,0,80346E78,00000000,00000000,00000000
O,57,74,0101,800EA8A8,250,20,-1700,00000000,00000000,00000000,00000000,00000000,00000000,0,0,803470D8,00000000,00000000,00000000
O,57,75,0101,800EA8A8,0,20,-2000,00000000,00000000,00000000,00000000,00000000,00000000,0,0,80347338,00000000,00000000,00000000
O,57,76,0101,800EA8A8,500,20,-2000,00000000,00000000,00000000,00000000,00000000,00000000,0,0,80347598,00000000,00000000,00000000
O,57,77,0101,800EA8A8,-500,20,-2000,00000000,00000000,00000000,00000000,00000000,00000000,0,0,803477F8,00000000,00000000,00000000
O,57,78,0101,800E9868,880,-19,1160,00000000,00000000,00000000,00000000,00000000,00000000,0,0,80347A58,00000000,00000000,00000000
O,57,79,0101,800ED48C,800,-2460,160,00000000,00000000,00000000,00000000,00000000,00000000,0,0,80347CB8,00000000,00000000,00000000
O,57,80,0101,800E8C0C,-1120,-820,1320,00000000,00002000,00000000,00000000,00000000,00000000,0,0,80347F18,00000000,00000000,00000000
O,57,81,0101,800ED48C,-571,6020,-1414,00000000,00000000,00000000,00000000,00000000,00000000,0,0,80348178,00000000,00000000,00000000
O,57,82,0101,800ED1F8,620,-5150,1540,00000000,00000000,00000000,00000000,00000000,00000000,0,0,803483D8,00000000,00000000,00000000
O,57,83,0101,800EC424,-520,1351,1919,00000000,00000000,00000000,00000000,00000000,00000000,0,0,80348638,00000000,00000000,00000000
O,57,84,0101,800EC424,-165,1351,1919,00000000,00000000,00000000,00000000,00000000,00000000,0,0,80348898,00000000,00000000,00000000
O,57,85,0101,800EC424,182,1351,1919,00000000,00000000,00000000,00000000,00000000,00000000,0,0,80348AF8,00000000,00000000,00000000
O,57,86,0101,800EC3EC,657,1368,1879,00000000,00000000,00000000,00000000,00000000,00000000,0,0,80348D58,00000000,00000000,00000000
O,57,87,0101,800EB688,-700,-2350,-700,00000000,00000000,00000000,00000000,00000000,00000000,0,0,80348FB8,00000000,00000000,00000000
O,57,88,0101,800EA570,1883,4150,550,00000000,00000000,00000000,00000000,00000000,00000000,0,0,80349218,00000000,00000000,00000000
O,57,89,0101,800ED1F8,-1333,350,1116,00000000,00000000,00000000,00000000,00000000,00000000,0,0,80349478,00000000,00000000,00000000
O,57,90,0101,800EA570,-1101,6316,-685,00000000,00002000,00000000,00000000,00000000,00000000,0,0,803496D8,00000000,00000000,00000000
O,57,91,0101,800EB474,1077,-4822,638,00000000,00000000,00000000,00000000,00000000,00000000,0,0,80349938,00000000,00000000,00000000
O,57,92,0101,800EB474,1683,-4822,189,00000000,00000000,00000000,00000000,00000000,00000000,0,0,80349B98,00000000,00000000,00000000
O,57,93,0101,800EA8A8,0,20,-1700,00000000,00000000,00000000,00000000,00000000,00000000,0,0,80349DF8,00000000,00000000,00000000
O,57,94,0101,800ECFCC,-1020,1229,537,00000000,00000000,00000000,00000000,00000000,00000000,0,0,8034A058,00000000,00000000,00000000
O,57,95,0101,800EA570,2350,5600,2350,00000000,00002000,00000000,00000000,00000000,00000000,0,0,8034A2B8,00000000,00000000,00000000
O,57,96,0101,800EA570,0,4783,0,00000000,00000000,00000000,00000000,00000000,00000000,0,0,8034A518,00000000,00000000,00000000
O,57,97,0101,800EA570,-1140,-3720,-1620,00000000,00002000,00000000,00000000,00000000,00000000,0,0,8034A778,00000000,00000000,00000000
O,57,98,0101,800EA570,840,-2200,860,00000000,00002000,00000000,00000000,00000000,00000000,0,0,8034A9D8,00000000,00000000,00000000
O,57,99,0101,800E8C3C,-770,-3800,-440,00000000,00000000,00000000,00000000,00000000,00000000,0,0,8034AC38,00000000,00000000,00000000
O,57,100,0101,800E8C3C,-770,-3700,-440,00000000,00000000,00000000,00000000,00000000,00000000,0,0,8034AE98,00000000,00000000,00000000
O,57,101,0101,800EA570,280,-4920,1660,00000000,00000000,00000000,00000000,00000000,00000000,0,0,8034B0F8,00000000,00000000,00000000
O,57,102,0101,800EA570,1240,300,840,00000000,00002000,00000000,00000000,00000000,00000000,0,0,8034B358,00000000,00000000,00000000
O,57,103,0101,800EA570,520,300,1500,00000000,00002000,00000000,00000000,00000000,00000000,0,0,8034B5B8,00000000,00000000,00000000
O,57,104,0101,800EA570,-400,3600,1880,00000000,00000000,00000000,00000000,00000000,00000000,0,0,8034B818,00000000,00000000,00000000
O,57,105,0101,800EA570,-40,4160,-1280,00000000,00000000,00000000,00000000,00000000,00000000,0,0,8034BA78,00000000,00000000,00000000
O,57,106,0101,800EA570,-1160,2920,-840,00000000,00002000,00000000,00000000,00000000,00000000,0,0,8034BCD8,00000000,00000000,00000000
O,57,107,0101,800EA570,-780,6316,-1020,00000000,00002000,00000000,00000000,00000000,00000000,0,0,8034BF38,00000000,00000000,00000000
O,57,108,0101,800ECF5C,1313,6190,1313,00000000,00002000,00000000,00000000,00000000,00000000,0,0,8034C198,00000000,00000000,00000000
O,57,109,0101,800ECF5C,1851,-2488,-98,00000000,00000000,00000000,00000000,00000000,00000000,0,0,8034C3F8,00000000,00000000,00000000
O,57,110,0101,800EC18C,1815,-3200,800,00000000,00000000,00000000,00000000,00000000,00000000,0,0,8034C658,00000000,00000000,00000000
O,57,111,0101,800EC13C,-1050,2400,-790,00000000,00000000,00000000,00000000,00000000,00000000,0,0,8034C8B8,00000000,00000000,00000000
O,57,112,0101,800EC13C,2200,7300,2210,00000000,00000000,00000000,00000000,00000000,00000000,0,0,8034CB18,00000000,00000000,00000000
O,57,113,0101,800EC13C,-1300,-2250,-1300,00000000,00000000,00000000,00000000,00000000,00000000,0,0,8034CD78,00000000,00000000,00000000
O,57,114,0101,800EC13C,-1850,300,-950,00000000,00000000,00000000,00000000,00000000,00000000,0,0,8034CFD8,00000000,00000000,00000000
O,57,115,0101,800EC13C,-1450,-1130,-1050,00000000,00000000,00000000,00000000,00000000,00000000,0,0,8034D238,00000000,00000000,00000000
O,57,116,0101,800E8EAC,1919,6191,1919,00000000,FFFFA000,00000000,00000000,00000000,00000000,0,0,8034D498,00000000,00000000,00000000
O,57,117,0101,800E8464,-1080,-840,1573,00000000,00000000,00000000,00000000,00000000,00000000,0,0,8034D6F8,00000000,00000000,00000000
O,57,118,0101,800EB274,1417,-3822,-548,00000000,FFFFE0B6,00000000,00000000,00000000,00000000,0,0,8034D958,00000000,00000000,00000000
O,57,119,0101,800EB1C0,1417,-3822,-548,00000000,FFFFE0B6,00000000,00000000,00000000,00000000,0,0,8034DBB8,00000000,00000000,00000000
M,58,18,104965,3,00001924,0C400201,0,0,00000000,1417,-3822,-548,-1.39015019,0,1.4378742,2,-8010,-4822,20000,00000000,00000000,801693C0,8034D958,00000000,8034D958,00000000,8034DBB8,00000000,00000000,-1
O,58,0,0101,800ECEF0,-1032,-3291,1070,00000000,00002000,00000000,00000000,00000000,00000000,0,0,8033C118,00000000,00000000,00000000
O,58,1,0101,800ECEF0,-1881,1767,-446,00000000,00004000,00000000,00000000,00000000,00000000,0,0,8033C378,00000000,00000000,00000000
O,58,2,0101,800ECEF0,-1870,2068,362,00000000,00004000,00000000,00000000,00000000,00000000,0,0,8033C5D8,00000000,00000000,00000000
O,58,3,0101,800ECEF0,-770,-4361,-423,00000000,FFFFA000,00000000,00000000,00000000,00000000,0,0,8033C838,00000000,00000000,00000000
O,58,4,0101,800ECEF0,-1314,-3691,788,00000000,00006000,00000000,00000000,00000000,00000000,0,0,8033CA98,00000000,00000000,00000000
O,58,5,0101,800ECEF0,-1314,-2892,1353,00000000,00006000,00000000,00000000,00000000,00000000,0,0,8033CCF8,00000000,00000000,00000000
O,58,6,0101,800ECEF0,780,5767,-1027,00000000,FFFFE000,00000000,00000000,00000000,00000000,0,0,8033CF58,00000000,00000000,00000000
O,58,7,0101,800ECEF0,1063,5562,-744,00000000,FFFFE000,00000000,00000000,00000000,00000000,0,0,8033D1B8,00000000,00000000,00000000
O,58,8,0101,800ECF24,-1350,748,-1208,00000000,00002000,00000000,00000000,00000000,00000000,0,0,8033D418,00000000,00000000,00000000
O,58,9,0101,800ECF24,-690,901,-910,00000000,00002000,00000000,00000000,00000000,00000000,0,0,8033D678,00000000,00000000,00000000
O,58,10,0101,800ECF24,-1389,-3030,-1028,00000000,00002000,00000000,00000000,00000000,00000000,0,0,8033D8D8,00000000,00000000,00000000
O,58,11,0101,800ECF24,937,-3867,-1041,00000000,00002000,00000000,00000000,00000000,00000000,0,0,8033DB38,00000000,00000000,00000000
O,58,12,0101,800ECF5C,-139,-4408,-1056,00000000,00006000,00000000,00000000,00000000,00000000,0,0,8033DD98,00000000,00000000,00000000
O,58,13,0101,800ECF5C,618,3656,148,00000000,00004000,00000000,00000000,00000000,00000000,0,0,8033DFF8,00000000,00000000,00000000
O,58,14,0101,800ECF5C,963,3297,608,00000000,FFFFC000,00000000,00000000,00000000,00000000,0,0,8033E258,00000000,00000000,00000000
O,58,15,0101,800ECF5C,1306,2939,1069,00000000,00004000,00000000,00000000,00000000,00000000,0,0,8033E4B8,00000000,00000000,00000000
O,58,16,0101,800ECF5C,-1179,-1453,-792,00000000,FFFFE000,00000000,00000000,00000000,00000000,0,0,8033E718,00000000,00000000,00000000
O,58,17,0101,800ECF94,174,1248,2040,00000000,FFFF8000,00000000,00000000,00000000,00000000,0,0,8033E978,00000000,00000000,00000000
O,58,18,0101,800ECF94,-1321,1490,-1563,00000000,00002000,00000000,00000000,00000000,00000000,0,0,8033EBD8,00000000,00000000,00000000
O,58,19,0101,800ECF94,-1076,1730,-1808,00000000,00002000,00000000,00000000,00000000,00000000,0,0,8033EE38,00000000,00000000,00000000
O,58,20,0101,800ECF94,-1319,1970,-1564,00000000,00002000,00000000,00000000,00000000,00000000,0,0,8033F098,00000000,00000000,00000000
O,58,21,0101,800ECF94,-517,3175,2040,00000000,FFFF8000,00000000,00000000,00000000,00000000,0,0,8033F2F8,00000000,00000000,00000000
O,58,22,0101,800ECF94,-170,1248,2040,00000000,FFFF8000,00000000,00000000,00000000,00000000,0,0,8033F558,00000000,00000000,00000000
O,58,23,0101,800ECF94,-515,1248,2040,00000000,FFFF8000,00000000,00000000,00000000,00000000,0,0,8033F7B8,00000000,00000000,00000000
O,58,24,0101,800ECF94,-175,-1351,-2039,00000000,00000000,00000000,00000000,00000000,00000000,0,0,8033FA18,00000000,00000000,00000000
O,58,25,0101,800ECF94,-515,-2590,2040,00000000,FFFF8000,00000000,00000000,00000000,00000000,0,0,8033FC78,00000000,00000000,00000000
O,58,26,0101,800ECF94,518,3175,2040,00000000,FFFF8000,00000000,00000000,00000000,00000000,0,0,8033FED8,00000000,00000000,00000000
O,58,27,0101,800ECF94,-171,3175,2040,00000000,FFFF8000,00000000,00000000,00000000,00000000,0,0,80340138,00000000,00000000,00000000
O,58,28,0101,800ECF94,174,3175,2040,00000000,FFFF8000,00000000,00000000,00000000,00000000,0,0,80340398,00000000,00000000,00000000
O,58,29,0101,800ECFCC,1490,-2088,-873,00000000,00000000,00000000,00000000,00000000,00000000,0,0,803405F8,00000000,00000000,00000000
O,58,30,0101,800ECFCC,-708,-1606,-1589,00000000,00000000,00000000,00000000,00000000,00000000,0,0,80340858,00000000,00000000,00000000
O,58,31,0101,800ECFCC,954,-1627,-1448,00000000,00000000,00000000,00000000,00000000,00000000,0,0,80340AB8,00000000,00000000,00000000
O,58,32,0101,800ECFCC,1215,-1781,-1215,00000000,00000000,00000000,00000000,00000000,00000000,0,0,80340D18,00000000,00000000,00000000
O,58,33,0101,800ECFCC,1052,-1934,-769,00000000,00000000,00000000,00000000,00000000,00000000,0,0,80340F78,00000000,00000000,00000000
O,58,34,0101,800ECFCC,-620,1229,1233,00000000,FFFFA000,00000000,00000000,00000000,00000000,0,0,803411D8,00000000,00000000,00000000
O,58,35,0101,800ECFCC,1050,-19,-1037,00000000,FFFFE000,00000000,00000000,00000000,00000000,0,0,80341438,00000000,00000000,00000000
O,58,36,0101,800ECFF8,-1100,-71,-1030,00000000,FFFFE000,00000000,00000000,00000000,00000000,0,0,80341698,00000000,00000000,00000000
O,58,37,0101,800ED064,0,6011,0,00000000,FFFFA000,00000000,00000000,00000000,00000000,0,0,803418F8,00000000,00000000,00000000
O,58,38,0101,800ED064,0,-2487,0,00000000,00002000,00000000,00000000,00000000,00000000,0,0,80341B58,00000000,00000000,00000000
O,58,39,0101,800ED090,1102,-3619,1682,00000000,00006000,00000000,00000000,00000000,00000000,0,0,80341DB8,00000000,00000000,00000000
O,58,40,0101,800ED090,424,-3312,1959,00000000,00004000,00000000,00000000,00000000,00000000,0,0,80342018,00000000,00000000,00000000
O,58,41,0101,800ED090,1102,-3004,1682,00000000,00006000,00000000,00000000,00000000,00000000,0,0,80342278,00000000,00000000,00000000
O,58,42,0101,800ED090,1584,-2697,1200,00000000,00006000,00000000,00000000,00000000,00000000,0,0,803424D8,00000000,00000000,00000000
O,58,43,0101,800ED090,1582,-3619,1203,00000000,00006000,00000000,00000000,00000000,00000000,0,0,80342738,00000000,00000000,00000000
O,58,44,0101,800ED090,-762,4347,1047,00000000,00006000,00000000,00000000,00000000,00000000,0,0,80342998,00000000,00000000,00000000
O,58,45,0101,800ED090,424,-3926,1959,00000000,00004000,00000000,00000000,00000000,00000000,0,0,80342BF8,00000000,00000000,00000000
O,58,46,0101,800ED090,1102,-4233,1682,00000000,00006000,00000000,00000000,00000000,00000000,0,0,80342E58,00000000,00000000,00000000
O,58,47,0101,800ED090,1102,-4848,1682,00000000,00006000,00000000,00000000,00000000,00000000,0,0,803430B8,00000000,00000000,00000000
O,58,48,0101,800ED090,424,-4540,1959,00000000,00004000,00000000,00000000,00000000,00000000,0,0,80343318,00000000,00000000,00000000
O,58,49,0101,800ED090,-1037,4244,772,00000000,FFFFE000,00000000,00000000,00000000,00000000,0,0,80343578,00000000,00000000,00000000
O,58,50,0101,800ED090,1828,3835,-50,00000000,00000000,00000000,00000000,00000000,00000000,0,0,803437D8,00000000,00000000,00000000
O,58,51,0101,800ED090,1459,3835,-357,00000000,00000000,00000000,00000000,00000000,00000000,0,0,80343A38,00000000,00000000,00000000
O,58,52,0101,800ED090,1091,3835,-665,00000000,00000000,00000000,00000000,00000000,00000000,0,0,80343C98,00000000,00000000,00000000
O,58,53,0101,800ED064,1580,-4854,-825,00000000,00000000,00000000,00000000,00000000,00000000,0,0,80343EF8,00000000,00000000,00000000
O,58,54,0101,800ED064,-1692,1022,-1157,00000000,00000000,00000000,00000000,00000000,00000000,0,0,80344158,00000000,00000000,00000000
O,58,55,0101,800ED064,2098,7007,2243,00000000,00000000,00000000,00000000,00000000,00000000,0,0,803443B8,00000000,00000000,00000000
O,58,56,0101,800ED064,1801,-4843,-731,00000000,00000000,00000000,00000000,00000000,00000000,0,0,80344618,00000000,00000000,00000000
O,58,57,0101,800ED064,-1477,1044,-1088,00000000,00000000,00000000,00000000,00000000,00000000,0,0,80344878,00000000,00000000,00000000
O,58,58,0101,800ED064,2268,7030,2227,00000000,00000000,00000000,00000000,00000000,00000000,0,0,80344AD8,00000000,00000000,00000000
O,58,59,0101,800EC1AC,800,-4400,1900,00000000,00000000,00000000,00000000,00000000,00000000,0,0,80344D38,00000000,00000000,00000000
O,58,60,0101,800EC1AC,800,-3700,1900,00000000,00000000,00000000,00000000,00000000,00000000,0,0,80344F98,00000000,00000000,00000000
O,58,61,0101,800EC1AC,800,-3000,1900,00000000,00000000,00000000,00000000,00000000,00000000,0,0,803451F8,00000000,00000000,00000000
O,58,62,0101,800EC1AC,1780,-3300,1000,00000000,00000000,00000000,00000000,00000000,00000000,0,0,80345458,00000000,00000000,00000000
O,58,63,0101,800EC1AC,1388,-3300,1428,00000000,00000000,00000000,00000000,00000000,00000000,0,0,803456B8,00000000,00000000,00000000
O,58,64,0101,800EC1AC,200,-3000,2000,00000000,00000000,00000000,00000000,00000000,00000000,0,0,80345918,00000000,00000000,00000000
O,58,65,0101,800EC1AC,200,-3700,2000,00000000,00000000,00000000,00000000,00000000,00000000,0,0,80345B78,00000000,00000000,00000000
O,58,66,0101,800EC1AC,200,-4400,2000,00000000,00000000,00000000,00000000,00000000,00000000,0,0,80345DD8,00000000,00000000,00000000
O,58,67,0101,800EC4A4,-1080,90,1575,00000000,00000000,00000000,00000000,00000000,00000000,0,0,80346038,00000000,00000000,00000000
O,58,68,0101,800ED028,-1179,445,1413,00000000,00002000,00000000,00000000,00000000,00000000,0,0,80346298,00000000,00000000,00000000
O,58,69,0101,800ED028,-1524,-1454,1129,00000000,FFFFE000,00000000,00000000,00000000,00000000,0,0,803464F8,00000000,00000000,00000000
O,58,70,0101,800EB688,-980,-700,1450,00000000,00000000,00000000,00000000,00000000,00000000,0,0,80346758,00000000,00000000,00000000
O,58,71,0101,800EA888,-1203,-19,-170,00000000,00002000,00000000,00000000,00000000,00000000,0,0,803469B8,00000000,00000000,00000000
O,58,72,0101,800EA8A8,0,20,-1400,00000000,00000000,00000000,00000000,00000000,00000000,0,0,80346C18,00000000,00000000,00000000
O,58,73,0101,800EA8A8,-250,20,-1700,00000000,00000000,00000000,00000000,00000000,00000000,0,0,80346E78,00000000,00000000,00000000
O,58,74,0101,800EA8A8,250,20,-1700,00000000,00000000,00000000,00000000,00000000,00000000,0,0,803470D8,00000000,00000000,00000000
O,58,75,0101,800EA8A8,0,20,-2000,00000000,00000000,00000000,00000000,00000000,00000000,0,0,80347338,00000000,00000000,00000000
O,58,76,0101,800EA8A8,500,20,-2000,00000000,00000000,00000000,00000000,00000000,00000000,0,0,80347598,00000000,00000000,00000000
O,58,77,0101,800EA8A8,-500,20,-2000,00000000,00000000,00000000,00000000,00000000,00000000,0,0,803477F8,00000000,00000000,00000000
O,58,78,0101,800E9868,880,-19,1160,00000000,00000000,00000000,00000000,00000000,00000000,0,0,80347A58,00000000,00000000,00000000
O,58,79,0101,800ED48C,800,-2460,160,00000000,00000000,00000000,00000000,00000000,00000000,0,0,80347CB8,00000000,00000000,00000000
O,58,80,0101,800E8C0C,-1120,-820,1320,00000000,00002000,00000000,00000000,00000000,00000000,0,0,80347F18,00000000,00000000,00000000
O,58,81,0101,800ED48C,-571,6020,-1414,00000000,00000000,00000000,00000000,00000000,00000000,0,0,80348178,00000000,00000000,00000000
O,58,82,0101,800ED1F8,620,-5150,1540,00000000,00000000,00000000,00000000,00000000,00000000,0,0,803483D8,00000000,00000000,00000000
O,58,83,0101,800EC424,-520,1351,1919,00000000,00000000,00000000,00000000,00000000,00000000,0,0,80348638,00000000,00000000,00000000
O,58,84,0101,800EC424,-165,1351,1919,00000000,00000000,00000000,00000000,00000000,00000000,0,0,80348898,00000000,00000000,00000000
O,58,85,0101,800EC424,182,1351,1919,00000000,00000000,00000000,00000000,00000000,00000000,0,0,80348AF8,00000000,00000000,00000000
O,58,86,0101,800EC3EC,657,1368,1879,00000000,00000000,00000000,00000000,00000000,00000000,0,0,80348D58,00000000,00000000,00000000
O,58,87,0101,800EB688,-700,-2350,-700,00000000,00000000,00000000,00000000,00000000,00000000,0,0,80348FB8,00000000,00000000,00000000
O,58,88,0101,800EA570,1883,4150,550,00000000,00000000,00000000,00000000,00000000,00000000,0,0,80349218,00000000,00000000,00000000
O,58,89,0101,800ED1F8,-1333,350,1116,00000000,00000000,00000000,00000000,00000000,00000000,0,0,80349478,00000000,00000000,00000000
O,58,90,0101,800EA570,-1101,6316,-685,00000000,00002000,00000000,00000000,00000000,00000000,0,0,803496D8,00000000,00000000,00000000
O,58,91,0101,800EB474,1077,-4822,638,00000000,00000000,00000000,00000000,00000000,00000000,0,0,80349938,00000000,00000000,00000000
O,58,92,0101,800EB474,1683,-4822,189,00000000,00000000,00000000,00000000,00000000,00000000,0,0,80349B98,00000000,00000000,00000000
O,58,93,0101,800EA8A8,0,20,-1700,00000000,00000000,00000000,00000000,00000000,00000000,0,0,80349DF8,00000000,00000000,00000000
O,58,94,0101,800ECFCC,-1020,1229,537,00000000,00000000,00000000,00000000,00000000,00000000,0,0,8034A058,00000000,00000000,00000000
O,58,95,0101,800EA570,2350,5600,2350,00000000,00002000,00000000,00000000,00000000,00000000,0,0,8034A2B8,00000000,00000000,00000000
O,58,96,0101,800EA570,0,4783,0,00000000,00000000,00000000,00000000,00000000,00000000,0,0,8034A518,00000000,00000000,00000000
O,58,97,0101,800EA570,-1140,-3720,-1620,00000000,00002000,00000000,00000000,00000000,00000000,0,0,8034A778,00000000,00000000,00000000
O,58,98,0101,800EA570,840,-2200,860,00000000,00002000,00000000,00000000,00000000,00000000,0,0,8034A9D8,00000000,00000000,00000000
O,58,99,0101,800E8C3C,-770,-3800,-440,00000000,00000000,00000000,00000000,00000000,00000000,0,0,8034AC38,00000000,00000000,00000000
O,58,100,0101,800E8C3C,-770,-3700,-440,00000000,00000000,00000000,00000000,00000000,00000000,0,0,8034AE98,00000000,00000000,00000000
O,58,101,0101,800EA570,280,-4920,1660,00000000,00000000,00000000,00000000,00000000,00000000,0,0,8034B0F8,00000000,00000000,00000000
O,58,102,0101,800EA570,1240,300,840,00000000,00002000,00000000,00000000,00000000,00000000,0,0,8034B358,00000000,00000000,00000000
O,58,103,0101,800EA570,520,300,1500,00000000,00002000,00000000,00000000,00000000,00000000,0,0,8034B5B8,00000000,00000000,00000000
O,58,104,0101,800EA570,-400,3600,1880,00000000,00000000,00000000,00000000,00000000,00000000,0,0,8034B818,00000000,00000000,00000000
O,58,105,0101,800EA570,-40,4160,-1280,00000000,00000000,00000000,00000000,00000000,00000000,0,0,8034BA78,00000000,00000000,00000000
O,58,106,0101,800EA570,-1160,2920,-840,00000000,00002000,00000000,00000000,00000000,00000000,0,0,8034BCD8,00000000,00000000,00000000
O,58,107,0101,800EA570,-780,6316,-1020,00000000,00002000,00000000,00000000,00000000,00000000,0,0,8034BF38,00000000,00000000,00000000
O,58,108,0101,800ECF5C,1313,6190,1313,00000000,00002000,00000000,00000000,00000000,00000000,0,0,8034C198,00000000,00000000,00000000
O,58,109,0101,800ECF5C,1851,-2488,-98,00000000,00000000,00000000,00000000,00000000,00000000,0,0,8034C3F8,00000000,00000000,00000000
O,58,110,0101,800EC18C,1815,-3200,800,00000000,00000000,00000000,00000000,00000000,00000000,0,0,8034C658,00000000,00000000,00000000
O,58,111,0101,800EC13C,-1050,2400,-790,00000000,00000000,00000000,00000000,00000000,00000000,0,0,8034C8B8,00000000,00000000,00000000
O,58,112,0101,800EC13C,2200,7300,2210,00000000,00000000,00000000,00000000,00000000,00000000,0,0,8034CB18,00000000,00000000,00000000
O,58,113,0101,800EC13C,-1300,-2250,-1300,00000000,00000000,00000000,00000000,00000000,00000000,0,0,8034CD78,00000000,00000000,00000000
O,58,114,0101,800EC13C,-1850,300,-950,00000000,00000000,00000000,00000000,00000000,00000000,0,0,8034CFD8,00000000,00000000,00000000
O,58,115,0101,800EC13C,-1450,-1130,-1050,00000000,00000000,00000000,00000000,00000000,00000000,0,0,8034D238,00000000,00000000,00000000
O,58,116,0101,800E8EAC,1919,6191,1919,00000000,FFFFA000,00000000,00000000,00000000,00000000,0,0,8034D498,00000000,00000000,00000000
O,58,117,0101,800E8464,-1080,-840,1573,00000000,00000000,00000000,00000000,00000000,00000000,0,0,8034D6F8,00000000,00000000,00000000
O,58,118,0101,800EB274,1417,-3822,-548,00000000,FFFFE0B6,00000000,00000000,00000000,00000000,0,0,8034D958,00000000,00000000,00000000
O,58,119,0101,800EB1C0,1417,-3822,-548,00000000,FFFFE0B6,00000000,00000000,00000000,00000000,0,0,8034DBB8,00000000,00000000,00000000
M,59,18,104965,3,00001924,0C400201,0,0,00000000,1417,-3822,-548,-1.39015019,0,1.4378742,2,-8010,-4822,20000,00000000,00000000,801693C0,8034D958,00000000,8034D958,00000000,8034DBB8,00000000,00000000,-1
O,59,0,0101,800ECEF0,-1032,-3291,1070,00000000,00002000,00000000,00000000,00000000,00000000,0,0,8033C118,00000000,00000000,00000000
O,59,1,0101,800ECEF0,-1881,1767,-446,00000000,00004000,00000000,00000000,00000000,00000000,0,0,8033C378,00000000,00000000,00000000
O,59,2,0101,800ECEF0,-1870,2068,362,00000000,00004000,00000000,00000000,00000000,00000000,0,0,8033C5D8,00000000,00000000,00000000
O,59,3,0101,800ECEF0,-770,-4361,-423,00000000,FFFFA000,00000000,00000000,00000000,00000000,0,0,8033C838,00000000,00000000,00000000
O,59,4,0101,800ECEF0,-1314,-3691,788,00000000,00006000,00000000,00000000,00000000,00000000,0,0,8033CA98,00000000,00000000,00000000
O,59,5,0101,800ECEF0,-1314,-2892,1353,00000000,00006000,00000000,00000000,00000000,00000000,0,0,8033CCF8,00000000,00000000,00000000
O,59,6,0101,800ECEF0,780,5767,-1027,00000000,FFFFE000,00000000,00000000,00000000,00000000,0,0,8033CF58,00000000,00000000,00000000
O,59,7,0101,800ECEF0,1063,5562,-744,00000000,FFFFE000,00000000,00000000,00000000,00000000,0,0,8033D1B8,00000000,00000000,00000000
O,59,8,0101,800ECF24,-1350,748,-1208,00000000,00002000,00000000,00000000,00000000,00000000,0,0,8033D418,00000000,00000000,00000000
O,59,9,0101,800ECF24,-690,901,-910,00000000,00002000,00000000,00000000,00000000,00000000,0,0,8033D678,00000000,00000000,00000000
O,59,10,0101,800ECF24,-1389,-3030,-1028,00000000,00002000,00000000,00000000,00000000,00000000,0,0,8033D8D8,00000000,00000000,00000000
O,59,11,0101,800ECF24,937,-3867,-1041,00000000,00002000,00000000,00000000,00000000,00000000,0,0,8033DB38,00000000,00000000,00000000
O,59,12,0101,800ECF5C,-139,-4408,-1056,00000000,00006000,00000000,00000000,00000000,00000000,0,0,8033DD98,00000000,00000000,00000000
O,59,13,0101,800ECF5C,618,3656,148,00000000,00004000,00000000,00000000,00000000,00000000,0,0,8033DFF8,00000000,00000000,00000000
O,59,14,0101,800ECF5C,963,3297,608,00000000,FFFFC000,00000000,00000000,00000000,00000000,0,0,8033E258,00000000,00000000,00000000
O,59,15,0101,800ECF5C,1306,2939,1069,00000000,00004000,00000000,00000000,00000000,00000000,0,0,8033E4B8,00000000,00000000,00000000
O,59,16,0101,800ECF5C,-1179,-1453,-792,00000000,FFFFE000,00000000,00000000,00000000,00000000,0,0,8033E718,00000000,00000000,00000000
O,59,17,0101,800ECF94,174,1248,2040,00000000,FFFF8000,00000000,00000000,00000000,00000000,0,0,8033E978,00000000,00000000,00000000
O,59,18,0101,800ECF94,-1321,1490,-1563,00000000,00002000,00000000,00000000,00000000,00000000,0,0,8033EBD8,00000000,00000000,00000000
O,59,19,0101,800ECF94,-1076,1730,-1808,00000000,00002000,00000000,00000000,00000000,00000000,0,0,8033EE38,00000000,00000000,00000000
O,59,20,0101,800ECF94,-1319,1970,-1564,00000000,00002000,00000000,00000000,00000000,00000000,0,0,8033F098,00000000,00000000,00000000
O,59,21,0101,800ECF94,-517,3175,2040,00000000,FFFF8000,00000000,00000000,00000000,00000000,0,0,8033F2F8,00000000,00000000,00000000
O,59,22,0101,800ECF94,-170,1248,2040,00000000,FFFF8000,00000000,00000000,00000000,00000000,0,0,8033F558,00000000,00000000,00000000
O,59,23,0101,800ECF94,-515,1248,2040,00000000,FFFF8000,00000000,00000000,00000000,00000000,0,0,8033F7B8,00000000,00000000,00000000
O,59,24,0101,800ECF94,-175,-1351,-2039,00000000,00000000,00000000,00000000,00000000,00000000,0,0,8033FA18,00000000,00000000,00000000
O,59,25,0101,800ECF94,-515,-2590,2040,00000000,FFFF8000,00000000,00000000,00000000,00000000,0,0,8033FC78,00000000,00000000,00000000
O,59,26,0101,800ECF94,518,3175,2040,00000000,FFFF8000,00000000,00000000,00000000,00000000,0,0,8033FED8,00000000,00000000,00000000
O,59,27,0101,800ECF94,-171,3175,2040,00000000,FFFF8000,00000000,00000000,00000000,00000000,0,0,80340138,00000000,00000000,00000000
O,59,28,0101,800ECF94,174,3175,2040,00000000,FFFF8000,00000000,00000000,00000000,00000000,0,0,80340398,00000000,00000000,00000000
O,59,29,0101,800ECFCC,1490,-2088,-873,00000000,00000000,00000000,00000000,00000000,00000000,0,0,803405F8,00000000,00000000,00000000
O,59,30,0101,800ECFCC,-708,-1606,-1589,00000000,00000000,00000000,00000000,00000000,00000000,0,0,80340858,00000000,00000000,00000000
O,59,31,0101,800ECFCC,954,-1627,-1448,00000000,00000000,00000000,00000000,00000000,00000000,0,0,80340AB8,00000000,00000000,00000000
O,59,32,0101,800ECFCC,1215,-1781,-1215,00000000,00000000,00000000,00000000,00000000,00000000,0,0,80340D18,00000000,00000000,00000000
O,59,33,0101,800ECFCC,1052,-1934,-769,00000000,00000000,00000000,00000000,00000000,00000000,0,0,80340F78,00000000,00000000,00000000
O,59,34,0101,800ECFCC,-620,1229,1233,00000000,FFFFA000,00000000,00000000,00000000,00000000,0,0,803411D8,00000000,00000000,00000000
O,59,35,0101,800ECFCC,1050,-19,-1037,00000000,FFFFE000,00000000,00000000,00000000,00000000,0,0,80341438,00000000,00000000,00000000
O,59,36,0101,800ECFF8,-1100,-71,-1030,00000000,FFFFE000,00000000,00000000,00000000,00000000,0,0,80341698,00000000,00000000,00000000
O,59,37,0101,800ED064,0,6011,0,00000000,FFFFA000,00000000,00000000,00000000,00000000,0,0,803418F8,00000000,00000000,00000000
O,59,38,0101,800ED064,0,-2487,0,00000000,00002000,00000000,00000000,00000000,00000000,0,0,80341B58,00000000,00000000,00000000
O,59,39,0101,800ED090,1102,-3619,1682,00000000,00006000,00000000,00000000,00000000,00000000,0,0,80341DB8,00000000,00000000,00000000
O,59,40,0101,800ED090,424,-3312,1959,00000000,00004000,00000000,00000000,00000000,00000000,0,0,80342018,00000000,00000000,00000000
O,59,41,0101,800ED090,1102,-3004,1682,00000000,00006000,00000000,00000000,00000000,00000000,0,0,80342278,00000000,00000000,00000000
O,59,42,0101,800ED090,1584,-2697,1200,00000000,00006000,00000000,00000000,00000000,00000000,0,0,803424D8,00000000,00000000,00000000
O,59,43,0101,800ED090,1582,-3619,1203,00000000,00006000,00000000,00000000,00000000,00000000,0,0,80342738,00000000,00000000,00000000
O,59,44,0101,800ED090,-762,4347,1047,00000000,00006000,00000000,00000000,00000000,00000000,0,0,80342998,00000000,00000000,00000000
O,59,45,0101,800ED090,424,-3926,1959,00000000,00004000,00000000,00000000,00000000,00000000,0,0,80342BF8,00000000,00000000,00000000
O,59,46,0101,800ED090,1102,-4233,1682,00000000,00006000,00000000,00000000,00000000,00000000,0,0,80342E58,00000000,00000000,00000000
O,59,47,0101,800ED090,1102,-4848,1682,00000000,00006000,00000000,00000000,00000000,00000000,0,0,803430B8,00000000,00000000,00000000
O,59,48,0101,800ED090,424,-4540,1959,00000000,00004000,00000000,00000000,00000000,00000000,0,0,80343318,00000000,00000000,00000000
O,59,49,0101,800ED090,-1037,4244,772,00000000,FFFFE000,00000000,00000000,00000000,00000000,0,0,80343578,00000000,00000000,00000000
O,59,50,0101,800ED090,1828,3835,-50,00000000,00000000,00000000,00000000,00000000,00000000,0,0,803437D8,00000000,00000000,00000000
O,59,51,0101,800ED090,1459,3835,-357,00000000,00000000,00000000,00000000,00000000,00000000,0,0,80343A38,00000000,00000000,00000000
O,59,52,0101,800ED090,1091,3835,-665,00000000,00000000,00000000,00000000,00000000,00000000,0,0,80343C98,00000000,00000000,00000000
O,59,53,0101,800ED064,1580,-4854,-825,00000000,00000000,00000000,00000000,00000000,00000000,0,0,80343EF8,00000000,00000000,00000000
O,59,54,0101,800ED064,-1692,1022,-1157,00000000,00000000,00000000,00000000,00000000,00000000,0,0,80344158,00000000,00000000,00000000
O,59,55,0101,800ED064,2098,7007,2243,00000000,00000000,00000000,00000000,00000000,00000000,0,0,803443B8,00000000,00000000,00000000
O,59,56,0101,800ED064,1801,-4843,-731,00000000,00000000,00000000,00000000,00000000,00000000,0,0,80344618,00000000,00000000,00000000
O,59,57,0101,800ED064,-1477,1044,-1088,00000000,00000000,00000000,00000000,00000000,00000000,0,0,80344878,00000000,00000000,00000000
O,59,58,0101,800ED064,2268,7030,2227,00000000,00000000,00000000,00000000,00000000,00000000,0,0,80344AD8,00000000,00000000,00000000
O,59,59,0101,800EC1AC,800,-4400,1900,00000000,00000000,00000000,00000000,00000000,00000000,0,0,80344D38,00000000,00000000,00000000
O,59,60,0101,800EC1AC,800,-3700,1900,00000000,00000000,00000000,00000000,00000000,00000000,0,0,80344F98,00000000,00000000,00000000
O,59,61,0101,800EC1AC,800,-3000,1900,00000000,00000000,00000000,00000000,00000000,00000000,0,0,803451F8,00000000,00000000,00000000
O,59,62,0101,800EC1AC,1780,-3300,1000,00000000,00000000,00000000,00000000,00000000,00000000,0,0,80345458,00000000,00000000,00000000
O,59,63,0101,800EC1AC,1388,-3300,1428,00000000,00000000,00000000,00000000,00000000,00000000,0,0,803456B8,00000000,00000000,00000000
O,59,64,0101,800EC1AC,200,-3000,2000,00000000,00000000,00000000,00000000,00000000,00000000,0,0,80345918,00000000,00000000,00000000
O,59,65,0101,800EC1AC,200,-3700,2000,00000000,00000000,00000000,00000000,00000000,00000000,0,0,80345B78,00000000,00000000,00000000
O,59,66,0101,800EC1AC,200,-4400,2000,00000000,00000000,00000000,00000000,00000000,00000000,0,0,80345DD8,00000000,00000000,00000000
O,59,67,0101,800EC4A4,-1080,90,1575,00000000,00000000,00000000,00000000,00000000,00000000,0,0,80346038,00000000,00000000,00000000
O,59,68,0101,800ED028,-1179,445,1413,00000000,00002000,00000000,00000000,00000000,00000000,0,0,80346298,00000000,00000000,00000000
O,59,69,0101,800ED028,-1524,-1454,1129,00000000,FFFFE000,00000000,00000000,00000000,00000000,0,0,803464F8,00000000,00000000,00000000
O,59,70,0101,800EB688,-980,-700,1450,00000000,00000000,00000000,00000000,00000000,00000000,0,0,80346758,00000000,00000000,00000000
O,59,71,0101,800EA888,-1203,-19,-170,00000000,00002000,00000000,00000000,00000000,00000000,0,0,803469B8,00000000,00000000,00000000
O,59,72,0101,800EA8A8,0,20,-1400,00000000,00000000,00000000,00000000,00000000,00000000,0,0,80346C18,00000000,00000000,00000000
O,59,73,0101,800EA8A8,-250,20,-1700,00000000,00000000,00000000,00000000,00000000,00000000,0,0,80346E78,00000000,00000000,00000000
O,59,74,0101,800EA8A8,250,20,-1700,00000000,00000000,00000000,00000000,00000000,00000000,0,0,803470D8,00000000,00000000,00000000
O,59,75,0101,800EA8A8,0,20,-2000,00000000,00000000,00000000,00000000,00000000,00000000,0,0,80347338,00000000,00000000,00000000
O,59,76,0101,800EA8A8,500,20,-2000,00000000,00000000,00000000,00000000,00000000,00000000,0,0,80347598,00000000,00000000,00000000
O,59,77,0101,800EA8A8,-500,20,-2000,00000000,00000000,00000000,00000000,00000000,00000000,0,0,803477F8,00000000,00000000,00000000
O,59,78,0101,800E9868,880,-19,1160,00000000,00000000,00000000,00000000,00000000,00000000,0,0,80347A58,00000000,00000000,00000000
O,59,79,0101,800ED48C,800,-2460,160,00000000,00000000,00000000,00000000,00000000,00000000,0,0,80347CB8,00000000,00000000,00000000
O,59,80,0101,800E8C0C,-1120,-820,1320,00000000,00002000,00000000,00000000,00000000,00000000,0,0,80347F18,00000000,00000000,00000000
O,59,81,0101,800ED48C,-571,6020,-1414,00000000,00000000,00000000,00000000,00000000,00000000,0,0,80348178,00000000,00000000,00000000
O,59,82,0101,800ED1F8,620,-5150,1540,00000000,00000000,00000000,00000000,00000000,00000000,0,0,803483D8,00000000,00000000,00000000
O,59,83,0101,800EC424,-520,1351,1919,00000000,00000000,00000000,00000000,00000000,00000000,0,0,80348638,00000000,00000000,00000000
O,59,84,0101,800EC424,-165,1351,1919,00000000,00000000,00000000,00000000,00000000,00000000,0,0,80348898,00000000,00000000,00000000
O,59,85,0101,800EC424,182,1351,1919,00000000,00000000,00000000,00000000,00000000,00000000,0,0,80348AF8,00000000,00000000,00000000
O,59,86,0101,800EC3EC,657,1368,1879,00000000,00000000,00000000,00000000,00000000,00000000,0,0,80348D58,00000000,00000000,00000000
O,59,87,0101,800EB688,-700,-2350,-700,00000000,00000000,00000000,00000000,00000000,00000000,0,0,80348FB8,00000000,00000000,00000000
O,59,88,0101,800EA570,1883,4150,550,00000000,00000000,00000000,00000000,00000000,00000000,0,0,80349218,00000000,00000000,00000000
O,59,89,0101,800ED1F8,-1333,350,1116,00000000,00000000,00000000,00000000,00000000,00000000,0,0,80349478,00000000,00000000,00000000
O,59,90,0101,800EA570,-1101,6316,-685,00000000,00002000,00000000,00000000,00000000,00000000,0,0,803496D8,00000000,00000000,00000000
O,59,91,0101,800EB474,1077,-4822,638,00000000,00000000,00000000,00000000,00000000,00000000,0,0,80349938,00000000,00000000,00000000
O,59,92,0101,800EB474,1683,-4822,189,00000000,00000000,00000000,00000000,00000000,00000000,0,0,80349B98,00000000,00000000,00000000
O,59,93,0101,800EA8A8,0,20,-1700,00000000,00000000,00000000,00000000,00000000,00000000,0,0,80349DF8,00000000,00000000,00000000
O,59,94,0101,800ECFCC,-1020,1229,537,00000000,00000000,00000000,00000000,00000000,00000000,0,0,8034A058,00000000,00000000,00000000
O,59,95,0101,800EA570,2350,5600,2350,00000000,00002000,00000000,00000000,00000000,00000000,0,0,8034A2B8,00000000,00000000,00000000
O,59,96,0101,800EA570,0,4783,0,00000000,00000000,00000000,00000000,00000000,00000000,0,0,8034A518,00000000,00000000,00000000
O,59,97,0101,800EA570,-1140,-3720,-1620,00000000,00002000,00000000,00000000,00000000,00000000,0,0,8034A778,00000000,00000000,00000000
O,59,98,0101,800EA570,840,-2200,860,00000000,00002000,00000000,00000000,00000000,00000000,0,0,8034A9D8,00000000,00000000,00000000
O,59,99,0101,800E8C3C,-770,-3800,-440,00000000,00000000,00000000,00000000,00000000,00000000,0,0,8034AC38,00000000,00000000,00000000
O,59,100,0101,800E8C3C,-770,-3700,-440,00000000,00000000,00000000,00000000,00000000,00000000,0,0,8034AE98,00000000,00000000,00000000
O,59,101,0101,800EA570,280,-4920,1660,00000000,00000000,00000000,00000000,00000000,00000000,0,0,8034B0F8,00000000,00000000,00000000
O,59,102,0101,800EA570,1240,300,840,00000000,00002000,00000000,00000000,00000000,00000000,0,0,8034B358,00000000,00000000,00000000
O,59,103,0101,800EA570,520,300,1500,00000000,00002000,00000000,00000000,00000000,00000000,0,0,8034B5B8,00000000,00000000,00000000
O,59,104,0101,800EA570,-400,3600,1880,00000000,00000000,00000000,00000000,00000000,00000000,0,0,8034B818,00000000,00000000,00000000
O,59,105,0101,800EA570,-40,4160,-1280,00000000,00000000,00000000,00000000,00000000,00000000,0,0,8034BA78,00000000,00000000,00000000
O,59,106,0101,800EA570,-1160,2920,-840,00000000,00002000,00000000,00000000,00000000,00000000,0,0,8034BCD8,00000000,00000000,00000000
O,59,107,0101,800EA570,-780,6316,-1020,00000000,00002000,00000000,00000000,00000000,00000000,0,0,8034BF38,00000000,00000000,00000000
O,59,108,0101,800ECF5C,1313,6190,1313,00000000,00002000,00000000,00000000,00000000,00000000,0,0,8034C198,00000000,00000000,00000000
O,59,109,0101,800ECF5C,1851,-2488,-98,00000000,00000000,00000000,00000000,00000000,00000000,0,0,8034C3F8,00000000,00000000,00000000
O,59,110,0101,800EC18C,1815,-3200,800,00000000,00000000,00000000,00000000,00000000,00000000,0,0,8034C658,00000000,00000000,00000000
O,59,111,0101,800EC13C,-1050,2400,-790,00000000,00000000,00000000,00000000,00000000,00000000,0,0,8034C8B8,00000000,00000000,00000000
O,59,112,0101,800EC13C,2200,7300,2210,00000000,00000000,00000000,00000000,00000000,00000000,0,0,8034CB18,00000000,00000000,00000000
O,59,113,0101,800EC13C,-1300,-2250,-1300,00000000,00000000,00000000,00000000,00000000,00000000,0,0,8034CD78,00000000,00000000,00000000
O,59,114,0101,800EC13C,-1850,300,-950,00000000,00000000,00000000,00000000,00000000,00000000,0,0,8034CFD8,00000000,00000000,00000000
O,59,115,0101,800EC13C,-1450,-1130,-1050,00000000,00000000,00000000,00000000,00000000,00000000,0,0,8034D238,00000000,00000000,00000000
O,59,116,0101,800E8EAC,1919,6191,1919,00000000,FFFFA000,00000000,00000000,00000000,00000000,0,0,8034D498,00000000,00000000,00000000
O,59,117,0101,800E8464,-1080,-840,1573,00000000,00000000,00000000,00000000,00000000,00000000,0,0,8034D6F8,00000000,00000000,00000000
O,59,118,0101,800EB274,1417,-3822,-548,00000000,FFFFE0B6,00000000,00000000,00000000,00000000,0,0,8034D958,00000000,00000000,00000000
O,59,119,0101,800EB1C0,1417,-3822,-548,00000000,FFFFE0B6,00000000,00000000,00000000,00000000,0,0,8034DBB8,00000000,00000000,00000000
M,60,18,104965,3,00001924,0C400201,0,0,00000000,1417,-3822,-548,-1.39015019,0,1.4378742,2,-8010,-4822,20000,00000000,00000000,801693C0,8034D958,00000000,8034D958,00000000,8034DBB8,00000000,00000000,-1
O,60,0,0101,800ECEF0,-1032,-3291,1070,00000000,00002000,00000000,00000000,00000000,00000000,0,0,8033C118,00000000,00000000,00000000
O,60,1,0101,800ECEF0,-1881,1767,-446,00000000,00004000,00000000,00000000,00000000,00000000,0,0,8033C378,00000000,00000000,00000000
O,60,2,0101,800ECEF0,-1870,2068,362,00000000,00004000,00000000,00000000,00000000,00000000,0,0,8033C5D8,00000000,00000000,00000000
O,60,3,0101,800ECEF0,-770,-4361,-423,00000000,FFFFA000,00000000,00000000,00000000,00000000,0,0,8033C838,00000000,00000000,00000000
O,60,4,0101,800ECEF0,-1314,-3691,788,00000000,00006000,00000000,00000000,00000000,00000000,0,0,8033CA98,00000000,00000000,00000000
O,60,5,0101,800ECEF0,-1314,-2892,1353,00000000,00006000,00000000,00000000,00000000,00000000,0,0,8033CCF8,00000000,00000000,00000000
O,60,6,0101,800ECEF0,780,5767,-1027,00000000,FFFFE000,00000000,00000000,00000000,00000000,0,0,8033CF58,00000000,00000000,00000000
O,60,7,0101,800ECEF0,1063,5562,-744,00000000,FFFFE000,00000000,00000000,00000000,00000000,0,0,8033D1B8,00000000,00000000,00000000
O,60,8,0101,800ECF24,-1350,748,-1208,00000000,00002000,00000000,00000000,00000000,00000000,0,0,8033D418,00000000,00000000,00000000
O,60,9,0101,800ECF24,-690,901,-910,00000000,00002000,00000000,00000000,00000000,00000000,0,0,8033D678,00000000,00000000,00000000
O,60,10,0101,800ECF24,-1389,-3030,-1028,00000000,00002000,00000000,00000000,00000000,00000000,0,0,8033D8D8,00000000,00000000,00000000
O,60,11,0101,800ECF24,937,-3867,-1041,00000000,00002000,00000000,00000000,00000000,00000000,0,0,8033DB38,00000000,00000000,00000000
O,60,12,0101,800ECF5C,-139,-4408,-1056,00000000,00006000,00000000,00000000,00000000,00000000,0,0,8033DD98,00000000,00000000,00000000
O,60,13,0101,800ECF5C,618,3656,148,00000000,00004000,00000000,00000000,00000000,00000000,0,0,8033DFF8,00000000,00000000,00000000
O,60,14,0101,800ECF5C,963,3297,608,00000000,FFFFC000,00000000,00000000,00000000,00000000,0,0,8033E258,00000000,00000000,00000000
O,60,15,0101,800ECF5C,1306,2939,1069,00000000,00004000,00000000,00000000,00000000,00000000,0,0,8033E4B8,00000000,00000000,00000000
O,60,16,0101,800ECF5C,-1179,-1453,-792,00000000,FFFFE000,00000000,00000000,00000000,00000000,0,0,8033E718,00000000,00000000,00000000
O,60,17,0101,800ECF94,174,1248,2040,00000000,FFFF8000,00000000,00000000,00000000,00000000,0,0,8033E978,00000000,00000000,00000000
O,60,18,0101,800ECF94,-1321,1490,-1563,00000000,00002000,00000000,00000000,00000000,00000000,0,0,8033EBD8,00000000,00000000,00000000
O,60,19,0101,800ECF94,-1076,1730,-1808,00000000,00002000,00000000,00000000,00000000,00000000,0,0,8033EE38,00000000,00000000,00000000
O,60,20,0101,800ECF94,-1319,1970,-1564,00000000,00002000,00000000,00000000,00000000,00000000,0,0,8033F098,00000000,00000000,00000000
O,60,21,0101,800ECF94,-517,3175,2040,00000000,FFFF8000,00000000,00000000,00000000,00000000,0,0,8033F2F8,00000000,00000000,00000000
O,60,22,0101,800ECF94,-170,1248,2040,00000000,FFFF8000,00000000,00000000,00000000,00000000,0,0,8033F558,00000000,00000000,00000000
O,60,23,0101,800ECF94,-515,1248,2040,00000000,FFFF8000,00000000,00000000,00000000,00000000,0,0,8033F7B8,00000000,00000000,00000000
O,60,24,0101,800ECF94,-175,-1351,-2039,00000000,00000000,00000000,00000000,00000000,00000000,0,0,8033FA18,00000000,00000000,00000000
O,60,25,0101,800ECF94,-515,-2590,2040,00000000,FFFF8000,00000000,00000000,00000000,00000000,0,0,8033FC78,00000000,00000000,00000000
O,60,26,0101,800ECF94,518,3175,2040,00000000,FFFF8000,00000000,00000000,00000000,00000000,0,0,8033FED8,00000000,00000000,00000000
O,60,27,0101,800ECF94,-171,3175,2040,00000000,FFFF8000,00000000,00000000,00000000,00000000,0,0,80340138,00000000,00000000,00000000
O,60,28,0101,800ECF94,174,3175,2040,00000000,FFFF8000,00000000,00000000,00000000,00000000,0,0,80340398,00000000,00000000,00000000
O,60,29,0101,800ECFCC,1490,-2088,-873,00000000,00000000,00000000,00000000,00000000,00000000,0,0,803405F8,00000000,00000000,00000000
O,60,30,0101,800ECFCC,-708,-1606,-1589,00000000,00000000,00000000,00000000,00000000,00000000,0,0,80340858,00000000,00000000,00000000
O,60,31,0101,800ECFCC,954,-1627,-1448,00000000,00000000,00000000,00000000,00000000,00000000,0,0,80340AB8,00000000,00000000,00000000
O,60,32,0101,800ECFCC,1215,-1781,-1215,00000000,00000000,00000000,00000000,00000000,00000000,0,0,80340D18,00000000,00000000,00000000
O,60,33,0101,800ECFCC,1052,-1934,-769,00000000,00000000,00000000,00000000,00000000,00000000,0,0,80340F78,00000000,00000000,00000000
O,60,34,0101,800ECFCC,-620,1229,1233,00000000,FFFFA000,00000000,00000000,00000000,00000000,0,0,803411D8,00000000,00000000,00000000
O,60,35,0101,800ECFCC,1050,-19,-1037,00000000,FFFFE000,00000000,00000000,00000000,00000000,0,0,80341438,00000000,00000000,00000000
O,60,36,0101,800ECFF8,-1100,-71,-1030,00000000,FFFFE000,00000000,00000000,00000000,00000000,0,0,80341698,00000000,00000000,00000000
O,60,37,0101,800ED064,0,6011,0,00000000,FFFFA000,00000000,00000000,00000000,00000000,0,0,803418F8,00000000,00000000,00000000
O,60,38,0101,800ED064,0,-2487,0,00000000,00002000,00000000,00000000,00000000,00000000,0,0,80341B58,00000000,00000000,00000000
O,60,39,0101,800ED090,1102,-3619,1682,00000000,00006000,00000000,00000000,00000000,00000000,0,0,80341DB8,00000000,00000000,00000000
O,60,40,0101,800ED090,424,-3312,1959,00000000,00004000,00000000,00000000,00000000,00000000,0,0,80342018,00000000,00000000,00000000
O,60,41,0101,800ED090,1102,-3004,1682,00000000,00006000,00000000,00000000,00000000,00000000,0,0,80342278,00000000,00000000,00000000
O,60,42,0101,800ED090,1584,-2697,1200,00000000,00006000,00000000,00000000,00000000,00000000,0,0,803424D8,00000000,00000000,00000000
O,60,43,0101,800ED090,1582,-3619,1203,00000000,00006000,00000000,00000000,00000000,00000000,0,0,80342738,00000000,00000000,00000000
O,60,44,0101,800ED090,-762,4347,1047,00000000,00006000,00000000,00000000,00000000,00000000,0,0,80342998,00000000,00000000,00000000
O,60,45,0101,800ED090,424,-3926,1959,00000000,00004000,00000000,00000000,00000000,00000000,0,0,80342BF8,00000000,00000000,00000000
O,60,46,0101,800ED090,1102,-4233,1682,00000000,00006000,00000000,00000000,00000000,00000000,0,0,80342E58,00000000,00000000,00000000
O,60,47,0101,800ED090,1102,-4848,1682,00000000,00006000,00000000,00000000,00000000,00000000,0,0,803430B8,00000000,00000000,00000000
O,60,48,0101,800ED090,424,-4540,1959,00000000,00004000,00000000,00000000,00000000,00000000,0,0,80343318,00000000,00000000,00000000
O,60,49,0101,800ED090,-1037,4244,772,00000000,FFFFE000,00000000,00000000,00000000,00000000,0,0,80343578,00000000,00000000,00000000
O,60,50,0101,800ED090,1828,3835,-50,00000000,00000000,00000000,00000000,00000000,00000000,0,0,803437D8,00000000,00000000,00000000
O,60,51,0101,800ED090,1459,3835,-357,00000000,00000000,00000000,00000000,00000000,00000000,0,0,80343A38,00000000,00000000,00000000
O,60,52,0101,800ED090,1091,3835,-665,00000000,00000000,00000000,00000000,00000000,00000000,0,0,80343C98,00000000,00000000,00000000
O,60,53,0101,800ED064,1580,-4854,-825,00000000,00000000,00000000,00000000,00000000,00000000,0,0,80343EF8,00000000,00000000,00000000
O,60,54,0101,800ED064,-1692,1022,-1157,00000000,00000000,00000000,00000000,00000000,00000000,0,0,80344158,00000000,00000000,00000000
O,60,55,0101,800ED064,2098,7007,2243,00000000,00000000,00000000,00000000,00000000,00000000,0,0,803443B8,00000000,00000000,00000000
O,60,56,0101,800ED064,1801,-4843,-731,00000000,00000000,00000000,00000000,00000000,00000000,0,0,80344618,00000000,00000000,00000000
O,60,57,0101,800ED064,-1477,1044,-1088,00000000,00000000,00000000,00000000,00000000,00000000,0,0,80344878,00000000,00000000,00000000
O,60,58,0101,800ED064,2268,7030,2227,00000000,00000000,00000000,00000000,00000000,00000000,0,0,80344AD8,00000000,00000000,00000000
O,60,59,0101,800EC1AC,800,-4400,1900,00000000,00000000,00000000,00000000,00000000,00000000,0,0,80344D38,00000000,00000000,00000000
O,60,60,0101,800EC1AC,800,-3700,1900,00000000,00000000,00000000,00000000,00000000,00000000,0,0,80344F98,00000000,00000000,00000000
O,60,61,0101,800EC1AC,800,-3000,1900,00000000,00000000,00000000,00000000,00000000,00000000,0,0,803451F8,00000000,00000000,00000000
O,60,62,0101,800EC1AC,1780,-3300,1000,00000000,00000000,00000000,00000000,00000000,00000000,0,0,80345458,00000000,00000000,00000000
O,60,63,0101,800EC1AC,1388,-3300,1428,00000000,00000000,00000000,00000000,00000000,00000000,0,0,803456B8,00000000,00000000,00000000
O,60,64,0101,800EC1AC,200,-3000,2000,00000000,00000000,00000000,00000000,00000000,00000000,0,0,80345918,00000000,00000000,00000000
O,60,65,0101,800EC1AC,200,-3700,2000,00000000,00000000,00000000,00000000,00000000,00000000,0,0,80345B78,00000000,00000000,00000000
O,60,66,0101,800EC1AC,200,-4400,2000,00000000,00000000,00000000,00000000,00000000,00000000,0,0,80345DD8,00000000,00000000,00000000
O,60,67,0101,800EC4A4,-1080,90,1575,00000000,00000000,00000000,00000000,00000000,00000000,0,0,80346038,00000000,00000000,00000000
O,60,68,0101,800ED028,-1179,445,1413,00000000,00002000,00000000,00000000,00000000,00000000,0,0,80346298,00000000,00000000,00000000
O,60,69,0101,800ED028,-1524,-1454,1129,00000000,FFFFE000,00000000,00000000,00000000,00000000,0,0,803464F8,00000000,00000000,00000000
O,60,70,0101,800EB688,-980,-700,1450,00000000,00000000,00000000,00000000,00000000,00000000,0,0,80346758,00000000,00000000,00000000
O,60,71,0101,800EA888,-1203,-19,-170,00000000,00002000,00000000,00000000,00000000,00000000,0,0,803469B8,00000000,00000000,00000000
O,60,72,0101,800EA8A8,0,20,-1400,00000000,00000000,00000000,00000000,00000000,00000000,0,0,80346C18,00000000,00000000,00000000
O,60,73,0101,800EA8A8,-250,20,-1700,00000000,00000000,00000000,00000000,00000000,00000000,0,0,80346E78,00000000,00000000,00000000
O,60,74,0101,800EA8A8,250,20,-1700,00000000,00000000,00000000,00000000,00000000,00000000,0,0,803470D8,00000000,00000000,00000000
O,60,75,0101,800EA8A8,0,20,-2000,00000000,00000000,00000000,00000000,00000000,00000000,0,0,80347338,00000000,00000000,00000000
O,60,76,0101,800EA8A8,500,20,-2000,00000000,00000000,00000000,00000000,00000000,00000000,0,0,80347598,00000000,00000000,00000000
O,60,77,0101,800EA8A8,-500,20,-2000,00000000,00000000,00000000,00000000,00000000,00000000,0,0,803477F8,00000000,00000000,00000000
O,60,78,0101,800E9868,880,-19,1160,00000000,00000000,00000000,00000000,00000000,00000000,0,0,80347A58,00000000,00000000,00000000
O,60,79,0101,800ED48C,800,-2460,160,00000000,00000000,00000000,00000000,00000000,00000000,0,0,80347CB8,00000000,00000000,00000000
O,60,80,0101,800E8C0C,-1120,-820,1320,00000000,00002000,00000000,00000000,00000000,00000000,0,0,80347F18,00000000,00000000,00000000
O,60,81,0101,800ED48C,-571,6020,-1414,00000000,00000000,00000000,00000000,00000000,00000000,0,0,80348178,00000000,00000000,00000000
O,60,82,0101,800ED1F8,620,-5150,1540,00000000,00000000,00000000,00000000,00000000,00000000,0,0,803483D8,00000000,00000000,00000000
O,60,83,0101,800EC424,-520,1351,1919,00000000,00000000,00000000,00000000,00000000,00000000,0,0,80348638,00000000,00000000,00000000
O,60,84,0101,800EC424,-165,1351,1919,00000000,00000000,00000000,00000000,00000000,00000000,0,0,80348898,00000000,00000000,00000000
O,60,85,0101,800EC424,182,1351,1919,00000000,00000000,00000000,00000000,00000000,00000000,0,0,80348AF8,00000000,00000000,00000000
O,60,86,0101,800EC3EC,657,1368,1879,00000000,00000000,00000000,00000000,00000000,00000000,0,0,80348D58,00000000,00000000,00000000
O,60,87,0101,800EB688,-700,-2350,-700,00000000,00000000,00000000,00000000,00000000,00000000,0,0,80348FB8,00000000,00000000,00000000
O,60,88,0101,800EA570,1883,4150,550,00000000,00000000,00000000,00000000,00000000,00000000,0,0,80349218,00000000,00000000,00000000
O,60,89,0101,800ED1F8,-1333,350,1116,00000000,00000000,00000000,00000000,00000000,00000000,0,0,80349478,00000000,00000000,00000000
O,60,90,0101,800EA570,-1101,6316,-685,00000000,00002000,00000000,00000000,00000000,00000000,0,0,803496D8,00000000,00000000,00000000
O,60,91,0101,800EB474,1077,-4822,638,00000000,00000000,00000000,00000000,00000000,00000000,0,0,80349938,00000000,00000000,00000000
O,60,92,0101,800EB474,1683,-4822,189,00000000,00000000,00000000,00000000,00000000,00000000,0,0,80349B98,00000000,00000000,00000000
O,60,93,0101,800EA8A8,0,20,-1700,00000000,00000000,00000000,00000000,00000000,00000000,0,0,80349DF8,00000000,00000000,00000000
O,60,94,0101,800ECFCC,-1020,1229,537,00000000,00000000,00000000,00000000,00000000,00000000,0,0,8034A058,00000000,00000000,00000000
O,60,95,0101,800EA570,2350,5600,2350,00000000,00002000,00000000,00000000,00000000,00000000,0,0,8034A2B8,00000000,00000000,00000000
O,60,96,0101,800EA570,0,4783,0,00000000,00000000,00000000,00000000,00000000,00000000,0,0,8034A518,00000000,00000000,00000000
O,60,97,0101,800EA570,-1140,-3720,-1620,00000000,00002000,00000000,00000000,00000000,00000000,0,0,8034A778,00000000,00000000,00000000
O,60,98,0101,800EA570,840,-2200,860,00000000,00002000,00000000,00000000,00000000,00000000,0,0,8034A9D8,00000000,00000000,00000000
O,60,99,0101,800E8C3C,-770,-3800,-440,00000000,00000000,00000000,00000000,00000000,00000000,0,0,8034AC38,00000000,00000000,00000000
O,60,100,0101,800E8C3C,-770,-3700,-440,00000000,00000000,00000000,00000000,00000000,00000000,0,0,8034AE98,00000000,00000000,00000000
O,60,101,0101,800EA570,280,-4920,1660,00000000,00000000,00000000,00000000,00000000,00000000,0,0,8034B0F8,00000000,00000000,00000000
O,60,102,0101,800EA570,1240,300,840,00000000,00002000,00000000,00000000,00000000,00000000,0,0,8034B358,00000000,00000000,00000000
O,60,103,0101,800EA570,520,300,1500,00000000,00002000,00000000,00000000,00000000,00000000,0,0,8034B5B8,00000000,00000000,00000000
O,60,104,0101,800EA570,-400,3600,1880,00000000,00000000,00000000,00000000,00000000,00000000,0,0,8034B818,00000000,00000000,00000000
O,60,105,0101,800EA570,-40,4160,-1280,00000000,00000000,00000000,00000000,00000000,00000000,0,0,8034BA78,00000000,00000000,00000000
O,60,106,0101,800EA570,-1160,2920,-840,00000000,00002000,00000000,00000000,00000000,00000000,0,0,8034BCD8,00000000,00000000,00000000
O,60,107,0101,800EA570,-780,6316,-1020,00000000,00002000,00000000,00000000,00000000,00000000,0,0,8034BF38,00000000,00000000,00000000
O,60,108,0101,800ECF5C,1313,6190,1313,00000000,00002000,00000000,00000000,00000000,00000000,0,0,8034C198,00000000,00000000,00000000
O,60,109,0101,800ECF5C,1851,-2488,-98,00000000,00000000,00000000,00000000,00000000,00000000,0,0,8034C3F8,00000000,00000000,00000000
O,60,110,0101,800EC18C,1815,-3200,800,00000000,00000000,00000000,00000000,00000000,00000000,0,0,8034C658,00000000,00000000,00000000
O,60,111,0101,800EC13C,-1050,2400,-790,00000000,00000000,00000000,00000000,00000000,00000000,0,0,8034C8B8,00000000,00000000,00000000
O,60,112,0101,800EC13C,2200,7300,2210,00000000,00000000,00000000,00000000,00000000,00000000,0,0,8034CB18,00000000,00000000,00000000
O,60,113,0101,800EC13C,-1300,-2250,-1300,00000000,00000000,00000000,00000000,00000000,00000000,0,0,8034CD78,00000000,00000000,00000000
O,60,114,0101,800EC13C,-1850,300,-950,00000000,00000000,00000000,00000000,00000000,00000000,0,0,8034CFD8,00000000,00000000,00000000
O,60,115,0101,800EC13C,-1450,-1130,-1050,00000000,00000000,00000000,00000000,00000000,00000000,0,0,8034D238,00000000,00000000,00000000
O,60,116,0101,800E8EAC,1919,6191,1919,00000000,FFFFA000,00000000,00000000,00000000,00000000,0,0,8034D498,00000000,00000000,00000000
O,60,117,0101,800E8464,-1080,-840,1573,00000000,00000000,00000000,00000000,00000000,00000000,0,0,8034D6F8,00000000,00000000,00000000
O,60,118,0101,800EB274,1417,-3822,-548,00000000,FFFFE0B6,00000000,00000000,00000000,00000000,0,0,8034D958,00000000,00000000,00000000
O,60,119,0101,800EB1C0,1417,-3822,-548,00000000,FFFFE0B6,00000000,00000000,00000000,00000000,0,0,8034DBB8,00000000,00000000,00000000
M,61,18,104965,3,00001924,0C400201,0,0,00000000,1417,-3822,-548,-1.39015019,0,1.4378742,2,-8010,-4822,20000,00000000,00000000,801693C0,8034D958,00000000,8034D958,00000000,8034DBB8,00000000,00000000,-1
O,61,0,0101,800ECEF0,-1032,-3291,1070,00000000,00002000,00000000,00000000,00000000,00000000,0,0,8033C118,00000000,00000000,00000000
O,61,1,0101,800ECEF0,-1881,1767,-446,00000000,00004000,00000000,00000000,00000000,00000000,0,0,8033C378,00000000,00000000,00000000
O,61,2,0101,800ECEF0,-1870,2068,362,00000000,00004000,00000000,00000000,00000000,00000000,0,0,8033C5D8,00000000,00000000,00000000
O,61,3,0101,800ECEF0,-770,-4361,-423,00000000,FFFFA000,00000000,00000000,00000000,00000000,0,0,8033C838,00000000,00000000,00000000
O,61,4,0101,800ECEF0,-1314,-3691,788,00000000,00006000,00000000,00000000,00000000,00000000,0,0,8033CA98,00000000,00000000,00000000
O,61,5,0101,800ECEF0,-1314,-2892,1353,00000000,00006000,00000000,00000000,00000000,00000000,0,0,8033CCF8,00000000,00000000,00000000
O,61,6,0101,800ECEF0,780,5767,-1027,00000000,FFFFE000,00000000,00000000,00000000,00000000,0,0,8033CF58,00000000,00000000,00000000
O,61,7,0101,800ECEF0,1063,5562,-744,00000000,FFFFE000,00000000,00000000,00000000,00000000,0,0,8033D1B8,00000000,00000000,00000000
O,61,8,0101,800ECF24,-1350,748,-1208,00000000,00002000,00000000,00000000,00000000,00000000,0,0,8033D418,00000000,00000000,00000000
O,61,9,0101,800ECF24,-690,901,-910,00000000,00002000,00000000,00000000,00000000,00000000,0,0,8033D678,00000000,00000000,00000000
O,61,10,0101,800ECF24,-1389,-3030,-1028,00000000,00002000,00000000,00000000,00000000,00000000,0,0,8033D8D8,00000000,00000000,00000000
O,61,11,0101,800ECF24,937,-3867,-1041,00000000,00002000,00000000,00000000,00000000,00000000,0,0,8033DB38,00000000,00000000,00000000
O,61,12,0101,800ECF5C,-139,-4408,-1056,00000000,00006000,00000000,00000000,00000000,00000000,0,0,8033DD98,00000000,00000000,00000000
O,61,13,0101,800ECF5C,618,3656,148,00000000,00004000,00000000,00000000,00000000,00000000,0,0,8033DFF8,00000000,00000000,00000000
O,61,14,0101,800ECF5C,963,3297,608,00000000,FFFFC000,00000000,00000000,00000000,00000000,0,0,8033E258,00000000,00000000,00000000
O,61,15,0101,800ECF5C,1306,2939,1069,00000000,00004000,00000000,00000000,00000000,00000000,0,0,8033E4B8,00000000,00000000,00000000
O,61,16,0101,800ECF5C,-1179,-1453,-792,00000000,FFFFE000,00000000,00000000,00000000,00000000,0,0,8033E718,00000000,00000000,00000000
O,61,17,0101,800ECF94,174,1248,2040,00000000,FFFF8000,00000000,00000000,00000000,00000000,0,0,8033E978,00000000,00000000,00000000
O,61,18,0101,800ECF94,-1321,1490,-1563,00000000,00002000,00000000,00000000,00000000,00000000,0,0,8033EBD8,00000000,00000000,00000000
O,61,19,0101,800ECF94,-1076,1730,-1808,00000000,00002000,00000000,00000000,00000000,00000000,0,0,8033EE38,00000000,00000000,00000000
O,61,20,0101,800ECF94,-1319,1970,-1564,00000000,00002000,00000000,00000000,00000000,00000000,0,0,8033F098,00000000,00000000,00000000
O,61,21,0101,800ECF94,-517,3175,2040,00000000,FFFF8000,00000000,00000000,00000000,00000000,0,0,8033F2F8,00000000,00000000,00000000
O,61,22,0101,800ECF94,-170,1248,2040,00000000,FFFF8000,00000000,00000000,00000000,00000000,0,0,8033F558,00000000,00000000,00000000
O,61,23,0101,800ECF94,-515,1248,2040,00000000,FFFF8000,00000000,00000000,00000000,00000000,0,0,8033F7B8,00000000,00000000,00000000
O,61,24,0101,800ECF94,-175,-1351,-2039,00000000,00000000,00000000,00000000,00000000,00000000,0,0,8033FA18,00000000,00000000,00000000
O,61,25,0101,800ECF94,-515,-2590,2040,00000000,FFFF8000,00000000,00000000,00000000,00000000,0,0,8033FC78,00000000,00000000,00000000
O,61,26,0101,800ECF94,518,3175,2040,00000000,FFFF8000,00000000,00000000,00000000,00000000,0,0,8033FED8,00000000,00000000,00000000
O,61,27,0101,800ECF94,-171,3175,2040,00000000,FFFF8000,00000000,00000000,00000000,00000000,0,0,80340138,00000000,00000000,00000000
O,61,28,0101,800ECF94,174,3175,2040,00000000,FFFF8000,00000000,00000000,00000000,00000000,0,0,80340398,00000000,00000000,00000000
O,61,29,0101,800ECFCC,1490,-2088,-873,00000000,00000000,00000000,00000000,00000000,00000000,0,0,803405F8,00000000,00000000,00000000
O,61,30,0101,800ECFCC,-708,-1606,-1589,00000000,00000000,00000000,00000000,00000000,00000000,0,0,80340858,00000000,00000000,00000000
O,61,31,0101,800ECFCC,954,-1627,-1448,00000000,00000000,00000000,00000000,00000000,00000000,0,0,80340AB8,00000000,00000000,00000000
O,61,32,0101,800ECFCC,1215,-1781,-1215,00000000,00000000,00000000,00000000,00000000,00000000,0,0,80340D18,00000000,00000000,00000000
O,61,33,0101,800ECFCC,1052,-1934,-769,00000000,00000000,00000000,00000000,00000000,00000000,0,0,80340F78,00000000,00000000,00000000
O,61,34,0101,800ECFCC,-620,1229,1233,00000000,FFFFA000,00000000,00000000,00000000,00000000,0,0,803411D8,00000000,00000000,00000000
O,61,35,0101,800ECFCC,1050,-19,-1037,00000000,FFFFE000,00000000,00000000,00000000,00000000,0,0,80341438,00000000,00000000,00000000
O,61,36,0101,800ECFF8,-1100,-71,-1030,00000000,FFFFE000,00000000,00000000,00000000,00000000,0,0,80341698,00000000,00000000,00000000
O,61,37,0101,800ED064,0,6011,0,00000000,FFFFA000,00000000,00000000,00000000,00000000,0,0,803418F8,00000000,00000000,00000000
O,61,38,0101,800ED064,0,-2487,0,00000000,00002000,00000000,00000000,00000000,00000000,0,0,80341B58,00000000,00000000,00000000
O,61,39,0101,800ED090,1102,-3619,1682,00000000,00006000,00000000,00000000,00000000,00000000,0,0,80341DB8,00000000,00000000,00000000
O,61,40,0101,800ED090,424,-3312,1959,00000000,00004000,00000000,00000000,00000000,00000000,0,0,80342018,00000000,00000000,00000000
O,61,41,0101,800ED090,1102,-3004,1682,00000000,00006000,00000000,00000000,00000000,00000000,0,0,80342278,00000000,00000000,00000000
O,61,42,0101,800ED090,1584,-2697,1200,00000000,00006000,00000000,00000000,00000000,00000000,0,0,803424D8,00000000,00000000,00000000
O,61,43,0101,800ED090,1582,-3619,1203,00000000,00006000,00000000,00000000,00000000,00000000,0,0,80342738,00000000,00000000,00000000
O,61,44,0101,800ED090,-762,4347,1047,00000000,00006000,00000000,00000000,00000000,00000000,0,0,80342998,00000000,00000000,00000000
O,61,45,0101,800ED090,424,-3926,1959,00000000,00004000,00000000,00000000,00000000,00000000,0,0,80342BF8,00000000,00000000,00000000
O,61,46,0101,800ED090,1102,-4233,1682,00000000,00006000,00000000,00000000,00000000,00000000,0,0,80342E58,00000000,00000000,00000000
O,61,47,0101,800ED090,1102,-4848,1682,00000000,00006000,00000000,00000000,00000000,00000000,0,0,803430B8,00000000,00000000,00000000
O,61,48,0101,800ED090,424,-4540,1959,00000000,00004000,00000000,00000000,00000000,00000000,0,0,80343318,00000000,00000000,00000000
O,61,49,0101,800ED090,-1037,4244,772,00000000,FFFFE000,00000000,00000000,00000000,00000000,0,0,80343578,00000000,00000000,00000000
O,61,50,0101,800ED090,1828,3835,-50,00000000,00000000,00000000,00000000,00000000,00000000,0,0,803437D8,00000000,00000000,00000000
O,61,51,0101,800ED090,1459,3835,-357,00000000,00000000,00000000,00000000,00000000,00000000,0,0,80343A38,00000000,00000000,00000000
O,61,52,0101,800ED090,1091,3835,-665,00000000,00000000,00000000,00000000,00000000,00000000,0,0,80343C98,00000000,00000000,00000000
O,61,53,0101,800ED064,1580,-4854,-825,00000000,00000000,00000000,00000000,00000000,00000000,0,0,80343EF8,00000000,00000000,00000000
O,61,54,0101,800ED064,-1692,1022,-1157,00000000,00000000,00000000,00000000,00000000,00000000,0,0,80344158,00000000,00000000,00000000
O,61,55,0101,800ED064,2098,7007,2243,00000000,00000000,00000000,00000000,00000000,00000000,0,0,803443B8,00000000,00000000,00000000
O,61,56,0101,800ED064,1801,-4843,-731,00000000,00000000,00000000,00000000,00000000,00000000,0,0,80344618,00000000,00000000,00000000
O,61,57,0101,800ED064,-1477,1044,-1088,00000000,00000000,00000000,00000000,00000000,00000000,0,0,80344878,00000000,00000000,00000000
O,61,58,0101,800ED064,2268,7030,2227,00000000,00000000,00000000,00000000,00000000,00000000,0,0,80344AD8,00000000,00000000,00000000
O,61,59,0101,800EC1AC,800,-4400,1900,00000000,00000000,00000000,00000000,00000000,00000000,0,0,80344D38,00000000,00000000,00000000
O,61,60,0101,800EC1AC,800,-3700,1900,00000000,00000000,00000000,00000000,00000000,00000000,0,0,80344F98,00000000,00000000,00000000
O,61,61,0101,800EC1AC,800,-3000,1900,00000000,00000000,00000000,00000000,00000000,00000000,0,0,803451F8,00000000,00000000,00000000
O,61,62,0101,800EC1AC,1780,-3300,1000,00000000,00000000,00000000,00000000,00000000,00000000,0,0,80345458,00000000,00000000,00000000
O,61,63,0101,800EC1AC,1388,-3300,1428,00000000,00000000,00000000,00000000,00000000,00000000,0,0,803456B8,00000000,00000000,00000000
O,61,64,0101,800EC1AC,200,-3000,2000,00000000,00000000,00000000,00000000,00000000,00000000,0,0,80345918,00000000,00000000,00000000
O,61,65,0101,800EC1AC,200,-3700,2000,00000000,00000000,00000000,00000000,00000000,00000000,0,0,80345B78,00000000,00000000,00000000
O,61,66,0101,800EC1AC,200,-4400,2000,00000000,00000000,00000000,00000000,00000000,00000000,0,0,80345DD8,00000000,00000000,00000000
O,61,67,0101,800EC4A4,-1080,90,1575,00000000,00000000,00000000,00000000,00000000,00000000,0,0,80346038,00000000,00000000,00000000
O,61,68,0101,800ED028,-1179,445,1413,00000000,00002000,00000000,00000000,00000000,00000000,0,0,80346298,00000000,00000000,00000000
O,61,69,0101,800ED028,-1524,-1454,1129,00000000,FFFFE000,00000000,00000000,00000000,00000000,0,0,803464F8,00000000,00000000,00000000
O,61,70,0101,800EB688,-980,-700,1450,00000000,00000000,00000000,00000000,00000000,00000000,0,0,80346758,00000000,00000000,00000000
O,61,71,0101,800EA888,-1203,-19,-170,00000000,00002000,00000000,00000000,00000000,00000000,0,0,803469B8,00000000,00000000,00000000
O,61,72,0101,800EA8A8,0,20,-1400,00000000,00000000,00000000,00000000,00000000,00000000,0,0,80346C18,00000000,00000000,00000000
O,61,73,0101,800EA8A8,-250,20,-1700,00000000,00000000,00000000,00000000,00000000,00000000,0,0,80346E78,00000000,00000000,00000000
O,61,74,0101,800EA8A8,250,20,-1700,00000000,00000000,00000000,00000000,00000000,00000000,0,0,803470D8,00000000,00000000,00000000
O,61,75,0101,800EA8A8,0,20,-2000,00000000,00000000,00000000,00000000,00000000,00000000,0,0,80347338,00000000,00000000,00000000
O,61,76,0101,800EA8A8,500,20,-2000,00000000,00000000,00000000,00000000,00000000,00000000,0,0,80347598,00000000,00000000,00000000
O,61,77,0101,800EA8A8,-500,20,-2000,00000000,00000000,00000000,00000000,00000000,00000000,0,0,803477F8,00000000,00000000,00000000
O,61,78,0101,800E9868,880,-19,1160,00000000,00000000,00000000,00000000,00000000,00000000,0,0,80347A58,00000000,00000000,00000000
O,61,79,0101,800ED48C,800,-2460,160,00000000,00000000,00000000,00000000,00000000,00000000,0,0,80347CB8,00000000,00000000,00000000
O,61,80,0101,800E8C0C,-1120,-820,1320,00000000,00002000,00000000,00000000,00000000,00000000,0,0,80347F18,00000000,00000000,00000000
O,61,81,0101,800ED48C,-571,6020,-1414,00000000,00000000,00000000,00000000,00000000,00000000,0,0,80348178,00000000,00000000,00000000
O,61,82,0101,800ED1F8,620,-5150,1540,00000000,00000000,00000000,00000000,00000000,00000000,0,0,803483D8,00000000,00000000,00000000
O,61,83,0101,800EC424,-520,1351,1919,00000000,00000000,00000000,00000000,00000000,00000000,0,0,80348638,00000000,00000000,00000000
O,61,84,0101,800EC424,-165,1351,1919,00000000,00000000,00000000,00000000,00000000,00000000,0,0,80348898,00000000,00000000,00000000
O,61,85,0101,800EC424,182,1351,1919,00000000,00000000,00000000,00000000,00000000,00000000,0,0,80348AF8,00000000,00000000,00000000
O,61,86,0101,800EC3EC,657,1368,1879,00000000,00000000,00000000,00000000,00000000,00000000,0,0,80348D58,00000000,00000000,00000000
O,61,87,0101,800EB688,-700,-2350,-700,00000000,00000000,00000000,00000000,00000000,00000000,0,0,80348FB8,00000000,00000000,00000000
O,61,88,0101,800EA570,1883,4150,550,00000000,00000000,00000000,00000000,00000000,00000000,0,0,80349218,00000000,00000000,00000000
O,61,89,0101,800ED1F8,-1333,350,1116,00000000,00000000,00000000,00000000,00000000,00000000,0,0,80349478,00000000,00000000,00000000
O,61,90,0101,800EA570,-1101,6316,-685,00000000,00002000,00000000,00000000,00000000,00000000,0,0,803496D8,00000000,00000000,00000000
O,61,91,0101,800EB474,1077,-4822,638,00000000,00000000,00000000,00000000,00000000,00000000,0,0,80349938,00000000,00000000,00000000
O,61,92,0101,800EB474,1683,-4822,189,00000000,00000000,00000000,00000000,00000000,00000000,0,0,80349B98,00000000,00000000,00000000
O,61,93,0101,800EA8A8,0,20,-1700,00000000,00000000,00000000,00000000,00000000,00000000,0,0,80349DF8,00000000,00000000,00000000
O,61,94,0101,800ECFCC,-1020,1229,537,00000000,00000000,00000000,00000000,00000000,00000000,0,0,8034A058,00000000,00000000,00000000
O,61,95,0101,800EA570,2350,5600,2350,00000000,00002000,00000000,00000000,00000000,00000000,0,0,8034A2B8,00000000,00000000,00000000
O,61,96,0101,800EA570,0,4783,0,00000000,00000000,00000000,00000000,00000000,00000000,0,0,8034A518,00000000,00000000,00000000
O,61,97,0101,800EA570,-1140,-3720,-1620,00000000,00002000,00000000,00000000,00000000,00000000,0,0,8034A778,00000000,00000000,00000000
O,61,98,0101,800EA570,840,-2200,860,00000000,00002000,00000000,00000000,00000000,00000000,0,0,8034A9D8,00000000,00000000,00000000
O,61,99,0101,800E8C3C,-770,-3800,-440,00000000,00000000,00000000,00000000,00000000,00000000,0,0,8034AC38,00000000,00000000,00000000
O,61,100,0101,800E8C3C,-770,-3700,-440,00000000,00000000,00000000,00000000,00000000,00000000,0,0,8034AE98,00000000,00000000,00000000
O,61,101,0101,800EA570,280,-4920,1660,00000000,00000000,00000000,00000000,00000000,00000000,0,0,8034B0F8,00000000,00000000,00000000
O,61,102,0101,800EA570,1240,300,840,00000000,00002000,00000000,00000000,00000000,00000000,0,0,8034B358,00000000,00000000,00000000
O,61,103,0101,800EA570,520,300,1500,00000000,00002000,00000000,00000000,00000000,00000000,0,0,8034B5B8,00000000,00000000,00000000
O,61,104,0101,800EA570,-400,3600,1880,00000000,00000000,00000000,00000000,00000000,00000000,0,0,8034B818,00000000,00000000,00000000
O,61,105,0101,800EA570,-40,4160,-1280,00000000,00000000,00000000,00000000,00000000,00000000,0,0,8034BA78,00000000,00000000,00000000
O,61,106,0101,800EA570,-1160,2920,-840,00000000,00002000,00000000,00000000,00000000,00000000,0,0,8034BCD8,00000000,00000000,00000000
O,61,107,0101,800EA570,-780,6316,-1020,00000000,00002000,00000000,00000000,00000000,00000000,0,0,8034BF38,00000000,00000000,00000000
O,61,108,0101,800ECF5C,1313,6190,1313,00000000,00002000,00000000,00000000,00000000,00000000,0,0,8034C198,00000000,00000000,00000000
O,61,109,0101,800ECF5C,1851,-2488,-98,00000000,00000000,00000000,00000000,00000000,00000000,0,0,8034C3F8,00000000,00000000,00000000
O,61,110,0101,800EC18C,1815,-3200,800,00000000,00000000,00000000,00000000,00000000,00000000,0,0,8034C658,00000000,00000000,00000000
O,61,111,0101,800EC13C,-1050,2400,-790,00000000,00000000,00000000,00000000,00000000,00000000,0,0,8034C8B8,00000000,00000000,00000000
O,61,112,0101,800EC13C,2200,7300,2210,00000000,00000000,00000000,00000000,00000000,00000000,0,0,8034CB18,00000000,00000000,00000000
O,61,113,0101,800EC13C,-1300,-2250,-1300,00000000,00000000,00000000,00000000,00000000,00000000,0,0,8034CD78,00000000,00000000,00000000
O,61,114,0101,800EC13C,-1850,300,-950,00000000,00000000,00000000,00000000,00000000,00000000,0,0,8034CFD8,00000000,00000000,00000000
O,61,115,0101,800EC13C,-1450,-1130,-1050,00000000,00000000,00000000,00000000,00000000,00000000,0,0,8034D238,00000000,00000000,00000000
O,61,116,0101,800E8EAC,1919,6191,1919,00000000,FFFFA000,00000000,00000000,00000000,00000000,0,0,8034D498,00000000,00000000,00000000
O,61,117,0101,800E8464,-1080,-840,1573,00000000,00000000,00000000,00000000,00000000,00000000,0,0,8034D6F8,00000000,00000000,00000000
O,61,118,0101,800EB274,1417,-3822,-548,00000000,FFFFE0B6,00000000,00000000,00000000,00000000,0,0,8034D958,00000000,00000000,00000000
O,61,119,0101,800EB1C0,1417,-3822,-548,00000000,FFFFE0B6,00000000,00000000,00000000,00000000,0,0,8034DBB8,00000000,00000000,00000000
M,62,18,104965,3,00001924,0C400201,0,0,00000000,1417,-3822,-548,-1.39015019,0,1.4378742,2,-8010,-4822,20000,00000000,00000000,801693C0,8034D958,00000000,8034D958,00000000,8034DBB8,00000000,00000000,-1
O,62,0,0101,800ECEF0,-1032,-3291,1070,00000000,00002000,00000000,00000000,00000000,00000000,0,0,8033C118,00000000,00000000,00000000
O,62,1,0101,800ECEF0,-1881,1767,-446,00000000,00004000,00000000,00000000,00000000,00000000,0,0,8033C378,00000000,00000000,00000000
O,62,2,0101,800ECEF0,-1870,2068,362,00000000,00004000,00000000,00000000,00000000,00000000,0,0,8033C5D8,00000000,00000000,00000000
O,62,3,0101,800ECEF0,-770,-4361,-423,00000000,FFFFA000,00000000,00000000,00000000,00000000,0,0,8033C838,00000000,00000000,00000000
O,62,4,0101,800ECEF0,-1314,-3691,788,00000000,00006000,00000000,00000000,00000000,00000000,0,0,8033CA98,00000000,00000000,00000000
O,62,5,0101,800ECEF0,-1314,-2892,1353,00000000,00006000,00000000,00000000,00000000,00000000,0,0,8033CCF8,00000000,00000000,00000000
O,62,6,0101,800ECEF0,780,5767,-1027,00000000,FFFFE000,00000000,00000000,00000000,00000000,0,0,8033CF58,00000000,00000000,00000000
O,62,7,0101,800ECEF0,1063,5562,-744,00000000,FFFFE000,00000000,00000000,00000000,00000000,0,0,8033D1B8,00000000,00000000,00000000
O,62,8,0101,800ECF24,-1350,748,-1208,00000000,00002000,00000000,00000000,00000000,00000000,0,0,8033D418,00000000,00000000,00000000
O,62,9,0101,800ECF24,-690,901,-910,00000000,00002000,00000000,00000000,00000000,00000000,0,0,8033D678,00000000,00000000,00000000
O,62,10,0101,800ECF24,-1389,-3030,-1028,00000000,00002000,00000000,00000000,00000000,00000000,0,0,8033D8D8,00000000,00000000,00000000
O,62,11,0101,800ECF24,937,-3867,-1041,00000000,00002000,00000000,00000000,00000000,00000000,0,0,8033DB38,00000000,00000000,00000000
O,62,12,0101,800ECF5C,-139,-4408,-1056,00000000,00006000,00000000,00000000,00000000,00000000,0,0,8033DD98,00000000,00000000,00000000
O,62,13,0101,800ECF5C,618,3656,148,00000000,00004000,00000000,00000000,00000000,00000000,0,0,8033DFF8,00000000,00000000,00000000
O,62,14,0101,800ECF5C,963,3297,608,00000000,FFFFC000,00000000,00000000,00000000,00000000,0,0,8033E258,00000000,00000000,00000000
O,62,15,0101,800ECF5C,1306,2939,1069,00000000,00004000,00000000,00000000,00000000,00000000,0,0,8033E4B8,00000000,00000000,00000000
O,62,16,0101,800ECF5C,-1179,-1453,-792,00000000,FFFFE000,00000000,00000000,00000000,00000000,0,0,8033E718,00000000,00000000,00000000
O,62,17,0101,800ECF94,174,1248,2040,00000000,FFFF8000,00000000,00000000,00000000,00000000,0,0,8033E978,00000000,00000000,00000000
O,62,18,0101,800ECF94,-1321,1490,-1563,00000000,00002000,00000000,00000000,00000000,00000000,0,0,8033EBD8,00000000,00000000,00000000
O,62,19,0101,800ECF94,-1076,1730,-1808,00000000,00002000,00000000,00000000,00000000,00000000,0,0,8033EE38,00000000,00000000,00000000
O,62,20,0101,800ECF94,-1319,1970,-1564,00000000,00002000,00000000,00000000,00000000,00000000,0,0,8033F098,00000000,00000000,00000000
O,62,21,0101,800ECF94,-517,3175,2040,00000000,FFFF8000,00000000,00000000,00000000,00000000,0,0,8033F2F8,00000000,00000000,00000000
O,62,22,0101,800ECF94,-170,1248,2040,00000000,FFFF8000,00000000,00000000,00000000,00000000,0,0,8033F558,00000000,00000000,00000000
O,62,23,0101,800ECF94,-515,1248,2040,00000000,FFFF8000,00000000,00000000,00000000,00000000,0,0,8033F7B8,00000000,00000000,00000000
O,62,24,0101,800ECF94,-175,-1351,-2039,00000000,00000000,00000000,00000000,00000000,00000000,0,0,8033FA18,00000000,00000000,00000000
O,62,25,0101,800ECF94,-515,-2590,2040,00000000,FFFF8000,00000000,00000000,00000000,00000000,0,0,8033FC78,00000000,00000000,00000000
O,62,26,0101,800ECF94,518,3175,2040,00000000,FFFF8000,00000000,00000000,00000000,00000000,0,0,8033FED8,00000000,00000000,00000000
O,62,27,0101,800ECF94,-171,3175,2040,00000000,FFFF8000,00000000,00000000,00000000,00000000,0,0,80340138,00000000,00000000,00000000
O,62,28,0101,800ECF94,174,3175,2040,00000000,FFFF8000,00000000,00000000,00000000,00000000,0,0,80340398,00000000,00000000,00000000
O,62,29,0101,800ECFCC,1490,-2088,-873,00000000,00000000,00000000,00000000,00000000,00000000,0,0,803405F8,00000000,00000000,00000000
O,62,30,0101,800ECFCC,-708,-1606,-1589,00000000,00000000,00000000,00000000,00000000,00000000,0,0,80340858,00000000,00000000,00000000
O,62,31,0101,800ECFCC,954,-1627,-1448,00000000,00000000,00000000,00000000,00000000,00000000,0,0,80340AB8,00000000,00000000,00000000
O,62,32,0101,800ECFCC,1215,-1781,-1215,00000000,00000000,00000000,00000000,00000000,00000000,0,0,80340D18,00000000,00000000,00000000
O,62,33,0101,800ECFCC,1052,-1934,-769,00000000,00000000,00000000,00000000,00000000,00000000,0,0,80340F78,00000000,00000000,00000000
O,62,34,0101,800ECFCC,-620,1229,1233,00000000,FFFFA000,00000000,00000000,00000000,00000000,0,0,803411D8,00000000,00000000,00000000
O,62,35,0101,800ECFCC,1050,-19,-1037,00000000,FFFFE000,00000000,00000000,00000000,00000000,0,0,80341438,00000000,00000000,00000000
O,62,36,0101,800ECFF8,-1100,-71,-1030,00000000,FFFFE000,00000000,00000000,00000000,00000000,0,0,80341698,00000000,00000000,00000000
O,62,37,0101,800ED064,0,6011,0,00000000,FFFFA000,00000000,00000000,00000000,00000000,0,0,803418F8,00000000,00000000,00000000
O,62,38,0101,800ED064,0,-2487,0,00000000,00002000,00000000,00000000,00000000,00000000,0,0,80341B58,00000000,00000000,00000000
O,62,39,0101,800ED090,1102,-3619,1682,00000000,00006000,00000000,00000000,00000000,00000000,0,0,80341DB8,00000000,00000000,00000000
O,62,40,0101,800ED090,424,-3312,1959,00000000,00004000,00000000,00000000,00000000,00000000,0,0,80342018,00000000,00000000,00000000
O,62,41,0101,800ED090,1102,-3004,1682,00000000,00006000,00000000,00000000,00000000,00000000,0,0,80342278,00000000,00000000,00000000
O,62,42,0101,800ED090,1584,-2697,1200,00000000,00006000,00000000,00000000,00000000,00000000,0,0,803424D8,00000000,00000000,00000000
O,62,43,0101,800ED090,1582,-3619,1203,00000000,00006000,00000000,00000000,00000000,00000000,0,0,80342738,00000000,00000000,00000000
O,62,44,0101,800ED090,-762,4347,1047,00000000,00006000,00000000,00000000,00000000,00000000,0,0,80342998,00000000,00000000,00000000
O,62,45,0101,800ED090,424,-3926,1959,00000000,00004000,00000000,00000000,00000000,00000000,0,0,80342BF8,00000000,00000000,00000000
O,62,46,0101,800ED090,1102,-4233,1682,00000000,00006000,00000000,00000000,00000000,00000000,0,0,80342E58,00000000,00000000,00000000
O,62,47,0101,800ED090,1102,-4848,1682,00000000,00006000,00000000,00000000,00000000,00000000,0,0,803430B8,00000000,00000000,00000000
O,62,48,0101,800ED090,424,-4540,1959,00000000,00004000,00000000,00000000,00000000,00000000,0,0,80343318,00000000,00000000,00000000
O,62,49,0101,800ED090,-1037,4244,772,00000000,FFFFE000,00000000,00000000,00000000,00000000,0,0,80343578,00000000,00000000,00000000
O,62,50,0101,800ED090,1828,3835,-50,00000000,00000000,00000000,00000000,00000000,00000000,0,0,803437D8,00000000,00000000,00000000
O,62,51,0101,800ED090,1459,3835,-357,00000000,00000000,00000000,00000000,00000000,00000000,0,0,80343A38,00000000,00000000,00000000
O,62,52,0101,800ED090,1091,3835,-665,00000000,00000000,00000000,00000000,00000000,00000000,0,0,80343C98,00000000,00000000,00000000
O,62,53,0101,800ED064,1580,-4854,-825,00000000,00000000,00000000,00000000,00000000,00000000,0,0,80343EF8,00000000,00000000,00000000
O,62,54,0101,800ED064,-1692,1022,-1157,00000000,00000000,00000000,00000000,00000000,00000000,0,0,80344158,00000000,00000000,00000000
O,62,55,0101,800ED064,2098,7007,2243,00000000,00000000,00000000,00000000,00000000,00000000,0,0,803443B8,00000000,00000000,00000000
O,62,56,0101,800ED064,1801,-4843,-731,00000000,00000000,00000000,00000000,00000000,00000000,0,0,80344618,00000000,00000000,00000000
O,62,57,0101,800ED064,-1477,1044,-1088,00000000,00000000,00000000,00000000,00000000,00000000,0,0,80344878,00000000,00000000,00000000
O,62,58,0101,800ED064,2268,7030,2227,00000000,00000000,00000000,00000000,00000000,00000000,0,0,80344AD8,00000000,00000000,00000000
O,62,59,0101,800EC1AC,800,-4400,1900,00000000,00000000,00000000,00000000,00000000,00000000,0,0,80344D38,00000000,00000000,00000000
O,62,60,0101,800EC1AC,800,-3700,1900,00000000,00000000,00000000,00000000,00000000,00000000,0,0,80344F98,00000000,00000000,00000000
O,62,61,0101,800EC1AC,800,-3000,1900,00000000,00000000,00000000,00000000,00000000,00000000,0,0,803451F8,00000000,00000000,00000000
O,62,62,0101,800EC1AC,1780,-3300,1000,00000000,00000000,00000000,00000000,00000000,00000000,0,0,80345458,00000000,00000000,00000000
O,62,63,0101,800EC1AC,1388,-3300,1428,00000000,00000000,00000000,00000000,00000000,00000000,0,0,803456B8,00000000,00000000,00000000
O,62,64,0101,800EC1AC,200,-3000,2000,00000000,00000000,00000000,00000000,00000000,00000000,0,0,80345918,00000000,00000000,00000000
O,62,65,0101,800EC1AC,200,-3700,2000,00000000,00000000,00000000,00000000,00000000,00000000,0,0,80345B78,00000000,00000000,00000000
O,62,66,0101,800EC1AC,200,-4400,2000,00000000,00000000,00000000,00000000,00000000,00000000,0,0,80345DD8,00000000,00000000,00000000
O,62,67,0101,800EC4A4,-1080,90,1575,00000000,00000000,00000000,00000000,00000000,00000000,0,0,80346038,00000000,00000000,00000000
O,62,68,0101,800ED028,-1179,445,1413,00000000,00002000,00000000,00000000,00000000,00000000,0,0,80346298,00000000,00000000,00000000
O,62,69,0101,800ED028,-1524,-1454,1129,00000000,FFFFE000,00000000,00000000,00000000,00000000,0,0,803464F8,00000000,00000000,00000000
O,62,70,0101,800EB688,-980,-700,1450,00000000,00000000,00000000,00000000,00000000,00000000,0,0,80346758,00000000,00000000,00000000
O,62,71,0101,800EA888,-1203,-19,-170,00000000,00002000,00000000,00000000,00000000,00000000,0,0,803469B8,00000000,00000000,00000000
O,62,72,0101,800EA8A8,0,20,-1400,00000000,00000000,00000000,00000000,00000000,00000000,0,0,80346C18,00000000,00000000,00000000
O,62,73,0101,800EA8A8,-250,20,-1700,00000000,00000000,00000000,00000000,00000000,00000000,0,0,80346E78,00000000,00000000,00000000
O,62,74,0101,800EA8A8,250,20,-1700,00000000,00000000,00000000,00000000,00000000,00000000,0,0,803470D8,00000000,00000000,00000000
O,62,75,0101,800EA8A8,0,20,-2000,00000000,00000000,00000000,00000000,00000000,00000000,0,0,80347338,00000000,00000000,00000000
O,62,76,0101,800EA8A8,500,20,-2000,00000000,00000000,00000000,00000000,00000000,00000000,0,0,80347598,00000000,00000000,00000000
O,62,77,0101,800EA8A8,-500,20,-2000,00000000,00000000,00000000,00000000,00000000,00000000,0,0,803477F8,00000000,00000000,00000000
O,62,78,0101,800E9868,880,-19,1160,00000000,00000000,00000000,00000000,00000000,00000000,0,0,80347A58,00000000,00000000,00000000
O,62,79,0101,800ED48C,800,-2460,160,00000000,00000000,00000000,00000000,00000000,00000000,0,0,80347CB8,00000000,00000000,00000000
O,62,80,0101,800E8C0C,-1120,-820,1320,00000000,00002000,00000000,00000000,00000000,00000000,0,0,80347F18,00000000,00000000,00000000
O,62,81,0101,800ED48C,-571,6020,-1414,00000000,00000000,00000000,00000000,00000000,00000000,0,0,80348178,00000000,00000000,00000000
O,62,82,0101,800ED1F8,620,-5150,1540,00000000,00000000,00000000,00000000,00000000,00000000,0,0,803483D8,00000000,00000000,00000000
O,62,83,0101,800EC424,-520,1351,1919,00000000,00000000,00000000,00000000,00000000,00000000,0,0,80348638,00000000,00000000,00000000
O,62,84,0101,800EC424,-165,1351,1919,00000000,00000000,00000000,00000000,00000000,00000000,0,0,80348898,00000000,00000000,00000000
O,62,85,0101,800EC424,182,1351,1919,00000000,00000000,00000000,00000000,00000000,00000000,0,0,80348AF8,00000000,00000000,00000000
O,62,86,0101,800EC3EC,657,1368,1879,00000000,00000000,00000000,00000000,00000000,00000000,0,0,80348D58,00000000,00000000,00000000
O,62,87,0101,800EB688,-700,-2350,-700,00000000,00000000,00000000,00000000,00000000,00000000,0,0,80348FB8,00000000,00000000,00000000
O,62,88,0101,800EA570,1883,4150,550,00000000,00000000,00000000,00000000,00000000,00000000,0,0,80349218,00000000,00000000,00000000
O,62,89,0101,800ED1F8,-1333,350,1116,00000000,00000000,00000000,00000000,00000000,00000000,0,0,80349478,00000000,00000000,00000000
O,62,90,0101,800EA570,-1101,6316,-685,00000000,00002000,00000000,00000000,00000000,00000000,0,0,803496D8,00000000,00000000,00000000
O,62,91,0101,800EB474,1077,-4822,638,00000000,00000000,00000000,00000000,00000000,00000000,0,0,80349938,00000000,00000000,00000000
O,62,92,0101,800EB474,1683,-4822,189,00000000,00000000,00000000,00000000,00000000,00000000,0,0,80349B98,00000000,00000000,00000000
O,62,93,0101,800EA8A8,0,20,-1700,00000000,00000000,00000000,00000000,00000000,00000000,0,0,80349DF8,00000000,00000000,00000000
O,62,94,0101,800ECFCC,-1020,1229,537,00000000,00000000,00000000,00000000,00000000,00000000,0,0,8034A058,00000000,00000000,00000000
O,62,95,0101,800EA570,2350,5600,2350,00000000,00002000,00000000,00000000,00000000,00000000,0,0,8034A2B8,00000000,00000000,00000000
O,62,96,0101,800EA570,0,4783,0,00000000,00000000,00000000,00000000,00000000,00000000,0,0,8034A518,00000000,00000000,00000000
O,62,97,0101,800EA570,-1140,-3720,-1620,00000000,00002000,00000000,00000000,00000000,00000000,0,0,8034A778,00000000,00000000,00000000
O,62,98,0101,800EA570,840,-2200,860,00000000,00002000,00000000,00000000,00000000,00000000,0,0,8034A9D8,00000000,00000000,00000000
O,62,99,0101,800E8C3C,-770,-3800,-440,00000000,00000000,00000000,00000000,00000000,00000000,0,0,8034AC38,00000000,00000000,00000000
O,62,100,0101,800E8C3C,-770,-3700,-440,00000000,00000000,00000000,00000000,00000000,00000000,0,0,8034AE98,00000000,00000000,00000000
O,62,101,0101,800EA570,280,-4920,1660,00000000,00000000,00000000,00000000,00000000,00000000,0,0,8034B0F8,00000000,00000000,00000000
O,62,102,0101,800EA570,1240,300,840,00000000,00002000,00000000,00000000,00000000,00000000,0,0,8034B358,00000000,00000000,00000000
O,62,103,0101,800EA570,520,300,1500,00000000,00002000,00000000,00000000,00000000,00000000,0,0,8034B5B8,00000000,00000000,00000000
O,62,104,0101,800EA570,-400,3600,1880,00000000,00000000,00000000,00000000,00000000,00000000,0,0,8034B818,00000000,00000000,00000000
O,62,105,0101,800EA570,-40,4160,-1280,00000000,00000000,00000000,00000000,00000000,00000000,0,0,8034BA78,00000000,00000000,00000000
O,62,106,0101,800EA570,-1160,2920,-840,00000000,00002000,00000000,00000000,00000000,00000000,0,0,8034BCD8,00000000,00000000,00000000
O,62,107,0101,800EA570,-780,6316,-1020,00000000,00002000,00000000,00000000,00000000,00000000,0,0,8034BF38,00000000,00000000,00000000
O,62,108,0101,800ECF5C,1313,6190,1313,00000000,00002000,00000000,00000000,00000000,00000000,0,0,8034C198,00000000,00000000,00000000
O,62,109,0101,800ECF5C,1851,-2488,-98,00000000,00000000,00000000,00000000,00000000,00000000,0,0,8034C3F8,00000000,00000000,00000000
O,62,110,0101,800EC18C,1815,-3200,800,00000000,00000000,00000000,00000000,00000000,00000000,0,0,8034C658,00000000,00000000,00000000
O,62,111,0101,800EC13C,-1050,2400,-790,00000000,00000000,00000000,00000000,00000000,00000000,0,0,8034C8B8,00000000,00000000,00000000
O,62,112,0101,800EC13C,2200,7300,2210,00000000,00000000,00000000,00000000,00000000,00000000,0,0,8034CB18,00000000,00000000,00000000
O,62,113,0101,800EC13C,-1300,-2250,-1300,00000000,00000000,00000000,00000000,00000000,00000000,0,0,8034CD78,00000000,00000000,00000000
O,62,114,0101,800EC13C,-1850,300,-950,00000000,00000000,00000000,00000000,00000000,00000000,0,0,8034CFD8,00000000,00000000,00000000
O,62,115,0101,800EC13C,-1450,-1130,-1050,00000000,00000000,00000000,00000000,00000000,00000000,0,0,8034D238,00000000,00000000,00000000
O,62,116,0101,800E8EAC,1919,6191,1919,00000000,FFFFA000,00000000,00000000,00000000,00000000,0,0,8034D498,00000000,00000000,00000000
O,62,117,0101,800E8464,-1080,-840,1573,00000000,00000000,00000000,00000000,00000000,00000000,0,0,8034D6F8,00000000,00000000,00000000
O,62,118,0101,800EB274,1417,-3822,-548,00000000,FFFFE0B6,00000000,00000000,00000000,00000000,0,0,8034D958,00000000,00000000,00000000
O,62,119,0101,800EB1C0,1417,-3822,-548,00000000,FFFFE0B6,00000000,00000000,00000000,00000000,0,0,8034DBB8,00000000,00000000,00000000
M,63,18,104965,3,00001924,0C400201,0,0,00000000,1417,-3822,-548,-1.39015019,0,1.4378742,2,-8010,-4822,20000,00000000,00000000,801693C0,8034D958,00000000,8034D958,00000000,8034DBB8,00000000,00000000,-1
O,63,0,0101,800ECEF0,-1032,-3291,1070,00000000,00002000,00000000,00000000,00000000,00000000,0,0,8033C118,00000000,00000000,00000000
O,63,1,0101,800ECEF0,-1881,1767,-446,00000000,00004000,00000000,00000000,00000000,00000000,0,0,8033C378,00000000,00000000,00000000
O,63,2,0101,800ECEF0,-1870,2068,362,00000000,00004000,00000000,00000000,00000000,00000000,0,0,8033C5D8,00000000,00000000,00000000
O,63,3,0101,800ECEF0,-770,-4361,-423,00000000,FFFFA000,00000000,00000000,00000000,00000000,0,0,8033C838,00000000,00000000,00000000
O,63,4,0101,800ECEF0,-1314,-3691,788,00000000,00006000,00000000,00000000,00000000,00000000,0,0,8033CA98,00000000,00000000,00000000
O,63,5,0101,800ECEF0,-1314,-2892,1353,00000000,00006000,00000000,00000000,00000000,00000000,0,0,8033CCF8,00000000,00000000,00000000
O,63,6,0101,800ECEF0,780,5767,-1027,00000000,FFFFE000,00000000,00000000,00000000,00000000,0,0,8033CF58,00000000,00000000,00000000
O,63,7,0101,800ECEF0,1063,5562,-744,00000000,FFFFE000,00000000,00000000,00000000,00000000,0,0,8033D1B8,00000000,00000000,00000000
O,63,8,0101,800ECF24,-1350,748,-1208,00000000,00002000,00000000,00000000,00000000,00000000,0,0,8033D418,00000000,00000000,00000000
O,63,9,0101,800ECF24,-690,901,-910,00000000,00002000,00000000,00000000,00000000,00000000,0,0,8033D678,00000000,00000000,00000000
O,63,10,0101,800ECF24,-1389,-3030,-1028,00000000,00002000,00000000,00000000,00000000,00000000,0,0,8033D8D8,00000000,00000000,00000000
O,63,11,0101,800ECF24,937,-3867,-1041,00000000,00002000,00000000,00000000,00000000,00000000,0,0,8033DB38,00000000,00000000,00000000
O,63,12,0101,800ECF5C,-139,-4408,-1056,00000000,00006000,00000000,00000000,00000000,00000000,0,0,8033DD98,00000000,00000000,00000000
O,63,13,0101,800ECF5C,618,3656,148,00000000,00004000,00000000,00000000,00000000,00000000,0,0,8033DFF8,00000000,00000000,00000000
O,63,14,0101,800ECF5C,963,3297,608,00000000,FFFFC000,00000000,00000000,00000000,00000000,0,0,8033E258,00000000,00000000,00000000
O,63,15,0101,800ECF5C,1306,2939,1069,00000000,00004000,00000000,00000000,00000000,00000000,0,0,8033E4B8,00000000,00000000,00000000
O,63,16,0101,800ECF5C,-1179,-1453,-792,00000000,FFFFE000,00000000,00000000,00000000,00000000,0,0,8033E718,00000000,00000000,00000000
O,63,17,0101,800ECF94,174,1248,2040,00000000,FFFF8000,00000000,00000000,00000000,00000000,0,0,8033E978,00000000,00000000,00000000
O,63,18,0101,800ECF94,-1321,1490,-1563,00000000,00002000,00000000,00000000,00000000,00000000,0,0,8033EBD8,00000000,00000000,00000000
O,63,19,0101,800ECF94,-1076,1730,-1808,00000000,00002000,00000000,00000000,00000000,00000000,0,0,8033EE38,00000000,00000000,00000000
O,63,20,0101,800ECF94,-1319,1970,-1564,00000000,00002000,00000000,00000000,00000000,00000000,0,0,8033F098,00000000,00000000,00000000
O,63,21,0101,800ECF94,-517,3175,2040,00000000,FFFF8000,00000000,00000000,00000000,00000000,0,0,8033F2F8,00000000,00000000,00000000
O,63,22,0101,800ECF94,-170,1248,2040,00000000,FFFF8000,00000000,00000000,00000000,00000000,0,0,8033F558,00000000,00000000,00000000
O,63,23,0101,800ECF94,-515,1248,2040,00000000,FFFF8000,00000000,00000000,00000000,00000000,0,0,8033F7B8,00000000,00000000,00000000
O,63,24,0101,800ECF94,-175,-1351,-2039,00000000,00000000,00000000,00000000,00000000,00000000,0,0,8033FA18,00000000,00000000,00000000
O,63,25,0101,800ECF94,-515,-2590,2040,00000000,FFFF8000,00000000,00000000,00000000,00000000,0,0,8033FC78,00000000,00000000,00000000
O,63,26,0101,800ECF94,518,3175,2040,00000000,FFFF8000,00000000,00000000,00000000,00000000,0,0,8033FED8,00000000,00000000,00000000
O,63,27,0101,800ECF94,-171,3175,2040,00000000,FFFF8000,00000000,00000000,00000000,00000000,0,0,80340138,00000000,00000000,00000000
O,63,28,0101,800ECF94,174,3175,2040,00000000,FFFF8000,00000000,00000000,00000000,00000000,0,0,80340398,00000000,00000000,00000000
O,63,29,0101,800ECFCC,1490,-2088,-873,00000000,00000000,00000000,00000000,00000000,00000000,0,0,803405F8,00000000,00000000,00000000
O,63,30,0101,800ECFCC,-708,-1606,-1589,00000000,00000000,00000000,00000000,00000000,00000000,0,0,80340858,00000000,00000000,00000000
O,63,31,0101,800ECFCC,954,-1627,-1448,00000000,00000000,00000000,00000000,00000000,00000000,0,0,80340AB8,00000000,00000000,00000000
O,63,32,0101,800ECFCC,1215,-1781,-1215,00000000,00000000,00000000,00000000,00000000,00000000,0,0,80340D18,00000000,00000000,00000000
O,63,33,0101,800ECFCC,1052,-1934,-769,00000000,00000000,00000000,00000000,00000000,00000000,0,0,80340F78,00000000,00000000,00000000
O,63,34,0101,800ECFCC,-620,1229,1233,00000000,FFFFA000,00000000,00000000,00000000,00000000,0,0,803411D8,00000000,00000000,00000000
O,63,35,0101,800ECFCC,1050,-19,-1037,00000000,FFFFE000,00000000,00000000,00000000,00000000,0,0,80341438,00000000,00000000,00000000
O,63,36,0101,800ECFF8,-1100,-71,-1030,00000000,FFFFE000,00000000,00000000,00000000,00000000,0,0,80341698,00000000,00000000,00000000
O,63,37,0101,800ED064,0,6011,0,00000000,FFFFA000,00000000,00000000,00000000,00000000,0,0,803418F8,00000000,00000000,00000000
O,63,38,0101,800ED064,0,-2487,0,00000000,00002000,00000000,00000000,00000000,00000000,0,0,80341B58,00000000,00000000,00000000
O,63,39,0101,800ED090,1102,-3619,1682,00000000,00006000,00000000,00000000,00000000,00000000,0,0,80341DB8,00000000,00000000,00000000
O,63,40,0101,800ED090,424,-3312,1959,00000000,00004000,00000000,00000000,00000000,00000000,0,0,80342018,00000000,00000000,00000000
O,63,41,0101,800ED090,1102,-3004,1682,00000000,00006000,00000000,00000000,00000000,00000000,0,0,80342278,00000000,00000000,00000000
O,63,42,0101,800ED090,1584,-2697,1200,00000000,00006000,00000000,00000000,00000000,00000000,0,0,803424D8,00000000,00000000,00000000
O,63,43,0101,800ED090,1582,-3619,1203,00000000,00006000,00000000,00000000,00000000,00000000,0,0,80342738,00000000,00000000,00000000
O,63,44,0101,800ED090,-762,4347,1047,00000000,00006000,00000000,00000000,00000000,00000000,0,0,80342998,00000000,00000000,00000000
O,63,45,0101,800ED090,424,-3926,1959,00000000,00004000,00000000,00000000,00000000,00000000,0,0,80342BF8,00000000,00000000,00000000
O,63,46,0101,800ED090,1102,-4233,1682,00000000,00006000,00000000,00000000,00000000,00000000,0,0,80342E58,00000000,00000000,00000000
O,63,47,0101,800ED090,1102,-4848,1682,00000000,00006000,00000000,00000000,00000000,00000000,0,0,803430B8,00000000,00000000,00000000
O,63,48,0101,800ED090,424,-4540,1959,00000000,00004000,00000000,00000000,00000000,00000000,0,0,80343318,00000000,00000000,00000000
O,63,49,0101,800ED090,-1037,4244,772,00000000,FFFFE000,00000000,00000000,00000000,00000000,0,0,80343578,00000000,00000000,00000000
O,63,50,0101,800ED090,1828,3835,-50,00000000,00000000,00000000,00000000,00000000,00000000,0,0,803437D8,00000000,00000000,00000000
O,63,51,0101,800ED090,1459,3835,-357,00000000,00000000,00000000,00000000,00000000,00000000,0,0,80343A38,00000000,00000000,00000000
O,63,52,0101,800ED090,1091,3835,-665,00000000,00000000,00000000,00000000,00000000,00000000,0,0,80343C98,00000000,00000000,00000000
O,63,53,0101,800ED064,1580,-4854,-825,00000000,00000000,00000000,00000000,00000000,00000000,0,0,80343EF8,00000000,00000000,00000000
O,63,54,0101,800ED064,-1692,1022,-1157,00000000,00000000,00000000,00000000,00000000,00000000,0,0,80344158,00000000,00000000,00000000
O,63,55,0101,800ED064,2098,7007,2243,00000000,00000000,00000000,00000000,00000000,00000000,0,0,803443B8,00000000,00000000,00000000
O,63,56,0101,800ED064,1801,-4843,-731,00000000,00000000,00000000,00000000,00000000,00000000,0,0,80344618,00000000,00000000,00000000
O,63,57,0101,800ED064,-1477,1044,-1088,00000000,00000000,00000000,00000000,00000000,00000000,0,0,80344878,00000000,00000000,00000000
O,63,58,0101,800ED064,2268,7030,2227,00000000,00000000,00000000,00000000,00000000,00000000,0,0,80344AD8,00000000,00000000,00000000
O,63,59,0101,800EC1AC,800,-4400,1900,00000000,00000000,00000000,00000000,00000000,00000000,0,0,80344D38,00000000,00000000,00000000
O,63,60,0101,800EC1AC,800,-3700,1900,00000000,00000000,00000000,00000000,00000000,00000000,0,0,80344F98,00000000,00000000,00000000
O,63,61,0101,800EC1AC,800,-3000,1900,00000000,00000000,00000000,00000000,00000000,00000000,0,0,803451F8,00000000,00000000,00000000
O,63,62,0101,800EC1AC,1780,-3300,1000,00000000,00000000,00000000,00000000,00000000,00000000,0,0,80345458,00000000,00000000,00000000
O,63,63,0101,800EC1AC,1388,-3300,1428,00000000,00000000,00000000,00000000,00000000,00000000,0,0,803456B8,00000000,00000000,00000000
O,63,64,0101,800EC1AC,200,-3000,2000,00000000,00000000,00000000,00000000,00000000,00000000,0,0,80345918,00000000,00000000,00000000
O,63,65,0101,800EC1AC,200,-3700,2000,00000000,00000000,00000000,00000000,00000000,00000000,0,0,80345B78,00000000,00000000,00000000
O,63,66,0101,800EC1AC,200,-4400,2000,00000000,00000000,00000000,00000000,00000000,00000000,0,0,80345DD8,00000000,00000000,00000000
O,63,67,0101,800EC4A4,-1080,90,1575,00000000,00000000,00000000,00000000,00000000,00000000,0,0,80346038,00000000,00000000,00000000
O,63,68,0101,800ED028,-1179,445,1413,00000000,00002000,00000000,00000000,00000000,00000000,0,0,80346298,00000000,00000000,00000000
O,63,69,0101,800ED028,-1524,-1454,1129,00000000,FFFFE000,00000000,00000000,00000000,00000000,0,0,803464F8,00000000,00000000,00000000
O,63,70,0101,800EB688,-980,-700,1450,00000000,00000000,00000000,00000000,00000000,00000000,0,0,80346758,00000000,00000000,00000000
O,63,71,0101,800EA888,-1203,-19,-170,00000000,00002000,00000000,00000000,00000000,00000000,0,0,803469B8,00000000,00000000,00000000
O,63,72,0101,800EA8A8,0,20,-1400,00000000,00000000,00000000,00000000,00000000,00000000,0,0,80346C18,00000000,00000000,00000000
O,63,73,0101,800EA8A8,-250,20,-1700,00000000,00000000,00000000,00000000,00000000,00000000,0,0,80346E78,00000000,00000000,00000000
O,63,74,0101,800EA8A8,250,20,-1700,00000000,00000000,00000000,00000000,00000000,00000000,0,0,803470D8,00000000,00000000,00000000
O,63,75,0101,800EA8A8,0,20,-2000,00000000,00000000,00000000,00000000,00000000,00000000,0,0,80347338,00000000,00000000,00000000
O,63,76,0101,800EA8A8,500,20,-2000,00000000,00000000,00000000,00000000,00000000,00000000,0,0,80347598,00000000,00000000,00000000
O,63,77,0101,800EA8A8,-500,20,-2000,00000000,00000000,00000000,00000000,00000000,00000000,0,0,803477F8,00000000,00000000,00000000
O,63,78,0101,800E9868,880,-19,1160,00000000,00000000,00000000,00000000,00000000,00000000,0,0,80347A58,00000000,00000000,00000000
O,63,79,0101,800ED48C,800,-2460,160,00000000,00000000,00000000,00000000,00000000,00000000,0,0,80347CB8,00000000,00000000,00000000
O,63,80,0101,800E8C0C,-1120,-820,1320,00000000,00002000,00000000,00000000,00000000,00000000,0,0,80347F18,00000000,00000000,00000000
O,63,81,0101,800ED48C,-571,6020,-1414,00000000,00000000,00000000,00000000,00000000,00000000,0,0,80348178,00000000,00000000,00000000
O,63,82,0101,800ED1F8,620,-5150,1540,00000000,00000000,00000000,00000000,00000000,00000000,0,0,803483D8,00000000,00000000,00000000
O,63,83,0101,800EC424,-520,1351,1919,00000000,00000000,00000000,00000000,00000000,00000000,0,0,80348638,00000000,00000000,00000000
O,63,84,0101,800EC424,-165,1351,1919,00000000,00000000,00000000,00000000,00000000,00000000,0,0,80348898,00000000,00000000,00000000
O,63,85,0101,800EC424,182,1351,1919,00000000,00000000,00000000,00000000,00000000,00000000,0,0,80348AF8,00000000,00000000,00000000
O,63,86,0101,800EC3EC,657,1368,1879,00000000,00000000,00000000,00000000,00000000,00000000,0,0,80348D58,00000000,00000000,00000000
O,63,87,0101,800EB688,-700,-2350,-700,00000000,00000000,00000000,00000000,00000000,00000000,0,0,80348FB8,00000000,00000000,00000000
O,63,88,0101,800EA570,1883,4150,550,00000000,00000000,00000000,00000000,00000000,00000000,0,0,80349218,00000000,00000000,00000000
O,63,89,0101,800ED1F8,-1333,350,1116,00000000,00000000,00000000,00000000,00000000,00000000,0,0,80349478,00000000,00000000,00000000
O,63,90,0101,800EA570,-1101,6316,-685,00000000,00002000,00000000,00000000,00000000,00000000,0,0,803496D8,00000000,00000000,00000000
O,63,91,0101,800EB474,1077,-4822,638,00000000,00000000,00000000,00000000,00000000,00000000,0,0,80349938,00000000,00000000,00000000
O,63,92,0101,800EB474,1683,-4822,189,00000000,00000000,00000000,00000000,00000000,00000000,0,0,80349B98,00000000,00000000,00000000
O,63,93,0101,800EA8A8,0,20,-1700,00000000,00000000,00000000,00000000,00000000,00000000,0,0,80349DF8,00000000,00000000,00000000
O,63,94,0101,800ECFCC,-1020,1229,537,00000000,00000000,00000000,00000000,00000000,00000000,0,0,8034A058,00000000,00000000,00000000
O,63,95,0101,800EA570,2350,5600,2350,00000000,00002000,00000000,00000000,00000000,00000000,0,0,8034A2B8,00000000,00000000,00000000
O,63,96,0101,800EA570,0,4783,0,00000000,00000000,00000000,00000000,00000000,00000000,0,0,8034A518,00000000,00000000,00000000
O,63,97,0101,800EA570,-1140,-3720,-1620,00000000,00002000,00000000,00000000,00000000,00000000,0,0,8034A778,00000000,00000000,00000000
O,63,98,0101,800EA570,840,-2200,860,00000000,00002000,00000000,00000000,00000000,00000000,0,0,8034A9D8,00000000,00000000,00000000
O,63,99,0101,800E8C3C,-770,-3800,-440,00000000,00000000,00000000,00000000,00000000,00000000,0,0,8034AC38,00000000,00000000,00000000
O,63,100,0101,800E8C3C,-770,-3700,-440,00000000,00000000,00000000,00000000,00000000,00000000,0,0,8034AE98,00000000,00000000,00000000
O,63,101,0101,800EA570,280,-4920,1660,00000000,00000000,00000000,00000000,00000000,00000000,0,0,8034B0F8,00000000,00000000,00000000
O,63,102,0101,800EA570,1240,300,840,00000000,00002000,00000000,00000000,00000000,00000000,0,0,8034B358,00000000,00000000,00000000
O,63,103,0101,800EA570,520,300,1500,00000000,00002000,00000000,00000000,00000000,00000000,0,0,8034B5B8,00000000,00000000,00000000
O,63,104,0101,800EA570,-400,3600,1880,00000000,00000000,00000000,00000000,00000000,00000000,0,0,8034B818,00000000,00000000,00000000
O,63,105,0101,800EA570,-40,4160,-1280,00000000,00000000,00000000,00000000,00000000,00000000,0,0,8034BA78,00000000,00000000,00000000
O,63,106,0101,800EA570,-1160,2920,-840,00000000,00002000,00000000,00000000,00000000,00000000,0,0,8034BCD8,00000000,00000000,00000000
O,63,107,0101,800EA570,-780,6316,-1020,00000000,00002000,00000000,00000000,00000000,00000000,0,0,8034BF38,00000000,00000000,00000000
O,63,108,0101,800ECF5C,1313,6190,1313,00000000,00002000,00000000,00000000,00000000,00000000,0,0,8034C198,00000000,00000000,00000000
O,63,109,0101,800ECF5C,1851,-2488,-98,00000000,00000000,00000000,00000000,00000000,00000000,0,0,8034C3F8,00000000,00000000,00000000
O,63,110,0101,800EC18C,1815,-3200,800,00000000,00000000,00000000,00000000,00000000,00000000,0,0,8034C658,00000000,00000000,00000000
O,63,111,0101,800EC13C,-1050,2400,-790,00000000,00000000,00000000,00000000,00000000,00000000,0,0,8034C8B8,00000000,00000000,00000000
O,63,112,0101,800EC13C,2200,7300,2210,00000000,00000000,00000000,00000000,00000000,00000000,0,0,8034CB18,00000000,00000000,00000000
O,63,113,0101,800EC13C,-1300,-2250,-1300,00000000,00000000,00000000,00000000,00000000,00000000,0,0,8034CD78,00000000,00000000,00000000
O,63,114,0101,800EC13C,-1850,300,-950,00000000,00000000,00000000,00000000,00000000,00000000,0,0,8034CFD8,00000000,00000000,00000000
O,63,115,0101,800EC13C,-1450,-1130,-1050,00000000,00000000,00000000,00000000,00000000,00000000,0,0,8034D238,00000000,00000000,00000000
O,63,116,0101,800E8EAC,1919,6191,1919,00000000,FFFFA000,00000000,00000000,00000000,00000000,0,0,8034D498,00000000,00000000,00000000
O,63,117,0101,800E8464,-1080,-840,1573,00000000,00000000,00000000,00000000,00000000,00000000,0,0,8034D6F8,00000000,00000000,00000000
O,63,118,0101,800EB274,1417,-3822,-548,00000000,FFFFE0B6,00000000,00000000,00000000,00000000,0,0,8034D958,00000000,00000000,00000000
O,63,119,0101,800EB1C0,1417,-3822,-548,00000000,FFFFE0B6,00000000,00000000,00000000,00000000,0,0,8034DBB8,00000000,00000000,00000000
M,64,18,104965,3,00001924,0C400201,0,0,00000000,1417,-3822,-548,-1.39015019,0,1.4378742,2,-8010,-4822,20000,00000000,00000000,801693C0,8034D958,00000000,8034D958,00000000,8034DBB8,00000000,00000000,-1
O,64,0,0101,800ECEF0,-1032,-3291,1070,00000000,00002000,00000000,00000000,00000000,00000000,0,0,8033C118,00000000,00000000,00000000
O,64,1,0101,800ECEF0,-1881,1767,-446,00000000,00004000,00000000,00000000,00000000,00000000,0,0,8033C378,00000000,00000000,00000000
O,64,2,0101,800ECEF0,-1870,2068,362,00000000,00004000,00000000,00000000,00000000,00000000,0,0,8033C5D8,00000000,00000000,00000000
O,64,3,0101,800ECEF0,-770,-4361,-423,00000000,FFFFA000,00000000,00000000,00000000,00000000,0,0,8033C838,00000000,00000000,00000000
O,64,4,0101,800ECEF0,-1314,-3691,788,00000000,00006000,00000000,00000000,00000000,00000000,0,0,8033CA98,00000000,00000000,00000000
O,64,5,0101,800ECEF0,-1314,-2892,1353,00000000,00006000,00000000,00000000,00000000,00000000,0,0,8033CCF8,00000000,00000000,00000000
O,64,6,0101,800ECEF0,780,5767,-1027,00000000,FFFFE000,00000000,00000000,00000000,00000000,0,0,8033CF58,00000000,00000000,00000000
O,64,7,0101,800ECEF0,1063,5562,-744,00000000,FFFFE000,00000000,00000000,00000000,00000000,0,0,8033D1B8,00000000,00000000,00000000
O,64,8,0101,800ECF24,-1350,748,-1208,00000000,00002000,00000000,00000000,00000000,00000000,0,0,8033D418,00000000,00000000,00000000
O,64,9,0101,800ECF24,-690,901,-910,00000000,00002000,00000000,00000000,00000000,00000000,0,0,8033D678,00000000,00000000,00000000
O,64,10,0101,800ECF24,-1389,-3030,-1028,00000000,00002000,00000000,00000000,00000000,00000000,0,0,8033D8D8,00000000,00000000,00000000
O,64,11,0101,800ECF24,937,-3867,-1041,00000000,00002000,00000000,00000000,00000000,00000000,0,0,8033DB38,00000000,00000000,00000000
O,64,12,0101,800ECF5C,-139,-4408,-1056,00000000,00006000,00000000,00000000,00000000,00000000,0,0,8033DD98,00000000,00000000,00000000
O,64,13,0101,800ECF5C,618,3656,148,00000000,00004000,00000000,00000000,00000000,00000000,0,0,8033DFF8,00000000,00000000,00000000
O,64,14,0101,800ECF5C,963,3297,608,00000000,FFFFC000,00000000,00000000,00000000,00000000,0,0,8033E258,00000000,00000000,00000000
O,64,15,0101,800ECF5C,1306,2939,1069,00000000,00004000,00000000,00000000,00000000,00000000,0,0,8033E4B8,00000000,00000000,00000000
O,64,16,0101,800ECF5C,-1179,-1453,-792,00000000,FFFFE000,00000000,00000000,00000000,00000000,0,0,8033E718,00000000,00000000,00000000
O,64,17,0101,800ECF94,174,1248,2040,00000000,FFFF8000,00000000,00000000,00000000,00000000,0,0,8033E978,00000000,00000000,00000000
O,64,18,0101,800ECF94,-1321,1490,-1563,00000000,00002000,00000000,00000000,00000000,00000000,0,0,8033EBD8,00000000,00000000,00000000
O,64,19,0101,800ECF94,-1076,1730,-1808,00000000,00002000,00000000,00000000,00000000,00000000,0,0,8033EE38,00000000,00000000,00000000
O,64,20,0101,800ECF94,-1319,1970,-1564,00000000,00002000,00000000,00000000,00000000,00000000,0,0,8033F098,00000000,00000000,00000000
O,64,21,0101,800ECF94,-517,3175,2040,00000000,FFFF8000,00000000,00000000,00000000,00000000,0,0,8033F2F8,00000000,00000000,00000000
O,64,22,0101,800ECF94,-170,1248,2040,00000000,FFFF8000,00000000,00000000,00000000,00000000,0,0,8033F558,00000000,00000000,00000000
O,64,23,0101,800ECF94,-515,1248,2040,00000000,FFFF8000,00000000,00000000,00000000,00000000,0,0,8033F7B8,00000000,00000000,00000000
O,64,24,0101,800ECF94,-175,-1351,-2039,00000000,00000000,00000000,00000000,00000000,00000000,0,0,8033FA18,00000000,00000000,00000000
O,64,25,0101,800ECF94,-515,-2590,2040,00000000,FFFF8000,00000000,00000000,00000000,00000000,0,0,8033FC78,00000000,00000000,00000000
O,64,26,0101,800ECF94,518,3175,2040,00000000,FFFF8000,00000000,00000000,00000000,00000000,0,0,8033FED8,00000000,00000000,00000000
O,64,27,0101,800ECF94,-171,3175,2040,00000000,FFFF8000,00000000,00000000,00000000,00000000,0,0,80340138,00000000,00000000,00000000
O,64,28,0101,800ECF94,174,3175,2040,00000000,FFFF8000,00000000,00000000,00000000,00000000,0,0,80340398,00000000,00000000,00000000
O,64,29,0101,800ECFCC,1490,-2088,-873,00000000,00000000,00000000,00000000,00000000,00000000,0,0,803405F8,00000000,00000000,00000000
O,64,30,0101,800ECFCC,-708,-1606,-1589,00000000,00000000,00000000,00000000,00000000,00000000,0,0,80340858,00000000,00000000,00000000
O,64,31,0101,800ECFCC,954,-1627,-1448,00000000,00000000,00000000,00000000,00000000,00000000,0,0,80340AB8,00000000,00000000,00000000
O,64,32,0101,800ECFCC,1215,-1781,-1215,00000000,00000000,00000000,00000000,00000000,00000000,0,0,80340D18,00000000,00000000,00000000
O,64,33,0101,800ECFCC,1052,-1934,-769,00000000,00000000,00000000,00000000,00000000,00000000,0,0,80340F78,00000000,00000000,00000000
O,64,34,0101,800ECFCC,-620,1229,1233,00000000,FFFFA000,00000000,00000000,00000000,00000000,0,0,803411D8,00000000,00000000,00000000
O,64,35,0101,800ECFCC,1050,-19,-1037,00000000,FFFFE000,00000000,00000000,00000000,00000000,0,0,80341438,00000000,00000000,00000000
O,64,36,0101,800ECFF8,-1100,-71,-1030,00000000,FFFFE000,00000000,00000000,00000000,00000000,0,0,80341698,00000000,00000000,00000000
O,64,37,0101,800ED064,0,6011,0,00000000,FFFFA000,00000000,00000000,00000000,00000000,0,0,803418F8,00000000,00000000,00000000
O,64,38,0101,800ED064,0,-2487,0,00000000,00002000,00000000,00000000,00000000,00000000,0,0,80341B58,00000000,00000000,00000000
O,64,39,0101,800ED090,1102,-3619,1682,00000000,00006000,00000000,00000000,00000000,00000000,0,0,80341DB8,00000000,00000000,00000000
O,64,40,0101,800ED090,424,-3312,1959,00000000,00004000,00000000,00000000,00000000,00000000,0,0,80342018,00000000,00000000,00000000
O,64,41,0101,800ED090,1102,-3004,1682,00000000,00006000,00000000,00000000,00000000,00000000,0,0,80342278,00000000,00000000,00000000
O,64,42,0101,800ED090,1584,-2697,1200,00000000,00006000,00000000,00000000,00000000,00000000,0,0,803424D8,00000000,00000000,00000000
O,64,43,0101,800ED090,1582,-3619,1203,00000000,00006000,00000000,00000000,00000000,00000000,0,0,80342738,00000000,00000000,00000000
O,64,44,0101,800ED090,-762,4347,1047,00000000,00006000,00000000,00000000,00000000,00000000,0,0,80342998,00000000,00000000,00000000
O,64,45,0101,800ED090,424,-3926,1959,00000000,00004000,00000000,00000000,00000000,00000000,0,0,80342BF8,00000000,00000000,00000000
O,64,46,0101,800ED090,1102,-4233,1682,00000000,00006000,00000000,00000000,00000000,00000000,0,0,80342E58,00000000,00000000,00000000
O,64,47,0101,800ED090,1102,-4848,1682,00000000,00006000,00000000,00000000,00000000,00000000,0,0,803430B8,00000000,00000000,00000000
O,64,48,0101,800ED090,424,-4540,1959,00000000,00004000,00000000,00000000,00000000,00000000,0,0,80343318,00000000,00000000,00000000
O,64,49,0101,800ED090,-1037,4244,772,00000000,FFFFE000,00000000,00000000,00000000,00000000,0,0,80343578,00000000,00000000,00000000
O,64,50,0101,800ED090,1828,3835,-50,00000000,00000000,00000000,00000000,00000000,00000000,0,0,803437D8,00000000,00000000,00000000
O,64,51,0101,800ED090,1459,3835,-357,00000000,00000000,00000000,00000000,00000000,00000000,0,0,80343A38,00000000,00000000,00000000
O,64,52,0101,800ED090,1091,3835,-665,00000000,00000000,00000000,00000000,00000000,00000000,0,0,80343C98,00000000,00000000,00000000
O,64,53,0101,800ED064,1580,-4854,-825,00000000,00000000,00000000,00000000,00000000,00000000,0,0,80343EF8,00000000,00000000,00000000
O,64,54,0101,800ED064,-1692,1022,-1157,00000000,00000000,00000000,00000000,00000000,00000000,0,0,80344158,00000000,00000000,00000000
O,64,55,0101,800ED064,2098,7007,2243,00000000,00000000,00000000,00000000,00000000,00000000,0,0,803443B8,00000000,00000000,00000000
O,64,56,0101,800ED064,1801,-4843,-731,00000000,00000000,00000000,00000000,00000000,00000000,0,0,80344618,00000000,00000000,00000000
O,64,57,0101,800ED064,-1477,1044,-1088,00000000,00000000,00000000,00000000,00000000,00000000,0,0,80344878,00000000,00000000,00000000
O,64,58,0101,800ED064,2268,7030,2227,00000000,00000000,00000000,00000000,00000000,00000000,0,0,80344AD8,00000000,00000000,00000000
O,64,59,0101,800EC1AC,800,-4400,1900,00000000,00000000,00000000,00000000,00000000,00000000,0,0,80344D38,00000000,00000000,00000000
O,64,60,0101,800EC1AC,800,-3700,1900,00000000,00000000,00000000,00000000,00000000,00000000,0,0,80344F98,00000000,00000000,00000000
O,64,61,0101,800EC1AC,800,-3000,1900,00000000,00000000,00000000,00000000,00000000,00000000,0,0,803451F8,00000000,00000000,00000000
O,64,62,0101,800EC1AC,1780,-3300,1000,00000000,00000000,00000000,00000000,00000000,00000000,0,0,80345458,00000000,00000000,00000000
O,64,63,0101,800EC1AC,1388,-3300,1428,00000000,00000000,00000000,00000000,00000000,00000000,0,0,803456B8,00000000,00000000,00000000
O,64,64,0101,800EC1AC,200,-3000,2000,00000000,00000000,00000000,00000000,00000000,00000000,0,0,80345918,00000000,00000000,00000000
O,64,65,0101,800EC1AC,200,-3700,2000,00000000,00000000,00000000,00000000,00000000,00000000,0,0,80345B78,00000000,00000000,00000000
O,64,66,0101,800EC1AC,200,-4400,2000,00000000,00000000,00000000,00000000,00000000,00000000,0,0,80345DD8,00000000,00000000,00000000
O,64,67,0101,800EC4A4,-1080,90,1575,00000000,00000000,00000000,00000000,00000000,00000000,0,0,80346038,00000000,00000000,00000000
O,64,68,0101,800ED028,-1179,445,1413,00000000,00002000,00000000,00000000,00000000,00000000,0,0,80346298,00000000,00000000,00000000
O,64,69,0101,800ED028,-1524,-1454,1129,00000000,FFFFE000,00000000,00000000,00000000,00000000,0,0,803464F8,00000000,00000000,00000000
O,64,70,0101,800EB688,-980,-700,1450,00000000,00000000,00000000,00000000,00000000,00000000,0,0,80346758,00000000,00000000,00000000
O,64,71,0101,800EA888,-1203,-19,-170,00000000,00002000,00000000,00000000,00000000,00000000,0,0,803469B8,00000000,00000000,00000000
O,64,72,0101,800EA8A8,0,20,-1400,00000000,00000000,00000000,00000000,00000000,00000000,0,0,80346C18,00000000,00000000,00000000
O,64,73,0101,800EA8A8,-250,20,-1700,00000000,00000000,00000000,00000000,00000000,00000000,0,0,80346E78,00000000,00000000,00000000
O,64,74,0101,800EA8A8,250,20,-1700,00000000,00000000,00000000,00000000,00000000,00000000,0,0,803470D8,00000000,00000000,00000000
O,64,75,0101,800EA8A8,0,20,-2000,00000000,00000000,00000000,00000000,00000000,00000000,0,0,80347338,00000000,00000000,00000000
O,64,76,0101,800EA8A8,500,20,-2000,00000000,00000000,00000000,00000000,00000000,00000000,0,0,80347598,00000000,00000000,00000000
O,64,77,0101,800EA8A8,-500,20,-2000,00000000,00000000,00000000,00000000,00000000,00000000,0,0,803477F8,00000000,00000000,00000000
O,64,78,0101,800E9868,880,-19,1160,00000000,00000000,00000000,00000000,00000000,00000000,0,0,80347A58,00000000,00000000,00000000
O,64,79,0101,800ED48C,800,-2460,160,00000000,00000000,00000000,00000000,00000000,00000000,0,0,80347CB8,00000000,00000000,00000000
O,64,80,0101,800E8C0C,-1120,-820,1320,00000000,00002000,00000000,00000000,00000000,00000000,0,0,80347F18,00000000,00000000,00000000
O,64,81,0101,800ED48C,-571,6020,-1414,00000000,00000000,00000000,00000000,00000000,00000000,0,0,80348178,00000000,00000000,00000000
O,64,82,0101,800ED1F8,620,-5150,1540,00000000,00000000,00000000,00000000,00000000,00000000,0,0,803483D8,00000000,00000000,00000000
O,64,83,0101,800EC424,-520,1351,1919,00000000,00000000,00000000,00000000,00000000,00000000,0,0,80348638,00000000,00000000,00000000
O,64,84,0101,800EC424,-165,1351,1919,00000000,00000000,00000000,00000000,00000000,00000000,0,0,80348898,00000000,00000000,00000000
O,64,85,0101,800EC424,182,1351,1919,00000000,00000000,00000000,00000000,00000000,00000000,0,0,80348AF8,00000000,00000000,00000000
O,64,86,0101,800EC3EC,657,1368,1879,00000000,00000000,00000000,00000000,00000000,00000000,0,0,80348D58,00000000,00000000,00000000
O,64,87,0101,800EB688,-700,-2350,-700,00000000,00000000,00000000,00000000,00000000,00000000,0,0,80348FB8,00000000,00000000,00000000
O,64,88,0101,800EA570,1883,4150,550,00000000,00000000,00000000,00000000,00000000,00000000,0,0,80349218,00000000,00000000,00000000
O,64,89,0101,800ED1F8,-1333,350,1116,00000000,00000000,00000000,00000000,00000000,00000000,0,0,80349478,00000000,00000000,00000000
O,64,90,0101,800EA570,-1101,6316,-685,00000000,00002000,00000000,00000000,00000000,00000000,0,0,803496D8,00000000,00000000,00000000
O,64,91,0101,800EB474,1077,-4822,638,00000000,00000000,00000000,00000000,00000000,00000000,0,0,80349938,00000000,00000000,00000000
O,64,92,0101,800EB474,1683,-4822,189,00000000,00000000,00000000,00000000,00000000,00000000,0,0,80349B98,00000000,00000000,00000000
O,64,93,0101,800EA8A8,0,20,-1700,00000000,00000000,00000000,00000000,00000000,00000000,0,0,80349DF8,00000000,00000000,00000000
O,64,94,0101,800ECFCC,-1020,1229,537,00000000,00000000,00000000,00000000,00000000,00000000,0,0,8034A058,00000000,00000000,00000000
O,64,95,0101,800EA570,2350,5600,2350,00000000,00002000,00000000,00000000,00000000,00000000,0,0,8034A2B8,00000000,00000000,00000000
O,64,96,0101,800EA570,0,4783,0,00000000,00000000,00000000,00000000,00000000,00000000,0,0,8034A518,00000000,00000000,00000000
O,64,97,0101,800EA570,-1140,-3720,-1620,00000000,00002000,00000000,00000000,00000000,00000000,0,0,8034A778,00000000,00000000,00000000
O,64,98,0101,800EA570,840,-2200,860,00000000,00002000,00000000,00000000,00000000,00000000,0,0,8034A9D8,00000000,00000000,00000000
O,64,99,0101,800E8C3C,-770,-3800,-440,00000000,00000000,00000000,00000000,00000000,00000000,0,0,8034AC38,00000000,00000000,00000000
O,64,100,0101,800E8C3C,-770,-3700,-440,00000000,00000000,00000000,00000000,00000000,00000000,0,0,8034AE98,00000000,00000000,00000000
O,64,101,0101,800EA570,280,-4920,1660,00000000,00000000,00000000,00000000,00000000,00000000,0,0,8034B0F8,00000000,00000000,00000000
O,64,102,0101,800EA570,1240,300,840,00000000,00002000,00000000,00000000,00000000,00000000,0,0,8034B358,00000000,00000000,00000000
O,64,103,0101,800EA570,520,300,1500,00000000,00002000,00000000,00000000,00000000,00000000,0,0,8034B5B8,00000000,00000000,00000000
O,64,104,0101,800EA570,-400,3600,1880,00000000,00000000,00000000,00000000,00000000,00000000,0,0,8034B818,00000000,00000000,00000000
O,64,105,0101,800EA570,-40,4160,-1280,00000000,00000000,00000000,00000000,00000000,00000000,0,0,8034BA78,00000000,00000000,00000000
O,64,106,0101,800EA570,-1160,2920,-840,00000000,00002000,00000000,00000000,00000000,00000000,0,0,8034BCD8,00000000,00000000,00000000
O,64,107,0101,800EA570,-780,6316,-1020,00000000,00002000,00000000,00000000,00000000,00000000,0,0,8034BF38,00000000,00000000,00000000
O,64,108,0101,800ECF5C,1313,6190,1313,00000000,00002000,00000000,00000000,00000000,00000000,0,0,8034C198,00000000,00000000,00000000
O,64,109,0101,800ECF5C,1851,-2488,-98,00000000,00000000,00000000,00000000,00000000,00000000,0,0,8034C3F8,00000000,00000000,00000000
O,64,110,0101,800EC18C,1815,-3200,800,00000000,00000000,00000000,00000000,00000000,00000000,0,0,8034C658,00000000,00000000,00000000
O,64,111,0101,800EC13C,-1050,2400,-790,00000000,00000000,00000000,00000000,00000000,00000000,0,0,8034C8B8,00000000,00000000,00000000
O,64,112,0101,800EC13C,2200,7300,2210,00000000,00000000,00000000,00000000,00000000,00000000,0,0,8034CB18,00000000,00000000,00000000
O,64,113,0101,800EC13C,-1300,-2250,-1300,00000000,00000000,00000000,00000000,00000000,00000000,0,0,8034CD78,00000000,00000000,00000000
O,64,114,0101,800EC13C,-1850,300,-950,00000000,00000000,00000000,00000000,00000000,00000000,0,0,8034CFD8,00000000,00000000,00000000
O,64,115,0101,800EC13C,-1450,-1130,-1050,00000000,00000000,00000000,00000000,00000000,00000000,0,0,8034D238,00000000,00000000,00000000
O,64,116,0101,800E8EAC,1919,6191,1919,00000000,FFFFA000,00000000,00000000,00000000,00000000,0,0,8034D498,00000000,00000000,00000000
O,64,117,0101,800E8464,-1080,-840,1573,00000000,00000000,00000000,00000000,00000000,00000000,0,0,8034D6F8,00000000,00000000,00000000
O,64,118,0101,800EB274,1417,-3822,-548,00000000,FFFFE0B6,00000000,00000000,00000000,00000000,0,0,8034D958,00000000,00000000,00000000
O,64,119,0101,800EB1C0,1417,-3822,-548,00000000,FFFFE0B6,00000000,00000000,00000000,00000000,0,0,8034DBB8,00000000,00000000,00000000
M,65,18,104965,3,00001924,0C400201,0,0,00000000,1417,-3822,-548,-1.39015019,0,1.4378742,2,-8010,-4822,20000,00000000,00000000,801693C0,8034D958,00000000,8034D958,00000000,8034DBB8,00000000,00000000,-1
O,65,0,0101,800ECEF0,-1032,-3291,1070,00000000,00002000,00000000,00000000,00000000,00000000,0,0,8033C118,00000000,00000000,00000000
O,65,1,0101,800ECEF0,-1881,1767,-446,00000000,00004000,00000000,00000000,00000000,00000000,0,0,8033C378,00000000,00000000,00000000
O,65,2,0101,800ECEF0,-1870,2068,362,00000000,00004000,00000000,00000000,00000000,00000000,0,0,8033C5D8,00000000,00000000,00000000
O,65,3,0101,800ECEF0,-770,-4361,-423,00000000,FFFFA000,00000000,00000000,00000000,00000000,0,0,8033C838,00000000,00000000,00000000
O,65,4,0101,800ECEF0,-1314,-3691,788,00000000,00006000,00000000,00000000,00000000,00000000,0,0,8033CA98,00000000,00000000,00000000
O,65,5,0101,800ECEF0,-1314,-2892,1353,00000000,00006000,00000000,00000000,00000000,00000000,0,0,8033CCF8,00000000,00000000,00000000
O,65,6,0101,800ECEF0,780,5767,-1027,00000000,FFFFE000,00000000,00000000,00000000,00000000,0,0,8033CF58,00000000,00000000,00000000
O,65,7,0101,800ECEF0,1063,5562,-744,00000000,FFFFE000,00000000,00000000,00000000,00000000,0,0,8033D1B8,00000000,00000000,00000000
O,65,8,0101,800ECF24,-1350,748,-1208,00000000,00002000,00000000,00000000,00000000,00000000,0,0,8033D418,00000000,00000000,00000000
O,65,9,0101,800ECF24,-690,901,-910,00000000,00002000,00000000,00000000,00000000,00000000,0,0,8033D678,00000000,00000000,00000000
O,65,10,0101,800ECF24,-1389,-3030,-1028,00000000,00002000,00000000,00000000,00000000,00000000,0,0,8033D8D8,00000000,00000000,00000000
O,65,11,0101,800ECF24,937,-3867,-1041,00000000,00002000,00000000,00000000,00000000,00000000,0,0,8033DB38,00000000,00000000,00000000
O,65,12,0101,800ECF5C,-139,-4408,-1056,00000000,00006000,00000000,00000000,00000000,00000000,0,0,8033DD98,00000000,00000000,00000000
O,65,13,0101,800ECF5C,618,3656,148,00000000,00004000,00000000,00000000,00000000,00000000,0,0,8033DFF8,00000000,00000000,00000000
O,65,14,0101,800ECF5C,963,3297,608,00000000,FFFFC000,00000000,00000000,00000000,00000000,0,0,8033E258,00000000,00000000,00000000
O,65,15,0101,800ECF5C,1306,2939,1069,00000000,00004000,00000000,00000000,00000000,00000000,0,0,8033E4B8,00000000,00000000,00000000
O,65,16,0101,800ECF5C,-1179,-1453,-792,00000000,FFFFE000,00000000,00000000,00000000,00000000,0,0,8033E718,00000000,00000000,00000000
O,65,17,0101,800ECF94,174,1248,2040,00000000,FFFF8000,00000000,00000000,00000000,00000000,0,0,8033E978,00000000,00000000,00000000
O,65,18,0101,800ECF94,-1321,1490,-1563,00000000,00002000,00000000,00000000,00000000,00000000,0,0,8033EBD8,00000000,00000000,00000000
O,65,19,0101,800ECF94,-1076,1730,-1808,00000000,00002000,00000000,00000000,00000000,00000000,0,0,8033EE38,00000000,00000000,00000000
O,65,20,0101,800ECF94,-1319,1970,-1564,00000000,00002000,00000000,00000000,00000000,00000000,0,0,8033F098,00000000,00000000,00000000
O,65,21,0101,800ECF94,-517,3175,2040,00000000,FFFF8000,00000000,00000000,00000000,00000000,0,0,8033F2F8,00000000,00000000,00000000
O,65,22,0101,800ECF94,-170,1248,2040,00000000,FFFF8000,00000000,00000000,00000000,00000000,0,0,8033F558,00000000,00000000,00000000
O,65,23,0101,800ECF94,-515,1248,2040,00000000,FFFF8000,00000000,00000000,00000000,00000000,0,0,8033F7B8,00000000,00000000,00000000
O,65,24,0101,800ECF94,-175,-1351,-2039,00000000,00000000,00000000,00000000,00000000,00000000,0,0,8033FA18,00000000,00000000,00000000
O,65,25,0101,800ECF94,-515,-2590,2040,00000000,FFFF8000,00000000,00000000,00000000,00000000,0,0,8033FC78,00000000,00000000,00000000
O,65,26,0101,800ECF94,518,3175,2040,00000000,FFFF8000,00000000,00000000,00000000,00000000,0,0,8033FED8,00000000,00000000,00000000
O,65,27,0101,800ECF94,-171,3175,2040,00000000,FFFF8000,00000000,00000000,00000000,00000000,0,0,80340138,00000000,00000000,00000000
O,65,28,0101,800ECF94,174,3175,2040,00000000,FFFF8000,00000000,00000000,00000000,00000000,0,0,80340398,00000000,00000000,00000000
O,65,29,0101,800ECFCC,1490,-2088,-873,00000000,00000000,00000000,00000000,00000000,00000000,0,0,803405F8,00000000,00000000,00000000
O,65,30,0101,800ECFCC,-708,-1606,-1589,00000000,00000000,00000000,00000000,00000000,00000000,0,0,80340858,00000000,00000000,00000000
O,65,31,0101,800ECFCC,954,-1627,-1448,00000000,00000000,00000000,00000000,00000000,00000000,0,0,80340AB8,00000000,00000000,00000000
O,65,32,0101,800ECFCC,1215,-1781,-1215,00000000,00000000,00000000,00000000,00000000,00000000,0,0,80340D18,00000000,00000000,00000000
O,65,33,0101,800ECFCC,1052,-1934,-769,00000000,00000000,00000000,00000000,00000000,00000000,0,0,80340F78,00000000,00000000,00000000
O,65,34,0101,800ECFCC,-620,1229,1233,00000000,FFFFA000,00000000,00000000,00000000,00000000,0,0,803411D8,00000000,00000000,00000000
O,65,35,0101,800ECFCC,1050,-19,-1037,00000000,FFFFE000,00000000,00000000,00000000,00000000,0,0,80341438,00000000,00000000,00000000
O,65,36,0101,800ECFF8,-1100,-71,-1030,00000000,FFFFE000,00000000,00000000,00000000,00000000,0,0,80341698,00000000,00000000,00000000
O,65,37,0101,800ED064,0,6011,0,00000000,FFFFA000,00000000,00000000,00000000,00000000,0,0,803418F8,00000000,00000000,00000000
O,65,38,0101,800ED064,0,-2487,0,00000000,00002000,00000000,00000000,00000000,00000000,0,0,80341B58,00000000,00000000,00000000
O,65,39,0101,800ED090,1102,-3619,1682,00000000,00006000,00000000,00000000,00000000,00000000,0,0,80341DB8,00000000,00000000,00000000
O,65,40,0101,800ED090,424,-3312,1959,00000000,00004000,00000000,00000000,00000000,00000000,0,0,80342018,00000000,00000000,00000000
O,65,41,0101,800ED090,1102,-3004,1682,00000000,00006000,00000000,00000000,00000000,00000000,0,0,80342278,00000000,00000000,00000000
O,65,42,0101,800ED090,1584,-2697,1200,00000000,00006000,00000000,00000000,00000000,00000000,0,0,803424D8,00000000,00000000,00000000
O,65,43,0101,800ED090,1582,-3619,1203,00000000,00006000,00000000,00000000,00000000,00000000,0,0,80342738,00000000,00000000,00000000
O,65,44,0101,800ED090,-762,4347,1047,00000000,00006000,00000000,00000000,00000000,00000000,0,0,80342998,00000000,00000000,00000000
O,65,45,0101,800ED090,424,-3926,1959,00000000,00004000,00000000,00000000,00000000,00000000,0,0,80342BF8,00000000,00000000,00000000
O,65,46,0101,800ED090,1102,-4233,1682,00000000,00006000,00000000,00000000,00000000,00000000,0,0,80342E58,00000000,00000000,00000000
O,65,47,0101,800ED090,1102,-4848,1682,00000000,00006000,00000000,00000000,00000000,00000000,0,0,803430B8,00000000,00000000,00000000
O,65,48,0101,800ED090,424,-4540,1959,00000000,00004000,00000000,00000000,00000000,00000000,0,0,80343318,00000000,00000000,00000000
O,65,49,0101,800ED090,-1037,4244,772,00000000,FFFFE000,00000000,00000000,00000000,00000000,0,0,80343578,00000000,00000000,00000000
O,65,50,0101,800ED090,1828,3835,-50,00000000,00000000,00000000,00000000,00000000,00000000,0,0,803437D8,00000000,00000000,00000000
O,65,51,0101,800ED090,1459,3835,-357,00000000,00000000,00000000,00000000,00000000,00000000,0,0,80343A38,00000000,00000000,00000000
O,65,52,0101,800ED090,1091,3835,-665,00000000,00000000,00000000,00000000,00000000,00000000,0,0,80343C98,00000000,00000000,00000000
O,65,53,0101,800ED064,1580,-4854,-825,00000000,00000000,00000000,00000000,00000000,00000000,0,0,80343EF8,00000000,00000000,00000000
O,65,54,0101,800ED064,-1692,1022,-1157,00000000,00000000,00000000,00000000,00000000,00000000,0,0,80344158,00000000,00000000,00000000
O,65,55,0101,800ED064,2098,7007,2243,00000000,00000000,00000000,00000000,00000000,00000000,0,0,803443B8,00000000,00000000,00000000
O,65,56,0101,800ED064,1801,-4843,-731,00000000,00000000,00000000,00000000,00000000,00000000,0,0,80344618,00000000,00000000,00000000
O,65,57,0101,800ED064,-1477,1044,-1088,00000000,00000000,00000000,00000000,00000000,00000000,0,0,80344878,00000000,00000000,00000000
O,65,58,0101,800ED064,2268,7030,2227,00000000,00000000,00000000,00000000,00000000,00000000,0,0,80344AD8,00000000,00000000,00000000
O,65,59,0101,800EC1AC,800,-4400,1900,00000000,00000000,00000000,00000000,00000000,00000000,0,0,80344D38,00000000,00000000,00000000
O,65,60,0101,800EC1AC,800,-3700,1900,00000000,00000000,00000000,00000000,00000000,00000000,0,0,80344F98,00000000,00000000,00000000
O,65,61,0101,800EC1AC,800,-3000,1900,00000000,00000000,00000000,00000000,00000000,00000000,0,0,803451F8,00000000,00000000,00000000
O,65,62,0101,800EC1AC,1780,-3300,1000,00000000,00000000,00000000,00000000,00000000,00000000,0,0,80345458,00000000,00000000,00000000
O,65,63,0101,800EC1AC,1388,-3300,1428,00000000,00000000,00000000,00000000,00000000,00000000,0,0,803456B8,00000000,00000000,00000000
O,65,64,0101,800EC1AC,200,-3000,2000,00000000,00000000,00000000,00000000,00000000,00000000,0,0,80345918,00000000,00000000,00000000
O,65,65,0101,800EC1AC,200,-3700,2000,00000000,00000000,00000000,00000000,00000000,00000000,0,0,80345B78,00000000,00000000,00000000
O,65,66,0101,800EC1AC,200,-4400,2000,00000000,00000000,00000000,00000000,00000000,00000000,0,0,80345DD8,00000000,00000000,00000000
O,65,67,0101,800EC4A4,-1080,90,1575,00000000,00000000,00000000,00000000,00000000,00000000,0,0,80346038,00000000,00000000,00000000
O,65,68,0101,800ED028,-1179,445,1413,00000000,00002000,00000000,00000000,00000000,00000000,0,0,80346298,00000000,00000000,00000000
O,65,69,0101,800ED028,-1524,-1454,1129,00000000,FFFFE000,00000000,00000000,00000000,00000000,0,0,803464F8,00000000,00000000,00000000
O,65,70,0101,800EB688,-980,-700,1450,00000000,00000000,00000000,00000000,00000000,00000000,0,0,80346758,00000000,00000000,00000000
O,65,71,0101,800EA888,-1203,-19,-170,00000000,00002000,00000000,00000000,00000000,00000000,0,0,803469B8,00000000,00000000,00000000
O,65,72,0101,800EA8A8,0,20,-1400,00000000,00000000,00000000,00000000,00000000,00000000,0,0,80346C18,00000000,00000000,00000000
O,65,73,0101,800EA8A8,-250,20,-1700,00000000,00000000,00000000,00000000,00000000,00000000,0,0,80346E78,00000000,00000000,00000000
O,65,74,0101,800EA8A8,250,20,-1700,00000000,00000000,00000000,00000000,00000000,00000000,0,0,803470D8,00000000,00000000,00000000
O,65,75,0101,800EA8A8,0,20,-2000,00000000,00000000,00000000,00000000,00000000,00000000,0,0,80347338,00000000,00000000,00000000
O,65,76,0101,800EA8A8,500,20,-2000,00000000,00000000,00000000,00000000,00000000,00000000,0,0,80347598,00000000,00000000,00000000
O,65,77,0101,800EA8A8,-500,20,-2000,00000000,00000000,00000000,00000000,00000000,00000000,0,0,803477F8,00000000,00000000,00000000
O,65,78,0101,800E9868,880,-19,1160,00000000,00000000,00000000,00000000,00000000,00000000,0,0,80347A58,00000000,00000000,00000000
O,65,79,0101,800ED48C,800,-2460,160,00000000,00000000,00000000,00000000,00000000,00000000,0,0,80347CB8,00000000,00000000,00000000
O,65,80,0101,800E8C0C,-1120,-820,1320,00000000,00002000,00000000,00000000,00000000,00000000,0,0,80347F18,00000000,00000000,00000000
O,65,81,0101,800ED48C,-571,6020,-1414,00000000,00000000,00000000,00000000,00000000,00000000,0,0,80348178,00000000,00000000,00000000
O,65,82,0101,800ED1F8,620,-5150,1540,00000000,00000000,00000000,00000000,00000000,00000000,0,0,803483D8,00000000,00000000,00000000
O,65,83,0101,800EC424,-520,1351,1919,00000000,00000000,00000000,00000000,00000000,00000000,0,0,80348638,00000000,00000000,00000000
O,65,84,0101,800EC424,-165,1351,1919,00000000,00000000,00000000,00000000,00000000,00000000,0,0,80348898,00000000,00000000,00000000
O,65,85,0101,800EC424,182,1351,1919,00000000,00000000,00000000,00000000,00000000,00000000,0,0,80348AF8,00000000,00000000,00000000
O,65,86,0101,800EC3EC,657,1368,1879,00000000,00000000,00000000,00000000,00000000,00000000,0,0,80348D58,00000000,00000000,00000000
O,65,87,0101,800EB688,-700,-2350,-700,00000000,00000000,00000000,00000000,00000000,00000000,0,0,80348FB8,00000000,00000000,00000000
O,65,88,0101,800EA570,1883,4150,550,00000000,00000000,00000000,00000000,00000000,00000000,0,0,80349218,00000000,00000000,00000000
O,65,89,0101,800ED1F8,-1333,350,1116,00000000,00000000,00000000,00000000,00000000,00000000,0,0,80349478,00000000,00000000,00000000
O,65,90,0101,800EA570,-1101,6316,-685,00000000,00002000,00000000,00000000,00000000,00000000,0,0,803496D8,00000000,00000000,00000000
O,65,91,0101,800EB474,1077,-4822,638,00000000,00000000,00000000,00000000,00000000,00000000,0,0,80349938,00000000,00000000,00000000
O,65,92,0101,800EB474,1683,-4822,189,00000000,00000000,00000000,00000000,00000000,00000000,0,0,80349B98,00000000,00000000,00000000
O,65,93,0101,800EA8A8,0,20,-1700,00000000,00000000,00000000,00000000,00000000,00000000,0,0,80349DF8,00000000,00000000,00000000
O,65,94,0101,800ECFCC,-1020,1229,537,00000000,00000000,00000000,00000000,00000000,00000000,0,0,8034A058,00000000,00000000,00000000
O,65,95,0101,800EA570,2350,5600,2350,00000000,00002000,00000000,00000000,00000000,00000000,0,0,8034A2B8,00000000,00000000,00000000
O,65,96,0101,800EA570,0,4783,0,00000000,00000000,00000000,00000000,00000000,00000000,0,0,8034A518,00000000,00000000,00000000
O,65,97,0101,800EA570,-1140,-3720,-1620,00000000,00002000,00000000,00000000,00000000,00000000,0,0,8034A778,00000000,00000000,00000000
O,65,98,0101,800EA570,840,-2200,860,00000000,00002000,00000000,00000000,00000000,00000000,0,0,8034A9D8,00000000,00000000,00000000
O,65,99,0101,800E8C3C,-770,-3800,-440,00000000,00000000,00000000,00000000,00000000,00000000,0,0,8034AC38,00000000,00000000,00000000
O,65,100,0101,800E8C3C,-770,-3700,-440,00000000,00000000,00000000,00000000,00000000,00000000,0,0,8034AE98,00000000,00000000,00000000
O,65,101,0101,800EA570,280,-4920,1660,00000000,00000000,00000000,00000000,00000000,00000000,0,0,8034B0F8,00000000,00000000,00000000
O,65,102,0101,800EA570,1240,300,840,00000000,00002000,00000000,00000000,00000000,00000000,0,0,8034B358,00000000,00000000,00000000
O,65,103,0101,800EA570,520,300,1500,00000000,00002000,00000000,00000000,00000000,00000000,0,0,8034B5B8,00000000,00000000,00000000
O,65,104,0101,800EA570,-400,3600,1880,00000000,00000000,00000000,00000000,00000000,00000000,0,0,8034B818,00000000,00000000,00000000
O,65,105,0101,800EA570,-40,4160,-1280,00000000,00000000,00000000,00000000,00000000,00000000,0,0,8034BA78,00000000,00000000,00000000
O,65,106,0101,800EA570,-1160,2920,-840,00000000,00002000,00000000,00000000,00000000,00000000,0,0,8034BCD8,00000000,00000000,00000000
O,65,107,0101,800EA570,-780,6316,-1020,00000000,00002000,00000000,00000000,00000000,00000000,0,0,8034BF38,00000000,00000000,00000000
O,65,108,0101,800ECF5C,1313,6190,1313,00000000,00002000,00000000,00000000,00000000,00000000,0,0,8034C198,00000000,00000000,00000000
O,65,109,0101,800ECF5C,1851,-2488,-98,00000000,00000000,00000000,00000000,00000000,00000000,0,0,8034C3F8,00000000,00000000,00000000
O,65,110,0101,800EC18C,1815,-3200,800,00000000,00000000,00000000,00000000,00000000,00000000,0,0,8034C658,00000000,00000000,00000000
O,65,111,0101,800EC13C,-1050,2400,-790,00000000,00000000,00000000,00000000,00000000,00000000,0,0,8034C8B8,00000000,00000000,00000000
O,65,112,0101,800EC13C,2200,7300,2210,00000000,00000000,00000000,00000000,00000000,00000000,0,0,8034CB18,00000000,00000000,00000000
O,65,113,0101,800EC13C,-1300,-2250,-1300,00000000,00000000,00000000,00000000,00000000,00000000,0,0,8034CD78,00000000,00000000,00000000
O,65,114,0101,800EC13C,-1850,300,-950,00000000,00000000,00000000,00000000,00000000,00000000,0,0,8034CFD8,00000000,00000000,00000000
O,65,115,0101,800EC13C,-1450,-1130,-1050,00000000,00000000,00000000,00000000,00000000,00000000,0,0,8034D238,00000000,00000000,00000000
O,65,116,0101,800E8EAC,1919,6191,1919,00000000,FFFFA000,00000000,00000000,00000000,00000000,0,0,8034D498,00000000,00000000,00000000
O,65,117,0101,800E8464,-1080,-840,1573,00000000,00000000,00000000,00000000,00000000,00000000,0,0,8034D6F8,00000000,00000000,00000000
O,65,118,0101,800EB274,1417,-3822,-548,00000000,FFFFE0B6,00000000,00000000,00000000,00000000,0,0,8034D958,00000000,00000000,00000000
O,65,119,0101,800EB1C0,1417,-3822,-548,00000000,FFFFE0B6,00000000,00000000,00000000,00000000,0,0,8034DBB8,00000000,00000000,00000000
M,66,18,104965,3,00001924,0C400201,0,0,00000000,1415.60986,-3822,-546.562012,-1.39015019,-4,1.4378742,2,-8010,-4822,5243,00000000,80161C20,801693C0,8034D958,00000000,8034D958,00000000,8034DBB8,00000000,00000000,-1
O,66,0,0101,800ECEF0,-1032,-3291,1070,00000000,00002000,00000000,00000000,00000000,00000000,0,1,8033C118,00000000,00000000,8010CFA0
O,66,1,0101,800ECEF0,-1881,1767,-446,00000000,00004000,00000000,00000000,00000000,00000000,0,1,8033C378,00000000,00000000,8010CFA0
O,66,2,0101,800ECEF0,-1870,2068,362,00000000,00004000,00000000,00000000,00000000,00000000,0,1,8033C5D8,00000000,00000000,8010CFA0
O,66,3,0101,800ECEF0,-770,-4361,-423,00000000,FFFFA000,00000000,00000000,00000000,00000000,0,1,8033C838,00000000,00000000,8010CFA0
O,66,4,0101,800ECEF0,-1314,-3691,788,00000000,00006000,00000000,00000000,00000000,00000000,0,1,8033CA98,00000000,00000000,8010CFA0
O,66,5,0101,800ECEF0,-1314,-2892,1353,00000000,00006000,00000000,00000000,00000000,00000000,0,1,8033CCF8,00000000,00000000,8010CFA0
O,66,6,0101,800ECEF0,780,5767,-1027,00000000,FFFFE000,00000000,00000000,00000000,00000000,0,1,8033CF58,00000000,00000000,8010D038
O,66,7,0101,800ECEF0,1063,5562,-744,00000000,FFFFE000,00000000,00000000,00000000,00000000,0,1,8033D1B8,00000000,00000000,8010D038
O,66,8,0101,800ECF24,-1350,748,-1208,00000000,00002000,000018E3,00000000,00000000,00000000,0,1,8033D418,00000000,00000000,8010D0BC
O,66,9,0101,800ECF24,-690,901,-910,00000000,00002000,000018E3,00000000,00000000,00000000,0,1,8033D678,00000000,00000000,8010D0BC
O,66,10,0101,800ECF24,-1389,-3030,-1028,00000000,00002000,000018E3,00000000,00000000,00000000,0,1,8033D8D8,00000000,00000000,8010D0BC
O,66,11,0101,800ECF24,937,-3867,-1041,00000000,00002000,000018E3,00000000,00000000,00000000,0,1,8033DB38,00000000,00000000,8010D0BC
O,66,12,0101,800ECF5C,-139,-4408,-1056,00000000,00006000,00000000,00000000,00000000,00000000,0,1,8033DD98,00000000,00000000,8010D2E4
O,66,13,0101,800ECF5C,618,3656,148,00000000,00004000,00000000,00000000,00000000,00000000,0,1,8033DFF8,00000000,00000000,8010D410
O,66,14,0101,800ECF5C,963,3297,608,00000000,FFFFC000,00000000,00000000,00000000,00000000,0,1,8033E258,00000000,00000000,8010D410
O,66,15,0101,800ECF5C,1306,2939,1069,00000000,00004000,00000000,00000000,00000000,00000000,0,1,8033E4B8,00000000,00000000,8010D410
O,66,16,0101,800ECF5C,-1179,-1453,-792,00000000,FFFFE000,00000000,00000000,00000000,00000000,0,1,8033E718,00000000,00000000,8010D410
O,66,17,0101,800ECF94,174,1248,1790,00000000,FFFF8000,00000000,00000000,00000000,00000000,0,1,8033E978,00000000,00000000,8010D53C
O,66,18,0101,800ECF94,-1144.22327,1490,-1386.22327,00000000,00002000,00000000,00000000,00000000,00000000,0,1,8033EBD8,00000000,00000000,8010D53C
O,66,19,0101,800ECF94,-899.223328,1730,-1631.22327,00000000,00002000,00000000,00000000,00000000,00000000,0,1,8033EE38,00000000,00000000,8010D53C
O,66,20,0101,800ECF94,-1142.22327,1970,-1387.22327,00000000,00002000,00000000,00000000,00000000,00000000,0,1,8033F098,00000000,00000000,8010D53C
O,66,21,0101,800ECF94,-517,3175,1790,00000000,FFFF8000,00000000,00000000,00000000,00000000,0,1,8033F2F8,00000000,00000000,8010D53C
O,66,22,0101,800ECF94,-170,1248,1790,00000000,FFFF8000,00000000,00000000,00000000,00000000,0,1,8033F558,00000000,00000000,8010D53C
O,66,23,0101,800ECF94,-515,1248,1790,00000000,FFFF8000,00000000,00000000,00000000,00000000,0,1,8033F7B8,00000000,00000000,8010D53C
O,66,24,0101,800ECF94,-175,-1351,-1789,00000000,00000000,00000000,00000000,00000000,00000000,0,1,8033FA18,00000000,00000000,8010D53C
O,66,25,0101,800ECF94,-515,-2590,1790,00000000,FFFF8000,00000000,00000000,00000000,00000000,0,1,8033FC78,00000000,00000000,8010D53C
O,66,26,0101,800ECF94,518,3175,1790,00000000,FFFF8000,00000000,00000000,00000000,00000000,0,1,8033FED8,00000000,00000000,8010D53C
O,66,27,0101,800ECF94,-171,3175,1790,00000000,FFFF8000,00000000,00000000,00000000,00000000,0,1,80340138,00000000,00000000,8010D53C
O,66,28,0101,800ECF94,174,3175,1790,00000000,FFFF8000,00000000,00000000,00000000,00000000,0,1,80340398,00000000,00000000,8010D53C
O,66,29,0101,800ECFCC,1490,-2088,-873,00000000,00000000,00000000,00000000,00000000,00000000,0,1,803405F8,00000000,00000000,8010D5B4
O,66,30,0101,800ECFCC,-708,-1606,-1589,00000000,00000000,00000000,00000000,00000000,00000000,0,1,80340858,00000000,00000000,8010D5B4
O,66,31,0101,800ECFCC,954,-1627,-1448,00000000,00000000,00000000,00000000,00000000,00000000,0,1,80340AB8,00000000,00000000,8010D5B4
O,66,32,0101,800ECFCC,1215,-1781,-1215,00000000,00000000,00000000,00000000,00000000,00000000,0,1,80340D18,00000000,00000000,8010D5B4
O,66,33,0101,800ECFCC,1052,-1934,-769,00000000,00000000,00000000,00000000,00000000,00000000,0,1,80340F78,00000000,00000000,8010D5B4
O,66,34,0101,800ECFCC,-620,1229,1233,00000000,FFFFA000,00000000,00000000,00000000,00000000,0,1,803411D8,00000000,00000000,8010D680
O,66,35,0101,800ECFCC,1050,-19,-1037,00000000,FFFFE000,00000000,00000000,00000000,00000000,0,1,80341438,00000000,00000000,8010D680
O,66,36,0101,800ECFF8,-1100,259,-1030,00000000,FFFFE000,00000000,00000000,00000000,00000000,0,1,80341698,00000000,00000000,8010D784
O,66,37,0101,800ED064,0,6011,0,00000000,FFFFA000,00000000,00000000,00000000,00000000,0,1,803418F8,00000000,00000000,8010D910
O,66,38,0101,800ED064,0,-2487,0,00000000,00002000,00000000,00000000,00000000,00000000,0,1,80341B58,00000000,00000000,8010D910
O,66,39,0101,800ED090,1102,-3619,1682,00000000,00006000,00000000,00000000,00000000,00000000,0,1,80341DB8,00000000,00000000,8010DA00
O,66,40,0101,800ED090,424,-3312,1959,00000000,00004000,00000000,00000000,00000000,00000000,0,1,80342018,00000000,00000000,8010DA00
O,66,41,0101,800ED090,1102,-3004,1682,00000000,00006000,00000000,00000000,00000000,00000000,0,1,80342278,00000000,00000000,8010DA00
O,66,42,0101,800ED090,1584,-2697,1200,00000000,00006000,00000000,00000000,00000000,00000000,0,1,803424D8,00000000,00000000,8010DA00
O,66,43,0101,800ED090,1582,-3619,1203,00000000,00006000,00000000,00000000,00000000,00000000,0,1,80342738,00000000,00000000,8010DA00
O,66,44,0101,800ED090,-762,4347,1047,00000000,00006000,00000000,00000000,00000000,00000000,0,1,80342998,00000000,00000000,8010DA00
O,66,45,0101,800ED090,424,-3926,1959,00000000,00004000,00000000,00000000,00000000,00000000,0,1,80342BF8,00000000,00000000,8010DA00
O,66,46,0101,800ED090,1102,-4233,1682,00000000,00006000,00000000,00000000,00000000,00000000,0,1,80342E58,00000000,00000000,8010DA00
O,66,47,0101,800ED090,1102,-4848,1682,00000000,00006000,00000000,00000000,00000000,00000000,0,1,803430B8,00000000,00000000,8010DA00
O,66,48,0101,800ED090,424,-4540,1959,00000000,00004000,00000000,00000000,00000000,00000000,0,1,80343318,00000000,00000000,8010DA00
O,66,49,0101,800ED090,-1037,4244,772,00000000,FFFFE000,00000000,00000000,00000000,00000000,0,1,80343578,00000000,00000000,8010DA00
O,66,50,0101,800ED090,1828,3835,-50,00000000,00000000,00000000,00000000,00000000,00000000,0,1,803437D8,00000000,00000000,8010DA00
O,66,51,0101,800ED090,1459,3835,-357,00000000,00000000,00000000,00000000,00000000,00000000,0,1,80343A38,00000000,00000000,8010DA00
O,66,52,0101,800ED090,1091,3835,-665,00000000,00000000,00000000,00000000,00000000,00000000,0,1,80343C98,00000000,00000000,8010DA00
O,66,53,0101,800ED064,1580,-4854,-825,00000000,00000000,00000000,00000000,00000000,00000000,0,1,80343EF8,00000000,00000000,8010D910
O,66,54,0101,800ED064,-1692,1022,-1157,00000000,00000000,00000000,00000000,00000000,00000000,0,1,80344158,00000000,00000000,8010D910
O,66,55,0101,800ED064,2098,7007,2243,00000000,00000000,00000000,00000000,00000000,00000000,0,1,803443B8,00000000,00000000,8010D910
O,66,56,0101,800ED064,1801,-4843,-731,00000000,00000000,00000000,00000000,00000000,00000000,0,1,80344618,00000000,00000000,8010D910
O,66,57,0101,800ED064,-1477,1044,-1088,00000000,00000000,00000000,00000000,00000000,00000000,0,1,80344878,00000000,00000000,8010D910
O,66,58,0101,800ED064,2268,7030,2227,00000000,00000000,00000000,00000000,00000000,00000000,0,1,80344AD8,00000000,00000000,8010D910
O,66,59,0101,800EC1AC,800,-4400,1900,00000000,00000000,00000000,00000000,00000000,00000000,0,1,8034C658,00000000,00000000,00000000
O,66,60,0101,800EC1AC,800,-3700,1900,00000000,00000000,00000000,00000000,00000000,00000000,0,1,8034C658,00000000,00000000,00000000
O,66,61,0101,800EC1AC,800,-3000,1900,00000000,00000000,00000000,00000000,00000000,00000000,0,1,8034C658,00000000,00000000,00000000
O,66,62,0101,800EC1AC,1780,-3300,1000,00000000,00000000,00000000,00000000,00000000,00000000,0,1,8034C658,00000000,00000000,00000000
O,66,63,0101,800EC1AC,1388,-3300,1428,00000000,00000000,00000000,00000000,00000000,00000000,0,1,8034C658,00000000,00000000,00000000
O,66,64,0101,800EC1AC,200,-3000,2000,00000000,00000000,00000000,00000000,00000000,00000000,0,1,8034C658,00000000,00000000,00000000
O,66,65,0101,800EC1AC,200,-3700,2000,00000000,00000000,00000000,00000000,00000000,00000000,0,1,8034C658,00000000,00000000,00000000
O,66,66,0101,800EC1AC,200,-4400,2000,00000000,00000000,00000000,00000000,00000000,00000000,0,1,8034C658,00000000,00000000,00000000
O,66,67,0101,800EC4A4,-1080,90,1575,00000000,00000000,00000000,00000000,00000000,00000000,0,1,80346038,00000000,00000000,00000000
O,66,68,0101,800ED028,-1179,445,1413,00000000,00002000,00000000,00000000,00000000,00000000,0,1,80346298,00000000,00000000,8010D88C
O,66,69,0101,800ED028,-1524,-1454,1129,00000000,FFFFE000,00000000,00000000,00000000,00000000,0,1,803464F8,00000000,00000000,8010D88C
O,66,70,0101,800EB688,-878.933044,-670,1732.46326,00000000,00005201,00000000,00000000,00000000,00000000,2,0,80346758,00000000,00000000,00000000
O,66,71,0101,800EA888,-1203,-19,-170,00000000,00002000,00000000,00000000,00000000,00000000,0,1,803469B8,00000000,00000000,80125088
O,66,72,0101,800EA8A8,0,20,-1400,00000000,00000000,00000000,00000000,00000000,00000000,1,0,80346C18,00000000,00000000,00000000
O,66,73,0101,800EA8A8,-250,20,-1700,00000000,00000000,00000000,00000000,00000000,00000000,1,0,80346E78,00000000,00000000,00000000
O,66,74,0101,800EA8A8,250,20,-1700,00000000,00000000,00000000,00000000,00000000,00000000,1,0,803470D8,00000000,00000000,00000000
O,66,75,0101,800EA8A8,0,20,-2000,00000000,00000000,00000000,00000000,00000000,00000000,1,0,80347338,00000000,00000000,00000000
O,66,76,0101,800EA8A8,500,20,-2000,00000000,00000000,00000000,00000000,00000000,00000000,1,0,80347598,00000000,00000000,00000000
O,66,77,0101,800EA8A8,-500,20,-2000,00000000,00000000,00000000,00000000,00000000,00000000,1,0,803477F8,00000000,00000000,00000000
O,66,78,0101,800E9868,880,-19,1160,00000000,00000000,00000000,00000000,00000000,00000000,0,1,80347A58,8034DE18,00000000,00000000
O,66,79,0101,800ED48C,800,-2460,160,00000000,00000000,00000000,00000000,00000000,00000000,0,1,80347CB8,00000000,00000000,00000000
O,66,80,0101,800E8C0C,-1120,-820,1320,00000000,00002000,00000000,00000000,00000000,00000000,0,1,80347F18,00000000,00000000,00000000
O,66,81,0101,800ED48C,-571,6020,-1414,00000000,00000000,00000000,00000000,00000000,00000000,0,1,80348178,00000000,00000000,00000000
O,66,82,0101,800ED1F8,620,-5150,1540,00000000,00000190,00000000,00000000,00000190,00000000,0,1,803483D8,00000000,00000000,00000000
O,66,83,0101,800EC424,-520,1351,1919,00000000,00000000,00000000,00000000,00000000,00000000,0,1,80348638,00000000,00000000,00000000
O,66,84,0101,800EC424,-165,1351,1919,00000000,00000000,00000000,00000000,00000000,00000000,0,1,80348898,00000000,00000000,00000000
O,66,85,0101,800EC424,182,1351,1919,00000000,00000000,00000000,00000000,00000000,00000000,0,1,80348AF8,00000000,00000000,00000000
O,66,86,0101,800EC3EC,657,1368,1879,00000000,00000000,00000000,00000000,00000000,00000000,0,1,80348D58,00000000,00000000,00000000
O,66,87,0101,800EB688,-688.957825,-2320,-999.796692,00000000,0000C286,00000000,00000000,00000000,00000000,2,0,80348FB8,00000000,00000000,00000000
O,66,88,0101,800EA570,1883,4150,550,00000000,00000000,00000000,00000000,00000000,00000000,2,0,80349218,00000000,00000000,8014A168
O,66,89,0101,800ED1F8,-1333,350,1116,00000000,00000190,00000000,00000000,00000190,00000000,0,1,80349478,00000000,00000000,00000000
O,66,90,0101,800EA570,-1101,6316,-685,00000000,00002000,00000000,00000000,00000000,00000000,2,0,803496D8,00000000,00000000,8014A168
O,66,91,0101,800EB474,1077,-4822,642,00000000,FFFFFEC0,00000000,00000000,00000000,00000000,0,1,80349938,00000000,00000000,00000000
O,66,92,0101,800EB474,1683,-4822,193,00000000,FFFFFEC0,00000000,00000000,00000000,00000000,0,1,80349B98,00000000,00000000,00000000
O,66,93,0101,800EA8A8,0,20,-1700,00000000,00000000,00000000,00000000,00000000,00000000,1,0,80349DF8,00000000,00000000,00000000
O,66,94,0101,800ECFCC,-1020,1229,537,00000000,00000000,00000000,00000000,00000000,00000000,0,1,8034A058,00000000,00000000,8010D5B4
O,66,95,0101,800EA570,2350,5600,2350,00000000,00002000,00000000,00000000,00000000,00000000,2,0,8034A2B8,00000000,00000000,8014A168
O,66,96,0101,800EA570,0,4783,0,00000000,00000000,00000000,00000000,00000000,00000000,2,0,8034A518,00000000,00000000,8014A168
O,66,97,0101,800EA570,-1140,-3720,-1620,00000000,00002000,00000000,00000000,00000000,00000000,2,0,8034A778,00000000,00000000,8014A168
O,66,98,0101,800EA570,840,-2200,860,00000000,00002000,00000000,00000000,00000000,00000000,2,0,8034A9D8,00000000,00000000,8014A168
O,66,99,0101,800E8C3C,-770,-3800,-440,00000000,00000000,00000000,00000000,00000000,00000000,0,1,8034AC38,00000000,00000000,00000000
O,66,100,0101,800E8C3C,-770,-3700,-440,00000000,00000000,00000000,00000000,00000000,00000000,0,1,8034AE98,00000000,00000000,00000000
O,66,101,0101,800EA570,280,-4920,1660,00000000,00000000,00000000,00000000,00000000,00000000,2,0,8034B0F8,00000000,00000000,8014A168
O,66,102,0101,800EA570,1240,300,840,00000000,00002000,00000000,00000000,00000000,00000000,2,0,8034B358,00000000,00000000,8014A168
O,66,103,0101,800EA570,520,300,1500,00000000,00002000,00000000,00000000,00000000,00000000,2,0,8034B5B8,00000000,00000000,8014A168
O,66,104,0101,800EA570,-400,3600,1880,00000000,00000000,00000000,00000000,00000000,00000000,2,0,8034B818,00000000,00000000,8014A168
O,66,105,0101,800EA570,-40,4160,-1280,00000000,00000000,00000000,00000000,00000000,00000000,2,0,8034BA78,00000000,00000000,8014A168
O,66,106,0101,800EA570,-1160,2920,-840,00000000,00002000,00000000,00000000,00000000,00000000,2,0,8034BCD8,00000000,00000000,8014A168
O,66,107,0101,800EA570,-780,6316,-1020,00000000,00002000,00000000,00000000,00000000,00000000,2,0,8034BF38,00000000,00000000,8014A168
O,66,108,0101,800ECF5C,1313,6190,1313,00000000,00002000,00000000,00000000,00000000,00000000,0,1,8034C198,00000000,00000000,8010D2E4
O,66,109,0101,800ECF5C,1851,-2488,-98,00000000,00000000,00000000,00000000,00000000,00000000,0,1,8034C3F8,00000000,00000000,8010D410
O,66,110,0101,800EC18C,1815,-3200,800,00000000,00000000,00000000,00000000,00000000,00000000,0,1,8034C658,00000000,00000000,00000000
O,66,111,0101,800EC13C,-1050,2400,-790,00000000,00000800,00000000,00000000,00000000,00000000,0,1,8034C8B8,00000000,00000000,00000000
O,66,112,0101,800EC13C,2200,7300,2210,00000000,00000800,00000000,00000000,00000000,00000000,0,1,8034CB18,00000000,00000000,00000000
O,66,113,0101,800EC13C,-1300,-2250,-1300,00000000,00000800,00000000,00000000,00000000,00000000,0,1,8034CD78,00000000,00000000,00000000
O,66,114,0101,800EC13C,-1850,300,-950,00000000,00000800,00000000,00000000,00000000,00000000,0,1,8034CFD8,00000000,00000000,00000000
O,66,115,0101,800EC13C,-1450,-1130,-1050,00000000,00000800,00000000,00000000,00000000,00000000,0,1,8034D238,00000000,00000000,00000000
O,66,116,0101,800E8EAC,1919,6202,1919,00000000,FFFFA000,00000000,00000000,00000000,00000000,0,1,8034D498,00000000,00000000,8011A38C
O,66,117,0101,800E8464,-1080,-840,1573,00000000,00000000,00000000,00000000,00000000,00000000,0,1,8034D6F8,00000000,00000000,00000000
O,66,118,0101,800EB274,1417,-3822,-548,00000000,FFFFE0B6,00000000,00000000,00000000,00000000,0,1,8034D958,00000000,00000000,00000000
O,66,119,0101,800EB1C0,1415.60986,-3822,-546.562012,00000000,FFFFE0B6,00000000,00000000,00000000,00000000,0,1,8034DBB8,00000000,00000000,00000000
O,66,120,0101,800E98C4,880,-19,1160,00000000,00000000,00000000,00000000,00000000,00000000,0,1,80347A58,00000000,00000000,00000000
O,66,121,0101,800ED86C,1815,-4762,800,00004000,00000100,00000000,00000000,00000000,00000000,0,1,8034C658,00000000,00000000,00000000
M,67,18,104965,3,00001924,0C400201,0,0,00000000,1415.60986,-3822,-546.562012,-1.39015019,-4,1.4378742,2,-8010,-4822,5243,00000000,80161C20,801693C0,8034D958,00000000,8034D958,00000000,8034DBB8,00000000,00000000,-1
O,67,0,0101,800ECEF0,-1032,-3291,1070,00000000,00002000,00000000,00000000,00000000,00000000,0,1,8033C118,00000000,00000000,8010CFA0
O,67,1,0101,800ECEF0,-1881,1767,-446,00000000,00004000,00000000,00000000,00000000,00000000,0,1,8033C378,00000000,00000000,8010CFA0
O,67,2,0101,800ECEF0,-1870,2068,362,00000000,00004000,00000000,00000000,00000000,00000000,0,1,8033C5D8,00000000,00000000,8010CFA0
O,67,3,0101,800ECEF0,-770,-4361,-423,00000000,FFFFA000,00000000,00000000,00000000,00000000,0,1,8033C838,00000000,00000000,8010CFA0
O,67,4,0101,800ECEF0,-1314,-3691,788,00000000,00006000,00000000,00000000,00000000,00000000,0,1,8033CA98,00000000,00000000,8010CFA0
O,67,5,0101,800ECEF0,-1314,-2892,1353,00000000,00006000,00000000,00000000,00000000,00000000,0,1,8033CCF8,00000000,00000000,8010CFA0
O,67,6,0101,800ECEF0,780,5767,-1027,00000000,FFFFE000,00000000,00000000,00000000,00000000,0,1,8033CF58,00000000,00000000,8010D038
O,67,7,0101,800ECEF0,1063,5562,-744,00000000,FFFFE000,00000000,00000000,00000000,00000000,0,1,8033D1B8,00000000,00000000,8010D038
O,67,8,0101,800ECF24,-1350,748,-1208,00000000,00002000,000018E3,00000000,00000000,00000000,0,1,8033D418,00000000,00000000,8010D0BC
O,67,9,0101,800ECF24,-690,901,-910,00000000,00002000,000018E3,00000000,00000000,00000000,0,1,8033D678,00000000,00000000,8010D0BC
O,67,10,0101,800ECF24,-1389,-3030,-1028,00000000,00002000,000018E3,00000000,00000000,00000000,0,1,8033D8D8,00000000,00000000,8010D0BC
O,67,11,0101,800ECF24,937,-3867,-1041,00000000,00002000,000018E3,00000000,00000000,00000000,0,1,8033DB38,00000000,00000000,8010D0BC
O,67,12,0101,800ECF5C,-139,-4408,-1056,00000000,00006000,00000000,00000000,00000000,00000000,0,1,8033DD98,00000000,00000000,8010D2E4
O,67,13,0101,800ECF5C,618,3656,148,00000000,00004000,00000000,00000000,00000000,00000000,0,1,8033DFF8,00000000,00000000,8010D410
O,67,14,0101,800ECF5C,963,3297,608,00000000,FFFFC000,00000000,00000000,00000000,00000000,0,1,8033E258,00000000,00000000,8010D410
O,67,15,0101,800ECF5C,1306,2939,1069,00000000,00004000,00000000,00000000,00000000,00000000,0,1,8033E4B8,00000000,00000000,8010D410
O,67,16,0101,800ECF5C,-1179,-1453,-792,00000000,FFFFE000,00000000,00000000,00000000,00000000,0,1,8033E718,00000000,00000000,8010D410
O,67,17,0101,800ECF94,174,1248,1790,00000000,FFFF8000,00000000,00000000,00000000,00000000,0,1,8033E978,00000000,00000000,8010D53C
O,67,18,0101,800ECF94,-1144.22327,1490,-1386.22327,00000000,00002000,00000000,00000000,00000000,00000000,0,1,8033EBD8,00000000,00000000,8010D53C
O,67,19,0101,800ECF94,-899.223328,1730,-1631.22327,00000000,00002000,00000000,00000000,00000000,00000000,0,1,8033EE38,00000000,00000000,8010D53C
O,67,20,0101,800ECF94,-1142.22327,1970,-1387.22327,00000000,00002000,00000000,00000000,00000000,00000000,0,1,8033F098,00000000,00000000,8010D53C
O,67,21,0101,800ECF94,-517,3175,1790,00000000,FFFF8000,00000000,00000000,00000000,00000000,0,1,8033F2F8,00000000,00000000,8010D53C
O,67,22,0101,800ECF94,-170,1248,1790,00000000,FFFF8000,00000000,00000000,00000000,00000000,0,1,8033F558,00000000,00000000,8010D53C
O,67,23,0101,800ECF94,-515,1248,1790,00000000,FFFF8000,00000000,00000000,00000000,00000000,0,1,8033F7B8,00000000,00000000,8010D53C
O,67,24,0101,800ECF94,-175,-1351,-1789,00000000,00000000,00000000,00000000,00000000,00000000,0,1,8033FA18,00000000,00000000,8010D53C
O,67,25,0101,800ECF94,-515,-2590,1790,00000000,FFFF8000,00000000,00000000,00000000,00000000,0,1,8033FC78,00000000,00000000,8010D53C
O,67,26,0101,800ECF94,518,3175,1790,00000000,FFFF8000,00000000,00000000,00000000,00000000,0,1,8033FED8,00000000,00000000,8010D53C
O,67,27,0101,800ECF94,-171,3175,1790,00000000,FFFF8000,00000000,00000000,00000000,00000000,0,1,80340138,00000000,00000000,8010D53C
O,67,28,0101,800ECF94,174,3175,1790,00000000,FFFF8000,00000000,00000000,00000000,00000000,0,1,80340398,00000000,00000000,8010D53C
O,67,29,0101,800ECFCC,1490,-2088,-873,00000000,00000000,00000000,00000000,00000000,00000000,0,1,803405F8,00000000,00000000,8010D5B4
O,67,30,0101,800ECFCC,-708,-1606,-1589,00000000,00000000,00000000,00000000,00000000,00000000,0,1,80340858,00000000,00000000,8010D5B4
O,67,31,0101,800ECFCC,954,-1627,-1448,00000000,00000000,00000000,00000000,00000000,00000000,0,1,80340AB8,00000000,00000000,8010D5B4
O,67,32,0101,800ECFCC,1215,-1781,-1215,00000000,00000000,00000000,00000000,00000000,00000000,0,1,80340D18,00000000,00000000,8010D5B4
O,67,33,0101,800ECFCC,1052,-1934,-769,00000000,00000000,00000000,00000000,00000000,00000000,0,1,80340F78,00000000,00000000,8010D5B4
O,67,34,0101,800ECFCC,-620,1229,1233,00000000,FFFFA000,00000000,00000000,00000000,00000000,0,1,803411D8,00000000,00000000,8010D680
O,67,35,0101,800ECFCC,1050,-19,-1037,00000000,FFFFE000,00000000,00000000,00000000,00000000,0,1,80341438,00000000,00000000,8010D680
O,67,36,0101,800ECFF8,-1100,259,-1030,00000000,FFFFE000,00000000,00000000,00000000,00000000,0,1,80341698,00000000,00000000,8010D784
O,67,37,0101,800ED064,0,6011,0,00000000,FFFFA000,00000000,00000000,00000000,00000000,0,1,803418F8,00000000,00000000,8010D910
O,67,38,0101,800ED064,0,-2487,0,00000000,00002000,00000000,00000000,00000000,00000000,0,1,80341B58,00000000,00000000,8010D910
O,67,39,0101,800ED090,1102,-3619,1682,00000000,00006000,00000000,00000000,00000000,00000000,0,1,80341DB8,00000000,00000000,8010DA00
O,67,40,0101,800ED090,424,-3312,1959,00000000,00004000,00000000,00000000,00000000,00000000,0,1,80342018,00000000,00000000,8010DA00
O,67,41,0101,800ED090,1102,-3004,1682,00000000,00006000,00000000,00000000,00000000,00000000,0,1,80342278,00000000,00000000,8010DA00
O,67,42,0101,800ED090,1584,-2697,1200,00000000,00006000,00000000,00000000,00000000,00000000,0,1,803424D8,00000000,00000000,8010DA00
O,67,43,0101,800ED090,1582,-3619,1203,00000000,00006000,00000000,00000000,00000000,00000000,0,1,80342738,00000000,00000000,8010DA00
O,67,44,0101,800ED090,-762,4347,1047,00000000,00006000,00000000,00000000,00000000,00000000,0,1,80342998,00000000,00000000,8010DA00
O,67,45,0101,800ED090,424,-3926,1959,00000000,00004000,00000000,00000000,00000000,00000000,0,1,80342BF8,00000000,00000000,8010DA00
O,67,46,0101,800ED090,1102,-4233,1682,00000000,00006000,00000000,00000000,00000000,00000000,0,1,80342E58,00000000,00000000,8010DA00
O,67,47,0101,800ED090,1102,-4848,1682,00000000,00006000,00000000,00000000,00000000,00000000,0,1,803430B8,00000000,00000000,8010DA00
O,67,48,0101,800ED090,424,-4540,1959,00000000,00004000,00000000,00000000,00000000,00000000,0,1,80343318,00000000,00000000,8010DA00
O,67,49,0101,800ED090,-1037,4244,772,00000000,FFFFE000,00000000,00000000,00000000,00000000,0,1,80343578,00000000,00000000,8010DA00
O,67,50,0101,800ED090,1828,3835,-50,00000000,00000000,00000000,00000000,00000000,00000000,0,1,803437D8,00000000,00000000,8010DA00
O,67,51,0101,800ED090,1459,3835,-357,00000000,00000000,00000000,00000000,00000000,00000000,0,1,80343A38,00000000,00000000,8010DA00
O,67,52,0101,800ED090,1091,3835,-665,00000000,00000000,00000000,00000000,00000000,00000000,0,1,80343C98,00000000,00000000,8010DA00
O,67,53,0101,800ED064,1580,-4854,-825,00000000,00000000,00000000,00000000,00000000,00000000,0,1,80343EF8,00000000,00000000,8010D910
O,67,54,0101,800ED064,-1692,1022,-1157,00000000,00000000,00000000,00000000,00000000,00000000,0,1,80344158,00000000,00000000,8010D910
O,67,55,0101,800ED064,2098,7007,2243,00000000,00000000,00000000,00000000,00000000,00000000,0,1,803443B8,00000000,00000000,8010D910
O,67,56,0101,800ED064,1801,-4843,-731,00000000,00000000,00000000,00000000,00000000,00000000,0,1,80344618,00000000,00000000,8010D910
O,67,57,0101,800ED064,-1477,1044,-1088,00000000,00000000,00000000,00000000,00000000,00000000,0,1,80344878,00000000,00000000,8010D910
O,67,58,0101,800ED064,2268,7030,2227,00000000,00000000,00000000,00000000,00000000,00000000,0,1,80344AD8,00000000,00000000,8010D910
O,67,59,0101,800EC1AC,800,-4400,1900,00000000,00000000,00000000,00000000,00000000,00000000,0,1,8034C658,00000000,00000000,00000000
O,67,60,0101,800EC1AC,800,-3700,1900,00000000,00000000,00000000,00000000,00000000,00000000,0,1,8034C658,00000000,00000000,00000000
O,67,61,0101,800EC1AC,800,-3000,1900,00000000,00000000,00000000,00000000,00000000,00000000,0,1,8034C658,00000000,00000000,00000000
O,67,62,0101,800EC1AC,1780,-3300,1000,00000000,00000000,00000000,00000000,00000000,00000000,0,1,8034C658,00000000,00000000,00000000
O,67,63,0101,800EC1AC,1388,-3300,1428,00000000,00000000,00000000,00000000,00000000,00000000,0,1,8034C658,00000000,00000000,00000000
O,67,64,0101,800EC1AC,200,-3000,2000,00000000,00000000,00000000,00000000,00000000,00000000,0,1,8034C658,00000000,00000000,00000000
O,67,65,0101,800EC1AC,200,-3700,2000,00000000,00000000,00000000,00000000,00000000,00000000,0,1,8034C658,00000000,00000000,00000000
O,67,66,0101,800EC1AC,200,-4400,2000,00000000,00000000,00000000,00000000,00000000,00000000,0,1,8034C658,00000000,00000000,00000000
O,67,67,0101,800EC4A4,-1080,90,1575,00000000,00000000,00000000,00000000,00000000,00000000,0,1,80346038,00000000,00000000,00000000
O,67,68,0101,800ED028,-1179,445,1413,00000000,00002000,00000000,00000000,00000000,00000000,0,1,80346298,00000000,00000000,8010D88C
O,67,69,0101,800ED028,-1524,-1454,1129,00000000,FFFFE000,00000000,00000000,00000000,00000000,0,1,803464F8,00000000,00000000,8010D88C
O,67,70,0101,800EB688,-878.933044,-670,1732.46326,00000000,00005201,00000000,00000000,00000000,00000000,2,0,80346758,00000000,00000000,00000000
O,67,71,0101,800EA888,-1203,-19,-170,00000000,00002000,00000000,00000000,00000000,00000000,0,1,803469B8,00000000,00000000,80125088
O,67,72,0101,800EA8A8,0,20,-1400,00000000,00000000,00000000,00000000,00000000,00000000,1,0,80346C18,00000000,00000000,00000000
O,67,73,0101,800EA8A8,-250,20,-1700,00000000,00000000,00000000,00000000,00000000,00000000,1,0,80346E78,00000000,00000000,00000000
O,67,74,0101,800EA8A8,250,20,-1700,00000000,00000000,00000000,00000000,00000000,00000000,1,0,803470D8,00000000,00000000,00000000
O,67,75,0101,800EA8A8,0,20,-2000,00000000,00000000,00000000,00000000,00000000,00000000,1,0,80347338,00000000,00000000,00000000
O,67,76,0101,800EA8A8,500,20,-2000,00000000,00000000,00000000,00000000,00000000,00000000,1,0,80347598,00000000,00000000,00000000
O,67,77,0101,800EA8A8,-500,20,-2000,00000000,00000000,00000000,00000000,00000000,00000000,1,0,803477F8,00000000,00000000,00000000
O,67,78,0101,800E9868,880,-19,1160,00000000,00000000,00000000,00000000,00000000,00000000,0,1,80347A58,8034DE18,00000000,00000000
O,67,79,0101,800ED48C,800,-2460,160,00000000,00000000,00000000,00000000,00000000,00000000,0,1,80347CB8,00000000,00000000,00000000
O,67,80,0101,800E8C0C,-1120,-820,1320,00000000,00002000,00000000,00000000,00000000,00000000,0,1,80347F18,00000000,00000000,00000000
O,67,81,0101,800ED48C,-571,6020,-1414,00000000,00000000,00000000,00000000,00000000,00000000,0,1,80348178,00000000,00000000,00000000
O,67,82,0101,800ED1F8,620,-5150,1540,00000000,00000190,00000000,00000000,00000190,00000000,0,1,803483D8,00000000,00000000,00000000
O,67,83,0101,800EC424,-520,1351,1919,00000000,00000000,00000000,00000000,00000000,00000000,0,1,80348638,00000000,00000000,00000000
O,67,84,0101,800EC424,-165,1351,1919,00000000,00000000,00000000,00000000,00000000,00000000,0,1,80348898,00000000,00000000,00000000
O,67,85,0101,800EC424,182,1351,1919,00000000,00000000,00000000,00000000,00000000,00000000,0,1,80348AF8,00000000,00000000,00000000
O,67,86,0101,800EC3EC,657,1368,1879,00000000,00000000,00000000,00000000,00000000,00000000,0,1,80348D58,00000000,00000000,00000000
O,67,87,0101,800EB688,-688.957825,-2320,-999.796692,00000000,0000C286,00000000,00000000,00000000,00000000,2,0,80348FB8,00000000,00000000,00000000
O,67,88,0101,800EA570,1883,4150,550,00000000,00000000,00000000,00000000,00000000,00000000,2,0,80349218,00000000,00000000,8014A168
O,67,89,0101,800ED1F8,-1333,350,1116,00000000,00000190,00000000,00000000,00000190,00000000,0,1,80349478,00000000,00000000,00000000
O,67,90,0101,800EA570,-1101,6316,-685,00000000,00002000,00000000,00000000,00000000,00000000,2,0,803496D8,00000000,00000000,8014A168
O,67,91,0101,800EB474,1077,-4822,642,00000000,FFFFFEC0,00000000,00000000,00000000,00000000,0,1,80349938,00000000,00000000,00000000
O,67,92,0101,800EB474,1683,-4822,193,00000000,FFFFFEC0,00000000,00000000,00000000,00000000,0,1,80349B98,00000000,00000000,00000000
O,67,93,0101,800EA8A8,0,20,-1700,00000000,00000000,00000000,00000000,00000000,00000000,1,0,80349DF8,00000000,00000000,00000000
O,67,94,0101,800ECFCC,-1020,1229,537,00000000,00000000,00000000,00000000,00000000,00000000,0,1,8034A058,00000000,00000000,8010D5B4
O,67,95,0101,800EA570,2350,5600,2350,00000000,00002000,00000000,00000000,00000000,00000000,2,0,8034A2B8,00000000,00000000,8014A168
O,67,96,0101,800EA570,0,4783,0,00000000,00000000,00000000,00000000,00000000,00000000,2,0,8034A518,00000000,00000000,8014A168
O,67,97,0101,800EA570,-1140,-3720,-1620,00000000,00002000,00000000,00000000,00000000,00000000,2,0,8034A778,00000000,00000000,8014A168
O,67,98,0101,800EA570,840,-2200,860,00000000,00002000,00000000,00000000,00000000,00000000,2,0,8034A9D8,00000000,00000000,8014A168
O,67,99,0101,800E8C3C,-770,-3800,-440,00000000,00000000,00000000,00000000,00000000,00000000,0,1,8034AC38,00000000,00000000,00000000
O,67,100,0101,800E8C3C,-770,-3700,-440,00000000,00000000,00000000,00000000,00000000,00000000,0,1,8034AE98,00000000,00000000,00000000
O,67,101,0101,800EA570,280,-4920,1660,00000000,00000000,00000000,00000000,00000000,00000000,2,0,8034B0F8,00000000,00000000,8014A168
O,67,102,0101,800EA570,1240,300,840,00000000,00002000,00000000,00000000,00000000,00000000,2,0,8034B358,00000000,00000000,8014A168
O,67,103,0101,800EA570,520,300,1500,00000000,00002000,00000000,00000000,00000000,00000000,2,0,8034B5B8,00000000,00000000,8014A168
O,67,104,0101,800EA570,-400,3600,1880,00000000,00000000,00000000,00000000,00000000,00000000,2,0,8034B818,00000000,00000000,8014A168
O,67,105,0101,800EA570,-40,4160,-1280,00000000,00000000,00000000,00000000,00000000,00000000,2,0,8034BA78,00000000,00000000,8014A168
O,67,106,0101,800EA570,-1160,2920,-840,00000000,00002000,00000000,00000000,00000000,00000000,2,0,8034BCD8,00000000,00000000,8014A168
O,67,107,0101,800EA570,-780,6316,-1020,00000000,00002000,00000000,00000000,00000000,00000000,2,0,8034BF38,00000000,00000000,8014A168
O,67,108,0101,800ECF5C,1313,6190,1313,00000000,00002000,00000000,00000000,00000000,00000000,0,1,8034C198,00000000,00000000,8010D2E4
O,67,109,0101,800ECF5C,1851,-2488,-98,00000000,00000000,00000000,00000000,00000000,00000000,0,1,8034C3F8,00000000,00000000,8010D410
O,67,110,0101,800EC18C,1815,-3200,800,00000000,00000000,00000000,00000000,00000000,00000000,0,1,8034C658,00000000,00000000,00000000
O,67,111,0101,800EC13C,-1050,2400,-790,00000000,00000800,00000000,00000000,00000000,00000000,0,1,8034C8B8,00000000,00000000,00000000
O,67,112,0101,800EC13C,2200,7300,2210,00000000,00000800,00000000,00000000,00000000,00000000,0,1,8034CB18,00000000,00000000,00000000
O,67,113,0101,800EC13C,-1300,-2250,-1300,00000000,00000800,00000000,00000000,00000000,00000000,0,1,8034CD78,00000000,00000000,00000000
O,67,114,0101,800EC13C,-1850,300,-950,00000000,00000800,00000000,00000000,00000000,00000000,0,1,8034CFD8,00000000,00000000,00000000
O,67,115,0101,800EC13C,-1450,-1130,-1050,00000000,00000800,00000000,00000000,00000000,00000000,0,1,8034D238,00000000,00000000,00000000
O,67,116,0101,800E8EAC,1919,6202,1919,00000000,FFFFA000,00000000,00000000,00000000,00000000,0,1,8034D498,00000000,00000000,8011A38C
O,67,117,0101,800E8464,-1080,-840,1573,00000000,00000000,00000000,00000000,00000000,00000000,0,1,8034D6F8,00000000,00000000,00000000
O,67,118,0101,800EB274,1417,-3822,-548,00000000,FFFFE0B6,00000000,00000000,00000000,00000000,0,1,8034D958,00000000,00000000,00000000
O,67,119,0101,800EB1C0,1415.60986,-3822,-546.562012,00000000,FFFFE0B6,00000000,00000000,00000000,00000000,0,1,8034DBB8,00000000,00000000,00000000
O,67,120,0101,800E98C4,880,-19,1160,00000000,00000000,00000000,00000000,00000000,00000000,0,1,80347A58,00000000,00000000,00000000
O,67,121,0101,800ED86C,1815,-4762,800,00004000,00000100,00000000,00000000,00000000,00000000,0,1,8034C658,00000000,00000000,00000000
M,68,19,104966,3,00001924,0C400201,0,0,00000000,1414.21973,-3826,-545.124023,-1.39015019,-8,1.4378742,2,-8010,-4822,5243,00000000,80161C20,801693C0,8034D958,00000000,8034D958,00000000,8034DBB8,00000000,00000000,-1
O,68,0,0101,800ECEF0,-1032,-3291,1070,00000000,00002000,00000000,00000000,00000000,00000000,0,2,8033C118,00000000,00000000,8010CFA0
O,68,1,0101,800ECEF0,-1881,1767,-446,00000000,00004000,00000000,00000000,00000000,00000000,0,2,8033C378,00000000,00000000,8010CFA0
O,68,2,0101,800ECEF0,-1870,2068,362,00000000,00004000,00000000,00000000,00000000,00000000,0,2,8033C5D8,00000000,00000000,8010CFA0
O,68,3,0101,800ECEF0,-770,-4361,-423,00000000,FFFFA000,00000000,00000000,00000000,00000000,0,2,8033C838,00000000,00000000,8010CFA0
O,68,4,0101,800ECEF0,-1314,-3691,788,00000000,00006000,00000000,00000000,00000000,00000000,0,2,8033CA98,00000000,00000000,8010CFA0
O,68,5,0101,800ECEF0,-1314,-2892,1353,00000000,00006000,00000000,00000000,00000000,00000000,0,2,8033CCF8,00000000,00000000,8010CFA0
O,68,6,0101,800ECEF0,780,5767,-1027,00000000,FFFFE000,00000000,00000000,00000000,00000000,0,2,8033CF58,00000000,00000000,8010D038
O,68,7,0101,800ECEF0,1063,5562,-744,00000000,FFFFE000,00000000,00000000,00000000,00000000,0,2,8033D1B8,00000000,00000000,8010D038
O,68,8,0101,800ECF24,-1350,748,-1208,00000000,00002000,000018E3,00000000,00000000,00000000,0,2,8033D418,00000000,00000000,8010D0BC
O,68,9,0101,800ECF24,-690,901,-910,00000000,00002000,000018E3,00000000,00000000,00000000,0,2,8033D678,00000000,00000000,8010D0BC
O,68,10,0101,800ECF24,-1389,-3030,-1028,00000000,00002000,000018E3,00000000,00000000,00000000,0,2,8033D8D8,00000000,00000000,8010D0BC
O,68,11,0101,800ECF24,937,-3867,-1041,00000000,00002000,000018E3,00000000,00000000,00000000,0,2,8033DB38,00000000,00000000,8010D0BC
O,68,12,0101,800ECF5C,-139,-4408,-1056,00000000,00006000,00000000,00000000,00000000,00000000,0,2,8033DD98,00000000,00000000,8010D2E4
O,68,13,0101,800ECF5C,618,3656,148,00000000,00004000,00000000,00000000,00000000,00000000,0,2,8033DFF8,00000000,00000000,8010D410
O,68,14,0101,800ECF5C,963,3297,608,00000000,FFFFC000,00000000,00000000,00000000,00000000,0,2,8033E258,00000000,00000000,8010D410
O,68,15,0101,800ECF5C,1306,2939,1069,00000000,00004000,00000000,00000000,00000000,00000000,0,2,8033E4B8,00000000,00000000,8010D410
O,68,16,0101,800ECF5C,-1179,-1453,-792,00000000,FFFFE000,00000000,00000000,00000000,00000000,0,2,8033E718,00000000,00000000,8010D410
O,68,17,0101,800ECF94,174,1248,1790,00000000,FFFF8000,00000000,00000000,00000000,00000000,0,2,8033E978,00000000,00000000,8010D53C
O,68,18,0101,800ECF94,-1144.22327,1490,-1386.22327,00000000,00002000,00000000,00000000,00000000,00000000,0,2,8033EBD8,00000000,00000000,8010D53C
O,68,19,0101,800ECF94,-899.223328,1730,-1631.22327,00000000,00002000,00000000,00000000,00000000,00000000,0,2,8033EE38,00000000,00000000,8010D53C
O,68,20,0101,800ECF94,-1142.22327,1970,-1387.22327,00000000,00002000,00000000,00000000,00000000,00000000,0,2,8033F098,00000000,00000000,8010D53C
O,68,21,0101,800ECF94,-517,3175,1790,00000000,FFFF8000,00000000,00000000,00000000,00000000,0,2,8033F2F8,00000000,00000000,8010D53C
O,68,22,0101,800ECF94,-170,1248,1790,00000000,FFFF8000,00000000,00000000,00000000,00000000,0,2,8033F558,00000000,00000000,8010D53C
O,68,23,0101,800ECF94,-515,1248,1790,00000000,FFFF8000,00000000,00000000,00000000,00000000,0,2,8033F7B8,00000000,00000000,8010D53C
O,68,24,0101,800ECF94,-175,-1351,-1789,00000000,00000000,00000000,00000000,00000000,00000000,0,2,8033FA18,00000000,00000000,8010D53C
O,68,25,0101,800ECF94,-515,-2590,1790,00000000,FFFF8000,00000000,00000000,00000000,00000000,0,2,8033FC78,00000000,00000000,8010D53C
O,68,26,0101,800ECF94,518,3175,1790,00000000,FFFF8000,00000000,00000000,00000000,00000000,0,2,8033FED8,00000000,00000000,8010D53C
O,68,27,0101,800ECF94,-171,3175,1790,00000000,FFFF8000,00000000,00000000,00000000,00000000,0,2,80340138,00000000,00000000,8010D53C
O,68,28,0101,800ECF94,174,3175,1790,00000000,FFFF8000,00000000,00000000,00000000,00000000,0,2,80340398,00000000,00000000,8010D53C
O,68,29,0101,800ECFCC,1490,-2088,-873,00000000,00000000,00000000,00000000,00000000,00000000,0,2,803405F8,00000000,00000000,8010D5B4
O,68,30,0101,800ECFCC,-708,-1606,-1589,00000000,00000000,00000000,00000000,00000000,00000000,0,2,80340858,00000000,00000000,8010D5B4
O,68,31,0101,800ECFCC,954,-1627,-1448,00000000,00000000,00000000,00000000,00000000,00000000,0,2,80340AB8,00000000,00000000,8010D5B4
O,68,32,0101,800ECFCC,1215,-1781,-1215,00000000,00000000,00000000,00000000,00000000,00000000,0,2,80340D18,00000000,00000000,8010D5B4
O,68,33,0101,800ECFCC,1052,-1934,-769,00000000,00000000,00000000,00000000,00000000,00000000,0,2,80340F78,00000000,00000000,8010D5B4
O,68,34,0101,800ECFCC,-620,1229,1233,00000000,FFFFA000,00000000,00000000,00000000,00000000,0,2,803411D8,00000000,00000000,8010D680
O,68,35,0101,800ECFCC,1050,-19,-1037,00000000,FFFFE000,00000000,00000000,00000000,00000000,0,2,80341438,00000000,00000000,8010D680
O,68,36,0101,800ECFF8,-1100,259,-1030,00000000,FFFFE000,00000000,00000000,00000000,00000000,0,1,80341698,00000000,00000000,8010D784
O,68,37,0101,800ED064,0,6011,0,00000000,FFFFA000,00000000,00000000,00000000,00000000,0,2,803418F8,00000000,00000000,8010D910
O,68,38,0101,800ED064,0,-2487,0,00000000,00002000,00000000,00000000,00000000,00000000,0,2,80341B58,00000000,00000000,8010D910
O,68,39,0101,800ED090,1102,-3619,1682,00000000,00006000,00000000,00000000,00000000,00000000,0,2,80341DB8,00000000,00000000,8010DA00
O,68,40,0101,800ED090,424,-3312,1959,00000000,00004000,00000000,00000000,00000000,00000000,0,2,80342018,00000000,00000000,8010DA00
O,68,41,0101,800ED090,1102,-3004,1682,00000000,00006000,00000000,00000000,00000000,00000000,0,2,80342278,00000000,00000000,8010DA00
O,68,42,0101,800ED090,1584,-2697,1200,00000000,00006000,00000000,00000000,00000000,00000000,0,2,803424D8,00000000,00000000,8010DA00
O,68,43,0101,800ED090,1582,-3619,1203,00000000,00006000,00000000,00000000,00000000,00000000,0,2,80342738,00000000,00000000,8010DA00
O,68,44,0101,800ED090,-762,4347,1047,00000000,00006000,00000000,00000000,00000000,00000000,0,2,80342998,00000000,00000000,8010DA00
O,68,45,0101,800ED090,424,-3926,1959,00000000,00004000,00000000,00000000,00000000,00000000,0,2,80342BF8,00000000,00000000,8010DA00
O,68,46,0101,800ED090,1102,-4233,1682,00000000,00006000,00000000,00000000,00000000,00000000,0,2,80342E58,00000000,00000000,8010DA00
O,68,47,0101,800ED090,1102,-4848,1682,00000000,00006000,00000000,00000000,00000000,00000000,0,2,803430B8,00000000,00000000,8010DA00
O,68,48,0101,800ED090,424,-4540,1959,00000000,00004000,00000000,00000000,00000000,00000000,0,2,80343318,00000000,00000000,8010DA00
O,68,49,0101,800ED090,-1037,4244,772,00000000,FFFFE000,00000000,00000000,00000000,00000000,0,2,80343578,00000000,00000000,8010DA00
O,68,50,0101,800ED090,1828,3835,-50,00000000,00000000,00000000,00000000,00000000,00000000,0,2,803437D8,00000000,00000000,8010DA00
O,68,51,0101,800ED090,1459,3835,-357,00000000,00000000,00000000,00000000,00000000,00000000,0,2,80343A38,00000000,00000000,8010DA00
O,68,52,0101,800ED090,1091,3835,-665,00000000,00000000,00000000,00000000,00000000,00000000,0,2,80343C98,00000000,00000000,8010DA00
O,68,53,0101,800ED064,1580,-4854,-825,00000000,00000000,00000000,00000000,00000000,00000000,0,2,80343EF8,00000000,00000000,8010D910
O,68,54,0101,800ED064,-1692,1022,-1157,00000000,00000000,00000000,00000000,00000000,00000000,0,2,80344158,00000000,00000000,8010D910
O,68,55,0101,800ED064,2098,7007,2243,00000000,00000000,00000000,00000000,00000000,00000000,0,2,803443B8,00000000,00000000,8010D910
O,68,56,0101,800ED064,1801,-4843,-731,00000000,00000000,00000000,00000000,00000000,00000000,0,2,80344618,00000000,00000000,8010D910
O,68,57,0101,800ED064,-1477,1044,-1088,00000000,00000000,00000000,00000000,00000000,00000000,0,2,80344878,00000000,00000000,8010D910
O,68,58,0101,800ED064,2268,7030,2227,00000000,00000000,00000000,00000000,00000000,00000000,0,2,80344AD8,00000000,00000000,8010D910
O,68,59,0101,800EC1AC,800,-4400,1900,00000000,00000000,00000000,00000000,00000000,00000000,0,2,8034C658,00000000,00000000,00000000
O,68,60,0101,800EC1AC,800,-3700,1900,00000000,00000000,00000000,00000000,00000000,00000000,0,2,8034C658,00000000,00000000,00000000
O,68,61,0101,800EC1AC,800,-3000,1900,00000000,00000000,00000000,00000000,00000000,00000000,0,2,8034C658,00000000,00000000,00000000
O,68,62,0101,800EC1AC,1780,-3300,1000,00000000,00000000,00000000,00000000,00000000,00000000,0,2,8034C658,00000000,00000000,00000000
O,68,63,0101,800EC1AC,1388,-3300,1428,00000000,00000000,00000000,00000000,00000000,00000000,0,2,8034C658,00000000,00000000,00000000
O,68,64,0101,800EC1AC,200,-3000,2000,00000000,00000000,00000000,00000000,00000000,00000000,0,2,8034C658,00000000,00000000,00000000
O,68,65,0101,800EC1AC,200,-3700,2000,00000000,00000000,00000000,00000000,00000000,00000000,0,2,8034C658,00000000,00000000,00000000
O,68,66,0101,800EC1AC,200,-4400,2000,00000000,00000000,00000000,00000000,00000000,00000000,0,2,8034C658,00000000,00000000,00000000
O,68,67,0101,800EC4A4,-1080,90,1575,00000000,00000000,00000000,00000000,00000000,00000000,0,2,80346038,00000000,00000000,00000000
O,68,68,0101,800ED028,-1179,445,1413,00000000,00002000,00000000,00000000,00000000,00000000,0,2,80346298,00000000,00000000,8010D88C
O,68,69,0101,800ED028,-1524,-1454,1129,00000000,FFFFE000,00000000,00000000,00000000,00000000,0,2,803464F8,00000000,00000000,8010D88C
O,68,70,0103,800EB688,-851.733459,-670.679382,1721.19678,00000000,00005601,00000000,00000000,00000000,00000000,2,1,80346758,00000000,00000000,00000000
O,68,71,0101,800EA888,-1203,-19,-170,00000000,00002000,00000000,00000000,00000000,00000000,0,2,803469B8,00000000,00000000,80125088
O,68,72,0101,800EA8A8,0,20,-1400,00000000,00000000,00000000,00000000,00000000,00000000,1,1,80346C18,00000000,00000000,00000000
O,68,73,0101,800EA8A8,-250,20,-1700,00000000,00000000,00000000,00000000,00000000,00000000,1,1,80346E78,00000000,00000000,00000000
O,68,74,0101,800EA8A8,250,20,-1700,00000000,00000000,00000000,00000000,00000000,00000000,1,1,803470D8,00000000,00000000,00000000
O,68,75,0101,800EA8A8,0,20,-2000,00000000,00000000,00000000,00000000,00000000,00000000,1,1,80347338,00000000,00000000,00000000
O,68,76,0101,800EA8A8,500,20,-2000,00000000,00000000,00000000,00000000,00000000,00000000,1,1,80347598,00000000,00000000,00000000
O,68,77,0101,800EA8A8,-500,20,-2000,00000000,00000000,00000000,00000000,00000000,00000000,1,1,803477F8,00000000,00000000,00000000
O,68,78,0103,800E9868,880,-19,1160,00000000,00000000,00000000,00000000,00000000,00000000,0,2,80347A58,8034DE18,00000000,00000000
O,68,79,0101,800ED48C,800,-2460,160,00000000,00000000,00000000,00000000,00000000,00000000,0,2,80347CB8,00000000,00000000,00000000
O,68,80,0103,800E8C0C,-1120,-820,1320,00000000,00002000,00000000,00000000,00000000,00000000,0,2,80347F18,00000000,00000000,00000000
O,68,81,0103,800ED48C,-571,6020,-1414,00000000,00000000,00000000,00000000,00000000,00000000,0,2,80348178,00000000,00000000,00000000
O,68,82,0103,800ED1F8,620,-5150,1540,00000000,00000320,00000000,00000000,00000190,00000000,0,2,803483D8,00000000,00000000,00000000
O,68,83,0101,800EC424,-520,1351,1919,00000000,00000000,00000000,00000000,00000000,00000000,0,2,80348638,00000000,00000000,00000000
O,68,84,0101,800EC424,-165,1351,1919,00000000,00000000,00000000,00000000,00000000,00000000,0,2,80348898,00000000,00000000,00000000
O,68,85,0101,800EC424,182,1351,1919,00000000,00000000,00000000,00000000,00000000,00000000,0,2,80348AF8,00000000,00000000,00000000
O,68,86,0101,800EC3EC,657,1368,1879,00000000,00000000,00000000,00000000,00000000,00000000,0,2,80348D58,00000000,00000000,00000000
O,68,87,0103,800EB688,-718.39624,-2320.67944,-999.435425,00000000,0000C686,00000000,00000000,00000000,00000000,2,1,80348FB8,00000000,00000000,00000000
O,68,88,0101,800EA570,1883,4150,550,00000000,00000000,00000000,00000000,00000000,00000000,2,1,80349218,00000000,00000000,8014A168
O,68,89,0103,800ED1F8,-1333,350,1116,00000000,00000320,00000000,00000000,00000190,00000000,0,2,80349478,00000000,00000000,00000000
O,68,90,0101,800EA570,-1101,6316,-685,00000000,00002000,00000000,00000000,00000000,00000000,2,1,803496D8,00000000,00000000,8014A168
O,68,91,0101,800EB474,1076.87732,-4822,645.998108,00000000,FFFFFD84,00000000,00000000,00000000,00000000,0,2,80349938,00000000,00000000,00000000
O,68,92,0101,800EB474,1682.87732,-4822,196.998123,00000000,FFFFFD84,00000000,00000000,00000000,00000000,0,2,80349B98,00000000,00000000,00000000
O,68,93,0101,800EA8A8,0,20,-1700,00000000,00000000,00000000,00000000,00000000,00000000,1,1,80349DF8,00000000,00000000,00000000
O,68,94,0101,800ECFCC,-1020,1229,537,00000000,00000000,00000000,00000000,00000000,00000000,0,2,8034A058,00000000,00000000,8010D5B4
O,68,95,0101,800EA570,2350,5600,2350,00000000,00002000,00000000,00000000,00000000,00000000,2,1,8034A2B8,00000000,00000000,8014A168
O,68,96,0101,800EA570,0,4783,0,00000000,00000000,00000000,00000000,00000000,00000000,2,1,8034A518,00000000,00000000,8014A168
O,68,97,0101,800EA570,-1140,-3720,-1620,00000000,00002000,00000000,00000000,00000000,00000000,2,1,8034A778,00000000,00000000,8014A168
O,68,98,0101,800EA570,840,-2200,860,00000000,00002000,00000000,00000000,00000000,00000000,2,1,8034A9D8,00000000,00000000,8014A168
O,68,99,0103,800E8C3C,-770,-3800,-440,00000000,00000000,00000000,00000000,00000000,00000000,0,2,8034AC38,00000000,00000000,00000000
O,68,100,0103,800E8C3C,-770,-3700,-440,00000000,00000000,00000000,00000000,00000000,00000000,0,2,8034AE98,00000000,00000000,00000000
O,68,101,0101,800EA570,280,-4920,1660,00000000,00000000,00000000,00000000,00000000,00000000,2,1,8034B0F8,00000000,00000000,8014A168
O,68,102,0101,800EA570,1240,300,840,00000000,00002000,00000000,00000000,00000000,00000000,2,1,8034B358,00000000,00000000,8014A168
O,68,103,0101,800EA570,520,300,1500,00000000,00002000,00000000,00000000,00000000,00000000,2,1,8034B5B8,00000000,00000000,8014A168
O,68,104,0101,800EA570,-400,3600,1880,00000000,00000000,00000000,00000000,00000000,00000000,2,1,8034B818,00000000,00000000,8014A168
O,68,105,0101,800EA570,-40,4160,-1280,00000000,00000000,00000000,00000000,00000000,00000000,2,1,8034BA78,00000000,00000000,8014A168
O,68,106,0101,800EA570,-1160,2920,-840,00000000,00002000,00000000,00000000,00000000,00000000,2,1,8034BCD8,00000000,00000000,8014A168
O,68,107,0101,800EA570,-780,6316,-1020,00000000,00002000,00000000,00000000,00000000,00000000,2,1,8034BF38,00000000,00000000,8014A168
O,68,108,0101,800ECF5C,1313,6190,1313,00000000,00002000,00000000,00000000,00000000,00000000,0,2,8034C198,00000000,00000000,8010D2E4
O,68,109,0101,800ECF5C,1851,-2488,-98,00000000,00000000,00000000,00000000,00000000,00000000,0,2,8034C3F8,00000000,00000000,8010D410
O,68,110,0101,800EC18C,1815,-3200,800,00000000,00000000,00000000,00000000,00000000,00000000,0,2,8034C658,00000000,00000000,00000000
O,68,111,0101,800EC13C,-1050,2400,-790,00000000,00001000,00000000,00000000,00000000,00000000,0,2,8034C8B8,00000000,00000000,00000000
O,68,112,0101,800EC13C,2200,7300,2210,00000000,00001000,00000000,00000000,00000000,00000000,0,2,8034CB18,00000000,00000000,00000000
O,68,113,0101,800EC13C,-1300,-2250,-1300,00000000,00001000,00000000,00000000,00000000,00000000,0,2,8034CD78,00000000,00000000,00000000
O,68,114,0101,800EC13C,-1850,300,-950,00000000,00001000,00000000,00000000,00000000,00000000,0,2,8034CFD8,00000000,00000000,00000000
O,68,115,0101,800EC13C,-1450,-1130,-1050,00000000,00001000,00000000,00000000,00000000,00000000,0,2,8034D238,00000000,00000000,00000000
O,68,116,0101,800E8EAC,1919,6212,1919,00000000,FFFFA000,00000000,00000000,00000000,00000000,0,2,8034D498,00000000,00000000,8011A38C
O,68,117,0101,800E8464,-1080,-840,1573,00000000,00000000,00000000,00000000,00000000,00000000,0,2,8034D6F8,00000000,00000000,00000000
O,68,118,0101,800EB274,1417,-3822,-548,00000000,FFFFE0B6,00000000,00000000,00000000,00000000,0,2,8034D958,00000000,00000000,00000000
O,68,119,0101,800EB1C0,1414.21973,-3826,-545.124023,00000000,FFFFE0B6,00000000,00000000,00000000,00000000,0,2,8034DBB8,00000000,00000000,00000000
O,68,120,0101,800E98C4,880,-19,1160,00000000,00000000,00000000,00000000,00000000,00000000,0,2,80347A58,00000000,00000000,00000000
O,68,121,0101,800ED86C,1815,-4762,800,00004000,00000200,00000000,00000000,00000000,00000000,0,2,8034C658,00000000,00000000,00000000
M,69,19,104966,3,00001924,0C400201,0,0,00000000,1414.21973,-3826,-545.124023,-1.39015019,-8,1.4378742,2,-8010,-4822,5243,00000000,80161C20,801693C0,8034D958,00000000,8034D958,00000000,8034DBB8,00000000,00000000,-1
O,69,0,0101,800ECEF0,-1032,-3291,1070,00000000,00002000,00000000,00000000,00000000,00000000,0,2,8033C118,00000000,00000000,8010CFA0
O,69,1,0101,800ECEF0,-1881,1767,-446,00000000,00004000,00000000,00000000,00000000,00000000,0,2,8033C378,00000000,00000000,8010CFA0
O,69,2,0101,800ECEF0,-1870,2068,362,00000000,00004000,00000000,00000000,00000000,00000000,0,2,8033C5D8,00000000,00000000,8010CFA0
O,69,3,0101,800ECEF0,-770,-4361,-423,00000000,FFFFA000,00000000,00000000,00000000,00000000,0,2,8033C838,00000000,00000000,8010CFA0
O,69,4,0101,800ECEF0,-1314,-3691,788,00000000,00006000,00000000,00000000,00000000,00000000,0,2,8033CA98,00000000,00000000,8010CFA0
O,69,5,0101,800ECEF0,-1314,-2892,1353,00000000,00006000,00000000,00000000,00000000,00000000,0,2,8033CCF8,00000000,00000000,8010CFA0
O,69,6,0101,800ECEF0,780,5767,-1027,00000000,FFFFE000,00000000,00000000,00000000,00000000,0,2,8033CF58,00000000,00000000,8010D038
O,69,7,0101,800ECEF0,1063,5562,-744,00000000,FFFFE000,00000000,00000000,00000000,00000000,0,2,8033D1B8,00000000,00000000,8010D038
O,69,8,0101,800ECF24,-1350,748,-1208,00000000,00002000,000018E3,00000000,00000000,00000000,0,2,8033D418,00000000,00000000,8010D0BC
O,69,9,0101,800ECF24,-690,901,-910,00000000,00002000,000018E3,00000000,00000000,00000000,0,2,8033D678,00000000,00000000,8010D0BC
O,69,10,0101,800ECF24,-1389,-3030,-1028,00000000,00002000,000018E3,00000000,00000000,00000000,0,2,8033D8D8,00000000,00000000,8010D0BC
O,69,11,0101,800ECF24,937,-3867,-1041,00000000,00002000,000018E3,00000000,00000000,00000000,0,2,8033DB38,00000000,00000000,8010D0BC
O,69,12,0101,800ECF5C,-139,-4408,-1056,00000000,00006000,00000000,00000000,00000000,00000000,0,2,8033DD98,00000000,00000000,8010D2E4
O,69,13,0101,800ECF5C,618,3656,148,00000000,00004000,00000000,00000000,00000000,00000000,0,2,8033DFF8,00000000,00000000,8010D410
O,69,14,0101,800ECF5C,963,3297,608,00000000,FFFFC000,00000000,00000000,00000000,00000000,0,2,8033E258,00000000,00000000,8010D410
O,69,15,0101,800ECF5C,1306,2939,1069,00000000,00004000,00000000,00000000,00000000,00000000,0,2,8033E4B8,00000000,00000000,8010D410
O,69,16,0101,800ECF5C,-1179,-1453,-792,00000000,FFFFE000,00000000,00000000,00000000,00000000,0,2,8033E718,00000000,00000000,8010D410
O,69,17,0101,800ECF94,174,1248,1790,00000000,FFFF8000,00000000,00000000,00000000,00000000,0,2,8033E978,00000000,00000000,8010D53C
O,69,18,0101,800ECF94,-1144.22327,1490,-1386.22327,00000000,00002000,00000000,00000000,00000000,00000000,0,2,8033EBD8,00000000,00000000,8010D53C
O,69,19,0101,800ECF94,-899.223328,1730,-1631.22327,00000000,00002000,00000000,00000000,00000000,00000000,0,2,8033EE38,00000000,00000000,8010D53C
O,69,20,0101,800ECF94,-1142.22327,1970,-1387.22327,00000000,00002000,00000000,00000000,00000000,00000000,0,2,8033F098,00000000,00000000,8010D53C
O,69,21,0101,800ECF94,-517,3175,1790,00000000,FFFF8000,00000000,00000000,00000000,00000000,0,2,8033F2F8,00000000,00000000,8010D53C
O,69,22,0101,800ECF94,-170,1248,1790,00000000,FFFF8000,00000000,00000000,00000000,00000000,0,2,8033F558,00000000,00000000,8010D53C
O,69,23,0101,800ECF94,-515,1248,1790,00000000,FFFF8000,00000000,00000000,00000000,00000000,0,2,8033F7B8,00000000,00000000,8010D53C
O,69,24,0101,800ECF94,-175,-1351,-1789,00000000,00000000,00000000,00000000,00000000,00000000,0,2,8033FA18,00000000,00000000,8010D53C
O,69,25,0101,800ECF94,-515,-2590,1790,00000000,FFFF8000,00000000,00000000,00000000,00000000,0,2,8033FC78,00000000,00000000,8010D53C
O,69,26,0101,800ECF94,518,3175,1790,00000000,FFFF8000,00000000,00000000,00000000,00000000,0,2,8033FED8,00000000,00000000,8010D53C
O,69,27,0101,800ECF94,-171,3175,1790,00000000,FFFF8000,00000000,00000000,00000000,00000000,0,2,80340138,00000000,00000000,8010D53C
O,69,28,0101,800ECF94,174,3175,1790,00000000,FFFF8000,00000000,00000000,00000000,00000000,0,2,80340398,00000000,00000000,8010D53C
O,69,29,0101,800ECFCC,1490,-2088,-873,00000000,00000000,00000000,00000000,00000000,00000000,0,2,803405F8,00000000,00000000,8010D5B4
O,69,30,0101,800ECFCC,-708,-1606,-1589,00000000,00000000,00000000,00000000,00000000,00000000,0,2,80340858,00000000,00000000,8010D5B4
O,69,31,0101,800ECFCC,954,-1627,-1448,00000000,00000000,00000000,00000000,00000000,00000000,0,2,80340AB8,00000000,00000000,8010D5B4
O,69,32,0101,800ECFCC,1215,-1781,-1215,00000000,00000000,00000000,00000000,00000000,00000000,0,2,80340D18,00000000,00000000,8010D5B4
O,69,33,0101,800ECFCC,1052,-1934,-769,00000000,00000000,00000000,00000000,00000000,00000000,0,2,80340F78,00000000,00000000,8010D5B4
O,69,34,0101,800ECFCC,-620,1229,1233,00000000,FFFFA000,00000000,00000000,00000000,00000000,0,2,803411D8,00000000,00000000,8010D680
O,69,35,0101,800ECFCC,1050,-19,-1037,00000000,FFFFE000,00000000,00000000,00000000,00000000,0,2,80341438,00000000,00000000,8010D680
O,69,36,0101,800ECFF8,-1100,259,-1030,00000000,FFFFE000,00000000,00000000,00000000,00000000,0,1,80341698,00000000,00000000,8010D784
O,69,37,0101,800ED064,0,6011,0,00000000,FFFFA000,00000000,00000000,00000000,00000000,0,2,803418F8,00000000,00000000,8010D910
O,69,38,0101,800ED064,0,-2487,0,00000000,00002000,00000000,00000000,00000000,00000000,0,2,80341B58,00000000,00000000,8010D910
O,69,39,0101,800ED090,1102,-3619,1682,00000000,00006000,00000000,00000000,00000000,00000000,0,2,80341DB8,00000000,00000000,8010DA00
O,69,40,0101,800ED090,424,-3312,1959,00000000,00004000,00000000,00000000,00000000,00000000,0,2,80342018,00000000,00000000,8010DA00
O,69,41,0101,800ED090,1102,-3004,1682,00000000,00006000,00000000,00000000,00000000,00000000,0,2,80342278,00000000,00000000,8010DA00
O,69,42,0101,800ED090,1584,-2697,1200,00000000,00006000,00000000,00000000,00000000,00000000,0,2,803424D8,00000000,00000000,8010DA00
O,69,43,0101,800ED090,1582,-3619,1203,00000000,00006000,00000000,00000000,00000000,00000000,0,2,80342738,00000000,00000000,8010DA00
O,69,44,0101,800ED090,-762,4347,1047,00000000,00006000,00000000,00000000,00000000,00000000,0,2,80342998,00000000,00000000,8010DA00
O,69,45,0101,800ED090,424,-3926,1959,00000000,00004000,00000000,00000000,00000000,00000000,0,2,80342BF8,00000000,00000000,8010DA00
O,69,46,0101,800ED090,1102,-4233,1682,00000000,00006000,00000000,00000000,00000000,00000000,0,2,80342E58,00000000,00000000,8010DA00
O,69,47,0101,800ED090,1102,-4848,1682,00000000,00006000,00000000,00000000,00000000,00000000,0,2,803430B8,00000000,00000000,8010DA00
O,69,48,0101,800ED090,424,-4540,1959,00000000,00004000,00000000,00000000,00000000,00000000,0,2,80343318,00000000,00000000,8010DA00
O,69,49,0101,800ED090,-1037,4244,772,00000000,FFFFE000,00000000,00000000,00000000,00000000,0,2,80343578,00000000,00000000,8010DA00
O,69,50,0101,800ED090,1828,3835,-50,00000000,00000000,00000000,00000000,00000000,00000000,0,2,803437D8,00000000,00000000,8010DA00
O,69,51,0101,800ED090,1459,3835,-357,00000000,00000000,00000000,00000000,00000000,00000000,0,2,80343A38,00000000,00000000,8010DA00
O,69,52,0101,800ED090,1091,3835,-665,00000000,00000000,00000000,00000000,00000000,00000000,0,2,80343C98,00000000,00000000,8010DA00
O,69,53,0101,800ED064,1580,-4854,-825,00000000,00000000,00000000,00000000,00000000,00000000,0,2,80343EF8,00000000,00000000,8010D910
O,69,54,0101,800ED064,-1692,1022,-1157,00000000,00000000,00000000,00000000,00000000,00000000,0,2,80344158,00000000,00000000,8010D910
O,69,55,0101,800ED064,2098,7007,2243,00000000,00000000,00000000,00000000,00000000,00000000,0,2,803443B8,00000000,00000000,8010D910
O,69,56,0101,800ED064,1801,-4843,-731,00000000,00000000,00000000,00000000,00000000,00000000,0,2,80344618,00000000,00000000,8010D910
O,69,57,0101,800ED064,-1477,1044,-1088,00000000,00000000,00000000,00000000,00000000,00000000,0,2,80344878,00000000,00000000,8010D910
O,69,58,0101,800ED064,2268,7030,2227,00000000,00000000,00000000,00000000,00000000,00000000,0,2,80344AD8,00000000,00000000,8010D910
O,69,59,0101,800EC1AC,800,-4400,1900,00000000,00000000,00000000,00000000,00000000,00000000,0,2,8034C658,00000000,00000000,00000000
O,69,60,0101,800EC1AC,800,-3700,1900,00000000,00000000,00000000,00000000,00000000,00000000,0,2,8034C658,00000000,00000000,00000000
O,69,61,0101,800EC1AC,800,-3000,1900,00000000,00000000,00000000,00000000,00000000,00000000,0,2,8034C658,00000000,00000000,00000000
O,69,62,0101,800EC1AC,1780,-3300,1000,00000000,00000000,00000000,00000000,00000000,00000000,0,2,8034C658,00000000,00000000,00000000
O,69,63,0101,800EC1AC,1388,-3300,1428,00000000,00000000,00000000,00000000,00000000,00000000,0,2,8034C658,00000000,00000000,00000000
O,69,64,0101,800EC1AC,200,-3000,2000,00000000,00000000,00000000,00000000,00000000,00000000,0,2,8034C658,00000000,00000000,00000000
O,69,65,0101,800EC1AC,200,-3700,2000,00000000,00000000,00000000,00000000,00000000,00000000,0,2,8034C658,00000000,00000000,00000000
O,69,66,0101,800EC1AC,200,-4400,2000,00000000,00000000,00000000,00000000,00000000,00000000,0,2,8034C658,00000000,00000000,00000000
O,69,67,0101,800EC4A4,-1080,90,1575,00000000,00000000,00000000,00000000,00000000,00000000,0,2,80346038,00000000,00000000,00000000
O,69,68,0101,800ED028,-1179,445,1413,00000000,00002000,00000000,00000000,00000000,00000000,0,2,80346298,00000000,00000000,8010D88C
O,69,69,0101,800ED028,-1524,-1454,1129,00000000,FFFFE000,00000000,00000000,00000000,00000000,0,2,803464F8,00000000,00000000,8010D88C
O,69,70,0103,800EB688,-851.733459,-670.679382,1721.19678,00000000,00005601,00000000,00000000,00000000,00000000,2,1,80346758,00000000,00000000,00000000
O,69,71,0101,800EA888,-1203,-19,-170,00000000,00002000,00000000,00000000,00000000,00000000,0,2,803469B8,00000000,00000000,80125088
O,69,72,0101,800EA8A8,0,20,-1400,00000000,00000000,00000000,00000000,00000000,00000000,1,1,80346C18,00000000,00000000,00000000
O,69,73,0101,800EA8A8,-250,20,-1700,00000000,00000000,00000000,00000000,00000000,00000000,1,1,80346E78,00000000,00000000,00000000
O,69,74,0101,800EA8A8,250,20,-1700,00000000,00000000,00000000,00000000,00000000,00000000,1,1,803470D8,00000000,00000000,00000000
O,69,75,0101,800EA8A8,0,20,-2000,00000000,00000000,00000000,00000000,00000000,00000000,1,1,80347338,00000000,00000000,00000000
O,69,76,0101,800EA8A8,500,20,-2000,00000000,00000000,00000000,00000000,00000000,00000000,1,1,80347598,00000000,00000000,00000000
O,69,77,0101,800EA8A8,-500,20,-2000,00000000,00000000,00000000,00000000,00000000,00000000,1,1,803477F8,00000000,00000000,00000000
O,69,78,0103,800E9868,880,-19,1160,00000000,00000000,00000000,00000000,00000000,00000000,0,2,80347A58,8034DE18,00000000,00000000
O,69,79,0101,800ED48C,800,-2460,160,00000000,00000000,00000000,00000000,00000000,00000000,0,2,80347CB8,00000000,00000000,00000000
O,69,80,0103,800E8C0C,-1120,-820,1320,00000000,00002000,00000000,00000000,00000000,00000000,0,2,80347F18,00000000,00000000,00000000
O,69,81,0103,800ED48C,-571,6020,-1414,00000000,00000000,00000000,00000000,00000000,00000000,0,2,80348178,00000000,00000000,00000000
O,69,82,0103,800ED1F8,620,-5150,1540,00000000,00000320,00000000,00000000,00000190,00000000,0,2,803483D8,00000000,00000000,00000000
O,69,83,0101,800EC424,-520,1351,1919,00000000,00000000,00000000,00000000,00000000,00000000,0,2,80348638,00000000,00000000,00000000
O,69,84,0101,800EC424,-165,1351,1919,00000000,00000000,00000000,00000000,00000000,00000000,0,2,80348898,00000000,00000000,00000000
O,69,85,0101,800EC424,182,1351,1919,00000000,00000000,00000000,00000000,00000000,00000000,0,2,80348AF8,00000000,00000000,00000000
O,69,86,0101,800EC3EC,657,1368,1879,00000000,00000000,00000000,00000000,00000000,00000000,0,2,80348D58,00000000,00000000,00000000
O,69,87,0103,800EB688,-718.39624,-2320.67944,-999.435425,00000000,0000C686,00000000,00000000,00000000,00000000,2,1,80348FB8,00000000,00000000,00000000
O,69,88,0101,800EA570,1883,4150,550,00000000,00000000,00000000,00000000,00000000,00000000,2,1,80349218,00000000,00000000,8014A168
O,69,89,0103,800ED1F8,-1333,350,1116,00000000,00000320,00000000,00000000,00000190,00000000,0,2,80349478,00000000,00000000,00000000
O,69,90,0101,800EA570,-1101,6316,-685,00000000,00002000,00000000,00000000,00000000,00000000,2,1,803496D8,00000000,00000000,8014A168
O,69,91,0101,800EB474,1076.87732,-4822,645.998108,00000000,FFFFFD84,00000000,00000000,00000000,00000000,0,2,80349938,00000000,00000000,00000000
O,69,92,0101,800EB474,1682.87732,-4822,196.998123,00000000,FFFFFD84,00000000,00000000,00000000,00000000,0,2,80349B98,00000000,00000000,00000000
O,69,93,0101,800EA8A8,0,20,-1700,00000000,00000000,00000000,00000000,00000000,00000000,1,1,80349DF8,00000000,00000000,00000000
O,69,94,0101,800ECFCC,-1020,1229,537,00000000,00000000,00000000,00000000,00000000,00000000,0,2,8034A058,00000000,00000000,8010D5B4
O,69,95,0101,800EA570,2350,5600,2350,00000000,00002000,00000000,00000000,00000000,00000000,2,1,8034A2B8,00000000,00000000,8014A168
O,69,96,0101,800EA570,0,4783,0,00000000,00000000,00000000,00000000,00000000,00000000,2,1,8034A518,00000000,00000000,8014A168
O,69,97,0101,800EA570,-1140,-3720,-1620,00000000,00002000,00000000,00000000,00000000,00000000,2,1,8034A778,00000000,00000000,8014A168
O,69,98,0101,800EA570,840,-2200,860,00000000,00002000,00000000,00000000,00000000,00000000,2,1,8034A9D8,00000000,00000000,8014A168
O,69,99,0103,800E8C3C,-770,-3800,-440,00000000,00000000,00000000,00000000,00000000,00000000,0,2,8034AC38,00000000,00000000,00000000
O,69,100,0103,800E8C3C,-770,-3700,-440,00000000,00000000,00000000,00000000,00000000,00000000,0,2,8034AE98,00000000,00000000,00000000
O,69,101,0101,800EA570,280,-4920,1660,00000000,00000000,00000000,00000000,00000000,00000000,2,1,8034B0F8,00000000,00000000,8014A168
O,69,102,0101,800EA570,1240,300,840,00000000,00002000,00000000,00000000,00000000,00000000,2,1,8034B358,00000000,00000000,8014A168
O,69,103,0101,800EA570,520,300,1500,00000000,00002000,00000000,00000000,00000000,00000000,2,1,8034B5B8,00000000,00000000,8014A168
O,69,104,0101,800EA570,-400,3600,1880,00000000,00000000,00000000,00000000,00000000,00000000,2,1,8034B818,00000000,00000000,8014A168
O,69,105,0101,800EA570,-40,4160,-1280,00000000,00000000,00000000,00000000,00000000,00000000,2,1,8034BA78,00000000,00000000,8014A168
O,69,106,0101,800EA570,-1160,2920,-840,00000000,00002000,00000000,00000000,00000000,00000000,2,1,8034BCD8,00000000,00000000,8014A168
O,69,107,0101,800EA570,-780,6316,-1020,00000000,00002000,00000000,00000000,00000000,00000000,2,1,8034BF38,00000000,00000000,8014A168
O,69,108,0101,800ECF5C,1313,6190,1313,00000000,00002000,00000000,00000000,00000000,00000000,0,2,8034C198,00000000,00000000,8010D2E4
O,69,109,0101,800ECF5C,1851,-2488,-98,00000000,00000000,00000000,00000000,00000000,00000000,0,2,8034C3F8,00000000,00000000,8010D410
O,69,110,0101,800EC18C,1815,-3200,800,00000000,00000000,00000000,00000000,00000000,00000000,0,2,8034C658,00000000,00000000,00000000
O,69,111,0101,800EC13C,-1050,2400,-790,00000000,00001000,00000000,00000000,00000000,00000000,0,2,8034C8B8,00000000,00000000,00000000
O,69,112,0101,800EC13C,2200,7300,2210,00000000,00001000,00000000,00000000,00000000,00000000,0,2,8034CB18,00000000,00000000,00000000
O,69,113,0101,800EC13C,-1300,-2250,-1300,00000000,00001000,00000000,00000000,00000000,00000000,0,2,8034CD78,00000000,00000000,00000000
O,69,114,0101,800EC13C,-1850,300,-950,00000000,00001000,00000000,00000000,00000000,00000000,0,2,8034CFD8,00000000,00000000,00000000
O,69,115,0101,800EC13C,-1450,-1130,-1050,00000000,00001000,00000000,00000000,00000000,00000000,0,2,8034D238,00000000,00000000,00000000
O,69,116,0101,800E8EAC,1919,6212,1919,00000000,FFFFA000,00000000,00000000,00000000,00000000,0,2,8034D498,00000000,00000000,8011A38C
O,69,117,0101,800E8464,-1080,-840,1573,00000000,00000000,00000000,00000000,00000000,00000000,0,2,8034D6F8,00000000,00000000,00000000
O,69,118,0101,800EB274,1417,-3822,-548,00000000,FFFFE0B6,00000000,00000000,00000000,00000000,0,2,8034D958,00000000,00000000,00000000
O,69,119,0101,800EB1C0,1414.21973,-3826,-545.124023,00000000,FFFFE0B6,00000000,00000000,00000000,00000000,0,2,8034DBB8,00000000,00000000,00000000
O,69,120,0101,800E98C4,880,-19,1160,00000000,00000000,00000000,00000000,00000000,00000000,0,2,80347A58,00000000,00000000,00000000
O,69,121,0101,800ED86C,1815,-4762,800,00004000,00000200,00000000,00000000,00000000,00000000,0,2,8034C658,00000000,00000000,00000000
M,70,20,104967,3,00001924,0C400201,0,0,00000000,1412.82959,-3834,-543.686035,-1.39015019,-12,1.4378742,2,-8010,-4822,5243,00000000,80161C20,801693C0,8034D958,00000000,8034D958,00000000,8034DBB8,00000000,00000000,-1
O,70,0,0101,800ECEF0,-1032,-3291,1070,00000000,00002000,00000000,00000000,00000000,00000000,0,3,8033C118,00000000,00000000,8010CFA0
O,70,1,0101,800ECEF0,-1881,1767,-446,00000000,00004000,00000000,00000000,00000000,00000000,0,3,8033C378,00000000,00000000,8010CFA0
O,70,2,0101,800ECEF0,-1870,2068,362,00000000,00004000,00000000,00000000,00000000,00000000,0,3,8033C5D8,00000000,00000000,8010CFA0
O,70,3,0101,800ECEF0,-770,-4361,-423,00000000,FFFFA000,00000000,00000000,00000000,00000000,0,3,8033C838,00000000,00000000,8010CFA0
O,70,4,0101,800ECEF0,-1314,-3691,788,00000000,00006000,00000000,00000000,00000000,00000000,0,3,8033CA98,00000000,00000000,8010CFA0
O,70,5,0101,800ECEF0,-1314,-2892,1353,00000000,00006000,00000000,00000000,00000000,00000000,0,3,8033CCF8,00000000,00000000,8010CFA0
O,70,6,0101,800ECEF0,780,5767,-1027,00000000,FFFFE000,00000000,00000000,00000000,00000000,0,3,8033CF58,00000000,00000000,8010D038
O,70,7,0101,800ECEF0,1063,5562,-744,00000000,FFFFE000,00000000,00000000,00000000,00000000,0,3,8033D1B8,00000000,00000000,8010D038
O,70,8,0101,800ECF24,-1350,748,-1208,00000000,00002000,000018E3,00000000,00000000,00000000,0,3,8033D418,00000000,00000000,8010D0BC
O,70,9,0101,800ECF24,-690,901,-910,00000000,00002000,000018E3,00000000,00000000,00000000,0,3,8033D678,00000000,00000000,8010D0BC
O,70,10,0101,800ECF24,-1389,-3030,-1028,00000000,00002000,000018E3,00000000,00000000,00000000,0,3,8033D8D8,00000000,00000000,8010D0BC
O,70,11,0101,800ECF24,937,-3867,-1041,00000000,00002000,000018E3,00000000,00000000,00000000,0,3,8033DB38,00000000,00000000,8010D0BC
O,70,12,0101,800ECF5C,-139,-4408,-1056,00000000,00006000,00000000,00000000,00000000,00000000,0,3,8033DD98,00000000,00000000,8010D2E4
O,70,13,0101,800ECF5C,618,3656,148,00000000,00004000,00000000,00000000,00000000,00000000,0,3,8033DFF8,00000000,00000000,8010D410
O,70,14,0101,800ECF5C,963,3297,608,00000000,FFFFC000,00000000,00000000,00000000,00000000,0,3,8033E258,00000000,00000000,8010D410
O,70,15,0101,800ECF5C,1306,2939,1069,00000000,00004000,00000000,00000000,00000000,00000000,0,3,8033E4B8,00000000,00000000,8010D410
O,70,16,0101,800ECF5C,-1179,-1453,-792,00000000,FFFFE000,00000000,00000000,00000000,00000000,0,3,8033E718,00000000,00000000,8010D410
O,70,17,0101,800ECF94,174,1248,1790,00000000,FFFF8000,00000000,00000000,00000000,00000000,0,3,8033E978,00000000,00000000,8010D53C
O,70,18,0101,800ECF94,-1144.22327,1490,-1386.22327,00000000,00002000,00000000,00000000,00000000,00000000,0,3,8033EBD8,00000000,00000000,8010D53C
O,70,19,0101,800ECF94,-899.223328,1730,-1631.22327,00000000,00002000,00000000,00000000,00000000,00000000,0,3,8033EE38,00000000,00000000,8010D53C
O,70,20,0101,800ECF94,-1142.22327,1970,-1387.22327,00000000,00002000,00000000,00000000,00000000,00000000,0,3,8033F098,00000000,00000000,8010D53C
O,70,21,0101,800ECF94,-517,3175,1790,00000000,FFFF8000,00000000,00000000,00000000,00000000,0,3,8033F2F8,00000000,00000000,8010D53C
O,70,22,0101,800ECF94,-170,1248,1790,00000000,FFFF8000,00000000,00000000,00000000,00000000,0,3,8033F558,00000000,00000000,8010D53C
O,70,23,0101,800ECF94,-515,1248,1790,00000000,FFFF8000,00000000,00000000,00000000,00000000,0,3,8033F7B8,00000000,00000000,8010D53C
O,70,24,0101,800ECF94,-175,-1351,-1789,00000000,00000000,00000000,00000000,00000000,00000000,0,3,8033FA18,00000000,00000000,8010D53C
O,70,25,0101,800ECF94,-515,-2590,1790,00000000,FFFF8000,00000000,00000000,00000000,00000000,0,3,8033FC78,00000000,00000000,8010D53C
O,70,26,0101,800ECF94,518,3175,1790,00000000,FFFF8000,00000000,00000000,00000000,00000000,0,3,8033FED8,00000000,00000000,8010D53C
O,70,27,0101,800ECF94,-171,3175,1790,00000000,FFFF8000,00000000,00000000,00000000,00000000,0,3,80340138,00000000,00000000,8010D53C
O,70,28,0101,800ECF94,174,3175,1790,00000000,FFFF8000,00000000,00000000,00000000,00000000,0,3,80340398,00000000,00000000,8010D53C
O,70,29,0101,800ECFCC,1490,-2088,-873,00000000,00000000,00000000,00000000,00000000,00000000,0,3,803405F8,00000000,00000000,8010D5B4
O,70,30,0101,800ECFCC,-708,-1606,-1589,00000000,00000000,00000000,00000000,00000000,00000000,0,3,80340858,00000000,00000000,8010D5B4
O,70,31,0101,800ECFCC,954,-1627,-1448,00000000,00000000,00000000,00000000,00000000,00000000,0,3,80340AB8,00000000,00000000,8010D5B4
O,70,32,0101,800ECFCC,1215,-1781,-1215,00000000,00000000,00000000,00000000,00000000,00000000,0,3,80340D18,00000000,00000000,8010D5B4
O,70,33,0101,800ECFCC,1052,-1934,-769,00000000,00000000,00000000,00000000,00000000,00000000,0,3,80340F78,00000000,00000000,8010D5B4
O,70,34,0101,800ECFCC,-620,1229,1233,00000000,FFFFA000,00000000,00000000,00000000,00000000,0,3,803411D8,00000000,00000000,8010D680
O,70,35,0101,800ECFCC,1050,-19,-1037,00000000,FFFFE000,00000000,00000000,00000000,00000000,0,3,80341438,00000000,00000000,8010D680
O,70,36,0101,800ECFF8,-1100,259,-1030,00000000,FFFFE000,00000000,00000000,00000000,00000000,0,1,80341698,00000000,00000000,8010D784
O,70,37,0101,800ED064,0,6011,0,00000000,FFFFA000,00000000,00000000,00000000,00000000,0,3,803418F8,00000000,00000000,8010D910
O,70,38,0101,800ED064,0,-2487,0,00000000,00002000,00000000,00000000,00000000,00000000,0,3,80341B58,00000000,00000000,8010D910
O,70,39,0101,800ED090,1102,-3619,1682,00000000,00006000,00000000,00000000,00000000,00000000,0,3,80341DB8,00000000,00000000,8010DA00
O,70,40,0101,800ED090,424,-3312,1959,00000000,00004000,00000000,00000000,00000000,00000000,0,3,80342018,00000000,00000000,8010DA00
O,70,41,0101,800ED090,1102,-3004,1682,00000000,00006000,00000000,00000000,00000000,00000000,0,3,80342278,00000000,00000000,8010DA00
O,70,42,0101,800ED090,1584,-2697,1200,00000000,00006000,00000000,00000000,00000000,00000000,0,3,803424D8,00000000,00000000,8010DA00
O,70,43,0101,800ED090,1582,-3619,1203,00000000,00006000,00000000,00000000,00000000,00000000,0,3,80342738,00000000,00000000,8010DA00
O,70,44,0101,800ED090,-762,4347,1047,00000000,00006000,00000000,00000000,00000000,00000000,0,3,80342998,00000000,00000000,8010DA00
O,70,45,0101,800ED090,424,-3926,1959,00000000,00004000,00000000,00000000,00000000,00000000,0,3,80342BF8,00000000,00000000,8010DA00
O,70,46,0101,800ED090,1102,-4233,1682,00000000,00006000,00000000,00000000,00000000,00000000,0,3,80342E58,00000000,00000000,8010DA00
O,70,47,0101,800ED090,1102,-4848,1682,00000000,00006000,00000000,00000000,00000000,00000000,0,3,803430B8,00000000,00000000,8010DA00
O,70,48,0101,800ED090,424,-4540,1959,00000000,00004000,00000000,00000000,00000000,00000000,0,3,80343318,00000000,00000000,8010DA00
O,70,49,0101,800ED090,-1037,4244,772,00000000,FFFFE000,00000000,00000000,00000000,00000000,0,3,80343578,00000000,00000000,8010DA00
O,70,50,0101,800ED090,1828,3835,-50,00000000,00000000,00000000,00000000,00000000,00000000,0,3,803437D8,00000000,00000000,8010DA00
O,70,51,0101,800ED090,1459,3835,-357,00000000,00000000,00000000,00000000,00000000,00000000,0,3,80343A38,00000000,00000000,8010DA00
O,70,52,0101,800ED090,1091,3835,-665,00000000,00000000,00000000,00000000,00000000,00000000,0,3,80343C98,00000000,00000000,8010DA00
O,70,53,0101,800ED064,1580,-4854,-825,00000000,00000000,00000000,00000000,00000000,00000000,0,3,80343EF8,00000000,00000000,8010D910
O,70,54,0101,800ED064,-1692,1022,-1157,00000000,00000000,00000000,00000000,00000000,00000000,0,3,80344158,00000000,00000000,8010D910
O,70,55,0101,800ED064,2098,7007,2243,00000000,00000000,00000000,00000000,00000000,00000000,0,3,803443B8,00000000,00000000,8010D910
O,70,56,0101,800ED064,1801,-4843,-731,00000000,00000000,00000000,00000000,00000000,00000000,0,3,80344618,00000000,00000000,8010D910
O,70,57,0101,800ED064,-1477,1044,-1088,00000000,00000000,00000000,00000000,00000000,00000000,0,3,80344878,00000000,00000000,8010D910
O,70,58,0101,800ED064,2268,7030,2227,00000000,00000000,00000000,00000000,00000000,00000000,0,3,80344AD8,00000000,00000000,8010D910
O,70,59,0101,800EC1AC,800,-4400,1900,00000000,00000000,00000000,00000000,00000000,00000000,0,3,8034C658,00000000,00000000,00000000
O,70,60,0101,800EC1AC,800,-3700,1900,00000000,00000000,00000000,00000000,00000000,00000000,0,3,8034C658,00000000,00000000,00000000
O,70,61,0101,800EC1AC,800,-3000,1900,00000000,00000000,00000000,00000000,00000000,00000000,0,3,8034C658,00000000,00000000,00000000
O,70,62,0101,800EC1AC,1780,-3300,1000,00000000,00000000,00000000,00000000,00000000,00000000,0,3,8034C658,00000000,00000000,00000000
O,70,63,0101,800EC1AC,1388,-3300,1428,00000000,00000000,00000000,00000000,00000000,00000000,0,3,8034C658,00000000,00000000,00000000
O,70,64,0101,800EC1AC,200,-3000,2000,00000000,00000000,00000000,00000000,00000000,00000000,0,3,8034C658,00000000,00000000,00000000
O,70,65,0101,800EC1AC,200,-3700,2000,00000000,00000000,00000000,00000000,00000000,00000000,0,3,8034C658,00000000,00000000,00000000
O,70,66,0101,800EC1AC,200,-4400,2000,00000000,00000000,00000000,00000000,00000000,00000000,0,3,8034C658,00000000,00000000,00000000
O,70,67,0101,800EC4A4,-1080,90,1575,00000000,00000000,00000000,00000000,00000000,00000000,0,3,80346038,00000000,00000000,00000000
O,70,68,0101,800ED028,-1179,445,1413,00000000,00002000,00000000,00000000,00000000,00000000,0,3,80346298,00000000,00000000,8010D88C
O,70,69,0101,800ED028,-1524,-1454,1129,00000000,FFFFE000,00000000,00000000,00000000,00000000,0,3,803464F8,00000000,00000000,8010D88C
O,70,70,0103,800EB688,-825.769165,-672.686768,1707.3186,00000000,00005A01,00000000,00000000,00000000,00000000,2,2,80346758,00000000,00000000,00000000
O,70,71,0101,800EA888,-1203,-19,-170,00000000,00002000,00000000,00000000,00000000,00000000,0,3,803469B8,00000000,00000000,80125088
O,70,72,0101,800EA8A8,0,20,-1400,00000000,00000000,00000000,00000000,00000000,00000000,1,2,80346C18,00000000,00000000,00000000
O,70,73,0101,800EA8A8,-250,20,-1700,00000000,00000000,00000000,00000000,00000000,00000000,1,2,80346E78,00000000,00000000,00000000
O,70,74,0101,800EA8A8,250,20,-1700,00000000,00000000,00000000,00000000,00000000,00000000,1,2,803470D8,00000000,00000000,00000000
O,70,75,0101,800EA8A8,0,20,-2000,00000000,00000000,00000000,00000000,00000000,00000000,1,2,80347338,00000000,00000000,00000000
O,70,76,0101,800EA8A8,500,20,-2000,00000000,00000000,00000000,00000000,00000000,00000000,1,2,80347598,00000000,00000000,00000000
O,70,77,0101,800EA8A8,-500,20,-2000,00000000,00000000,00000000,00000000,00000000,00000000,1,2,803477F8,00000000,00000000,00000000
O,70,78,0103,800E9868,880,-19,1160,00000000,00000000,00000000,00000000,00000000,00000000,0,3,80347A58,8034DE18,00000000,00000000
O,70,79,0101,800ED48C,800,-2460,160,00000000,00000000,00000000,00000000,00000000,00000000,0,3,80347CB8,00000000,00000000,00000000
O,70,80,0103,800E8C0C,-1120,-820,1320,00000000,00002000,00000000,00000000,00000000,00000000,0,3,80347F18,00000000,00000000,00000000
O,70,81,0103,800ED48C,-571,6020,-1414,00000000,00000000,00000000,00000000,00000000,00000000,0,3,80348178,00000000,00000000,00000000
O,70,82,0103,800ED1F8,620,-5150,1540,00000000,000004B0,00000000,00000000,00000190,00000000,0,3,803483D8,00000000,00000000,00000000
O,70,83,0101,800EC424,-520,1351,1919,00000000,00000000,00000000,00000000,00000000,00000000,0,3,80348638,00000000,00000000,00000000
O,70,84,0101,800EC424,-165,1351,1919,00000000,00000000,00000000,00000000,00000000,00000000,0,3,80348898,00000000,00000000,00000000
O,70,85,0101,800EC424,182,1351,1919,00000000,00000000,00000000,00000000,00000000,00000000,0,3,80348AF8,00000000,00000000,00000000
O,70,86,0101,800EC3EC,657,1368,1879,00000000,00000000,00000000,00000000,00000000,00000000,0,3,80348D58,00000000,00000000,00000000
O,70,87,0103,800EB688,-747.657471,-2322.68677,-996.19043,00000000,0000CA86,00000000,00000000,00000000,00000000,2,2,80348FB8,00000000,00000000,00000000
O,70,88,0101,800EA570,1883,4150,550,00000000,00000000,00000000,00000000,00000000,00000000,2,2,80349218,00000000,00000000,8014A168
O,70,89,0103,800ED1F8,-1333,350,1116,00000000,000004B0,00000000,00000000,00000190,00000000,0,3,80349478,00000000,00000000,00000000
O,70,90,0101,800EA570,-1101,6316,-685,00000000,00002000,00000000,00000000,00000000,00000000,2,2,803496D8,00000000,00000000,8014A168
O,70,91,0101,800EB474,1076.62585,-4822,649.990173,00000000,FFFFFC3F,00000000,00000000,00000000,00000000,0,3,80349938,00000000,00000000,00000000
O,70,92,0101,800EB474,1682.62585,-4822,200.990219,00000000,FFFFFC3F,00000000,00000000,00000000,00000000,0,3,80349B98,00000000,00000000,00000000
O,70,93,0101,800EA8A8,0,20,-1700,00000000,00000000,00000000,00000000,00000000,00000000,1,2,80349DF8,00000000,00000000,00000000
O,70,94,0101,800ECFCC,-1020,1229,537,00000000,00000000,00000000,00000000,00000000,00000000,0,3,8034A058,00000000,00000000,8010D5B4
O,70,95,0101,800EA570,2350,5600,2350,00000000,00002000,00000000,00000000,00000000,00000000,2,2,8034A2B8,00000000,00000000,8014A168
O,70,96,0101,800EA570,0,4783,0,00000000,00000000,00000000,00000000,00000000,00000000,2,2,8034A518,00000000,00000000,8014A168
O,70,97,0101,800EA570,-1140,-3720,-1620,00000000,00002000,00000000,00000000,00000000,00000000,2,2,8034A778,00000000,00000000,8014A168
O,70,98,0101,800EA570,840,-2200,860,00000000,00002000,00000000,00000000,00000000,00000000,2,2,8034A9D8,00000000,00000000,8014A168
O,70,99,0103,800E8C3C,-770,-3800,-440,00000000,00000000,00000000,00000000,00000000,00000000,0,3,8034AC38,00000000,00000000,00000000
O,70,100,0103,800E8C3C,-770,-3700,-440,00000000,00000000,00000000,00000000,00000000,00000000,0,3,8034AE98,00000000,00000000,00000000
O,70,101,0101,800EA570,280,-4920,1660,00000000,00000000,00000000,00000000,00000000,00000000,2,2,8034B0F8,00000000,00000000,8014A168
O,70,102,0101,800EA570,1240,300,840,00000000,00002000,00000000,00000000,00000000,00000000,2,2,8034B358,00000000,00000000,8014A168
O,70,103,0101,800EA570,520,300,1500,00000000,00002000,00000000,00000000,00000000,00000000,2,2,8034B5B8,00000000,00000000,8014A168
O,70,104,0101,800EA570,-400,3600,1880,00000000,00000000,00000000,00000000,00000000,00000000,2,2,8034B818,00000000,00000000,8014A168
O,70,105,0101,800EA570,-40,4160,-1280,00000000,00000000,00000000,00000000,00000000,00000000,2,2,8034BA78,00000000,00000000,8014A168
O,70,106,0101,800EA570,-1160,2920,-840,00000000,00002000,00000000,00000000,00000000,00000000,2,2,8034BCD8,00000000,00000000,8014A168
O,70,107,0101,800EA570,-780,6316,-1020,00000000,00002000,00000000,00000000,00000000,00000000,2,2,8034BF38,00000000,00000000,8014A168
O,70,108,0101,800ECF5C,1313,6190,1313,00000000,00002000,00000000,00000000,00000000,00000000,0,3,8034C198,00000000,00000000,8010D2E4
O,70,109,0101,800ECF5C,1851,-2488,-98,00000000,00000000,00000000,00000000,00000000,00000000,0,3,8034C3F8,00000000,00000000,8010D410
O,70,110,0101,800EC18C,1815,-3200,800,00000000,00000000,00000000,00000000,00000000,00000000,0,3,8034C658,00000000,00000000,00000000
O,70,111,0101,800EC13C,-1050,2400,-790,00000000,00001800,00000000,00000000,00000000,00000000,0,3,8034C8B8,00000000,00000000,00000000
O,70,112,0101,800EC13C,2200,7300,2210,00000000,00001800,00000000,00000000,00000000,00000000,0,3,8034CB18,00000000,00000000,00000000
O,70,113,0101,800EC13C,-1300,-2250,-1300,00000000,00001800,00000000,00000000,00000000,00000000,0,3,8034CD78,00000000,00000000,00000000
O,70,114,0101,800EC13C,-1850,300,-950,00000000,00001800,00000000,00000000,00000000,00000000,0,3,8034CFD8,00000000,00000000,00000000
O,70,115,0101,800EC13C,-1450,-1130,-1050,00000000,00001800,00000000,00000000,00000000,00000000,0,3,8034D238,00000000,00000000,00000000
O,70,116,0101,800E8EAC,1919,6222,1919,00000000,FFFFA000,00000000,00000000,00000000,00000000,0,3,8034D498,00000000,00000000,8011A38C
O,70,117,0101,800E8464,-1080,-840,1573,00000000,00000000,00000000,00000000,00000000,00000000,0,3,8034D6F8,00000000,00000000,00000000
O,70,118,0101,800EB274,1417,-3822,-548,00000000,FFFFE0B6,00000000,00000000,00000000,00000000,0,3,8034D958,00000000,00000000,00000000
O,70,119,0101,800EB1C0,1412.82959,-3834,-543.686035,00000000,FFFFE0B6,00000000,00000000,00000000,00000000,0,3,8034DBB8,00000000,00000000,00000000
O,70,120,0101,800E98C4,880,-19,1160,00000000,00000000,00000000,00000000,00000000,00000000,0,3,80347A58,00000000,00000000,00000000
O,70,121,0101,800ED86C,1815,-4762,800,00004000,00000300,00000000,00000000,00000000,00000000,0,3,8034C658,00000000,00000000,00000000
M,71,20,104967,3,00001924,0C400201,0,0,00000000,1412.82959,-3834,-543.686035,-1.39015019,-12,1.4378742,2,-8010,-4822,5243,00000000,80161C20,801693C0,8034D958,00000000,8034D958,00000000,8034DBB8,00000000,00000000,-1
O,71,0,0101,800ECEF0,-1032,-3291,1070,00000000,00002000,00000000,00000000,00000000,00000000,0,3,8033C118,00000000,00000000,8010CFA0
O,71,1,0101,800ECEF0,-1881,1767,-446,00000000,00004000,00000000,00000000,00000000,00000000,0,3,8033C378,00000000,00000000,8010CFA0
O,71,2,0101,800ECEF0,-1870,2068,362,00000000,00004000,00000000,00000000,00000000,00000000,0,3,8033C5D8,00000000,00000000,8010CFA0
O,71,3,0101,800ECEF0,-770,-4361,-423,00000000,FFFFA000,00000000,00000000,00000000,00000000,0,3,8033C838,00000000,00000000,8010CFA0
O,71,4,0101,800ECEF0,-1314,-3691,788,00000000,00006000,00000000,00000000,00000000,00000000,0,3,8033CA98,00000000,00000000,8010CFA0
O,71,5,0101,800ECEF0,-1314,-2892,1353,00000000,00006000,00000000,00000000,00000000,00000000,0,3,8033CCF8,00000000,00000000,8010CFA0
O,71,6,0101,800ECEF0,780,5767,-1027,00000000,FFFFE000,00000000,00000000,00000000,00000000,0,3,8033CF58,00000000,00000000,8010D038
O,71,7,0101,800ECEF0,1063,5562,-744,00000000,FFFFE000,00000000,00000000,00000000,00000000,0,3,8033D1B8,00000000,00000000,8010D038
O,71,8,0101,800ECF24,-1350,748,-1208,00000000,00002000,000018E3,00000000,00000000,00000000,0,3,8033D418,00000000,00000000,8010D0BC
O,71,9,0101,800ECF24,-690,901,-910,00000000,00002000,000018E3,00000000,00000000,00000000,0,3,8033D678,00000000,00000000,8010D0BC
O,71,10,0101,800ECF24,-1389,-3030,-1028,00000000,00002000,000018E3,00000000,00000000,00000000,0,3,8033D8D8,00000000,00000000,8010D0BC
O,71,11,0101,800ECF24,937,-3867,-1041,00000000,00002000,000018E3,00000000,00000000,00000000,0,3,8033DB38,00000000,00000000,8010D0BC
O,71,12,0101,800ECF5C,-139,-4408,-1056,00000000,00006000,00000000,00000000,00000000,00000000,0,3,8033DD98,00000000,00000000,8010D2E4
O,71,13,0101,800ECF5C,618,3656,148,00000000,00004000,00000000,00000000,00000000,00000000,0,3,8033DFF8,00000000,00000000,8010D410
O,71,14,0101,800ECF5C,963,3297,608,00000000,FFFFC000,00000000,00000000,00000000,00000000,0,3,8033E258,00000000,00000000,8010D410
O,71,15,0101,800ECF5C,1306,2939,1069,00000000,00004000,00000000,00000000,00000000,00000000,0,3,8033E4B8,00000000,00000000,8010D410
O,71,16,0101,800ECF5C,-1179,-1453,-792,00000000,FFFFE000,00000000,00000000,00000000,00000000,0,3,8033E718,00000000,00000000,8010D410
O,71,17,0101,800ECF94,174,1248,1790,00000000,FFFF8000,00000000,00000000,00000000,00000000,0,3,8033E978,00000000,00000000,8010D53C
O,71,18,0101,800ECF94,-1144.22327,1490,-1386.22327,00000000,00002000,00000000,00000000,00000000,00000000,0,3,8033EBD8,00000000,00000000,8010D53C
O,71,19,0101,800ECF94,-899.223328,1730,-1631.22327,00000000,00002000,00000000,00000000,00000000,00000000,0,3,8033EE38,00000000,00000000,8010D53C
O,71,20,0101,800ECF94,-1142.22327,1970,-1387.22327,00000000,00002000,00000000,00000000,00000000,00000000,0,3,8033F098,00000000,00000000,8010D53C
O,71,21,0101,800ECF94,-517,3175,1790,00000000,FFFF8000,00000000,00000000,00000000,00000000,0,3,8033F2F8,00000000,00000000,8010D53C
O,71,22,0101,800ECF94,-170,1248,1790,00000000,FFFF8000,00000000,00000000,00000000,00000000,0,3,8033F558,00000000,00000000,8010D53C
O,71,23,0101,800ECF94,-515,1248,1790,00000000,FFFF8000,00000000,00000000,00000000,00000000,0,3,8033F7B8,00000000,00000000,8010D53C
O,71,24,0101,800ECF94,-175,-1351,-1789,00000000,00000000,00000000,00000000,00000000,00000000,0,3,8033FA18,00000000,00000000,8010D53C
O,71,25,0101,800ECF94,-515,-2590,1790,00000000,FFFF8000,00000000,00000000,00000000,00000000,0,3,8033FC78,00000000,00000000,8010D53C
O,71,26,0101,800ECF94,518,3175,1790,00000000,FFFF8000,00000000,00000000,00000000,00000000,0,3,8033FED8,00000000,00000000,8010D53C
O,71,27,0101,800ECF94,-171,3175,1790,00000000,FFFF8000,00000000,00000000,00000000,00000000,0,3,80340138,00000000,00000000,8010D53C
O,71,28,0101,800ECF94,174,3175,1790,00000000,FFFF8000,00000000,00000000,00000000,00000000,0,3,80340398,00000000,00000000,8010D53C
O,71,29,0101,800ECFCC,1490,-2088,-873,00000000,00000000,00000000,00000000,00000000,00000000,0,3,803405F8,00000000,00000000,8010D5B4
O,71,30,0101,800ECFCC,-708,-1606,-1589,00000000,00000000,00000000,00000000,00000000,00000000,0,3,80340858,00000000,00000000,8010D5B4
O,71,31,0101,800ECFCC,954,-1627,-1448,00000000,00000000,00000000,00000000,00000000,00000000,0,3,80340AB8,00000000,00000000,8010D5B4
O,71,32,0101,800ECFCC,1215,-1781,-1215,00000000,00000000,00000000,00000000,00000000,00000000,0,3,80340D18,00000000,00000000,8010D5B4
O,71,33,0101,800ECFCC,1052,-1934,-769,00000000,00000000,00000000,00000000,00000000,00000000,0,3,80340F78,00000000,00000000,8010D5B4
O,71,34,0101,800ECFCC,-620,1229,1233,00000000,FFFFA000,00000000,00000000,00000000,00000000,0,3,803411D8,00000000,00000000,8010D680
O,71,35,0101,800ECFCC,1050,-19,-1037,00000000,FFFFE000,00000000,00000000,00000000,00000000,0,3,80341438,00000000,00000000,8010D680
O,71,36,0101,800ECFF8,-1100,259,-1030,00000000,FFFFE000,00000000,00000000,00000000,00000000,0,1,80341698,00000000,00000000,8010D784
O,71,37,0101,800ED064,0,6011,0,00000000,FFFFA000,00000000,00000000,00000000,00000000,0,3,803418F8,00000000,00000000,8010D910
O,71,38,0101,800ED064,0,-2487,0,00000000,00002000,00000000,00000000,00000000,00000000,0,3,80341B58,00000000,00000000,8010D910
O,71,39,0101,800ED090,1102,-3619,1682,00000000,00006000,00000000,00000000,00000000,00000000,0,3,80341DB8,00000000,00000000,8010DA00
O,71,40,0101,800ED090,424,-3312,1959,00000000,00004000,00000000,00000000,00000000,00000000,0,3,80342018,00000000,00000000,8010DA00
O,71,41,0101,800ED090,1102,-3004,1682,00000000,00006000,00000000,00000000,00000000,00000000,0,3,80342278,00000000,00000000,8010DA00
O,71,42,0101,800ED090,1584,-2697,1200,00000000,00006000,00000000,00000000,00000000,00000000,0,3,803424D8,00000000,00000000,8010DA00
O,71,43,0101,800ED090,1582,-3619,1203,00000000,00006000,00000000,00000000,00000000,00000000,0,3,80342738,00000000,00000000,8010DA00
O,71,44,0101,800ED090,-762,4347,1047,00000000,00006000,00000000,00000000,00000000,00000000,0,3,80342998,00000000,00000000,8010DA00
O,71,45,0101,800ED090,424,-3926,1959,00000000,00004000,00000000,00000000,00000000,00000000,0,3,80342BF8,00000000,00000000,8010DA00
O,71,46,0101,800ED090,1102,-4233,1682,00000000,00006000,00000000,00000000,00000000,00000000,0,3,80342E58,00000000,00000000,8010DA00
O,71,47,0101,800ED090,1102,-4848,1682,00000000,00006000,00000000,00000000,00000000,00000000,0,3,803430B8,00000000,00000000,8010DA00
O,71,48,0101,800ED090,424,-4540,1959,00000000,00004000,00000000,00000000,00000000,00000000,0,3,80343318,00000000,00000000,8010DA00
O,71,49,0101,800ED090,-1037,4244,772,00000000,FFFFE000,00000000,00000000,00000000,00000000,0,3,80343578,00000000,00000000,8010DA00
O,71,50,0101,800ED090,1828,3835,-50,00000000,00000000,00000000,00000000,00000000,00000000,0,3,803437D8,00000000,00000000,8010DA00
O,71,51,0101,800ED090,1459,3835,-357,00000000,00000000,00000000,00000000,00000000,00000000,0,3,80343A38,00000000,00000000,8010DA00
O,71,52,0101,800ED090,1091,3835,-665,00000000,00000000,00000000,00000000,00000000,00000000,0,3,80343C98,00000000,00000000,8010DA00
O,71,53,0101,800ED064,1580,-4854,-825,00000000,00000000,00000000,00000000,00000000,00000000,0,3,80343EF8,00000000,00000000,8010D910
O,71,54,0101,800ED064,-1692,1022,-1157,00000000,00000000,00000000,00000000,00000000,00000000,0,3,80344158,00000000,00000000,8010D910
O,71,55,0101,800ED064,2098,7007,2243,00000000,00000000,00000000,00000000,00000000,00000000,0,3,803443B8,00000000,00000000,8010D910
O,71,56,0101,800ED064,1801,-4843,-731,00000000,00000000,00000000,00000000,00000000,00000000,0,3,80344618,00000000,00000000,8010D910
O,71,57,0101,800ED064,-1477,1044,-1088,00000000,00000000,00000000,00000000,00000000,00000000,0,3,80344878,00000000,00000000,8010D910
O,71,58,0101,800ED064,2268,7030,2227,00000000,00000000,00000000,00000000,00000000,00000000,0,3,80344AD8,00000000,00000000,8010D910
O,71,59,0101,800EC1AC,800,-4400,1900,00000000,00000000,00000000,00000000,00000000,00000000,0,3,8034C658,00000000,00000000,00000000
O,71,60,0101,800EC1AC,800,-3700,1900,00000000,00000000,00000000,00000000,00000000,00000000,0,3,8034C658,00000000,00000000,00000000
O,71,61,0101,800EC1AC,800,-3000,1900,00000000,00000000,00000000,00000000,00000000,00000000,0,3,8034C658,00000000,00000000,00000000
O,71,62,0101,800EC1AC,1780,-3300,1000,00000000,00000000,00000000,00000000,00000000,00000000,0,3,8034C658,00000000,00000000,00000000
O,71,63,0101,800EC1AC,1388,-3300,1428,00000000,00000000,00000000,00000000,00000000,00000000,0,3,8034C658,00000000,00000000,00000000
O,71,64,0101,800EC1AC,200,-3000,2000,00000000,00000000,00000000,00000000,00000000,00000000,0,3,8034C658,00000000,00000000,00000000
O,71,65,0101,800EC1AC,200,-3700,2000,00000000,00000000,00000000,00000000,00000000,00000000,0,3,8034C658,00000000,00000000,00000000
O,71,66,0101,800EC1AC,200,-4400,2000,00000000,00000000,00000000,00000000,00000000,00000000,0,3,8034C658,00000000,00000000,00000000
O,71,67,0101,800EC4A4,-1080,90,1575,00000000,00000000,00000000,00000000,00000000,00000000,0,3,80346038,00000000,00000000,00000000
O,71,68,0101,800ED028,-1179,445,1413,00000000,00002000,00000000,00000000,00000000,00000000,0,3,80346298,00000000,00000000,8010D88C
O,71,69,0101,800ED028,-1524,-1454,1129,00000000,FFFFE000,00000000,00000000,00000000,00000000,0,3,803464F8,00000000,00000000,8010D88C
O,71,70,0103,800EB688,-825.769165,-672.686768,1707.3186,00000000,00005A01,00000000,00000000,00000000,00000000,2,2,80346758,00000000,00000000,00000000
O,71,71,0101,800EA888,-1203,-19,-170,00000000,00002000,00000000,00000000,00000000,00000000,0,3,803469B8,00000000,00000000,80125088
O,71,72,0101,800EA8A8,0,20,-1400,00000000,00000000,00000000,00000000,00000000,00000000,1,2,80346C18,00000000,00000000,00000000
O,71,73,0101,800EA8A8,-250,20,-1700,00000000,00000000,00000000,00000000,00000000,00000000,1,2,80346E78,00000000,00000000,00000000
O,71,74,0101,800EA8A8,250,20,-1700,00000000,00000000,00000000,00000000,00000000,00000000,1,2,803470D8,00000000,00000000,00000000
O,71,75,0101,800EA8A8,0,20,-2000,00000000,00000000,00000000,00000000,00000000,00000000,1,2,80347338,00000000,00000000,00000000
O,71,76,0101,800EA8A8,500,20,-2000,00000000,00000000,00000000,00000000,00000000,00000000,1,2,80347598,00000000,00000000,00000000
O,71,77,0101,800EA8A8,-500,20,-2000,00000000,00000000,00000000,00000000,00000000,00000000,1,2,803477F8,00000000,00000000,00000000
O,71,78,0103,800E9868,880,-19,1160,00000000,00000000,00000000,00000000,00000000,00000000,0,3,80347A58,8034DE18,00000000,00000000
O,71,79,0101,800ED48C,800,-2460,160,00000000,00000000,00000000,00000000,00000000,00000000,0,3,80347CB8,00000000,00000000,00000000
O,71,80,0103,800E8C0C,-1120,-820,1320,00000000,00002000,00000000,00000000,00000000,00000000,0,3,80347F18,00000000,00000000,00000000
O,71,81,0103,800ED48C,-571,6020,-1414,00000000,00000000,00000000,00000000,00000000,00000000,0,3,80348178,00000000,00000000,00000000
O,71,82,0103,800ED1F8,620,-5150,1540,00000000,000004B0,00000000,00000000,00000190,00000000,0,3,803483D8,00000000,00000000,00000000
O,71,83,0101,800EC424,-520,1351,1919,00000000,00000000,00000000,00000000,00000000,00000000,0,3,80348638,00000000,00000000,00000000
O,71,84,0101,800EC424,-165,1351,1919,00000000,00000000,00000000,00000000,00000000,00000000,0,3,80348898,00000000,00000000,00000000
O,71,85,0101,800EC424,182,1351,1919,00000000,00000000,00000000,00000000,00000000,00000000,0,3,80348AF8,00000000,00000000,00000000
O,71,86,0101,800EC3EC,657,1368,1879,00000000,00000000,00000000,00000000,00000000,00000000,0,3,80348D58,00000000,00000000,00000000
O,71,87,0103,800EB688,-747.657471,-2322.68677,-996.19043,00000000,0000CA86,00000000,00000000,00000000,00000000,2,2,80348FB8,00000000,00000000,00000000
O,71,88,0101,800EA570,1883,4150,550,00000000,00000000,00000000,00000000,00000000,00000000,2,2,80349218,00000000,00000000,8014A168
O,71,89,0103,800ED1F8,-1333,350,1116,00000000,000004B0,00000000,00000000,00000190,00000000,0,3,80349478,00000000,00000000,00000000
O,71,90,0101,800EA570,-1101,6316,-685,00000000,00002000,00000000,00000000,00000000,00000000,2,2,803496D8,00000000,00000000,8014A168
O,71,91,0101,800EB474,1076.62585,-4822,649.990173,00000000,FFFFFC3F,00000000,00000000,00000000,00000000,0,3,80349938,00000000,00000000,00000000
O,71,92,0101,800EB474,1682.62585,-4822,200.990219,00000000,FFFFFC3F,00000000,00000000,00000000,00000000,0,3,80349B98,00000000,00000000,00000000
O,71,93,0101,800EA8A8,0,20,-1700,00000000,00000000,00000000,00000000,00000000,00000000,1,2,80349DF8,00000000,00000000,00000000
O,71,94,0101,800ECFCC,-1020,1229,537,00000000,00000000,00000000,00000000,00000000,00000000,0,3,8034A058,00000000,00000000,8010D5B4
O,71,95,0101,800EA570,2350,5600,2350,00000000,00002000,00000000,00000000,00000000,00000000,2,2,8034A2B8,00000000,00000000,8014A168
O,71,96,0101,800EA570,0,4783,0,00000000,00000000,00000000,00000000,00000000,00000000,2,2,8034A518,00000000,00000000,8014A168
O,71,97,0101,800EA570,-1140,-3720,-1620,00000000,00002000,00000000,00000000,00000000,00000000,2,2,8034A778,00000000,00000000,8014A168
O,71,98,0101,800EA570,840,-2200,860,00000000,00002000,00000000,00000000,00000000,00000000,2,2,8034A9D8,00000000,00000000,8014A168
O,71,99,0103,800E8C3C,-770,-3800,-440,00000000,00000000,00000000,00000000,00000000,00000000,0,3,8034AC38,00000000,00000000,00000000
O,71,100,0103,800E8C3C,-770,-3700,-440,00000000,00000000,00000000,00000000,00000000,00000000,0,3,8034AE98,00000000,00000000,00000000
O,71,101,0101,800EA570,280,-4920,1660,00000000,00000000,00000000,00000000,00000000,00000000,2,2,8034B0F8,00000000,00000000,8014A168
O,71,102,0101,800EA570,1240,300,840,00000000,00002000,00000000,00000000,00000000,00000000,2,2,8034B358,00000000,00000000,8014A168
O,71,103,0101,800EA570,520,300,1500,00000000,00002000,00000000,00000000,00000000,00000000,2,2,8034B5B8,00000000,00000000,8014A168
O,71,104,0101,800EA570,-400,3600,1880,00000000,00000000,00000000,00000000,00000000,00000000,2,2,8034B818,00000000,00000000,8014A168
O,71,105,0101,800EA570,-40,4160,-1280,00000000,00000000,00000000,00000000,00000000,00000000,2,2,8034BA78,00000000,00000000,8014A168
O,71,106,0101,800EA570,-1160,2920,-840,00000000,00002000,00000000,00000000,00000000,00000000,2,2,8034BCD8,00000000,00000000,8014A168
O,71,107,0101,800EA570,-780,6316,-1020,00000000,00002000,00000000,00000000,00000000,00000000,2,2,8034BF38,00000000,00000000,8014A168
O,71,108,0101,800ECF5C,1313,6190,1313,00000000,00002000,00000000,00000000,00000000,00000000,0,3,8034C198,00000000,00000000,8010D2E4
O,71,109,0101,800ECF5C,1851,-2488,-98,00000000,00000000,00000000,00000000,00000000,00000000,0,3,8034C3F8,00000000,00000000,8010D410
O,71,110,0101,800EC18C,1815,-3200,800,00000000,00000000,00000000,00000000,00000000,00000000,0,3,8034C658,00000000,00000000,00000000
O,71,111,0101,800EC13C,-1050,2400,-790,00000000,00001800,00000000,00000000,00000000,00000000,0,3,8034C8B8,00000000,00000000,00000000
O,71,112,0101,800EC13C,2200,7300,2210,00000000,00001800,00000000,00000000,00000000,00000000,0,3,8034CB18,00000000,00000000,00000000
O,71,113,0101,800EC13C,-1300,-2250,-1300,00000000,00001800,00000000,00000000,00000000,00000000,0,3,8034CD78,00000000,00000000,00000000
O,71,114,0101,800EC13C,-1850,300,-950,00000000,00001800,00000000,00000000,00000000,00000000,0,3,8034CFD8,00000000,00000000,00000000
O,71,115,0101,800EC13C,-1450,-1130,-1050,00000000,00001800,00000000,00000000,00000000,00000000,0,3,8034D238,00000000,00000000,00000000
O,71,116,0101,800E8EAC,1919,6222,1919,00000000,FFFFA000,00000000,00000000,00000000,00000000,0,3,8034D498,00000000,00000000,8011A38C
O,71,117,0101,800E8464,-1080,-840,1573,00000000,00000000,00000000,00000000,00000000,00000000,0,3,8034D6F8,00000000,00000000,00000000
O,71,118,0101,800EB274,1417,-3822,-548,00000000,FFFFE0B6,00000000,00000000,00000000,00000000,0,3,8034D958,00000000,00000000,00000000
O,71,119,0101,800EB1C0,1412.82959,-3834,-543.686035,00000000,FFFFE0B6,00000000,00000000,00000000,00000000,0,3,8034DBB8,00000000,00000000,00000000
O,71,120,0101,800E98C4,880,-19,1160,00000000,00000000,00000000,00000000,00000000,00000000,0,3,80347A58,00000000,00000000,00000000
O,71,121,0101,800ED86C,1815,-4762,800,00004000,00000300,00000000,00000000,00000000,00000000,0,3,8034C658,00000000,00000000,00000000
M,72,21,104968,3,00001924,0C400201,0,0,00000000,1411.43945,-3846,-542.248047,-1.39015019,-16,1.4378742,2,-8010,-4822,5243,00000000,80161C20,801693C0,8034D958,00000000,8034D958,00000000,8034DBB8,00000000,00000000,-1
O,72,0,0101,800ECEF0,-1032,-3291,1070,00000000,00002000,00000000,00000000,00000000,00000000,0,4,8033C118,00000000,00000000,8010CFA0
O,72,1,0101,800ECEF0,-1881,1767,-446,00000000,00004000,00000000,00000000,00000000,00000000,0,4,8033C378,00000000,00000000,8010CFA0
O,72,2,0101,800ECEF0,-1870,2068,362,00000000,00004000,00000000,00000000,00000000,00000000,0,4,8033C5D8,00000000,00000000,8010CFA0
O,72,3,0101,800ECEF0,-770,-4361,-423,00000000,FFFFA000,00000000,00000000,00000000,00000000,0,4,8033C838,00000000,00000000,8010CFA0
O,72,4,0101,800ECEF0,-1314,-3691,788,00000000,00006000,00000000,00000000,00000000,00000000,0,4,8033CA98,00000000,00000000,8010CFA0
O,72,5,0101,800ECEF0,-1314,-2892,1353,00000000,00006000,00000000,00000000,00000000,00000000,0,4,8033CCF8,00000000,00000000,8010CFA0
O,72,6,0101,800ECEF0,780,5767,-1027,00000000,FFFFE000,00000000,00000000,00000000,00000000,0,4,8033CF58,00000000,00000000,8010D038
O,72,7,0101,800ECEF0,1063,5562,-744,00000000,FFFFE000,00000000,00000000,00000000,00000000,0,4,8033D1B8,00000000,00000000,8010D038
O,72,8,0101,800ECF24,-1350,748,-1208,00000000,00002000,000018E3,00000000,00000000,00000000,0,4,8033D418,00000000,00000000,8010D0BC
O,72,9,0101,800ECF24,-690,901,-910,00000000,00002000,000018E3,00000000,00000000,00000000,0,4,8033D678,00000000,00000000,8010D0BC
O,72,10,0101,800ECF24,-1389,-3030,-1028,00000000,00002000,000018E3,00000000,00000000,00000000,0,4,8033D8D8,00000000,00000000,8010D0BC
O,72,11,0101,800ECF24,937,-3867,-1041,00000000,00002000,000018E3,00000000,00000000,00000000,0,4,8033DB38,00000000,00000000,8010D0BC
O,72,12,0101,800ECF5C,-139,-4408,-1056,00000000,00006000,00000000,00000000,00000000,00000000,0,4,8033DD98,00000000,00000000,8010D2E4
O,72,13,0101,800ECF5C,618,3656,148,00000000,00004000,00000000,00000000,00000000,00000000,0,4,8033DFF8,00000000,00000000,8010D410
O,72,14,0101,800ECF5C,963,3297,608,00000000,FFFFC000,00000000,00000000,00000000,00000000,0,4,8033E258,00000000,00000000,8010D410
O,72,15,0101,800ECF5C,1306,2939,1069,00000000,00004000,00000000,00000000,00000000,00000000,0,4,8033E4B8,00000000,00000000,8010D410
O,72,16,0101,800ECF5C,-1179,-1453,-792,00000000,FFFFE000,00000000,00000000,00000000,00000000,0,4,8033E718,00000000,00000000,8010D410
O,72,17,0101,800ECF94,174,1248,1790,00000000,FFFF8000,00000000,00000000,00000000,00000000,0,4,8033E978,00000000,00000000,8010D53C
O,72,18,0101,800ECF94,-1144.22327,1490,-1386.22327,00000000,00002000,00000000,00000000,00000000,00000000,0,4,8033EBD8,00000000,00000000,8010D53C
O,72,19,0101,800ECF94,-899.223328,1730,-1631.22327,00000000,00002000,00000000,00000000,00000000,00000000,0,4,8033EE38,00000000,00000000,8010D53C
O,72,20,0101,800ECF94,-1142.22327,1970,-1387.22327,00000000,00002000,00000000,00000000,00000000,00000000,0,4,8033F098,00000000,00000000,8010D53C
O,72,21,0101,800ECF94,-517,3175,1790,00000000,FFFF8000,00000000,00000000,00000000,00000000,0,4,8033F2F8,00000000,00000000,8010D53C
O,72,22,0101,800ECF94,-170,1248,1790,00000000,FFFF8000,00000000,00000000,00000000,00000000,0,4,8033F558,00000000,00000000,8010D53C
O,72,23,0101,800ECF94,-515,1248,1790,00000000,FFFF8000,00000000,00000000,00000000,00000000,0,4,8033F7B8,00000000,00000000,8010D53C
O,72,24,0101,800ECF94,-175,-1351,-1789,00000000,00000000,00000000,00000000,00000000,00000000,0,4,8033FA18,00000000,00000000,8010D53C
O,72,25,0101,800ECF94,-515,-2590,1790,00000000,FFFF8000,00000000,00000000,00000000,00000000,0,4,8033FC78,00000000,00000000,8010D53C
O,72,26,0101,800ECF94,518,3175,1790,00000000,FFFF8000,00000000,00000000,00000000,00000000,0,4,8033FED8,00000000,00000000,8010D53C
O,72,27,0101,800ECF94,-171,3175,1790,00000000,FFFF8000,00000000,00000000,00000000,00000000,0,4,80340138,00000000,00000000,8010D53C
O,72,28,0101,800ECF94,174,3175,1790,00000000,FFFF8000,00000000,00000000,00000000,00000000,0,4,80340398,00000000,00000000,8010D53C
O,72,29,0101,800ECFCC,1490,-2088,-873,00000000,00000000,00000000,00000000,00000000,00000000,0,4,803405F8,00000000,00000000,8010D5B4
O,72,30,0101,800ECFCC,-708,-1606,-1589,00000000,00000000,00000000,00000000,00000000,00000000,0,4,80340858,00000000,00000000,8010D5B4
O,72,31,0101,800ECFCC,954,-1627,-1448,00000000,00000000,00000000,00000000,00000000,00000000,0,4,80340AB8,00000000,00000000,8010D5B4
O,72,32,0101,800ECFCC,1215,-1781,-1215,00000000,00000000,00000000,00000000,00000000,00000000,0,4,80340D18,00000000,00000000,8010D5B4
O,72,33,0101,800ECFCC,1052,-1934,-769,00000000,00000000,00000000,00000000,00000000,00000000,0,4,80340F78,00000000,00000000,8010D5B4
O,72,34,0101,800ECFCC,-620,1229,1233,00000000,FFFFA000,00000000,00000000,00000000,00000000,0,4,803411D8,00000000,00000000,8010D680
O,72,35,0101,800ECFCC,1050,-19,-1037,00000000,FFFFE000,00000000,00000000,00000000,00000000,0,4,80341438,00000000,00000000,8010D680
O,72,36,0101,800ECFF8,-1100,259,-1030,00000000,FFFFE000,00000000,00000000,00000000,00000000,0,1,80341698,00000000,00000000,8010D784
O,72,37,0101,800ED064,0,6011,0,00000000,FFFFA000,00000000,00000000,00000000,00000000,0,4,803418F8,00000000,00000000,8010D910
O,72,38,0101,800ED064,0,-2487,0,00000000,00002000,00000000,00000000,00000000,00000000,0,4,80341B58,00000000,00000000,8010D910
O,72,39,0101,800ED090,1102,-3619,1682,00000000,00006000,00000000,00000000,00000000,00000000,0,4,80341DB8,00000000,00000000,8010DA00
O,72,40,0101,800ED090,424,-3312,1959,00000000,00004000,00000000,00000000,00000000,00000000,0,4,80342018,00000000,00000000,8010DA00
O,72,41,0101,800ED090,1102,-3004,1682,00000000,00006000,00000000,00000000,00000000,00000000,0,4,80342278,00000000,00000000,8010DA00
O,72,42,0101,800ED090,1584,-2697,1200,00000000,00006000,00000000,00000000,00000000,00000000,0,4,803424D8,00000000,00000000,8010DA00
O,72,43,0101,800ED090,1582,-3619,1203,00000000,00006000,00000000,00000000,00000000,00000000,0,4,80342738,00000000,00000000,8010DA00
O,72,44,0101,800ED090,-762,4347,1047,00000000,00006000,00000000,00000000,00000000,00000000,0,4,80342998,00000000,00000000,8010DA00
O,72,45,0101,800ED090,424,-3926,1959,00000000,00004000,00000000,00000000,00000000,00000000,0,4,80342BF8,00000000,00000000,8010DA00
O,72,46,0101,800ED090,1102,-4233,1682,00000000,00006000,00000000,00000000,00000000,00000000,0,4,80342E58,00000000,00000000,8010DA00
O,72,47,0101,800ED090,1102,-4848,1682,00000000,00006000,00000000,00000000,00000000,00000000,0,4,803430B8,00000000,00000000,8010DA00
O,72,48,0101,800ED090,424,-4540,1959,00000000,00004000,00000000,00000000,00000000,00000000,0,4,80343318,00000000,00000000,8010DA00
O,72,49,0101,800ED090,-1037,4244,772,00000000,FFFFE000,00000000,00000000,00000000,00000000,0,4,80343578,00000000,00000000,8010DA00
O,72,50,0101,800ED090,1828,3835,-50,00000000,00000000,00000000,00000000,00000000,00000000,0,4,803437D8,00000000,00000000,8010DA00
O,72,51,0101,800ED090,1459,3835,-357,00000000,00000000,00000000,00000000,00000000,00000000,0,4,80343A38,00000000,00000000,8010DA00
O,72,52,0101,800ED090,1091,3835,-665,00000000,00000000,00000000,00000000,00000000,00000000,0,4,80343C98,00000000,00000000,8010DA00
O,72,53,0101,800ED064,1580,-4854,-825,00000000,00000000,00000000,00000000,00000000,00000000,0,4,80343EF8,00000000,00000000,8010D910
O,72,54,0101,800ED064,-1692,1022,-1157,00000000,00000000,00000000,00000000,00000000,00000000,0,4,80344158,00000000,00000000,8010D910
O,72,55,0101,800ED064,2098,7007,2243,00000000,00000000,00000000,00000000,00000000,00000000,0,4,803443B8,00000000,00000000,8010D910
O,72,56,0101,800ED064,1801,-4843,-731,00000000,00000000,00000000,00000000,00000000,00000000,0,4,80344618,00000000,00000000,8010D910
O,72,57,0101,800ED064,-1477,1044,-1088,00000000,00000000,00000000,00000000,00000000,00000000,0,4,80344878,00000000,00000000,8010D910
O,72,58,0101,800ED064,2268,7030,2227,00000000,00000000,00000000,00000000,00000000,00000000,0,4,80344AD8,00000000,00000000,8010D910
O,72,59,0101,800EC1AC,800,-4400,1900,00000000,00000000,00000000,00000000,00000000,00000000,0,4,8034C658,00000000,00000000,00000000
O,72,60,0101,800EC1AC,800,-3700,1900,00000000,00000000,00000000,00000000,00000000,00000000,0,4,8034C658,00000000,00000000,00000000
O,72,61,0101,800EC1AC,800,-3000,1900,00000000,00000000,00000000,00000000,00000000,00000000,0,4,8034C658,00000000,00000000,00000000
O,72,62,0101,800EC1AC,1780,-3300,1000,00000000,00000000,00000000,00000000,00000000,00000000,0,4,8034C658,00000000,00000000,00000000
O,72,63,0101,800EC1AC,1388,-3300,1428,00000000,00000000,00000000,00000000,00000000,00000000,0,4,8034C658,00000000,00000000,00000000
O,72,64,0101,800EC1AC,200,-3000,2000,00000000,00000000,00000000,00000000,00000000,00000000,0,4,8034C658,00000000,00000000,00000000
O,72,65,0101,800EC1AC,200,-3700,2000,00000000,00000000,00000000,00000000,00000000,00000000,0,4,8034C658,00000000,00000000,00000000
O,72,66,0101,800EC1AC,200,-4400,2000,00000000,00000000,00000000,00000000,00000000,00000000,0,4,8034C658,00000000,00000000,00000000
O,72,67,0101,800EC4A4,-1080,90,1575,00000000,00000000,00000000,00000000,00000000,00000000,0,4,80346038,00000000,00000000,00000000
O,72,68,0101,800ED028,-1179,445,1413,00000000,00002000,00000000,00000000,00000000,00000000,0,4,80346298,00000000,00000000,8010D88C
O,72,69,0101,800ED028,-1524,-1454,1129,00000000,FFFFE000,00000000,00000000,00000000,00000000,0,4,803464F8,00000000,00000000,8010D88C
O,72,70,0103,800EB688,-801.290222,-675.931213,1690.96228,00000000,00005E01,00000000,00000000,00000000,00000000,2,3,80346758,00000000,00000000,00000000
O,72,71,0101,800EA888,-1203,-19,-170,00000000,00002000,00000000,00000000,00000000,00000000,0,4,803469B8,00000000,00000000,80125088
O,72,72,0101,800EA8A8,0,20,-1400,00000000,00000000,00000000,00000000,00000000,00000000,1,3,80346C18,00000000,00000000,00000000
O,72,73,0101,800EA8A8,-250,20,-1700,00000000,00000000,00000000,00000000,00000000,00000000,1,3,80346E78,00000000,00000000,00000000
O,72,74,0101,800EA8A8,250,20,-1700,00000000,00000000,00000000,00000000,00000000,00000000,1,3,803470D8,00000000,00000000,00000000
O,72,75,0101,800EA8A8,0,20,-2000,00000000,00000000,00000000,00000000,00000000,00000000,1,3,80347338,00000000,00000000,00000000
O,72,76,0101,800EA8A8,500,20,-2000,00000000,00000000,00000000,00000000,00000000,00000000,1,3,80347598,00000000,00000000,00000000
O,72,77,0101,800EA8A8,-500,20,-2000,00000000,00000000,00000000,00000000,00000000,00000000,1,3,803477F8,00000000,00000000,00000000
O,72,78,0103,800E9868,880,-19,1160,00000000,00000000,00000000,00000000,00000000,00000000,0,4,80347A58,8034DE18,00000000,00000000
O,72,79,0101,800ED48C,800,-2460,160,00000000,00000000,00000000,00000000,00000000,00000000,0,4,80347CB8,00000000,00000000,00000000
O,72,80,0103,800E8C0C,-1120,-820,1320,00000000,00002000,00000000,00000000,00000000,00000000,0,4,80347F18,00000000,00000000,00000000
O,72,81,0103,800ED48C,-571,6020,-1414,00000000,00000000,00000000,00000000,00000000,00000000,0,4,80348178,00000000,00000000,00000000
O,72,82,0103,800ED1F8,620,-5150,1540,00000000,00000640,00000000,00000000,00000190,00000000,0,4,803483D8,00000000,00000000,00000000
O,72,83,0101,800EC424,-520,1351,1919,00000000,00000000,00000000,00000000,00000000,00000000,0,4,80348638,00000000,00000000,00000000
O,72,84,0101,800EC424,-165,1351,1919,00000000,00000000,00000000,00000000,00000000,00000000,0,4,80348898,00000000,00000000,00000000
O,72,85,0101,800EC424,182,1351,1919,00000000,00000000,00000000,00000000,00000000,00000000,0,4,80348AF8,00000000,00000000,00000000
O,72,86,0101,800EC3EC,657,1368,1879,00000000,00000000,00000000,00000000,00000000,00000000,0,4,80348D58,00000000,00000000,00000000
O,72,87,0103,800EB688,-776.459717,-2325.93115,-990.092896,00000000,0000CE86,00000000,00000000,00000000,00000000,2,3,80348FB8,00000000,00000000,00000000
O,72,88,0101,800EA570,1883,4150,550,00000000,00000000,00000000,00000000,00000000,00000000,2,3,80349218,00000000,00000000,8014A168
O,72,89,0103,800ED1F8,-1333,350,1116,00000000,00000640,00000000,00000000,00000190,00000000,0,4,80349478,00000000,00000000,00000000
O,72,90,0101,800EA570,-1101,6316,-685,00000000,00002000,00000000,00000000,00000000,00000000,2,3,803496D8,00000000,00000000,8014A168
O,72,91,0101,800EB474,1076.25208,-4822,653.972656,00000000,FFFFFAF1,00000000,00000000,00000000,00000000,0,4,80349938,00000000,00000000,00000000
O,72,92,0101,800EB474,1682.25208,-4822,204.972717,00000000,FFFFFAF1,00000000,00000000,00000000,00000000,0,4,80349B98,00000000,00000000,00000000
O,72,93,0101,800EA8A8,0,20,-1700,00000000,00000000,00000000,00000000,00000000,00000000,1,3,80349DF8,00000000,00000000,00000000
O,72,94,0101,800ECFCC,-1020,1229,537,00000000,00000000,00000000,00000000,00000000,00000000,0,4,8034A058,00000000,00000000,8010D5B4
O,72,95,0101,800EA570,2350,5600,2350,00000000,00002000,00000000,00000000,00000000,00000000,2,3,8034A2B8,00000000,00000000,8014A168
O,72,96,0101,800EA570,0,4783,0,00000000,00000000,00000000,00000000,00000000,00000000,2,3,8034A518,00000000,00000000,8014A168
O,72,97,0101,800EA570,-1140,-3720,-1620,00000000,00002000,00000000,00000000,00000000,00000000,2,3,8034A778,00000000,00000000,8014A168
O,72,98,0101,800EA570,840,-2200,860,00000000,00002000,00000000,00000000,00000000,00000000,2,3,8034A9D8,00000000,00000000,8014A168
O,72,99,0103,800E8C3C,-770,-3800,-440,00000000,00000000,00000000,00000000,00000000,00000000,0,4,8034AC38,00000000,00000000,00000000
O,72,100,0103,800E8C3C,-770,-3700,-440,00000000,00000000,00000000,00000000,00000000,00000000,0,4,8034AE98,00000000,00000000,00000000
O,72,101,0101,800EA570,280,-4920,1660,00000000,00000000,00000000,00000000,00000000,00000000,2,3,8034B0F8,00000000,00000000,8014A168
O,72,102,0101,800EA570,1240,300,840,00000000,00002000,00000000,00000000,00000000,00000000,2,3,8034B358,00000000,00000000,8014A168
O,72,103,0101,800EA570,520,300,1500,00000000,00002000,00000000,00000000,00000000,00000000,2,3,8034B5B8,00000000,00000000,8014A168
O,72,104,0101,800EA570,-400,3600,1880,00000000,00000000,00000000,00000000,00000000,00000000,2,3,8034B818,00000000,00000000,8014A168
O,72,105,0101,800EA570,-40,4160,-1280,00000000,00000000,00000000,00000000,00000000,00000000,2,3,8034BA78,00000000,00000000,8014A168
O,72,106,0101,800EA570,-1160,2920,-840,00000000,00002000,00000000,00000000,00000000,00000000,2,3,8034BCD8,00000000,00000000,8014A168
O,72,107,0101,800EA570,-780,6316,-1020,00000000,00002000,00000000,00000000,00000000,00000000,2,3,8034BF38,00000000,00000000,8014A168
O,72,108,0101,800ECF5C,1313,6190,1313,00000000,00002000,00000000,00000000,00000000,00000000,0,4,8034C198,00000000,00000000,8010D2E4
O,72,109,0101,800ECF5C,1851,-2488,-98,00000000,00000000,00000000,00000000,00000000,00000000,0,4,8034C3F8,00000000,00000000,8010D410
O,72,110,0101,800EC18C,1815,-3200,800,00000000,00000000,00000000,00000000,00000000,00000000,0,4,8034C658,00000000,00000000,00000000
O,72,111,0101,800EC13C,-1050,2400,-790,00000000,00002000,00000000,00000000,00000000,00000000,0,4,8034C8B8,00000000,00000000,00000000
O,72,112,0101,800EC13C,2200,7300,2210,00000000,00002000,00000000,00000000,00000000,00000000,0,4,8034CB18,00000000,00000000,00000000
O,72,113,0101,800EC13C,-1300,-2250,-1300,00000000,00002000,00000000,00000000,00000000,00000000,0,4,8034CD78,00000000,00000000,00000000
O,72,114,0101,800EC13C,-1850,300,-950,00000000,00002000,00000000,00000000,00000000,00000000,0,4,8034CFD8,00000000,00000000,00000000
O,72,115,0101,800EC13C,-1450,-1130,-1050,00000000,00002000,00000000,00000000,00000000,00000000,0,4,8034D238,00000000,00000000,00000000
O,72,116,0101,800E8EAC,1919,6232,1919,00000000,FFFFA000,00000000,00000000,00000000,00000000,0,4,8034D498,00000000,00000000,8011A38C
O,72,117,0101,800E8464,-1080,-840,1573,00000000,00000000,00000000,00000000,00000000,00000000,0,4,8034D6F8,00000000,00000000,00000000
O,72,118,0101,800EB274,1417,-3822,-548,00000000,FFFFE0B6,00000000,00000000,00000000,00000000,0,4,8034D958,00000000,00000000,00000000
O,72,119,0101,800EB1C0,1411.43945,-3846,-542.248047,00000000,FFFFE0B6,00000000,00000000,00000000,00000000,0,4,8034DBB8,00000000,00000000,00000000
O,72,120,0101,800E98C4,880,-19,1160,00000000,00000000,00000000,00000000,00000000,00000000,0,4,80347A58,00000000,00000000,00000000
O,72,121,0101,800ED86C,1815,-4762,800,00004000,00000400,00000000,00000000,00000000,00000000,0,4,8034C658,00000000,00000000,00000000
M,73,21,104968,3,00001924,0C400201,0,0,00000000,1411.43945,-3846,-542.248047,-1.39015019,-16,1.4378742,2,-8010,-4822,5243,00000000,80161C20,801693C0,8034D958,00000000,8034D958,00000000,8034DBB8,00000000,00000000,-1
O,73,0,0101,800ECEF0,-1032,-3291,1070,00000000,00002000,00000000,00000000,00000000,00000000,0,4,8033C118,00000000,00000000,8010CFA0
O,73,1,0101,800ECEF0,-1881,1767,-446,00000000,00004000,00000000,00000000,00000000,00000000,0,4,8033C378,00000000,00000000,8010CFA0
O,73,2,0101,800ECEF0,-1870,2068,362,00000000,00004000,00000000,00000000,00000000,00000000,0,4,8033C5D8,00000000,00000000,8010CFA0
O,73,3,0101,800ECEF0,-770,-4361,-423,00000000,FFFFA000,00000000,00000000,00000000,00000000,0,4,8033C838,00000000,00000000,8010CFA0
O,73,4,0101,800ECEF0,-1314,-3691,788,00000000,00006000,00000000,00000000,00000000,00000000,0,4,8033CA98,00000000,00000000,8010CFA0
O,73,5,0101,800ECEF0,-1314,-2892,1353,00000000,00006000,00000000,00000000,00000000,00000000,0,4,8033CCF8,00000000,00000000,8010CFA0
O,73,6,0101,800ECEF0,780,5767,-1027,00000000,FFFFE000,00000000,00000000,00000000,00000000,0,4,8033CF58,00000000,00000000,8010D038
O,73,7,0101,800ECEF0,1063,5562,-744,00000000,FFFFE000,00000000,00000000,00000000,00000000,0,4,8033D1B8,00000000,00000000,8010D038
O,73,8,0101,800ECF24,-1350,748,-1208,00000000,00002000,000018E3,00000000,00000000,00000000,0,4,8033D418,00000000,00000000,8010D0BC
O,73,9,0101,800ECF24,-690,901,-910,00000000,00002000,000018E3,00000000,00000000,00000000,0,4,8033D678,00000000,00000000,8010D0BC
O,73,10,0101,800ECF24,-1389,-3030,-1028,00000000,00002000,000018E3,00000000,00000000,00000000,0,4,8033D8D8,00000000,00000000,8010D0BC
O,73,11,0101,800ECF24,937,-3867,-1041,00000000,00002000,000018E3,00000000,00000000,00000000,0,4,8033DB38,00000000,00000000,8010D0BC
O,73,12,0101,800ECF5C,-139,-4408,-1056,00000000,00006000,00000000,00000000,00000000,00000000,0,4,8033DD98,00000000,00000000,8010D2E4
O,73,13,0101,800ECF5C,618,3656,148,00000000,00004000,00000000,00000000,00000000,00000000,0,4,8033DFF8,00000000,00000000,8010D410
O,73,14,0101,800ECF5C,963,3297,608,00000000,FFFFC000,00000000,00000000,00000000,00000000,0,4,8033E258,00000000,00000000,8010D410
O,73,15,0101,800ECF5C,1306,2939,1069,00000000,00004000,00000000,00000000,00000000,00000000,0,4,8033E4B8,00000000,00000000,8010D410
O,73,16,0101,800ECF5C,-1179,-1453,-792,00000000,FFFFE000,00000000,00000000,00000000,00000000,0,4,8033E718,00000000,00000000,8010D410
O,73,17,0101,800ECF94,174,1248,1790,00000000,FFFF8000,00000000,00000000,00000000,00000000,0,4,8033E978,00000000,00000000,8010D53C
O,73,18,0101,800ECF94,-1144.22327,1490,-1386.22327,00000000,00002000,00000000,00000000,00000000,00000000,0,4,8033EBD8,00000000,00000000,8010D53C
O,73,19,0101,800ECF94,-899.223328,1730,-1631.22327,00000000,00002000,00000000,00000000,00000000,00000000,0,4,8033EE38,00000000,00000000,8010D53C
O,73,20,0101,800ECF94,-1142.22327,1970,-1387.22327,00000000,00002000,00000000,00000000,00000000,00000000,0,4,8033F098,00000000,00000000,8010D53C
O,73,21,0101,800ECF94,-517,3175,1790,00000000,FFFF8000,00000000,00000000,00000000,00000000,0,4,8033F2F8,00000000,00000000,8010D53C
O,73,22,0101,800ECF94,-170,1248,1790,00000000,FFFF8000,00000000,00000000,00000000,00000000,0,4,8033F558,00000000,00000000,8010D53C
O,73,23,0101,800ECF94,-515,1248,1790,00000000,FFFF8000,00000000,00000000,00000000,00000000,0,4,8033F7B8,00000000,00000000,8010D53C
O,73,24,0101,800ECF94,-175,-1351,-1789,00000000,00000000,00000000,00000000,00000000,00000000,0,4,8033FA18,00000000,00000000,8010D53C
O,73,25,0101,800ECF94,-515,-2590,1790,00000000,FFFF8000,00000000,00000000,00000000,00000000,0,4,8033FC78,00000000,00000000,8010D53C
O,73,26,0101,800ECF94,518,3175,1790,00000000,FFFF8000,00000000,00000000,00000000,00000000,0,4,8033FED8,00000000,00000000,8010D53C
O,73,27,0101,800ECF94,-171,3175,1790,00000000,FFFF8000,00000000,00000000,00000000,00000000,0,4,80340138,00000000,00000000,8010D53C
O,73,28,0101,800ECF94,174,3175,1790,00000000,FFFF8000,00000000,00000000,00000000,00000000,0,4,80340398,00000000,00000000,8010D53C
O,73,29,0101,800ECFCC,1490,-2088,-873,00000000,00000000,00000000,00000000,00000000,00000000,0,4,803405F8,00000000,00000000,8010D5B4
O,73,30,0101,800ECFCC,-708,-1606,-1589,00000000,00000000,00000000,00000000,00000000,00000000,0,4,80340858,00000000,00000000,8010D5B4
O,73,31,0101,800ECFCC,954,-1627,-1448,00000000,00000000,00000000,00000000,00000000,00000000,0,4,80340AB8,00000000,00000000,8010D5B4
O,73,32,0101,800ECFCC,1215,-1781,-1215,00000000,00000000,00000000,00000000,00000000,00000000,0,4,80340D18,00000000,00000000,8010D5B4
O,73,33,0101,800ECFCC,1052,-1934,-769,00000000,00000000,00000000,00000000,00000000,00000000,0,4,80340F78,00000000,00000000,8010D5B4
O,73,34,0101,800ECFCC,-620,1229,1233,00000000,FFFFA000,00000000,00000000,00000000,00000000,0,4,803411D8,00000000,00000000,8010D680
O,73,35,0101,800ECFCC,1050,-19,-1037,00000000,FFFFE000,00000000,00000000,00000000,00000000,0,4,80341438,00000000,00000000,8010D680
O,73,36,0101,800ECFF8,-1100,259,-1030,00000000,FFFFE000,00000000,00000000,00000000,00000000,0,1,80341698,00000000,00000000,8010D784
O,73,37,0101,800ED064,0,6011,0,00000000,FFFFA000,00000000,00000000,00000000,00000000,0,4,803418F8,00000000,00000000,8010D910
O,73,38,0101,800ED064,0,-2487,0,00000000,00002000,00000000,00000000,00000000,00000000,0,4,80341B58,00000000,00000000,8010D910
O,73,39,0101,800ED090,1102,-3619,1682,00000000,00006000,00000000,00000000,00000000,00000000,0,4,80341DB8,00000000,00000000,8010DA00
O,73,40,0101,800ED090,424,-3312,1959,00000000,00004000,00000000,00000000,00000000,00000000,0,4,80342018,00000000,00000000,8010DA00
O,73,41,0101,800ED090,1102,-3004,1682,00000000,00006000,00000000,00000000,00000000,00000000,0,4,80342278,00000000,00000000,8010DA00
O,73,42,0101,800ED090,1584,-2697,1200,00000000,00006000,00000000,00000000,00000000,00000000,0,4,803424D8,00000000,00000000,8010DA00
O,73,43,0101,800ED090,1582,-3619,1203,00000000,00006000,00000000,00000000,00000000,00000000,0,4,80342738,00000000,00000000,8010DA00
O,73,44,0101,800ED090,-762,4347,1047,00000000,00006000,00000000,00000000,00000000,00000000,0,4,80342998,00000000,00000000,8010DA00
O,73,45,0101,800ED090,424,-3926,1959,00000000,00004000,00000000,00000000,00000000,00000000,0,4,80342BF8,00000000,00000000,8010DA00
O,73,46,0101,800ED090,1102,-4233,1682,00000000,00006000,00000000,00000000,00000000,00000000,0,4,80342E58,00000000,00000000,8010DA00
O,73,47,0101,800ED090,1102,-4848,1682,00000000,00006000,00000000,00000000,00000000,00000000,0,4,803430B8,00000000,00000000,8010DA00
O,73,48,0101,800ED090,424,-4540,1959,00000000,00004000,00000000,00000000,00000000,00000000,0,4,80343318,00000000,00000000,8010DA00
O,73,49,0101,800ED090,-1037,4244,772,00000000,FFFFE000,00000000,00000000,00000000,00000000,0,4,80343578,00000000,00000000,8010DA00
O,73,50,0101,800ED090,1828,3835,-50,00000000,00000000,00000000,00000000,00000000,00000000,0,4,803437D8,00000000,00000000,8010DA00
O,73,51,0101,800ED090,1459,3835,-357,00000000,00000000,00000000,00000000,00000000,00000000,0,4,80343A38,00000000,00000000,8010DA00
O,73,52,0101,800ED090,1091,3835,-665,00000000,00000000,00000000,00000000,00000000,00000000,0,4,80343C98,00000000,00000000,8010DA00
O,73,53,0101,800ED064,1580,-4854,-825,00000000,00000000,00000000,00000000,00000000,00000000,0,4,80343EF8,00000000,00000000,8010D910
O,73,54,0101,800ED064,-1692,1022,-1157,00000000,00000000,00000000,00000000,00000000,00000000,0,4,80344158,00000000,00000000,8010D910
O,73,55,0101,800ED064,2098,7007,2243,00000000,00000000,00000000,00000000,00000000,00000000,0,4,803443B8,00000000,00000000,8010D910
O,73,56,0101,800ED064,1801,-4843,-731,00000000,00000000,00000000,00000000,00000000,00000000,0,4,80344618,00000000,00000000,8010D910
O,73,57,0101,800ED064,-1477,1044,-1088,00000000,00000000,00000000,00000000,00000000,00000000,0,4,80344878,00000000,00000000,8010D910
O,73,58,0101,800ED064,2268,7030,2227,00000000,00000000,00000000,00000000,00000000,00000000,0,4,80344AD8,00000000,00000000,8010D910
O,73,59,0101,800EC1AC,800,-4400,1900,00000000,00000000,00000000,00000000,00000000,00000000,0,4,8034C658,00000000,00000000,00000000
O,73,60,0101,800EC1AC,800,-3700,1900,00000000,00000000,00000000,00000000,00000000,00000000,0,4,8034C658,00000000,00000000,00000000
O,73,61,0101,800EC1AC,800,-3000,1900,00000000,00000000,00000000,00000000,00000000,00000000,0,4,8034C658,00000000,00000000,00000000
O,73,62,0101,800EC1AC,1780,-3300,1000,00000000,00000000,00000000,00000000,00000000,00000000,0,4,8034C658,00000000,00000000,00000000
O,73,63,0101,800EC1AC,1388,-3300,1428,00000000,00000000,00000000,00000000,00000000,00000000,0,4,8034C658,00000000,00000000,00000000
O,73,64,0101,800EC1AC,200,-3000,2000,00000000,00000000,00000000,00000000,00000000,00000000,0,4,8034C658,00000000,00000000,00000000
O,73,65,0101,800EC1AC,200,-3700,2000,00000000,00000000,00000000,00000000,00000000,00000000,0,4,8034C658,00000000,00000000,00000000
O,73,66,0101,800EC1AC,200,-4400,2000,00000000,00000000,00000000,00000000,00000000,00000000,0,4,8034C658,00000000,00000000,00000000
O,73,67,0101,800EC4A4,-1080,90,1575,00000000,00000000,00000000,00000000,00000000,00000000,0,4,80346038,00000000,00000000,00000000
O,73,68,0101,800ED028,-1179,445,1413,00000000,00002000,00000000,00000000,00000000,00000000,0,4,80346298,00000000,00000000,8010D88C
O,73,69,0101,800ED028,-1524,-1454,1129,00000000,FFFFE000,00000000,00000000,00000000,00000000,0,4,803464F8,00000000,00000000,8010D88C
O,73,70,0103,800EB688,-801.290222,-675.931213,1690.96228,00000000,00005E01,00000000,00000000,00000000,00000000,2,3,80346758,00000000,00000000,00000000
O,73,71,0101,800EA888,-1203,-19,-170,00000000,00002000,00000000,00000000,00000000,00000000,0,4,803469B8,00000000,00000000,80125088
O,73,72,0101,800EA8A8,0,20,-1400,00000000,00000000,00000000,00000000,00000000,00000000,1,3,80346C18,00000000,00000000,00000000
O,73,73,0101,800EA8A8,-250,20,-1700,00000000,00000000,00000000,00000000,00000000,00000000,1,3,80346E78,00000000,00000000,00000000
O,73,74,0101,800EA8A8,250,20,-1700,00000000,00000000,00000000,00000000,00000000,00000000,1,3,803470D8,00000000,00000000,00000000
O,73,75,0101,800EA8A8,0,20,-2000,00000000,00000000,00000000,00000000,00000000,00000000,1,3,80347338,00000000,00000000,00000000
O,73,76,0101,800EA8A8,500,20,-2000,00000000,00000000,00000000,00000000,00000000,00000000,1,3,80347598,00000000,00000000,00000000
O,73,77,0101,800EA8A8,-500,20,-2000,00000000,00000000,00000000,00000000,00000000,00000000,1,3,803477F8,00000000,00000000,00000000
O,73,78,0103,800E9868,880,-19,1160,00000000,00000000,00000000,00000000,00000000,00000000,0,4,80347A58,8034DE18,00000000,00000000
O,73,79,0101,800ED48C,800,-2460,160,00000000,00000000,00000000,00000000,00000000,00000000,0,4,80347CB8,00000000,00000000,00000000
O,73,80,0103,800E8C0C,-1120,-820,1320,00000000,00002000,00000000,00000000,00000000,00000000,0,4,80347F18,00000000,00000000,00000000
O,73,81,0103,800ED48C,-571,6020,-1414,00000000,00000000,00000000,00000000,00000000,00000000,0,4,80348178,00000000,00000000,00000000
O,73,82,0103,800ED1F8,620,-5150,1540,00000000,00000640,00000000,00000000,00000190,00000000,0,4,803483D8,00000000,00000000,00000000
O,73,83,0101,800EC424,-520,1351,1919,00000000,00000000,00000000,00000000,00000000,00000000,0,4,80348638,00000000,00000000,00000000
O,73,84,0101,800EC424,-165,1351,1919,00000000,00000000,00000000,00000000,00000000,00000000,0,4,80348898,00000000,00000000,00000000
O,73,85,0101,800EC424,182,1351,1919,00000000,00000000,00000000,00000000,00000000,00000000,0,4,80348AF8,00000000,00000000,00000000
O,73,86,0101,800EC3EC,657,1368,1879,00000000,00000000,00000000,00000000,00000000,00000000,0,4,80348D58,00000000,00000000,00000000
O,73,87,0103,800EB688,-776.459717,-2325.93115,-990.092896,00000000,0000CE86,00000000,00000000,00000000,00000000,2,3,80348FB8,00000000,00000000,00000000
O,73,88,0101,800EA570,1883,4150,550,00000000,00000000,00000000,00000000,00000000,00000000,2,3,80349218,00000000,00000000,8014A168
O,73,89,0103,800ED1F8,-1333,350,1116,00000000,00000640,00000000,00000000,00000190,00000000,0,4,80349478,00000000,00000000,00000000
O,73,90,0101,800EA570,-1101,6316,-685,00000000,00002000,00000000,00000000,00000000,00000000,2,3,803496D8,00000000,00000000,8014A168
O,73,91,0101,800EB474,1076.25208,-4822,653.972656,00000000,FFFFFAF1,00000000,00000000,00000000,00000000,0,4,80349938,00000000,00000000,00000000
O,73,92,0101,800EB474,1682.25208,-4822,204.972717,00000000,FFFFFAF1,00000000,00000000,00000000,00000000,0,4,80349B98,00000000,00000000,00000000
O,73,93,0101,800EA8A8,0,20,-1700,00000000,00000000,00000000,00000000,00000000,00000000,1,3,80349DF8,00000000,00000000,00000000
O,73,94,0101,800ECFCC,-1020,1229,537,00000000,00000000,00000000,00000000,00000000,00000000,0,4,8034A058,00000000,00000000,8010D5B4
O,73,95,0101,800EA570,2350,5600,2350,00000000,00002000,00000000,00000000,00000000,00000000,2,3,8034A2B8,00000000,00000000,8014A168
O,73,96,0101,800EA570,0,4783,0,00000000,00000000,00000000,00000000,00000000,00000000,2,3,8034A518,00000000,00000000,8014A168
O,73,97,0101,800EA570,-1140,-3720,-1620,00000000,00002000,00000000,00000000,00000000,00000000,2,3,8034A778,00000000,00000000,8014A168
O,73,98,0101,800EA570,840,-2200,860,00000000,00002000,00000000,00000000,00000000,00000000,2,3,8034A9D8,00000000,00000000,8014A168
O,73,99,0103,800E8C3C,-770,-3800,-440,00000000,00000000,00000000,00000000,00000000,00000000,0,4,8034AC38,00000000,00000000,00000000
O,73,100,0103,800E8C3C,-770,-3700,-440,00000000,00000000,00000000,00000000,00000000,00000000,0,4,8034AE98,00000000,00000000,00000000
O,73,101,0101,800EA570,280,-4920,1660,00000000,00000000,00000000,00000000,00000000,00000000,2,3,8034B0F8,00000000,00000000,8014A168
O,73,102,0101,800EA570,1240,300,840,00000000,00002000,00000000,00000000,00000000,00000000,2,3,8034B358,00000000,00000000,8014A168
O,73,103,0101,800EA570,520,300,1500,00000000,00002000,00000000,00000000,00000000,00000000,2,3,8034B5B8,00000000,00000000,8014A168
O,73,104,0101,800EA570,-400,3600,1880,00000000,00000000,00000000,00000000,00000000,00000000,2,3,8034B818,00000000,00000000,8014A168
O,73,105,0101,800EA570,-40,4160,-1280,00000000,00000000,00000000,00000000,00000000,00000000,2,3,8034BA78,00000000,00000000,8014A168
O,73,106,0101,800EA570,-1160,2920,-840,00000000,00002000,00000000,00000000,00000000,00000000,2,3,8034BCD8,00000000,00000000,8014A168
O,73,107,0101,800EA570,-780,6316,-1020,00000000,00002000,00000000,00000000,00000000,00000000,2,3,8034BF38,00000000,00000000,8014A168
O,73,108,0101,800ECF5C,1313,6190,1313,00000000,00002000,00000000,00000000,00000000,00000000,0,4,8034C198,00000000,00000000,8010D2E4
O,73,109,0101,800ECF5C,1851,-2488,-98,00000000,00000000,00000000,00000000,00000000,00000000,0,4,8034C3F8,00000000,00000000,8010D410
O,73,110,0101,800EC18C,1815,-3200,800,00000000,00000000,00000000,00000000,00000000,00000000,0,4,8034C658,00000000,00000000,00000000
O,73,111,0101,800EC13C,-1050,2400,-790,00000000,00002000,00000000,00000000,00000000,00000000,0,4,8034C8B8,00000000,00000000,00000000
O,73,112,0101,800EC13C,2200,7300,2210,00000000,00002000,00000000,00000000,00000000,00000000,0,4,8034CB18,00000000,00000000,00000000
O,73,113,0101,800EC13C,-1300,-2250,-1300,00000000,00002000,00000000,00000000,00000000,00000000,0,4,8034CD78,00000000,00000000,00000000
O,73,114,0101,800EC13C,-1850,300,-950,00000000,00002000,00000000,00000000,00000000,00000000,0,4,8034CFD8,00000000,00000000,00000000
O,73,115,0101,800EC13C,-1450,-1130,-1050,00000000,00002000,00000000,00000000,00000000,00000000,0,4,8034D238,00000000,00000000,00000000
O,73,116,0101,800E8EAC,1919,6232,1919,00000000,FFFFA000,00000000,00000000,00000000,00000000,0,4,8034D498,00000000,00000000,8011A38C
O,73,117,0101,800E8464,-1080,-840,1573,00000000,00000000,00000000,00000000,00000000,00000000,0,4,8034D6F8,00000000,00000000,00000000
O,73,118,0101,800EB274,1417,-3822,-548,00000000,FFFFE0B6,00000000,00000000,00000000,00000000,0,4,8034D958,00000000,00000000,00000000
O,73,119,0101,800EB1C0,1411.43945,-3846,-542.248047,00000000,FFFFE0B6,00000000,00000000,00000000,00000000,0,4,8034DBB8,00000000,00000000,00000000
O,73,120,0101,800E98C4,880,-19,1160,00000000,00000000,00000000,00000000,00000000,00000000,0,4,80347A58,00000000,00000000,00000000
O,73,121,0101,800ED86C,1815,-4762,800,00004000,00000400,00000000,00000000,00000000,00000000,0,4,8034C658,00000000,00000000,00000000
DONE,vi=73,polls=21,finished=true
