H,type,vi,polls,global_timer,ttc_speed,action,prev_action,action_state,action_timer,action_arg,x,y,z,vx,vy,vz,forward_vel,face_yaw,floor_height,ceil_height,wall,ceil,floor,interact,held,used,ridden,mario_object,mario_object_platform,g_mario_platform,g_mario_platform_slot
H,type,vi,slot,active_flags,behavior,x,y,z,face_pitch,face_yaw,face_roll,angle_vel_pitch,angle_vel_yaw,angle_vel_roll,action,timer,parent,prev,platform,collision_data
M,1,1,104948,3,00001300,0100088C,0,0,00000000,-229.700836,2611,7282,0,0,0,0,2607,2611,20000,00000000,00000000,801B4C90,8033EBD8,00000000,8033EBD8,00000000,00000000,00000000,00000000,-1
O,1,0,0101,800EB348,0,-100,0,00000000,00000000,00000000,00000000,00000000,00000000,0,156,8033C118,00000000,00000000,00000000
O,1,1,0101,800EB32C,-225,248,-300,00000000,0004E000,00000000,00000000,00000000,00000000,0,156,8033C118,00000000,00000000,00000000
O,1,2,0101,800EB32C,-73,248,-300,00000000,00000000,00000000,00000000,00000000,00000000,0,156,8033C118,00000000,00000000,00000000
O,1,3,0101,800EB32C,79,248,-300,00000000,00000000,00000000,00000000,00000000,00000000,0,156,8033C118,00000000,00000000,00000000
O,1,4,0101,800EB32C,231,248,-300,00000000,00000000,00000000,00000000,00000000,00000000,0,156,8033C118,00000000,00000000,00000000
M,2,1,104948,3,00001300,0100088C,0,0,00000000,-229.700836,2611,7282,0,0,0,0,2607,2611,20000,00000000,00000000,801B4C90,8033EBD8,00000000,8033EBD8,00000000,00000000,00000000,00000000,-1
O,2,0,0101,800EB348,0,-100,0,00000000,00000000,00000000,00000000,00000000,00000000,0,156,8033C118,00000000,00000000,00000000
O,2,1,0101,800EB32C,-225,248,-300,00000000,0004E000,00000000,00000000,00000000,00000000,0,156,8033C118,00000000,00000000,00000000
O,2,2,0101,800EB32C,-73,248,-300,00000000,00000000,00000000,00000000,00000000,00000000,0,156,8033C118,00000000,00000000,00000000
O,2,3,0101,800EB32C,79,248,-300,00000000,00000000,00000000,00000000,00000000,00000000,0,156,8033C118,00000000,00000000,00000000
O,2,4,0101,800EB32C,231,248,-300,00000000,00000000,00000000,00000000,00000000,00000000,0,156,8033C118,00000000,00000000,00000000
M,3,2,104949,3,00001300,0100088C,0,0,00000000,-229.700836,2611,7282,0,0,0,0,2607,2611,20000,00000000,00000000,801B4C90,8033EBD8,00000000,8033EBD8,00000000,00000000,00000000,00000000,-1
O,3,0,0101,800EB348,0,-100,0,00000000,00000000,00000000,00000000,00000000,00000000,0,156,8033C118,00000000,00000000,00000000
O,3,1,0101,800EB32C,-225,248,-300,00000000,0004E000,00000000,00000000,00000000,00000000,0,156,8033C118,00000000,00000000,00000000
O,3,2,0101,800EB32C,-73,248,-300,00000000,00000000,00000000,00000000,00000000,00000000,0,156,8033C118,00000000,00000000,00000000
O,3,3,0101,800EB32C,79,248,-300,00000000,00000000,00000000,00000000,00000000,00000000,0,156,8033C118,00000000,00000000,00000000
O,3,4,0101,800EB32C,231,248,-300,00000000,00000000,00000000,00000000,00000000,00000000,0,156,8033C118,00000000,00000000,00000000
M,4,2,104949,3,00001300,0100088C,0,0,00000000,-229.700836,2611,7282,0,0,0,0,2607,2611,20000,00000000,00000000,801B4C90,8033EBD8,00000000,8033EBD8,00000000,00000000,00000000,00000000,-1
O,4,0,0101,800EB348,0,-100,0,00000000,00000000,00000000,00000000,00000000,00000000,0,156,8033C118,00000000,00000000,00000000
O,4,1,0101,800EB32C,-225,248,-300,00000000,0004E000,00000000,00000000,00000000,00000000,0,156,8033C118,00000000,00000000,00000000
O,4,2,0101,800EB32C,-73,248,-300,00000000,00000000,00000000,00000000,00000000,00000000,0,156,8033C118,00000000,00000000,00000000
O,4,3,0101,800EB32C,79,248,-300,00000000,00000000,00000000,00000000,00000000,00000000,0,156,8033C118,00000000,00000000,00000000
O,4,4,0101,800EB32C,231,248,-300,00000000,00000000,00000000,00000000,00000000,00000000,0,156,8033C118,00000000,00000000,00000000
M,5,3,104950,3,00001300,0100088C,0,0,00000000,-229.700836,2611,7282,0,0,0,0,2607,2611,20000,00000000,00000000,801B4C90,8033EBD8,00000000,8033EBD8,00000000,00000000,00000000,00000000,-1
O,5,0,0101,800EB348,0,-100,0,00000000,00000000,00000000,00000000,00000000,00000000,0,156,8033C118,00000000,00000000,00000000
O,5,1,0101,800EB32C,-225,248,-300,00000000,0004E000,00000000,00000000,00000000,00000000,0,156,8033C118,00000000,00000000,00000000
O,5,2,0101,800EB32C,-73,248,-300,00000000,00000000,00000000,00000000,00000000,00000000,0,156,8033C118,00000000,00000000,00000000
O,5,3,0101,800EB32C,79,248,-300,00000000,00000000,00000000,00000000,00000000,00000000,0,156,8033C118,00000000,00000000,00000000
O,5,4,0101,800EB32C,231,248,-300,00000000,00000000,00000000,00000000,00000000,00000000,0,156,8033C118,00000000,00000000,00000000
M,6,3,104950,3,00001300,0100088C,0,0,00000000,-229.700836,2611,7282,0,0,0,0,2607,2611,20000,00000000,00000000,801B4C90,8033EBD8,00000000,8033EBD8,00000000,00000000,00000000,00000000,-1
O,6,0,0101,800EB348,0,-100,0,00000000,00000000,00000000,00000000,00000000,00000000,0,156,8033C118,00000000,00000000,00000000
O,6,1,0101,800EB32C,-225,248,-300,00000000,0004E000,00000000,00000000,00000000,00000000,0,156,8033C118,00000000,00000000,00000000
O,6,2,0101,800EB32C,-73,248,-300,00000000,00000000,00000000,00000000,00000000,00000000,0,156,8033C118,00000000,00000000,00000000
O,6,3,0101,800EB32C,79,248,-300,00000000,00000000,00000000,00000000,00000000,00000000,0,156,8033C118,00000000,00000000,00000000
O,6,4,0101,800EB32C,231,248,-300,00000000,00000000,00000000,00000000,00000000,00000000,0,156,8033C118,00000000,00000000,00000000
M,7,4,104951,3,00001300,0100088C,0,0,00000000,-229.700836,2611,7282,0,0,0,0,2607,2611,20000,00000000,00000000,801B4C90,8033EBD8,00000000,8033EBD8,00000000,00000000,00000000,00000000,-1
O,7,0,0101,800EB348,0,-100,0,00000000,00000000,00000000,00000000,00000000,00000000,0,156,8033C118,00000000,00000000,00000000
O,7,1,0101,800EB32C,-225,248,-300,00000000,0004E000,00000000,00000000,00000000,00000000,0,156,8033C118,00000000,00000000,00000000
O,7,2,0101,800EB32C,-73,248,-300,00000000,00000000,00000000,00000000,00000000,00000000,0,156,8033C118,00000000,00000000,00000000
O,7,3,0101,800EB32C,79,248,-300,00000000,00000000,00000000,00000000,00000000,00000000,0,156,8033C118,00000000,00000000,00000000
O,7,4,0101,800EB32C,231,248,-300,00000000,00000000,00000000,00000000,00000000,00000000,0,156,8033C118,00000000,00000000,00000000
M,8,4,104951,3,00001300,0100088C,0,0,00000000,-229.700836,2611,7282,0,0,0,0,2607,2611,20000,00000000,00000000,801B4C90,8033EBD8,00000000,8033EBD8,00000000,00000000,00000000,00000000,-1
O,8,0,0101,800EB348,0,-100,0,00000000,00000000,00000000,00000000,00000000,00000000,0,156,8033C118,00000000,00000000,00000000
O,8,1,0101,800EB32C,-225,248,-300,00000000,0004E000,00000000,00000000,00000000,00000000,0,156,8033C118,00000000,00000000,00000000
O,8,2,0101,800EB32C,-73,248,-300,00000000,00000000,00000000,00000000,00000000,00000000,0,156,8033C118,00000000,00000000,00000000
O,8,3,0101,800EB32C,79,248,-300,00000000,00000000,00000000,00000000,00000000,00000000,0,156,8033C118,00000000,00000000,00000000
O,8,4,0101,800EB32C,231,248,-300,00000000,00000000,00000000,00000000,00000000,00000000,0,156,8033C118,00000000,00000000,00000000
M,9,5,104952,3,00001300,0100088C,0,0,00000000,-229.700836,2611,7282,0,0,0,0,2607,2611,20000,00000000,00000000,801B4C90,8033EBD8,00000000,8033EBD8,00000000,00000000,00000000,00000000,-1
O,9,0,0101,800EB348,0,-100,0,00000000,00000000,00000000,00000000,00000000,00000000,0,156,8033C118,00000000,00000000,00000000
O,9,1,0101,800EB32C,-225,248,-300,00000000,0004E000,00000000,00000000,00000000,00000000,0,156,8033C118,00000000,00000000,00000000
O,9,2,0101,800EB32C,-73,248,-300,00000000,00000000,00000000,00000000,00000000,00000000,0,156,8033C118,00000000,00000000,00000000
O,9,3,0101,800EB32C,79,248,-300,00000000,00000000,00000000,00000000,00000000,00000000,0,156,8033C118,00000000,00000000,00000000
O,9,4,0101,800EB32C,231,248,-300,00000000,00000000,00000000,00000000,00000000,00000000,0,156,8033C118,00000000,00000000,00000000
M,10,5,104952,3,00001300,0100088C,0,0,00000000,-229.700836,2611,7282,0,0,0,0,2607,2611,20000,00000000,00000000,801B4C90,8033EBD8,00000000,8033EBD8,00000000,00000000,00000000,00000000,-1
O,10,0,0101,800EB348,0,-100,0,00000000,00000000,00000000,00000000,00000000,00000000,0,156,8033C118,00000000,00000000,00000000
O,10,1,0101,800EB32C,-225,248,-300,00000000,0004E000,00000000,00000000,00000000,00000000,0,156,8033C118,00000000,00000000,00000000
O,10,2,0101,800EB32C,-73,248,-300,00000000,00000000,00000000,00000000,00000000,00000000,0,156,8033C118,00000000,00000000,00000000
O,10,3,0101,800EB32C,79,248,-300,00000000,00000000,00000000,00000000,00000000,00000000,0,156,8033C118,00000000,00000000,00000000
O,10,4,0101,800EB32C,231,248,-300,00000000,00000000,00000000,00000000,00000000,00000000,0,156,8033C118,00000000,00000000,00000000
M,11,6,104953,3,00001300,0100088C,0,0,00000000,-229.700836,2611,7282,0,0,0,0,2607,2611,20000,00000000,00000000,801B4C90,8033EBD8,00000000,8033EBD8,00000000,00000000,00000000,00000000,-1
O,11,0,0101,800EB348,0,-100,0,00000000,00000000,00000000,00000000,00000000,00000000,0,156,8033C118,00000000,00000000,00000000
O,11,1,0101,800EB32C,-225,248,-300,00000000,0004E000,00000000,00000000,00000000,00000000,0,156,8033C118,00000000,00000000,00000000
O,11,2,0101,800EB32C,-73,248,-300,00000000,00000000,00000000,00000000,00000000,00000000,0,156,8033C118,00000000,00000000,00000000
O,11,3,0101,800EB32C,79,248,-300,00000000,00000000,00000000,00000000,00000000,00000000,0,156,8033C118,00000000,00000000,00000000
O,11,4,0101,800EB32C,231,248,-300,00000000,00000000,00000000,00000000,00000000,00000000,0,156,8033C118,00000000,00000000,00000000
M,12,6,104953,3,00001300,0100088C,0,0,00000000,-229.700836,2611,7282,0,0,0,0,2607,2611,20000,00000000,00000000,801B4C90,8033EBD8,00000000,8033EBD8,00000000,00000000,00000000,00000000,-1
O,12,0,0101,800EB348,0,-100,0,00000000,00000000,00000000,00000000,00000000,00000000,0,156,8033C118,00000000,00000000,00000000
O,12,1,0101,800EB32C,-225,248,-300,00000000,0004E000,00000000,00000000,00000000,00000000,0,156,8033C118,00000000,00000000,00000000
O,12,2,0101,800EB32C,-73,248,-300,00000000,00000000,00000000,00000000,00000000,00000000,0,156,8033C118,00000000,00000000,00000000
O,12,3,0101,800EB32C,79,248,-300,00000000,00000000,00000000,00000000,00000000,00000000,0,156,8033C118,00000000,00000000,00000000
O,12,4,0101,800EB32C,231,248,-300,00000000,00000000,00000000,00000000,00000000,00000000,0,156,8033C118,00000000,00000000,00000000
M,13,7,104954,3,00001300,0100088C,0,0,00000000,-229.700836,2611,7282,0,0,0,0,2607,2611,20000,00000000,00000000,801B4C90,8033EBD8,00000000,8033EBD8,00000000,00000000,00000000,00000000,-1
O,13,0,0101,800EB348,0,-100,0,00000000,00000000,00000000,00000000,00000000,00000000,0,156,8033C118,00000000,00000000,00000000
O,13,1,0101,800EB32C,-225,248,-300,00000000,0004E000,00000000,00000000,00000000,00000000,0,156,8033C118,00000000,00000000,00000000
O,13,2,0101,800EB32C,-73,248,-300,00000000,00000000,00000000,00000000,00000000,00000000,0,156,8033C118,00000000,00000000,00000000
O,13,3,0101,800EB32C,79,248,-300,00000000,00000000,00000000,00000000,00000000,00000000,0,156,8033C118,00000000,00000000,00000000
O,13,4,0101,800EB32C,231,248,-300,00000000,00000000,00000000,00000000,00000000,00000000,0,156,8033C118,00000000,00000000,00000000
M,14,7,104954,3,00001300,0100088C,0,0,00000000,-229.700836,2611,7282,0,0,0,0,2607,2611,20000,00000000,00000000,801B4C90,8033EBD8,00000000,8033EBD8,00000000,00000000,00000000,00000000,-1
O,14,0,0101,800EB348,0,-100,0,00000000,00000000,00000000,00000000,00000000,00000000,0,156,8033C118,00000000,00000000,00000000
O,14,1,0101,800EB32C,-225,248,-300,00000000,0004E000,00000000,00000000,00000000,00000000,0,156,8033C118,00000000,00000000,00000000
O,14,2,0101,800EB32C,-73,248,-300,00000000,00000000,00000000,00000000,00000000,00000000,0,156,8033C118,00000000,00000000,00000000
O,14,3,0101,800EB32C,79,248,-300,00000000,00000000,00000000,00000000,00000000,00000000,0,156,8033C118,00000000,00000000,00000000
O,14,4,0101,800EB32C,231,248,-300,00000000,00000000,00000000,00000000,00000000,00000000,0,156,8033C118,00000000,00000000,00000000
M,15,8,104955,3,00001300,0100088C,0,0,00000000,-229.700836,2611,7282,0,0,0,0,2607,2611,20000,00000000,00000000,801B4C90,8033EBD8,00000000,8033EBD8,00000000,00000000,00000000,00000000,-1
O,15,0,0101,800EB348,0,-100,0,00000000,00000000,00000000,00000000,00000000,00000000,0,156,8033C118,00000000,00000000,00000000
O,15,1,0101,800EB32C,-225,248,-300,00000000,0004E000,00000000,00000000,00000000,00000000,0,156,8033C118,00000000,00000000,00000000
O,15,2,0101,800EB32C,-73,248,-300,00000000,00000000,00000000,00000000,00000000,00000000,0,156,8033C118,00000000,00000000,00000000
O,15,3,0101,800EB32C,79,248,-300,00000000,00000000,00000000,00000000,00000000,00000000,0,156,8033C118,00000000,00000000,00000000
O,15,4,0101,800EB32C,231,248,-300,00000000,00000000,00000000,00000000,00000000,00000000,0,156,8033C118,00000000,00000000,00000000
M,16,8,104955,3,00001300,0100088C,0,0,00000000,-229.700836,2611,7282,0,0,0,0,2607,2611,20000,00000000,00000000,801B4C90,8033EBD8,00000000,8033EBD8,00000000,00000000,00000000,00000000,-1
O,16,0,0101,800EB348,0,-100,0,00000000,00000000,00000000,00000000,00000000,00000000,0,156,8033C118,00000000,00000000,00000000
O,16,1,0101,800EB32C,-225,248,-300,00000000,0004E000,00000000,00000000,00000000,00000000,0,156,8033C118,00000000,00000000,00000000
O,16,2,0101,800EB32C,-73,248,-300,00000000,00000000,00000000,00000000,00000000,00000000,0,156,8033C118,00000000,00000000,00000000
O,16,3,0101,800EB32C,79,248,-300,00000000,00000000,00000000,00000000,00000000,00000000,0,156,8033C118,00000000,00000000,00000000
O,16,4,0101,800EB32C,231,248,-300,00000000,00000000,00000000,00000000,00000000,00000000,0,156,8033C118,00000000,00000000,00000000
M,17,9,104956,3,00001300,0100088C,0,0,00000000,-229.700836,2611,7282,0,0,0,0,2607,2611,20000,00000000,00000000,801B4C90,8033EBD8,00000000,8033EBD8,00000000,00000000,00000000,00000000,-1
O,17,0,0101,800EB348,0,-100,0,00000000,00000000,00000000,00000000,00000000,00000000,0,156,8033C118,00000000,00000000,00000000
O,17,1,0101,800EB32C,-225,248,-300,00000000,0004E000,00000000,00000000,00000000,00000000,0,156,8033C118,00000000,00000000,00000000
O,17,2,0101,800EB32C,-73,248,-300,00000000,00000000,00000000,00000000,00000000,00000000,0,156,8033C118,00000000,00000000,00000000
O,17,3,0101,800EB32C,79,248,-300,00000000,00000000,00000000,00000000,00000000,00000000,0,156,8033C118,00000000,00000000,00000000
O,17,4,0101,800EB32C,231,248,-300,00000000,00000000,00000000,00000000,00000000,00000000,0,156,8033C118,00000000,00000000,00000000
M,18,9,104956,3,00001300,0100088C,0,0,00000000,-229.700836,2611,7282,0,0,0,0,2607,2611,20000,00000000,00000000,801B4C90,8033EBD8,00000000,8033EBD8,00000000,00000000,00000000,00000000,-1
O,18,0,0101,800EB348,0,-100,0,00000000,00000000,00000000,00000000,00000000,00000000,0,156,8033C118,00000000,00000000,00000000
O,18,1,0101,800EB32C,-225,248,-300,00000000,0004E000,00000000,00000000,00000000,00000000,0,156,8033C118,00000000,00000000,00000000
O,18,2,0101,800EB32C,-73,248,-300,00000000,00000000,00000000,00000000,00000000,00000000,0,156,8033C118,00000000,00000000,00000000
O,18,3,0101,800EB32C,79,248,-300,00000000,00000000,00000000,00000000,00000000,00000000,0,156,8033C118,00000000,00000000,00000000
O,18,4,0101,800EB32C,231,248,-300,00000000,00000000,00000000,00000000,00000000,00000000,0,156,8033C118,00000000,00000000,00000000
M,19,10,104957,3,00001300,0100088C,0,0,00000000,-229.700836,2611,7282,0,0,0,0,2607,2611,20000,00000000,00000000,801B4C90,8033EBD8,00000000,8033EBD8,00000000,00000000,00000000,00000000,-1
O,19,0,0101,800EB348,0,-100,0,00000000,00000000,00000000,00000000,00000000,00000000,0,156,8033C118,00000000,00000000,00000000
O,19,1,0101,800EB32C,-225,248,-300,00000000,0004E000,00000000,00000000,00000000,00000000,0,156,8033C118,00000000,00000000,00000000
O,19,2,0101,800EB32C,-73,248,-300,00000000,00000000,00000000,00000000,00000000,00000000,0,156,8033C118,00000000,00000000,00000000
O,19,3,0101,800EB32C,79,248,-300,00000000,00000000,00000000,00000000,00000000,00000000,0,156,8033C118,00000000,00000000,00000000
O,19,4,0101,800EB32C,231,248,-300,00000000,00000000,00000000,00000000,00000000,00000000,0,156,8033C118,00000000,00000000,00000000
M,20,10,104957,3,00001300,0100088C,0,0,00000000,-229.700836,2611,7282,0,0,0,0,2607,2611,20000,00000000,00000000,801B4C90,8033EBD8,00000000,8033EBD8,00000000,00000000,00000000,00000000,-1
O,20,0,0101,800EB348,0,-100,0,00000000,00000000,00000000,00000000,00000000,00000000,0,156,8033C118,00000000,00000000,00000000
O,20,1,0101,800EB32C,-225,248,-300,00000000,0004E000,00000000,00000000,00000000,00000000,0,156,8033C118,00000000,00000000,00000000
O,20,2,0101,800EB32C,-73,248,-300,00000000,00000000,00000000,00000000,00000000,00000000,0,156,8033C118,00000000,00000000,00000000
O,20,3,0101,800EB32C,79,248,-300,00000000,00000000,00000000,00000000,00000000,00000000,0,156,8033C118,00000000,00000000,00000000
O,20,4,0101,800EB32C,231,248,-300,00000000,00000000,00000000,00000000,00000000,00000000,0,156,8033C118,00000000,00000000,00000000
M,21,11,104958,3,00001300,0100088C,0,0,00000000,-229.700836,2611,7282,0,0,0,0,2607,2611,20000,00000000,00000000,801B4C90,8033EBD8,00000000,8033EBD8,00000000,00000000,00000000,00000000,-1
O,21,0,0101,800EB348,0,-100,0,00000000,00000000,00000000,00000000,00000000,00000000,0,156,8033C118,00000000,00000000,00000000
O,21,1,0101,800EB32C,-225,248,-300,00000000,0004E000,00000000,00000000,00000000,00000000,0,156,8033C118,00000000,00000000,00000000
O,21,2,0101,800EB32C,-73,248,-300,00000000,00000000,00000000,00000000,00000000,00000000,0,156,8033C118,00000000,00000000,00000000
O,21,3,0101,800EB32C,79,248,-300,00000000,00000000,00000000,00000000,00000000,00000000,0,156,8033C118,00000000,00000000,00000000
O,21,4,0101,800EB32C,231,248,-300,00000000,00000000,00000000,00000000,00000000,00000000,0,156,8033C118,00000000,00000000,00000000
M,22,11,104958,3,00001300,0100088C,0,0,00000000,-229.700836,2611,7282,0,0,0,0,2607,2611,20000,00000000,00000000,801B4C90,8033EBD8,00000000,8033EBD8,00000000,00000000,00000000,00000000,-1
O,22,0,0101,800EB348,0,-100,0,00000000,00000000,00000000,00000000,00000000,00000000,0,156,8033C118,00000000,00000000,00000000
O,22,1,0101,800EB32C,-225,248,-300,00000000,0004E000,00000000,00000000,00000000,00000000,0,156,8033C118,00000000,00000000,00000000
O,22,2,0101,800EB32C,-73,248,-300,00000000,00000000,00000000,00000000,00000000,00000000,0,156,8033C118,00000000,00000000,00000000
O,22,3,0101,800EB32C,79,248,-300,00000000,00000000,00000000,00000000,00000000,00000000,0,156,8033C118,00000000,00000000,00000000
O,22,4,0101,800EB32C,231,248,-300,00000000,00000000,00000000,00000000,00000000,00000000,0,156,8033C118,00000000,00000000,00000000
M,23,12,104959,3,00001300,0100088C,0,0,00000000,-229.700836,2611,7282,0,0,0,0,2607,2611,20000,00000000,00000000,801B4C90,8033EBD8,00000000,8033EBD8,00000000,00000000,00000000,00000000,-1
O,23,0,0101,800EB348,0,-100,0,00000000,00000000,00000000,00000000,00000000,00000000,0,156,8033C118,00000000,00000000,00000000
O,23,1,0101,800EB32C,-225,248,-300,00000000,0004E000,00000000,00000000,00000000,00000000,0,156,8033C118,00000000,00000000,00000000
O,23,2,0101,800EB32C,-73,248,-300,00000000,00000000,00000000,00000000,00000000,00000000,0,156,8033C118,00000000,00000000,00000000
O,23,3,0101,800EB32C,79,248,-300,00000000,00000000,00000000,00000000,00000000,00000000,0,156,8033C118,00000000,00000000,00000000
O,23,4,0101,800EB32C,231,248,-300,00000000,00000000,00000000,00000000,00000000,00000000,0,156,8033C118,00000000,00000000,00000000
M,24,12,104959,3,00001300,0100088C,0,0,00000000,-229.700836,2611,7282,0,0,0,0,2607,2611,20000,00000000,00000000,801B4C90,8033EBD8,00000000,8033EBD8,00000000,00000000,00000000,00000000,-1
O,24,0,0101,800EB348,0,-100,0,00000000,00000000,00000000,00000000,00000000,00000000,0,156,8033C118,00000000,00000000,00000000
O,24,1,0101,800EB32C,-225,248,-300,00000000,0004E000,00000000,00000000,00000000,00000000,0,156,8033C118,00000000,00000000,00000000
O,24,2,0101,800EB32C,-73,248,-300,00000000,00000000,00000000,00000000,00000000,00000000,0,156,8033C118,00000000,00000000,00000000
O,24,3,0101,800EB32C,79,248,-300,00000000,00000000,00000000,00000000,00000000,00000000,0,156,8033C118,00000000,00000000,00000000
O,24,4,0101,800EB32C,231,248,-300,00000000,00000000,00000000,00000000,00000000,00000000,0,156,8033C118,00000000,00000000,00000000
M,25,13,104960,3,00001300,0100088C,0,0,00000000,-229.700836,2611,7282,0,0,0,0,2607,2611,20000,00000000,00000000,801B4C90,8033EBD8,00000000,8033EBD8,00000000,00000000,00000000,00000000,-1
O,25,0,0101,800EB348,0,-100,0,00000000,00000000,00000000,00000000,00000000,00000000,0,156,8033C118,00000000,00000000,00000000
O,25,1,0101,800EB32C,-225,248,-300,00000000,0004E000,00000000,00000000,00000000,00000000,0,156,8033C118,00000000,00000000,00000000
O,25,2,0101,800EB32C,-73,248,-300,00000000,00000000,00000000,00000000,00000000,00000000,0,156,8033C118,00000000,00000000,00000000
O,25,3,0101,800EB32C,79,248,-300,00000000,00000000,00000000,00000000,00000000,00000000,0,156,8033C118,00000000,00000000,00000000
O,25,4,0101,800EB32C,231,248,-300,00000000,00000000,00000000,00000000,00000000,00000000,0,156,8033C118,00000000,00000000,00000000
M,26,13,104960,3,00001300,0100088C,0,0,00000000,-229.700836,2611,7282,0,0,0,0,2607,2611,20000,00000000,00000000,801B4C90,8033EBD8,00000000,8033EBD8,00000000,00000000,00000000,00000000,-1
O,26,0,0101,800EB348,0,-100,0,00000000,00000000,00000000,00000000,00000000,00000000,0,156,8033C118,00000000,00000000,00000000
O,26,1,0101,800EB32C,-225,248,-300,00000000,0004E000,00000000,00000000,00000000,00000000,0,156,8033C118,00000000,00000000,00000000
O,26,2,0101,800EB32C,-73,248,-300,00000000,00000000,00000000,00000000,00000000,00000000,0,156,8033C118,00000000,00000000,00000000
O,26,3,0101,800EB32C,79,248,-300,00000000,00000000,00000000,00000000,00000000,00000000,0,156,8033C118,00000000,00000000,00000000
O,26,4,0101,800EB32C,231,248,-300,00000000,00000000,00000000,00000000,00000000,00000000,0,156,8033C118,00000000,00000000,00000000
M,27,14,104961,3,00001300,0100088C,0,0,00000000,-229.700836,2611,7282,0,0,0,0,2607,2611,20000,00000000,00000000,801B4C90,8033EBD8,00000000,8033EBD8,00000000,00000000,00000000,00000000,-1
O,27,0,0101,800EB348,0,-100,0,00000000,00000000,00000000,00000000,00000000,00000000,0,156,8033C118,00000000,00000000,00000000
O,27,1,0101,800EB32C,-225,248,-300,00000000,0004E000,00000000,00000000,00000000,00000000,0,156,8033C118,00000000,00000000,00000000
O,27,2,0101,800EB32C,-73,248,-300,00000000,00000000,00000000,00000000,00000000,00000000,0,156,8033C118,00000000,00000000,00000000
O,27,3,0101,800EB32C,79,248,-300,00000000,00000000,00000000,00000000,00000000,00000000,0,156,8033C118,00000000,00000000,00000000
O,27,4,0101,800EB32C,231,248,-300,00000000,00000000,00000000,00000000,00000000,00000000,0,156,8033C118,00000000,00000000,00000000
M,28,14,104961,3,00001300,0100088C,0,0,00000000,-229.700836,2611,7282,0,0,0,0,2607,2611,20000,00000000,00000000,801B4C90,8033EBD8,00000000,8033EBD8,00000000,00000000,00000000,00000000,-1
O,28,0,0101,800EB348,0,-100,0,00000000,00000000,00000000,00000000,00000000,00000000,0,156,8033C118,00000000,00000000,00000000
O,28,1,0101,800EB32C,-225,248,-300,00000000,0004E000,00000000,00000000,00000000,00000000,0,156,8033C118,00000000,00000000,00000000
O,28,2,0101,800EB32C,-73,248,-300,00000000,00000000,00000000,00000000,00000000,00000000,0,156,8033C118,00000000,00000000,00000000
O,28,3,0101,800EB32C,79,248,-300,00000000,00000000,00000000,00000000,00000000,00000000,0,156,8033C118,00000000,00000000,00000000
O,28,4,0101,800EB32C,231,248,-300,00000000,00000000,00000000,00000000,00000000,00000000,0,156,8033C118,00000000,00000000,00000000
M,29,15,104962,3,00001300,0100088C,0,0,00000000,-229.700836,2611,7282,0,0,0,0,2607,2611,20000,00000000,00000000,801B4C90,8033EBD8,00000000,8033EBD8,00000000,00000000,00000000,00000000,-1
O,29,0,0101,800EB348,0,-100,0,00000000,00000000,00000000,00000000,00000000,00000000,0,156,8033C118,00000000,00000000,00000000
O,29,1,0101,800EB32C,-225,248,-300,00000000,0004E000,00000000,00000000,00000000,00000000,0,156,8033C118,00000000,00000000,00000000
O,29,2,0101,800EB32C,-73,248,-300,00000000,00000000,00000000,00000000,00000000,00000000,0,156,8033C118,00000000,00000000,00000000
O,29,3,0101,800EB32C,79,248,-300,00000000,00000000,00000000,00000000,00000000,00000000,0,156,8033C118,00000000,00000000,00000000
O,29,4,0101,800EB32C,231,248,-300,00000000,00000000,00000000,00000000,00000000,00000000,0,156,8033C118,00000000,00000000,00000000
M,30,15,104962,3,00001300,0100088C,0,0,00000000,-229.700836,2611,7282,0,0,0,0,2607,2611,20000,00000000,00000000,801B4C90,8033EBD8,00000000,8033EBD8,00000000,00000000,00000000,00000000,-1
O,30,0,0101,800EB348,0,-100,0,00000000,00000000,00000000,00000000,00000000,00000000,0,156,8033C118,00000000,00000000,00000000
O,30,1,0101,800EB32C,-225,248,-300,00000000,0004E000,00000000,00000000,00000000,00000000,0,156,8033C118,00000000,00000000,00000000
O,30,2,0101,800EB32C,-73,248,-300,00000000,00000000,00000000,00000000,00000000,00000000,0,156,8033C118,00000000,00000000,00000000
O,30,3,0101,800EB32C,79,248,-300,00000000,00000000,00000000,00000000,00000000,00000000,0,156,8033C118,00000000,00000000,00000000
O,30,4,0101,800EB32C,231,248,-300,00000000,00000000,00000000,00000000,00000000,00000000,0,156,8033C118,00000000,00000000,00000000
M,31,16,104963,3,00001300,0100088C,0,0,00000000,-229.700836,2611,7282,0,0,0,0,2607,2611,20000,00000000,00000000,801B4C90,8033EBD8,00000000,8033EBD8,00000000,00000000,00000000,00000000,-1
O,31,0,0101,800EB348,0,-100,0,00000000,00000000,00000000,00000000,00000000,00000000,0,156,8033C118,00000000,00000000,00000000
O,31,1,0101,800EB32C,-225,248,-300,00000000,0004E000,00000000,00000000,00000000,00000000,0,156,8033C118,00000000,00000000,00000000
O,31,2,0101,800EB32C,-73,248,-300,00000000,00000000,00000000,00000000,00000000,00000000,0,156,8033C118,00000000,00000000,00000000
O,31,3,0101,800EB32C,79,248,-300,00000000,00000000,00000000,00000000,00000000,00000000,0,156,8033C118,00000000,00000000,00000000
O,31,4,0101,800EB32C,231,248,-300,00000000,00000000,00000000,00000000,00000000,00000000,0,156,8033C118,00000000,00000000,00000000
M,32,16,104963,3,00001300,0100088C,0,0,00000000,-229.700836,2611,7282,0,0,0,0,2607,2611,20000,00000000,00000000,801B4C90,8033EBD8,00000000,8033EBD8,00000000,00000000,00000000,00000000,-1
O,32,0,0101,800EB348,0,-100,0,00000000,00000000,00000000,00000000,00000000,00000000,0,156,8033C118,00000000,00000000,00000000
O,32,1,0101,800EB32C,-225,248,-300,00000000,0004E000,00000000,00000000,00000000,00000000,0,156,8033C118,00000000,00000000,00000000
O,32,2,0101,800EB32C,-73,248,-300,00000000,00000000,00000000,00000000,00000000,00000000,0,156,8033C118,00000000,00000000,00000000
O,32,3,0101,800EB32C,79,248,-300,00000000,00000000,00000000,00000000,00000000,00000000,0,156,8033C118,00000000,00000000,00000000
O,32,4,0101,800EB32C,231,248,-300,00000000,00000000,00000000,00000000,00000000,00000000,0,156,8033C118,00000000,00000000,00000000
M,33,17,104964,3,00001300,0100088C,0,0,00000000,-229.700836,2611,7282,0,0,0,0,2607,2611,20000,00000000,00000000,801B4C90,8033EBD8,00000000,8033EBD8,00000000,00000000,00000000,00000000,-1
M,34,17,104964,3,00001300,0100088C,0,0,00000000,-229.700836,2611,7282,0,0,0,0,2607,2611,20000,00000000,00000000,801B4C90,8033EBD8,00000000,8033EBD8,00000000,00000000,00000000,00000000,-1
M,35,18,104965,3,00001300,0100088C,0,0,00000000,-229.700836,2611,7282,0,0,0,0,2607,2611,20000,00000000,00000000,801B4C90,8033EBD8,00000000,8033EBD8,00000000,00000000,00000000,00000000,-1
M,36,18,104965,3,00001300,0100088C,0,0,00000000,-229.700836,2611,7282,0,0,0,0,2607,2611,20000,00000000,00000000,801B4C90,8033EBD8,00000000,8033EBD8,00000000,00000000,00000000,00000000,-1
M,37,18,104965,3,00001300,0100088C,0,0,00000000,-229.700836,2611,7282,0,0,0,0,2607,2611,20000,00000000,00000000,801B4C90,8033EBD8,00000000,8033EBD8,00000000,00000000,00000000,00000000,-1
M,38,18,104965,3,00001300,0100088C,0,0,00000000,-229.700836,2611,7282,0,0,0,0,2607,2611,20000,00000000,00000000,801B4C90,8033EBD8,00000000,8033EBD8,00000000,00000000,00000000,00000000,-1
M,39,18,104965,3,00001300,0100088C,0,0,00000000,-229.700836,2611,7282,0,0,0,0,2607,2611,20000,00000000,00000000,801B4C90,8033EBD8,00000000,8033EBD8,00000000,00000000,00000000,00000000,-1
M,40,18,104965,3,00001300,0100088C,0,0,00000000,-229.700836,2611,7282,0,0,0,0,2607,2611,20000,00000000,00000000,801B4C90,8033EBD8,00000000,8033EBD8,00000000,00000000,00000000,00000000,-1
M,41,18,104965,3,00001300,0100088C,0,0,00000000,-229.700836,2611,7282,0,0,0,0,2607,2611,20000,00000000,00000000,801B4C90,8033EBD8,00000000,8033EBD8,00000000,00000000,00000000,00000000,-1
M,42,18,104965,3,00001300,0100088C,0,0,00000000,-229.700836,2611,7282,0,0,0,0,2607,2611,20000,00000000,00000000,801B4C90,8033EBD8,00000000,8033EBD8,00000000,00000000,00000000,00000000,-1
M,43,18,104965,3,00001300,0100088C,0,0,00000000,-229.700836,2611,7282,0,0,0,0,2607,2611,20000,00000000,00000000,801B4C90,8033EBD8,00000000,8033EBD8,00000000,00000000,00000000,00000000,-1
M,44,18,104965,3,00001300,0100088C,0,0,00000000,-229.700836,2611,7282,0,0,0,0,2607,2611,20000,00000000,00000000,801B4C90,8033EBD8,00000000,8033EBD8,00000000,00000000,00000000,00000000,-1
M,45,18,104965,3,00001300,0100088C,0,0,00000000,-229.700836,2611,7282,0,0,0,0,2607,2611,20000,00000000,00000000,801B4C90,8033EBD8,00000000,8033EBD8,00000000,00000000,00000000,00000000,-1
M,46,18,104965,3,00001300,0100088C,0,0,00000000,-229.700836,2611,7282,0,0,0,0,2607,2611,20000,00000000,00000000,801B4C90,8033EBD8,00000000,8033EBD8,00000000,00000000,00000000,00000000,-1
M,47,18,104965,3,00001300,0100088C,0,0,00000000,-229.700836,2611,7282,0,0,0,0,2607,2611,20000,00000000,00000000,801B4C90,8033EBD8,00000000,8033EBD8,00000000,00000000,00000000,00000000,-1
M,48,18,104965,3,00001300,0100088C,0,0,00000000,-229.700836,2611,7282,0,0,0,0,2607,2611,20000,00000000,00000000,801B4C90,8033EBD8,00000000,8033EBD8,00000000,00000000,00000000,00000000,-1
M,49,18,104965,3,00001300,0100088C,0,0,00000000,-229.700836,2611,7282,0,0,0,0,2607,2611,20000,00000000,00000000,801B4C90,8033EBD8,00000000,8033EBD8,00000000,00000000,00000000,00000000,-1
M,50,18,104965,3,00001300,0100088C,0,0,00000000,-229.700836,2611,7282,0,0,0,0,2607,2611,20000,00000000,00000000,801B4C90,8033EBD8,00000000,8033EBD8,00000000,00000000,00000000,00000000,-1
M,51,18,104965,3,00001300,0100088C,0,0,00000000,-229.700836,2611,7282,0,0,0,0,2607,2611,20000,00000000,00000000,801B4C90,8033EBD8,00000000,8033EBD8,00000000,00000000,00000000,00000000,-1
M,52,18,104965,3,00001300,0100088C,0,0,00000000,-229.700836,2611,7282,0,0,0,0,2607,2611,20000,00000000,00000000,801B4C90,8033EBD8,00000000,8033EBD8,00000000,00000000,00000000,00000000,-1
M,53,18,104965,3,00001924,0C400201,0,0,00000000,1417,-3822,-548,-1.39015019,0,1.4378742,2,-8010,-4822,20000,00000000,00000000,801693C0,8034D958,00000000,8034D958,00000000,8034DBB8,00000000,00000000,-1
O,53,0,0101,800ECEF0,-1032,-3291,1070,00000000,00002000,00000000,00000000,00000000,00000000,0,0,8033C118,00000000,00000000,00000000
O,53,1,0101,800ECEF0,-1881,1767,-446,00000000,00004000,00000000,00000000,00000000,00000000,0,0,8033C378,00000000,00000000,00000000
O,53,2,0101,800ECEF0,-1870,2068,362,00000000,00004000,00000000,00000000,00000000,00000000,0,0,8033C5D8,00000000,00000000,00000000
O,53,3,0101,800ECEF0,-770,-4361,-423,00000000,FFFFA000,00000000,00000000,00000000,00000000,0,0,8033C838,00000000,00000000,00000000
O,53,4,0101,800ECEF0,-1314,-3691,788,00000000,00006000,00000000,00000000,00000000,00000000,0,0,8033CA98,00000000,00000000,00000000
O,53,5,0101,800ECEF0,-1314,-2892,1353,00000000,00006000,00000000,00000000,00000000,00000000,0,0,8033CCF8,00000000,00000000,00000000
O,53,6,0101,800ECEF0,780,5767,-1027,00000000,FFFFE000,00000000,00000000,00000000,00000000,0,0,8033CF58,00000000,00000000,00000000
O,53,7,0101,800ECEF0,1063,5562,-744,00000000,FFFFE000,00000000,00000000,00000000,00000000,0,0,8033D1B8,00000000,00000000,00000000
O,53,8,0101,800ECF24,-1350,748,-1208,00000000,00002000,00000000,00000000,00000000,00000000,0,0,8033D418,00000000,00000000,00000000
O,53,9,0101,800ECF24,-690,901,-910,00000000,00002000,00000000,00000000,00000000,00000000,0,0,8033D678,00000000,00000000,00000000
O,53,10,0101,800ECF24,-1389,-3030,-1028,00000000,00002000,00000000,00000000,00000000,00000000,0,0,8033D8D8,00000000,00000000,00000000
O,53,11,0101,800ECF24,937,-3867,-1041,00000000,00002000,00000000,00000000,00000000,00000000,0,0,8033DB38,00000000,00000000,00000000
O,53,12,0101,800ECF5C,-139,-4408,-1056,00000000,00006000,00000000,00000000,00000000,00000000,0,0,8033DD98,00000000,00000000,00000000
O,53,13,0101,800ECF5C,618,3656,148,00000000,00004000,00000000,00000000,00000000,00000000,0,0,8033DFF8,00000000,00000000,00000000
O,53,14,0101,800ECF5C,963,3297,608,00000000,FFFFC000,00000000,00000000,00000000,00000000,0,0,8033E258,00000000,00000000,00000000
O,53,15,0101,800ECF5C,1306,2939,1069,00000000,00004000,00000000,00000000,00000000,00000000,0,0,8033E4B8,00000000,00000000,00000000
O,53,16,0101,800ECF5C,-1179,-1453,-792,00000000,FFFFE000,00000000,00000000,00000000,00000000,0,0,8033E718,00000000,00000000,00000000
O,53,17,0101,800ECF94,174,1248,2040,00000000,FFFF8000,00000000,00000000,00000000,00000000,0,0,8033E978,00000000,00000000,00000000
O,53,18,0101,800ECF94,-1321,1490,-1563,00000000,00002000,00000000,00000000,00000000,00000000,0,0,8033EBD8,00000000,00000000,00000000
O,53,19,0101,800ECF94,-1076,1730,-1808,00000000,00002000,00000000,00000000,00000000,00000000,0,0,8033EE38,00000000,00000000,00000000
O,53,20,0101,800ECF94,-1319,1970,-1564,00000000,00002000,00000000,00000000,00000000,00000000,0,0,8033F098,00000000,00000000,00000000
O,53,21,0101,800ECF94,-517,3175,2040,00000000,FFFF8000,00000000,00000000,00000000,00000000,0,0,8033F2F8,00000000,00000000,00000000
O,53,22,0101,800ECF94,-170,1248,2040,00000000,FFFF8000,00000000,00000000,00000000,00000000,0,0,8033F558,00000000,00000000,00000000
O,53,23,0101,800ECF94,-515,1248,2040,00000000,FFFF8000,00000000,00000000,00000000,00000000,0,0,8033F7B8,00000000,00000000,00000000
O,53,24,0101,800ECF94,-175,-1351,-2039,00000000,00000000,00000000,00000000,00000000,00000000,0,0,8033FA18,00000000,00000000,00000000
O,53,25,0101,800ECF94,-515,-2590,2040,00000000,FFFF8000,00000000,00000000,00000000,00000000,0,0,8033FC78,00000000,00000000,00000000
O,53,26,0101,800ECF94,518,3175,2040,00000000,FFFF8000,00000000,00000000,00000000,00000000,0,0,8033FED8,00000000,00000000,00000000
O,53,27,0101,800ECF94,-171,3175,2040,00000000,FFFF8000,00000000,00000000,00000000,00000000,0,0,80340138,00000000,00000000,00000000
O,53,28,0101,800ECF94,174,3175,2040,00000000,FFFF8000,00000000,00000000,00000000,00000000,0,0,80340398,00000000,00000000,00000000
O,53,29,0101,800ECFCC,1490,-2088,-873,00000000,00000000,00000000,00000000,00000000,00000000,0,0,803405F8,00000000,00000000,00000000
O,53,30,0101,800ECFCC,-708,-1606,-1589,00000000,00000000,00000000,00000000,00000000,00000000,0,0,80340858,00000000,00000000,00000000
O,53,31,0101,800ECFCC,954,-1627,-1448,00000000,00000000,00000000,00000000,00000000,00000000,0,0,80340AB8,00000000,00000000,00000000
O,53,32,0101,800ECFCC,1215,-1781,-1215,00000000,00000000,00000000,00000000,00000000,00000000,0,0,80340D18,00000000,00000000,00000000
O,53,33,0101,800ECFCC,1052,-1934,-769,00000000,00000000,00000000,00000000,00000000,00000000,0,0,80340F78,00000000,00000000,00000000
O,53,34,0101,800ECFCC,-620,1229,1233,00000000,FFFFA000,00000000,00000000,00000000,00000000,0,0,803411D8,00000000,00000000,00000000
O,53,35,0101,800ECFCC,1050,-19,-1037,00000000,FFFFE000,00000000,00000000,00000000,00000000,0,0,80341438,00000000,00000000,00000000
O,53,36,0101,800ECFF8,-1100,-71,-1030,00000000,FFFFE000,00000000,00000000,00000000,00000000,0,0,80341698,00000000,00000000,00000000
O,53,37,0101,800ED064,0,6011,0,00000000,FFFFA000,00000000,00000000,00000000,00000000,0,0,803418F8,00000000,00000000,00000000
O,53,38,0101,800ED064,0,-2487,0,00000000,00002000,00000000,00000000,00000000,00000000,0,0,80341B58,00000000,00000000,00000000
O,53,39,0101,800ED090,1102,-3619,1682,00000000,00006000,00000000,00000000,00000000,00000000,0,0,80341DB8,00000000,00000000,00000000
O,53,40,0101,800ED090,424,-3312,1959,00000000,00004000,00000000,00000000,00000000,00000000,0,0,80342018,00000000,00000000,00000000
O,53,41,0101,800ED090,1102,-3004,1682,00000000,00006000,00000000,00000000,00000000,00000000,0,0,80342278,00000000,00000000,00000000
O,53,42,0101,800ED090,1584,-2697,1200,00000000,00006000,00000000,00000000,00000000,00000000,0,0,803424D8,00000000,00000000,00000000
O,53,43,0101,800ED090,1582,-3619,1203,00000000,00006000,00000000,00000000,00000000,00000000,0,0,80342738,00000000,00000000,00000000
O,53,44,0101,800ED090,-762,4347,1047,00000000,00006000,00000000,00000000,00000000,00000000,0,0,80342998,00000000,00000000,00000000
O,53,45,0101,800ED090,424,-3926,1959,00000000,00004000,00000000,00000000,00000000,00000000,0,0,80342BF8,00000000,00000000,00000000
O,53,46,0101,800ED090,1102,-4233,1682,00000000,00006000,00000000,00000000,00000000,00000000,0,0,80342E58,00000000,00000000,00000000
O,53,47,0101,800ED090,1102,-4848,1682,00000000,00006000,00000000,00000000,00000000,00000000,0,0,803430B8,00000000,00000000,00000000
O,53,48,0101,800ED090,424,-4540,1959,00000000,00004000,00000000,00000000,00000000,00000000,0,0,80343318,00000000,00000000,00000000
O,53,49,0101,800ED090,-1037,4244,772,00000000,FFFFE000,00000000,00000000,00000000,00000000,0,0,80343578,00000000,00000000,00000000
O,53,50,0101,800ED090,1828,3835,-50,00000000,00000000,00000000,00000000,00000000,00000000,0,0,803437D8,00000000,00000000,00000000
O,53,51,0101,800ED090,1459,3835,-357,00000000,00000000,00000000,00000000,00000000,00000000,0,0,80343A38,00000000,00000000,00000000
O,53,52,0101,800ED090,1091,3835,-665,00000000,00000000,00000000,00000000,00000000,00000000,0,0,80343C98,00000000,00000000,00000000
O,53,53,0101,800ED064,1580,-4854,-825,00000000,00000000,00000000,00000000,00000000,00000000,0,0,80343EF8,00000000,00000000,00000000
O,53,54,0101,800ED064,-1692,1022,-1157,00000000,00000000,00000000,00000000,00000000,00000000,0,0,80344158,00000000,00000000,00000000
O,53,55,0101,800ED064,2098,7007,2243,00000000,00000000,00000000,00000000,00000000,00000000,0,0,803443B8,00000000,00000000,00000000
O,53,56,0101,800ED064,1801,-4843,-731,00000000,00000000,00000000,00000000,00000000,00000000,0,0,80344618,00000000,00000000,00000000
O,53,57,0101,800ED064,-1477,1044,-1088,00000000,00000000,00000000,00000000,00000000,00000000,0,0,80344878,00000000,00000000,00000000
O,53,58,0101,800ED064,2268,7030,2227,00000000,00000000,00000000,00000000,00000000,00000000,0,0,80344AD8,00000000,00000000,00000000
O,53,59,0101,800EC1AC,800,-4400,1900,00000000,00000000,00000000,00000000,00000000,00000000,0,0,80344D38,00000000,00000000,00000000
O,53,60,0101,800EC1AC,800,-3700,1900,00000000,00000000,00000000,00000000,00000000,00000000,0,0,80344F98,00000000,00000000,00000000
O,53,61,0101,800EC1AC,800,-3000,1900,00000000,00000000,00000000,00000000,00000000,00000000,0,0,803451F8,00000000,00000000,00000000
O,53,62,0101,800EC1AC,1780,-3300,1000,00000000,00000000,00000000,00000000,00000000,00000000,0,0,80345458,00000000,00000000,00000000
O,53,63,0101,800EC1AC,1388,-3300,1428,00000000,00000000,00000000,00000000,00000000,00000000,0,0,803456B8,00000000,00000000,00000000
O,53,64,0101,800EC1AC,200,-3000,2000,00000000,00000000,00000000,00000000,00000000,00000000,0,0,80345918,00000000,00000000,00000000
O,53,65,0101,800EC1AC,200,-3700,2000,00000000,00000000,00000000,00000000,00000000,00000000,0,0,80345B78,00000000,00000000,00000000
O,53,66,0101,800EC1AC,200,-4400,2000,00000000,00000000,00000000,00000000,00000000,00000000,0,0,80345DD8,00000000,00000000,00000000
O,53,67,0101,800EC4A4,-1080,90,1575,00000000,00000000,00000000,00000000,00000000,00000000,0,0,80346038,00000000,00000000,00000000
O,53,68,0101,800ED028,-1179,445,1413,00000000,00002000,00000000,00000000,00000000,00000000,0,0,80346298,00000000,00000000,00000000
O,53,69,0101,800ED028,-1524,-1454,1129,00000000,FFFFE000,00000000,00000000,00000000,00000000,0,0,803464F8,00000000,00000000,00000000
O,53,70,0101,800EB688,-980,-700,1450,00000000,00000000,00000000,00000000,00000000,00000000,0,0,80346758,00000000,00000000,00000000
O,53,71,0101,800EA888,-1203,-19,-170,00000000,00002000,00000000,00000000,00000000,00000000,0,0,803469B8,00000000,00000000,00000000
O,53,72,0101,800EA8A8,0,20,-1400,00000000,00000000,00000000,00000000,00000000,00000000,0,0,80346C18,00000000,00000000,00000000
O,53,73,0101,800EA8A8,-250,20,-1700,00000000,00000000,00000000,00000000,00000000,00000000,0,0,80346E78,00000000,00000000,00000000
O,53,74,0101,800EA8A8,250,20,-1700,00000000,00000000,00000000,00000000,00000000,00000000,0,0,803470D8,00000000,00000000,00000000
O,53,75,0101,800EA8A8,0,20,-2000,00000000,00000000,00000000,00000000,00000000,00000000,0,0,80347338,00000000,00000000,00000000
O,53,76,0101,800EA8A8,500,20,-2000,00000000,00000000,00000000,00000000,00000000,00000000,0,0,80347598,00000000,00000000,00000000
O,53,77,0101,800EA8A8,-500,20,-2000,00000000,00000000,00000000,00000000,00000000,00000000,0,0,803477F8,00000000,00000000,00000000
O,53,78,0101,800E9868,880,-19,1160,00000000,00000000,00000000,00000000,00000000,00000000,0,0,80347A58,00000000,00000000,00000000
O,53,79,0101,800ED48C,800,-2460,160,00000000,00000000,00000000,00000000,00000000,00000000,0,0,80347CB8,00000000,00000000,00000000
O,53,80,0101,800E8C0C,-1120,-820,1320,00000000,00002000,00000000,00000000,00000000,00000000,0,0,80347F18,00000000,00000000,00000000
O,53,81,0101,800ED48C,-571,6020,-1414,00000000,00000000,00000000,00000000,00000000,00000000,0,0,80348178,00000000,00000000,00000000
O,53,82,0101,800ED1F8,620,-5150,1540,00000000,00000000,00000000,00000000,00000000,00000000,0,0,803483D8,00000000,00000000,00000000
O,53,83,0101,800EC424,-520,1351,1919,00000000,00000000,00000000,00000000,00000000,00000000,0,0,80348638,00000000,00000000,00000000
O,53,84,0101,800EC424,-165,1351,1919,00000000,00000000,00000000,00000000,00000000,00000000,0,0,80348898,00000000,00000000,00000000
O,53,85,0101,800EC424,182,1351,1919,00000000,00000000,00000000,00000000,00000000,00000000,0,0,80348AF8,00000000,00000000,00000000
O,53,86,0101,800EC3EC,657,1368,1879,00000000,00000000,00000000,00000000,00000000,00000000,0,0,80348D58,00000000,00000000,00000000
O,53,87,0101,800EB688,-700,-2350,-700,00000000,00000000,00000000,00000000,00000000,00000000,0,0,80348FB8,00000000,00000000,00000000
O,53,88,0101,800EA570,1883,4150,550,00000000,00000000,00000000,00000000,00000000,00000000,0,0,80349218,00000000,00000000,00000000
O,53,89,0101,800ED1F8,-1333,350,1116,00000000,00000000,00000000,00000000,00000000,00000000,0,0,80349478,00000000,00000000,00000000
O,53,90,0101,800EA570,-1101,6316,-685,00000000,00002000,00000000,00000000,00000000,00000000,0,0,803496D8,00000000,00000000,00000000
O,53,91,0101,800EB474,1077,-4822,638,00000000,00000000,00000000,00000000,00000000,00000000,0,0,80349938,00000000,00000000,00000000
O,53,92,0101,800EB474,1683,-4822,189,00000000,00000000,00000000,00000000,00000000,00000000,0,0,80349B98,00000000,00000000,00000000
O,53,93,0101,800EA8A8,0,20,-1700,00000000,00000000,00000000,00000000,00000000,00000000,0,0,80349DF8,00000000,00000000,00000000
O,53,94,0101,800ECFCC,-1020,1229,537,00000000,00000000,00000000,00000000,00000000,00000000,0,0,8034A058,00000000,00000000,00000000
O,53,95,0101,800EA570,2350,5600,2350,00000000,00002000,00000000,00000000,00000000,00000000,0,0,8034A2B8,00000000,00000000,00000000
O,53,96,0101,800EA570,0,4783,0,00000000,00000000,00000000,00000000,00000000,00000000,0,0,8034A518,00000000,00000000,00000000
O,53,97,0101,800EA570,-1140,-3720,-1620,00000000,00002000,00000000,00000000,00000000,00000000,0,0,8034A778,00000000,00000000,00000000
O,53,98,0101,800EA570,840,-2200,860,00000000,00002000,00000000,00000000,00000000,00000000,0,0,8034A9D8,00000000,00000000,00000000
O,53,99,0101,800E8C3C,-770,-3800,-440,00000000,00000000,00000000,00000000,00000000,00000000,0,0,8034AC38,00000000,00000000,00000000
O,53,100,0101,800E8C3C,-770,-3700,-440,00000000,00000000,00000000,00000000,00000000,00000000,0,0,8034AE98,00000000,00000000,00000000
O,53,101,0101,800EA570,280,-4920,1660,00000000,00000000,00000000,00000000,00000000,00000000,0,0,8034B0F8,00000000,00000000,00000000
O,53,102,0101,800EA570,1240,300,840,00000000,00002000,00000000,00000000,00000000,00000000,0,0,8034B358,00000000,00000000,00000000
O,53,103,0101,800EA570,520,300,1500,00000000,00002000,00000000,00000000,00000000,00000000,0,0,8034B5B8,00000000,00000000,00000000
O,53,104,0101,800EA570,-400,3600,1880,00000000,00000000,00000000,00000000,00000000,00000000,0,0,8034B818,00000000,00000000,00000000
O,53,105,0101,800EA570,-40,4160,-1280,00000000,00000000,00000000,00000000,00000000,00000000,0,0,8034BA78,00000000,00000000,00000000
O,53,106,0101,800EA570,-1160,2920,-840,00000000,00002000,00000000,00000000,00000000,00000000,0,0,8034BCD8,00000000,00000000,00000000
O,53,107,0101,800EA570,-780,6316,-1020,00000000,00002000,00000000,00000000,00000000,00000000,0,0,8034BF38,00000000,00000000,00000000
O,53,108,0101,800ECF5C,1313,6190,1313,00000000,00002000,00000000,00000000,00000000,00000000,0,0,8034C198,00000000,00000000,00000000
O,53,109,0101,800ECF5C,1851,-2488,-98,00000000,00000000,00000000,00000000,00000000,00000000,0,0,8034C3F8,00000000,00000000,00000000
O,53,110,0101,800EC18C,1815,-3200,800,00000000,00000000,00000000,00000000,00000000,00000000,0,0,8034C658,00000000,00000000,00000000
O,53,111,0101,800EC13C,-1050,2400,-790,00000000,00000000,00000000,00000000,00000000,00000000,0,0,8034C8B8,00000000,00000000,00000000
O,53,112,0101,800EC13C,2200,7300,2210,00000000,00000000,00000000,00000000,00000000,00000000,0,0,8034CB18,00000000,00000000,00000000
O,53,113,0101,800EC13C,-1300,-2250,-1300,00000000,00000000,00000000,00000000,00000000,00000000,0,0,8034CD78,00000000,00000000,00000000
O,53,114,0101,800EC13C,-1850,300,-950,00000000,00000000,00000000,00000000,00000000,00000000,0,0,8034CFD8,00000000,00000000,00000000
O,53,115,0101,800EC13C,-1450,-1130,-1050,00000000,00000000,00000000,00000000,00000000,00000000,0,0,8034D238,00000000,00000000,00000000
O,53,116,0101,800E8EAC,1919,6191,1919,00000000,FFFFA000,00000000,00000000,00000000,00000000,0,0,8034D498,00000000,00000000,00000000
O,53,117,0101,800E8464,-1080,-840,1573,00000000,00000000,00000000,00000000,00000000,00000000,0,0,8034D6F8,00000000,00000000,00000000
O,53,118,0101,800EB274,1417,-3822,-548,00000000,FFFFE0B6,00000000,00000000,00000000,00000000,0,0,8034D958,00000000,00000000,00000000
O,53,119,0101,800EB1C0,1417,-3822,-548,00000000,FFFFE0B6,00000000,00000000,00000000,00000000,0,0,8034DBB8,00000000,00000000,00000000
M,54,18,104965,3,00001924,0C400201,0,0,00000000,1417,-3822,-548,-1.39015019,0,1.4378742,2,-8010,-4822,20000,00000000,00000000,801693C0,8034D958,00000000,8034D958,00000000,8034DBB8,00000000,00000000,-1
O,54,0,0101,800ECEF0,-1032,-3291,1070,00000000,00002000,00000000,00000000,00000000,00000000,0,0,8033C118,00000000,00000000,00000000
O,54,1,0101,800ECEF0,-1881,1767,-446,00000000,00004000,00000000,00000000,00000000,00000000,0,0,8033C378,00000000,00000000,00000000
O,54,2,0101,800ECEF0,-1870,2068,362,00000000,00004000,00000000,00000000,00000000,00000000,0,0,8033C5D8,00000000,00000000,00000000
O,54,3,0101,800ECEF0,-770,-4361,-423,00000000,FFFFA000,00000000,00000000,00000000,00000000,0,0,8033C838,00000000,00000000,00000000
O,54,4,0101,800ECEF0,-1314,-3691,788,00000000,00006000,00000000,00000000,00000000,00000000,0,0,8033CA98,00000000,00000000,00000000
O,54,5,0101,800ECEF0,-1314,-2892,1353,00000000,00006000,00000000,00000000,00000000,00000000,0,0,8033CCF8,00000000,00000000,00000000
O,54,6,0101,800ECEF0,780,5767,-1027,00000000,FFFFE000,00000000,00000000,00000000,00000000,0,0,8033CF58,00000000,00000000,00000000
O,54,7,0101,800ECEF0,1063,5562,-744,00000000,FFFFE000,00000000,00000000,00000000,00000000,0,0,8033D1B8,00000000,00000000,00000000
O,54,8,0101,800ECF24,-1350,748,-1208,00000000,00002000,00000000,00000000,00000000,00000000,0,0,8033D418,00000000,00000000,00000000
O,54,9,0101,800ECF24,-690,901,-910,00000000,00002000,00000000,00000000,00000000,00000000,0,0,8033D678,00000000,00000000,00000000
O,54,10,0101,800ECF24,-1389,-3030,-1028,00000000,00002000,00000000,00000000,00000000,00000000,0,0,8033D8D8,00000000,00000000,00000000
O,54,11,0101,800ECF24,937,-3867,-1041,00000000,00002000,00000000,00000000,00000000,00000000,0,0,8033DB38,00000000,00000000,00000000
O,54,12,0101,800ECF5C,-139,-4408,-1056,00000000,00006000,00000000,00000000,00000000,00000000,0,0,8033DD98,00000000,00000000,00000000
O,54,13,0101,800ECF5C,618,3656,148,00000000,00004000,00000000,00000000,00000000,00000000,0,0,8033DFF8,00000000,00000000,00000000
O,54,14,0101,800ECF5C,963,3297,608,00000000,FFFFC000,00000000,00000000,00000000,00000000,0,0,8033E258,00000000,00000000,00000000
O,54,15,0101,800ECF5C,1306,2939,1069,00000000,00004000,00000000,00000000,00000000,00000000,0,0,8033E4B8,00000000,00000000,00000000
O,54,16,0101,800ECF5C,-1179,-1453,-792,00000000,FFFFE000,00000000,00000000,00000000,00000000,0,0,8033E718,00000000,00000000,00000000
O,54,17,0101,800ECF94,174,1248,2040,00000000,FFFF8000,00000000,00000000,00000000,00000000,0,0,8033E978,00000000,00000000,00000000
O,54,18,0101,800ECF94,-1321,1490,-1563,00000000,00002000,00000000,00000000,00000000,00000000,0,0,8033EBD8,00000000,00000000,00000000
O,54,19,0101,800ECF94,-1076,1730,-1808,00000000,00002000,00000000,00000000,00000000,00000000,0,0,8033EE38,00000000,00000000,00000000
O,54,20,0101,800ECF94,-1319,1970,-1564,00000000,00002000,00000000,00000000,00000000,00000000,0,0,8033F098,00000000,00000000,00000000
O,54,21,0101,800ECF94,-517,3175,2040,00000000,FFFF8000,00000000,00000000,00000000,00000000,0,0,8033F2F8,00000000,00000000,00000000
O,54,22,0101,800ECF94,-170,1248,2040,00000000,FFFF8000,00000000,00000000,00000000,00000000,0,0,8033F558,00000000,00000000,00000000
O,54,23,0101,800ECF94,-515,1248,2040,00000000,FFFF8000,00000000,00000000,00000000,00000000,0,0,8033F7B8,00000000,00000000,00000000
O,54,24,0101,800ECF94,-175,-1351,-2039,00000000,00000000,00000000,00000000,00000000,00000000,0,0,8033FA18,00000000,00000000,00000000
O,54,25,0101,800ECF94,-515,-2590,2040,00000000,FFFF8000,00000000,00000000,00000000,00000000,0,0,8033FC78,00000000,00000000,00000000
O,54,26,0101,800ECF94,518,3175,2040,00000000,FFFF8000,00000000,00000000,00000000,00000000,0,0,8033FED8,00000000,00000000,00000000
O,54,27,0101,800ECF94,-171,3175,2040,00000000,FFFF8000,00000000,00000000,00000000,00000000,0,0,80340138,00000000,00000000,00000000
O,54,28,0101,800ECF94,174,3175,2040,00000000,FFFF8000,00000000,00000000,00000000,00000000,0,0,80340398,00000000,00000000,00000000
O,54,29,0101,800ECFCC,1490,-2088,-873,00000000,00000000,00000000,00000000,00000000,00000000,0,0,803405F8,00000000,00000000,00000000
O,54,30,0101,800ECFCC,-708,-1606,-1589,00000000,00000000,00000000,00000000,00000000,00000000,0,0,80340858,00000000,00000000,00000000
O,54,31,0101,800ECFCC,954,-1627,-1448,00000000,00000000,00000000,00000000,00000000,00000000,0,0,80340AB8,00000000,00000000,00000000
O,54,32,0101,800ECFCC,1215,-1781,-1215,00000000,00000000,00000000,00000000,00000000,00000000,0,0,80340D18,00000000,00000000,00000000
O,54,33,0101,800ECFCC,1052,-1934,-769,00000000,00000000,00000000,00000000,00000000,00000000,0,0,80340F78,00000000,00000000,00000000
O,54,34,0101,800ECFCC,-620,1229,1233,00000000,FFFFA000,00000000,00000000,00000000,00000000,0,0,803411D8,00000000,00000000,00000000
O,54,35,0101,800ECFCC,1050,-19,-1037,00000000,FFFFE000,00000000,00000000,00000000,00000000,0,0,80341438,00000000,00000000,00000000
O,54,36,0101,800ECFF8,-1100,-71,-1030,00000000,FFFFE000,00000000,00000000,00000000,00000000,0,0,80341698,00000000,00000000,00000000
O,54,37,0101,800ED064,0,6011,0,00000000,FFFFA000,00000000,00000000,00000000,00000000,0,0,803418F8,00000000,00000000,00000000
O,54,38,0101,800ED064,0,-2487,0,00000000,00002000,00000000,00000000,00000000,00000000,0,0,80341B58,00000000,00000000,00000000
O,54,39,0101,800ED090,1102,-3619,1682,00000000,00006000,00000000,00000000,00000000,00000000,0,0,80341DB8,00000000,00000000,00000000
O,54,40,0101,800ED090,424,-3312,1959,00000000,00004000,00000000,00000000,00000000,00000000,0,0,80342018,00000000,00000000,00000000
O,54,41,0101,800ED090,1102,-3004,1682,00000000,00006000,00000000,00000000,00000000,00000000,0,0,80342278,00000000,00000000,00000000
O,54,42,0101,800ED090,1584,-2697,1200,00000000,00006000,00000000,00000000,00000000,00000000,0,0,803424D8,00000000,00000000,00000000
O,54,43,0101,800ED090,1582,-3619,1203,00000000,00006000,00000000,00000000,00000000,00000000,0,0,80342738,00000000,00000000,00000000
O,54,44,0101,800ED090,-762,4347,1047,00000000,00006000,00000000,00000000,00000000,00000000,0,0,80342998,00000000,00000000,00000000
O,54,45,0101,800ED090,424,-3926,1959,00000000,00004000,00000000,00000000,00000000,00000000,0,0,80342BF8,00000000,00000000,00000000
O,54,46,0101,800ED090,1102,-4233,1682,00000000,00006000,00000000,00000000,00000000,00000000,0,0,80342E58,00000000,00000000,00000000
O,54,47,0101,800ED090,1102,-4848,1682,00000000,00006000,00000000,00000000,00000000,00000000,0,0,803430B8,00000000,00000000,00000000
O,54,48,0101,800ED090,424,-4540,1959,00000000,00004000,00000000,00000000,00000000,00000000,0,0,80343318,00000000,00000000,00000000
O,54,49,0101,800ED090,-1037,4244,772,00000000,FFFFE000,00000000,00000000,00000000,00000000,0,0,80343578,00000000,00000000,00000000
O,54,50,0101,800ED090,1828,3835,-50,00000000,00000000,00000000,00000000,00000000,00000000,0,0,803437D8,00000000,00000000,00000000
O,54,51,0101,800ED090,1459,3835,-357,00000000,00000000,00000000,00000000,00000000,00000000,0,0,80343A38,00000000,00000000,00000000
O,54,52,0101,800ED090,1091,3835,-665,00000000,00000000,00000000,00000000,00000000,00000000,0,0,80343C98,00000000,00000000,00000000
O,54,53,0101,800ED064,1580,-4854,-825,00000000,00000000,00000000,00000000,00000000,00000000,0,0,80343EF8,00000000,00000000,00000000
O,54,54,0101,800ED064,-1692,1022,-1157,00000000,00000000,00000000,00000000,00000000,00000000,0,0,80344158,00000000,00000000,00000000
O,54,55,0101,800ED064,2098,7007,2243,00000000,00000000,00000000,00000000,00000000,00000000,0,0,803443B8,00000000,00000000,00000000
O,54,56,0101,800ED064,1801,-4843,-731,00000000,00000000,00000000,00000000,00000000,00000000,0,0,80344618,00000000,00000000,00000000
O,54,57,0101,800ED064,-1477,1044,-1088,00000000,00000000,00000000,00000000,00000000,00000000,0,0,80344878,00000000,00000000,00000000
O,54,58,0101,800ED064,2268,7030,2227,00000000,00000000,00000000,00000000,00000000,00000000,0,0,80344AD8,00000000,00000000,00000000
O,54,59,0101,800EC1AC,800,-4400,1900,00000000,00000000,00000000,00000000,00000000,00000000,0,0,80344D38,00000000,00000000,00000000
O,54,60,0101,800EC1AC,800,-3700,1900,00000000,00000000,00000000,00000000,00000000,00000000,0,0,80344F98,00000000,00000000,00000000
O,54,61,0101,800EC1AC,800,-3000,1900,00000000,00000000,00000000,00000000,00000000,00000000,0,0,803451F8,00000000,00000000,00000000
O,54,62,0101,800EC1AC,1780,-3300,1000,00000000,00000000,00000000,00000000,00000000,00000000,0,0,80345458,00000000,00000000,00000000
O,54,63,0101,800EC1AC,1388,-3300,1428,00000000,00000000,00000000,00000000,00000000,00000000,0,0,803456B8,00000000,00000000,00000000
O,54,64,0101,800EC1AC,200,-3000,2000,00000000,00000000,00000000,00000000,00000000,00000000,0,0,80345918,00000000,00000000,00000000
O,54,65,0101,800EC1AC,200,-3700,2000,00000000,00000000,00000000,00000000,00000000,00000000,0,0,80345B78,00000000,00000000,00000000
O,54,66,0101,800EC1AC,200,-4400,2000,00000000,00000000,00000000,00000000,00000000,00000000,0,0,80345DD8,00000000,00000000,00000000
O,54,67,0101,800EC4A4,-1080,90,1575,00000000,00000000,00000000,00000000,00000000,00000000,0,0,80346038,00000000,00000000,00000000
O,54,68,0101,800ED028,-1179,445,1413,00000000,00002000,00000000,00000000,00000000,00000000,0,0,80346298,00000000,00000000,00000000
O,54,69,0101,800ED028,-1524,-1454,1129,00000000,FFFFE000,00000000,00000000,00000000,00000000,0,0,803464F8,00000000,00000000,00000000
O,54,70,0101,800EB688,-980,-700,1450,00000000,00000000,00000000,00000000,00000000,00000000,0,0,80346758,00000000,00000000,00000000
O,54,71,0101,800EA888,-1203,-19,-170,00000000,00002000,00000000,00000000,00000000,00000000,0,0,803469B8,00000000,00000000,00000000
O,54,72,0101,800EA8A8,0,20,-1400,00000000,00000000,00000000,00000000,00000000,00000000,0,0,80346C18,00000000,00000000,00000000
O,54,73,0101,800EA8A8,-250,20,-1700,00000000,00000000,00000000,00000000,00000000,00000000,0,0,80346E78,00000000,00000000,00000000
O,54,74,0101,800EA8A8,250,20,-1700,00000000,00000000,00000000,00000000,00000000,00000000,0,0,803470D8,00000000,00000000,00000000
O,54,75,0101,800EA8A8,0,20,-2000,00000000,00000000,00000000,00000000,00000000,00000000,0,0,80347338,00000000,00000000,00000000
O,54,76,0101,800EA8A8,500,20,-2000,00000000,00000000,00000000,00000000,00000000,00000000,0,0,80347598,00000000,00000000,00000000
O,54,77,0101,800EA8A8,-500,20,-2000,00000000,00000000,00000000,00000000,00000000,00000000,0,0,803477F8,00000000,00000000,00000000
O,54,78,0101,800E9868,880,-19,1160,00000000,00000000,00000000,00000000,00000000,00000000,0,0,80347A58,00000000,00000000,00000000
O,54,79,0101,800ED48C,800,-2460,160,00000000,00000000,00000000,00000000,00000000,00000000,0,0,80347CB8,00000000,00000000,00000000
O,54,80,0101,800E8C0C,-1120,-820,1320,00000000,00002000,00000000,00000000,00000000,00000000,0,0,80347F18,00000000,00000000,00000000
O,54,81,0101,800ED48C,-571,6020,-1414,00000000,00000000,00000000,00000000,00000000,00000000,0,0,80348178,00000000,00000000,00000000
O,54,82,0101,800ED1F8,620,-5150,1540,00000000,00000000,00000000,00000000,00000000,00000000,0,0,803483D8,00000000,00000000,00000000
O,54,83,0101,800EC424,-520,1351,1919,00000000,00000000,00000000,00000000,00000000,00000000,0,0,80348638,00000000,00000000,00000000
O,54,84,0101,800EC424,-165,1351,1919,00000000,00000000,00000000,00000000,00000000,00000000,0,0,80348898,00000000,00000000,00000000
O,54,85,0101,800EC424,182,1351,1919,00000000,00000000,00000000,00000000,00000000,00000000,0,0,80348AF8,00000000,00000000,00000000
O,54,86,0101,800EC3EC,657,1368,1879,00000000,00000000,00000000,00000000,00000000,00000000,0,0,80348D58,00000000,00000000,00000000
O,54,87,0101,800EB688,-700,-2350,-700,00000000,00000000,00000000,00000000,00000000,00000000,0,0,80348FB8,00000000,00000000,00000000
O,54,88,0101,800EA570,1883,4150,550,00000000,00000000,00000000,00000000,00000000,00000000,0,0,80349218,00000000,00000000,00000000
O,54,89,0101,800ED1F8,-1333,350,1116,00000000,00000000,00000000,00000000,00000000,00000000,0,0,80349478,00000000,00000000,00000000
O,54,90,0101,800EA570,-1101,6316,-685,00000000,00002000,00000000,00000000,00000000,00000000,0,0,803496D8,00000000,00000000,00000000
O,54,91,0101,800EB474,1077,-4822,638,00000000,00000000,00000000,00000000,00000000,00000000,0,0,80349938,00000000,00000000,00000000
O,54,92,0101,800EB474,1683,-4822,189,00000000,00000000,00000000,00000000,00000000,00000000,0,0,80349B98,00000000,00000000,00000000
O,54,93,0101,800EA8A8,0,20,-1700,00000000,00000000,00000000,00000000,00000000,00000000,0,0,80349DF8,00000000,00000000,00000000
O,54,94,0101,800ECFCC,-1020,1229,537,00000000,00000000,00000000,00000000,00000000,00000000,0,0,8034A058,00000000,00000000,00000000
O,54,95,0101,800EA570,2350,5600,2350,00000000,00002000,00000000,00000000,00000000,00000000,0,0,8034A2B8,00000000,00000000,00000000
O,54,96,0101,800EA570,0,4783,0,00000000,00000000,00000000,00000000,00000000,00000000,0,0,8034A518,00000000,00000000,00000000
O,54,97,0101,800EA570,-1140,-3720,-1620,00000000,00002000,00000000,00000000,00000000,00000000,0,0,8034A778,00000000,00000000,00000000
O,54,98,0101,800EA570,840,-2200,860,00000000,00002000,00000000,00000000,00000000,00000000,0,0,8034A9D8,00000000,00000000,00000000
O,54,99,0101,800E8C3C,-770,-3800,-440,00000000,00000000,00000000,00000000,00000000,00000000,0,0,8034AC38,00000000,00000000,00000000
O,54,100,0101,800E8C3C,-770,-3700,-440,00000000,00000000,00000000,00000000,00000000,00000000,0,0,8034AE98,00000000,00000000,00000000
O,54,101,0101,800EA570,280,-4920,1660,00000000,00000000,00000000,00000000,00000000,00000000,0,0,8034B0F8,00000000,00000000,00000000
O,54,102,0101,800EA570,1240,300,840,00000000,00002000,00000000,00000000,00000000,00000000,0,0,8034B358,00000000,00000000,00000000
O,54,103,0101,800EA570,520,300,1500,00000000,00002000,00000000,00000000,00000000,00000000,0,0,8034B5B8,00000000,00000000,00000000
O,54,104,0101,800EA570,-400,3600,1880,00000000,00000000,00000000,00000000,00000000,00000000,0,0,8034B818,00000000,00000000,00000000
O,54,105,0101,800EA570,-40,4160,-1280,00000000,00000000,00000000,00000000,00000000,00000000,0,0,8034BA78,00000000,00000000,00000000
O,54,106,0101,800EA570,-1160,2920,-840,00000000,00002000,00000000,00000000,00000000,00000000,0,0,8034BCD8,00000000,00000000,00000000
O,54,107,0101,800EA570,-780,6316,-1020,00000000,00002000,00000000,00000000,00000000,00000000,0,0,8034BF38,00000000,00000000,00000000
O,54,108,0101,800ECF5C,1313,6190,1313,00000000,00002000,00000000,00000000,00000000,00000000,0,0,8034C198,00000000,00000000,00000000
O,54,109,0101,800ECF5C,1851,-2488,-98,00000000,00000000,00000000,00000000,00000000,00000000,0,0,8034C3F8,00000000,00000000,00000000
O,54,110,0101,800EC18C,1815,-3200,800,00000000,00000000,00000000,00000000,00000000,00000000,0,0,8034C658,00000000,00000000,00000000
O,54,111,0101,800EC13C,-1050,2400,-790,00000000,00000000,00000000,00000000,00000000,00000000,0,0,8034C8B8,00000000,00000000,00000000
O,54,112,0101,800EC13C,2200,7300,2210,00000000,00000000,00000000,00000000,00000000,00000000,0,0,8034CB18,00000000,00000000,00000000
O,54,113,0101,800EC13C,-1300,-2250,-1300,00000000,00000000,00000000,00000000,00000000,00000000,0,0,8034CD78,00000000,00000000,00000000
O,54,114,0101,800EC13C,-1850,300,-950,00000000,00000000,00000000,00000000,00000000,00000000,0,0,8034CFD8,00000000,00000000,00000000
O,54,115,0101,800EC13C,-1450,-1130,-1050,00000000,00000000,00000000,00000000,00000000,00000000,0,0,8034D238,00000000,00000000,00000000
O,54,116,0101,800E8EAC,1919,6191,1919,00000000,FFFFA000,00000000,00000000,00000000,00000000,0,0,8034D498,00000000,00000000,00000000
O,54,117,0101,800E8464,-1080,-840,1573,00000000,00000000,00000000,00000000,00000000,00000000,0,0,8034D6F8,00000000,00000000,00000000
O,54,118,0101,800EB274,1417,-3822,-548,00000000,FFFFE0B6,00000000,00000000,00000000,00000000,0,0,8034D958,00000000,00000000,00000000
O,54,119,0101,800EB1C0,1417,-3822,-548,00000000,FFFFE0B6,00000000,00000000,00000000,00000000,0,0,8034DBB8,00000000,00000000,00000000
M,55,18,104965,3,00001924,0C400201,0,0,00000000,1417,-3822,-548,-1.39015019,0,1.4378742,2,-8010,-4822,20000,00000000,00000000,801693C0,8034D958,00000000,8034D958,00000000,8034DBB8,00000000,00000000,-1
O,55,0,0101,800ECEF0,-1032,-3291,1070,00000000,00002000,00000000,00000000,00000000,00000000,0,0,8033C118,00000000,00000000,00000000
O,55,1,0101,800ECEF0,-1881,1767,-446,00000000,00004000,00000000,00000000,00000000,00000000,0,0,8033C378,00000000,00000000,00000000
O,55,2,0101,800ECEF0,-1870,2068,362,00000000,00004000,00000000,00000000,00000000,00000000,0,0,8033C5D8,00000000,00000000,00000000
O,55,3,0101,800ECEF0,-770,-4361,-423,00000000,FFFFA000,00000000,00000000,00000000,00000000,0,0,8033C838,00000000,00000000,00000000
O,55,4,0101,800ECEF0,-1314,-3691,788,00000000,00006000,00000000,00000000,00000000,00000000,0,0,8033CA98,00000000,00000000,00000000
O,55,5,0101,800ECEF0,-1314,-2892,1353,00000000,00006000,00000000,00000000,00000000,00000000,0,0,8033CCF8,00000000,00000000,00000000
O,55,6,0101,800ECEF0,780,5767,-1027,00000000,FFFFE000,00000000,00000000,00000000,00000000,0,0,8033CF58,00000000,00000000,00000000
O,55,7,0101,800ECEF0,1063,5562,-744,00000000,FFFFE000,00000000,00000000,00000000,00000000,0,0,8033D1B8,00000000,00000000,00000000
O,55,8,0101,800ECF24,-1350,748,-1208,00000000,00002000,00000000,00000000,00000000,00000000,0,0,8033D418,00000000,00000000,00000000
O,55,9,0101,800ECF24,-690,901,-910,00000000,00002000,00000000,00000000,00000000,00000000,0,0,8033D678,00000000,00000000,00000000
O,55,10,0101,800ECF24,-1389,-3030,-1028,00000000,00002000,00000000,00000000,00000000,00000000,0,0,8033D8D8,00000000,00000000,00000000
O,55,11,0101,800ECF24,937,-3867,-1041,00000000,00002000,00000000,00000000,00000000,00000000,0,0,8033DB38,00000000,00000000,00000000
O,55,12,0101,800ECF5C,-139,-4408,-1056,00000000,00006000,00000000,00000000,00000000,00000000,0,0,8033DD98,00000000,00000000,00000000
O,55,13,0101,800ECF5C,618,3656,148,00000000,00004000,00000000,00000000,00000000,00000000,0,0,8033DFF8,00000000,00000000,00000000
O,55,14,0101,800ECF5C,963,3297,608,00000000,FFFFC000,00000000,00000000,00000000,00000000,0,0,8033E258,00000000,00000000,00000000
O,55,15,0101,800ECF5C,1306,2939,1069,00000000,00004000,00000000,00000000,00000000,00000000,0,0,8033E4B8,00000000,00000000,00000000
O,55,16,0101,800ECF5C,-1179,-1453,-792,00000000,FFFFE000,00000000,00000000,00000000,00000000,0,0,8033E718,00000000,00000000,00000000
O,55,17,0101,800ECF94,174,1248,2040,00000000,FFFF8000,00000000,00000000,00000000,00000000,0,0,8033E978,00000000,00000000,00000000
O,55,18,0101,800ECF94,-1321,1490,-1563,00000000,00002000,00000000,00000000,00000000,00000000,0,0,8033EBD8,00000000,00000000,00000000
O,55,19,0101,800ECF94,-1076,1730,-1808,00000000,00002000,00000000,00000000,00000000,00000000,0,0,8033EE38,00000000,00000000,00000000
O,55,20,0101,800ECF94,-1319,1970,-1564,00000000,00002000,00000000,00000000,00000000,00000000,0,0,8033F098,00000000,00000000,00000000
O,55,21,0101,800ECF94,-517,3175,2040,00000000,FFFF8000,00000000,00000000,00000000,00000000,0,0,8033F2F8,00000000,00000000,00000000
O,55,22,0101,800ECF94,-170,1248,2040,00000000,FFFF8000,00000000,00000000,00000000,00000000,0,0,8033F558,00000000,00000000,00000000
O,55,23,0101,800ECF94,-515,1248,2040,00000000,FFFF8000,00000000,00000000,00000000,00000000,0,0,8033F7B8,00000000,00000000,00000000
O,55,24,0101,800ECF94,-175,-1351,-2039,00000000,00000000,00000000,00000000,00000000,00000000,0,0,8033FA18,00000000,00000000,00000000
O,55,25,0101,800ECF94,-515,-2590,2040,00000000,FFFF8000,00000000,00000000,00000000,00000000,0,0,8033FC78,00000000,00000000,00000000
O,55,26,0101,800ECF94,518,3175,2040,00000000,FFFF8000,00000000,00000000,00000000,00000000,0,0,8033FED8,00000000,00000000,00000000
O,55,27,0101,800ECF94,-171,3175,2040,00000000,FFFF8000,00000000,00000000,00000000,00000000,0,0,80340138,00000000,00000000,00000000
O,55,28,0101,800ECF94,174,3175,2040,00000000,FFFF8000,00000000,00000000,00000000,00000000,0,0,80340398,00000000,00000000,00000000
O,55,29,0101,800ECFCC,1490,-2088,-873,00000000,00000000,00000000,00000000,00000000,00000000,0,0,803405F8,00000000,00000000,00000000
O,55,30,0101,800ECFCC,-708,-1606,-1589,00000000,00000000,00000000,00000000,00000000,00000000,0,0,80340858,00000000,00000000,00000000
O,55,31,0101,800ECFCC,954,-1627,-1448,00000000,00000000,00000000,00000000,00000000,00000000,0,0,80340AB8,00000000,00000000,00000000
O,55,32,0101,800ECFCC,1215,-1781,-1215,00000000,00000000,00000000,00000000,00000000,00000000,0,0,80340D18,00000000,00000000,00000000
O,55,33,0101,800ECFCC,1052,-1934,-769,00000000,00000000,00000000,00000000,00000000,00000000,0,0,80340F78,00000000,00000000,00000000
O,55,34,0101,800ECFCC,-620,1229,1233,00000000,FFFFA000,00000000,00000000,00000000,00000000,0,0,803411D8,00000000,00000000,00000000
O,55,35,0101,800ECFCC,1050,-19,-1037,00000000,FFFFE000,00000000,00000000,00000000,00000000,0,0,80341438,00000000,00000000,00000000
O,55,36,0101,800ECFF8,-1100,-71,-1030,00000000,FFFFE000,00000000,00000000,00000000,00000000,0,0,80341698,00000000,00000000,00000000
O,55,37,0101,800ED064,0,6011,0,00000000,FFFFA000,00000000,00000000,00000000,00000000,0,0,803418F8,00000000,00000000,00000000
O,55,38,0101,800ED064,0,-2487,0,00000000,00002000,00000000,00000000,00000000,00000000,0,0,80341B58,00000000,00000000,00000000
O,55,39,0101,800ED090,1102,-3619,1682,00000000,00006000,00000000,00000000,00000000,00000000,0,0,80341DB8,00000000,00000000,00000000
O,55,40,0101,800ED090,424,-3312,1959,00000000,00004000,00000000,00000000,00000000,00000000,0,0,80342018,00000000,00000000,00000000
O,55,41,0101,800ED090,1102,-3004,1682,00000000,00006000,00000000,00000000,00000000,00000000,0,0,80342278,00000000,00000000,00000000
O,55,42,0101,800ED090,1584,-2697,1200,00000000,00006000,00000000,00000000,00000000,00000000,0,0,803424D8,00000000,00000000,00000000
O,55,43,0101,800ED090,1582,-3619,1203,00000000,00006000,00000000,00000000,00000000,00000000,0,0,80342738,00000000,00000000,00000000
O,55,44,0101,800ED090,-762,4347,1047,00000000,00006000,00000000,00000000,00000000,00000000,0,0,80342998,00000000,00000000,00000000
O,55,45,0101,800ED090,424,-3926,1959,00000000,00004000,00000000,00000000,00000000,00000000,0,0,80342BF8,00000000,00000000,00000000
O,55,46,0101,800ED090,1102,-4233,1682,00000000,00006000,00000000,00000000,00000000,00000000,0,0,80342E58,00000000,00000000,00000000
O,55,47,0101,800ED090,1102,-4848,1682,00000000,00006000,00000000,00000000,00000000,00000000,0,0,803430B8,00000000,00000000,00000000
O,55,48,0101,800ED090,424,-4540,1959,00000000,00004000,00000000,00000000,00000000,00000000,0,0,80343318,00000000,00000000,00000000
O,55,49,0101,800ED090,-1037,4244,772,00000000,FFFFE000,00000000,00000000,00000000,00000000,0,0,80343578,00000000,00000000,00000000
O,55,50,0101,800ED090,1828,3835,-50,00000000,00000000,00000000,00000000,00000000,00000000,0,0,803437D8,00000000,00000000,00000000
O,55,51,0101,800ED090,1459,3835,-357,00000000,00000000,00000000,00000000,00000000,00000000,0,0,80343A38,00000000,00000000,00000000
O,55,52,0101,800ED090,1091,3835,-665,00000000,00000000,00000000,00000000,00000000,00000000,0,0,80343C98,00000000,00000000,00000000
O,55,53,0101,800ED064,1580,-4854,-825,00000000,00000000,00000000,00000000,00000000,00000000,0,0,80343EF8,00000000,00000000,00000000
O,55,54,0101,800ED064,-1692,1022,-1157,00000000,00000000,00000000,00000000,00000000,00000000,0,0,80344158,00000000,00000000,00000000
O,55,55,0101,800ED064,2098,7007,2243,00000000,00000000,00000000,00000000,00000000,00000000,0,0,803443B8,00000000,00000000,00000000
O,55,56,0101,800ED064,1801,-4843,-731,00000000,00000000,00000000,00000000,00000000,00000000,0,0,80344618,00000000,00000000,00000000
O,55,57,0101,800ED064,-1477,1044,-1088,00000000,00000000,00000000,00000000,00000000,00000000,0,0,80344878,00000000,00000000,00000000
O,55,58,0101,800ED064,2268,7030,2227,00000000,00000000,00000000,00000000,00000000,00000000,0,0,80344AD8,00000000,00000000,00000000
O,55,59,0101,800EC1AC,800,-4400,1900,00000000,00000000,00000000,00000000,00000000,00000000,0,0,80344D38,00000000,00000000,00000000
O,55,60,0101,800EC1AC,800,-3700,1900,00000000,00000000,00000000,00000000,00000000,00000000,0,0,80344F98,00000000,00000000,00000000
O,55,61,0101,800EC1AC,800,-3000,1900,00000000,00000000,00000000,00000000,00000000,00000000,0,0,803451F8,00000000,00000000,00000000
O,55,62,0101,800EC1AC,1780,-3300,1000,00000000,00000000,00000000,00000000,00000000,00000000,0,0,80345458,00000000,00000000,00000000
O,55,63,0101,800EC1AC,1388,-3300,1428,00000000,00000000,00000000,00000000,00000000,00000000,0,0,803456B8,00000000,00000000,00000000
O,55,64,0101,800EC1AC,200,-3000,2000,00000000,00000000,00000000,00000000,00000000,00000000,0,0,80345918,00000000,00000000,00000000
O,55,65,0101,800EC1AC,200,-3700,2000,00000000,00000000,00000000,00000000,00000000,00000000,0,0,80345B78,00000000,00000000,00000000
O,55,66,0101,800EC1AC,200,-4400,2000,00000000,00000000,00000000,00000000,00000000,00000000,0,0,80345DD8,00000000,00000000,00000000
O,55,67,0101,800EC4A4,-1080,90,1575,00000000,00000000,00000000,00000000,00000000,00000000,0,0,80346038,00000000,00000000,00000000
O,55,68,0101,800ED028,-1179,445,1413,00000000,00002000,00000000,00000000,00000000,00000000,0,0,80346298,00000000,00000000,00000000
O,55,69,0101,800ED028,-1524,-1454,1129,00000000,FFFFE000,00000000,00000000,00000000,00000000,0,0,803464F8,00000000,00000000,00000000
O,55,70,0101,800EB688,-980,-700,1450,00000000,00000000,00000000,00000000,00000000,00000000,0,0,80346758,00000000,00000000,00000000
O,55,71,0101,800EA888,-1203,-19,-170,00000000,00002000,00000000,00000000,00000000,00000000,0,0,803469B8,00000000,00000000,00000000
O,55,72,0101,800EA8A8,0,20,-1400,00000000,00000000,00000000,00000000,00000000,00000000,0,0,80346C18,00000000,00000000,00000000
O,55,73,0101,800EA8A8,-250,20,-1700,00000000,00000000,00000000,00000000,00000000,00000000,0,0,80346E78,00000000,00000000,00000000
O,55,74,0101,800EA8A8,250,20,-1700,00000000,00000000,00000000,00000000,00000000,00000000,0,0,803470D8,00000000,00000000,00000000
O,55,75,0101,800EA8A8,0,20,-2000,00000000,00000000,00000000,00000000,00000000,00000000,0,0,80347338,00000000,00000000,00000000
O,55,76,0101,800EA8A8,500,20,-2000,00000000,00000000,00000000,00000000,00000000,00000000,0,0,80347598,00000000,00000000,00000000
O,55,77,0101,800EA8A8,-500,20,-2000,00000000,00000000,00000000,00000000,00000000,00000000,0,0,803477F8,00000000,00000000,00000000
O,55,78,0101,800E9868,880,-19,1160,00000000,00000000,00000000,00000000,00000000,00000000,0,0,80347A58,00000000,00000000,00000000
O,55,79,0101,800ED48C,800,-2460,160,00000000,00000000,00000000,00000000,00000000,00000000,0,0,80347CB8,00000000,00000000,00000000
O,55,80,0101,800E8C0C,-1120,-820,1320,00000000,00002000,00000000,00000000,00000000,00000000,0,0,80347F18,00000000,00000000,00000000
O,55,81,0101,800ED48C,-571,6020,-1414,00000000,00000000,00000000,00000000,00000000,00000000,0,0,80348178,00000000,00000000,00000000
O,55,82,0101,800ED1F8,620,-5150,1540,00000000,00000000,00000000,00000000,00000000,00000000,0,0,803483D8,00000000,00000000,00000000
O,55,83,0101,800EC424,-520,1351,1919,00000000,00000000,00000000,00000000,00000000,00000000,0,0,80348638,00000000,00000000,00000000
O,55,84,0101,800EC424,-165,1351,1919,00000000,00000000,00000000,00000000,00000000,00000000,0,0,80348898,00000000,00000000,00000000
O,55,85,0101,800EC424,182,1351,1919,00000000,00000000,00000000,00000000,00000000,00000000,0,0,80348AF8,00000000,00000000,00000000
O,55,86,0101,800EC3EC,657,1368,1879,00000000,00000000,00000000,00000000,00000000,00000000,0,0,80348D58,00000000,00000000,00000000
O,55,87,0101,800EB688,-700,-2350,-700,00000000,00000000,00000000,00000000,00000000,00000000,0,0,80348FB8,00000000,00000000,00000000
O,55,88,0101,800EA570,1883,4150,550,00000000,00000000,00000000,00000000,00000000,00000000,0,0,80349218,00000000,00000000,00000000
O,55,89,0101,800ED1F8,-1333,350,1116,00000000,00000000,00000000,00000000,00000000,00000000,0,0,80349478,00000000,00000000,00000000
O,55,90,0101,800EA570,-1101,6316,-685,00000000,00002000,00000000,00000000,00000000,00000000,0,0,803496D8,00000000,00000000,00000000
O,55,91,0101,800EB474,1077,-4822,638,00000000,00000000,00000000,00000000,00000000,00000000,0,0,80349938,00000000,00000000,00000000
O,55,92,0101,800EB474,1683,-4822,189,00000000,00000000,00000000,00000000,00000000,00000000,0,0,80349B98,00000000,00000000,00000000
O,55,93,0101,800EA8A8,0,20,-1700,00000000,00000000,00000000,00000000,00000000,00000000,0,0,80349DF8,00000000,00000000,00000000
O,55,94,0101,800ECFCC,-1020,1229,537,00000000,00000000,00000000,00000000,00000000,00000000,0,0,8034A058,00000000,00000000,00000000
O,55,95,0101,800EA570,2350,5600,2350,00000000,00002000,00000000,00000000,00000000,00000000,0,0,8034A2B8,00000000,00000000,00000000
O,55,96,0101,800EA570,0,4783,0,00000000,00000000,00000000,00000000,00000000,00000000,0,0,8034A518,00000000,00000000,00000000
O,55,97,0101,800EA570,-1140,-3720,-1620,00000000,00002000,00000000,00000000,00000000,00000000,0,0,8034A778,00000000,00000000,00000000
O,55,98,0101,800EA570,840,-2200,860,00000000,00002000,00000000,00000000,00000000,00000000,0,0,8034A9D8,00000000,00000000,00000000
O,55,99,0101,800E8C3C,-770,-3800,-440,00000000,00000000,00000000,00000000,00000000,00000000,0,0,8034AC38,00000000,00000000,00000000
O,55,100,0101,800E8C3C,-770,-3700,-440,00000000,00000000,00000000,00000000,00000000,00000000,0,0,8034AE98,00000000,00000000,00000000
O,55,101,0101,800EA570,280,-4920,1660,00000000,00000000,00000000,00000000,00000000,00000000,0,0,8034B0F8,00000000,00000000,00000000
O,55,102,0101,800EA570,1240,300,840,00000000,00002000,00000000,00000000,00000000,00000000,0,0,8034B358,00000000,00000000,00000000
O,55,103,0101,800EA570,520,300,1500,00000000,00002000,00000000,00000000,00000000,00000000,0,0,8034B5B8,00000000,00000000,00000000
O,55,104,0101,800EA570,-400,3600,1880,00000000,00000000,00000000,00000000,00000000,00000000,0,0,8034B818,00000000,00000000,00000000
O,55,105,0101,800EA570,-40,4160,-1280,00000000,00000000,00000000,00000000,00000000,00000000,0,0,8034BA78,00000000,00000000,00000000
O,55,106,0101,800EA570,-1160,2920,-840,00000000,00002000,00000000,00000000,00000000,00000000,0,0,8034BCD8,00000000,00000000,00000000
O,55,107,0101,800EA570,-780,6316,-1020,00000000,00002000,00000000,00000000,00000000,00000000,0,0,8034BF38,00000000,00000000,00000000
O,55,108,0101,800ECF5C,1313,6190,1313,00000000,00002000,00000000,00000000,00000000,00000000,0,0,8034C198,00000000,00000000,00000000
O,55,109,0101,800ECF5C,1851,-2488,-98,00000000,00000000,00000000,00000000,00000000,00000000,0,0,8034C3F8,00000000,00000000,00000000
O,55,110,0101,800EC18C,1815,-3200,800,00000000,00000000,00000000,00000000,00000000,00000000,0,0,8034C658,00000000,00000000,00000000
O,55,111,0101,800EC13C,-1050,2400,-790,00000000,00000000,00000000,00000000,00000000,00000000,0,0,8034C8B8,00000000,00000000,00000000
O,55,112,0101,800EC13C,2200,7300,2210,00000000,00000000,00000000,00000000,00000000,00000000,0,0,8034CB18,00000000,00000000,00000000
O,55,113,0101,800EC13C,-1300,-2250,-1300,00000000,00000000,00000000,00000000,00000000,00000000,0,0,8034CD78,00000000,00000000,00000000
O,55,114,0101,800EC13C,-1850,300,-950,00000000,00000000,00000000,00000000,00000000,00000000,0,0,8034CFD8,00000000,00000000,00000000
O,55,115,0101,800EC13C,-1450,-1130,-1050,00000000,00000000,00000000,00000000,00000000,00000000,0,0,8034D238,00000000,00000000,00000000
O,55,116,0101,800E8EAC,1919,6191,1919,00000000,FFFFA000,00000000,00000000,00000000,00000000,0,0,8034D498,00000000,00000000,00000000
O,55,117,0101,800E8464,-1080,-840,1573,00000000,00000000,00000000,00000000,00000000,00000000,0,0,8034D6F8,00000000,00000000,00000000
O,55,118,0101,800EB274,1417,-3822,-548,00000000,FFFFE0B6,00000000,00000000,00000000,00000000,0,0,8034D958,00000000,00000000,00000000
O,55,119,0101,800EB1C0,1417,-3822,-548,00000000,FFFFE0B6,00000000,00000000,00000000,00000000,0,0,8034DBB8,00000000,00000000,00000000
M,56,18,104965,3,00001924,0C400201,0,0,00000000,1417,-3822,-548,-1.39015019,0,1.4378742,2,-8010,-4822,20000,00000000,00000000,801693C0,8034D958,00000000,8034D958,00000000,8034DBB8,00000000,00000000,-1
O,56,0,0101,800ECEF0,-1032,-3291,1070,00000000,00002000,00000000,00000000,00000000,00000000,0,0,8033C118,00000000,00000000,00000000
O,56,1,0101,800ECEF0,-1881,1767,-446,00000000,00004000,00000000,00000000,00000000,00000000,0,0,8033C378,00000000,00000000,00000000
O,56,2,0101,800ECEF0,-1870,2068,362,00000000,00004000,00000000,00000000,00000000,00000000,0,0,8033C5D8,00000000,00000000,00000000
O,56,3,0101,800ECEF0,-770,-4361,-423,00000000,FFFFA000,00000000,00000000,00000000,00000000,0,0,8033C838,00000000,00000000,00000000
O,56,4,0101,800ECEF0,-1314,-3691,788,00000000,00006000,00000000,00000000,00000000,00000000,0,0,8033CA98,00000000,00000000,00000000
O,56,5,0101,800ECEF0,-1314,-2892,1353,00000000,00006000,00000000,00000000,00000000,00000000,0,0,8033CCF8,00000000,00000000,00000000
O,56,6,0101,800ECEF0,780,5767,-1027,00000000,FFFFE000,00000000,00000000,00000000,00000000,0,0,8033CF58,00000000,00000000,00000000
O,56,7,0101,800ECEF0,1063,5562,-744,00000000,FFFFE000,00000000,00000000,00000000,00000000,0,0,8033D1B8,00000000,00000000,00000000
O,56,8,0101,800ECF24,-1350,748,-1208,00000000,00002000,00000000,00000000,00000000,00000000,0,0,8033D418,00000000,00000000,00000000
O,56,9,0101,800ECF24,-690,901,-910,00000000,00002000,00000000,00000000,00000000,00000000,0,0,8033D678,00000000,00000000,00000000
O,56,10,0101,800ECF24,-1389,-3030,-1028,00000000,00002000,00000000,00000000,00000000,00000000,0,0,8033D8D8,00000000,00000000,00000000
O,56,11,0101,800ECF24,937,-3867,-1041,00000000,00002000,00000000,00000000,00000000,00000000,0,0,8033DB38,00000000,00000000,00000000
O,56,12,0101,800ECF5C,-139,-4408,-1056,00000000,00006000,00000000,00000000,00000000,00000000,0,0,8033DD98,00000000,00000000,00000000
O,56,13,0101,800ECF5C,618,3656,148,00000000,00004000,00000000,00000000,00000000,00000000,0,0,8033DFF8,00000000,00000000,00000000
O,56,14,0101,800ECF5C,963,3297,608,00000000,FFFFC000,00000000,00000000,00000000,00000000,0,0,8033E258,00000000,00000000,00000000
O,56,15,0101,800ECF5C,1306,2939,1069,00000000,00004000,00000000,00000000,00000000,00000000,0,0,8033E4B8,00000000,00000000,00000000
O,56,16,0101,800ECF5C,-1179,-1453,-792,00000000,FFFFE000,00000000,00000000,00000000,00000000,0,0,8033E718,00000000,00000000,00000000
O,56,17,0101,800ECF94,174,1248,2040,00000000,FFFF8000,00000000,00000000,00000000,00000000,0,0,8033E978,00000000,00000000,00000000
O,56,18,0101,800ECF94,-1321,1490,-1563,00000000,00002000,00000000,00000000,00000000,00000000,0,0,8033EBD8,00000000,00000000,00000000
O,56,19,0101,800ECF94,-1076,1730,-1808,00000000,00002000,00000000,00000000,00000000,00000000,0,0,8033EE38,00000000,00000000,00000000
O,56,20,0101,800ECF94,-1319,1970,-1564,00000000,00002000,00000000,00000000,00000000,00000000,0,0,8033F098,00000000,00000000,00000000
O,56,21,0101,800ECF94,-517,3175,2040,00000000,FFFF8000,00000000,00000000,00000000,00000000,0,0,8033F2F8,00000000,00000000,00000000
O,56,22,0101,800ECF94,-170,1248,2040,00000000,FFFF8000,00000000,00000000,00000000,00000000,0,0,8033F558,00000000,00000000,00000000
O,56,23,0101,800ECF94,-515,1248,2040,00000000,FFFF8000,00000000,00000000,00000000,00000000,0,0,8033F7B8,00000000,00000000,00000000
O,56,24,0101,800ECF94,-175,-1351,-2039,00000000,00000000,00000000,00000000,00000000,00000000,0,0,8033FA18,00000000,00000000,00000000
O,56,25,0101,800ECF94,-515,-2590,2040,00000000,FFFF8000,00000000,00000000,00000000,00000000,0,0,8033FC78,00000000,00000000,00000000
O,56,26,0101,800ECF94,518,3175,2040,00000000,FFFF8000,00000000,00000000,00000000,00000000,0,0,8033FED8,00000000,00000000,00000000
O,56,27,0101,800ECF94,-171,3175,2040,00000000,FFFF8000,00000000,00000000,00000000,00000000,0,0,80340138,00000000,00000000,00000000
O,56,28,0101,800ECF94,174,3175,2040,00000000,FFFF8000,00000000,00000000,00000000,00000000,0,0,80340398,00000000,00000000,00000000
O,56,29,0101,800ECFCC,1490,-2088,-873,00000000,00000000,00000000,00000000,00000000,00000000,0,0,803405F8,00000000,00000000,00000000
O,56,30,0101,800ECFCC,-708,-1606,-1589,00000000,00000000,00000000,00000000,00000000,00000000,0,0,80340858,00000000,00000000,00000000
O,56,31,0101,800ECFCC,954,-1627,-1448,00000000,00000000,00000000,00000000,00000000,00000000,0,0,80340AB8,00000000,00000000,00000000
O,56,32,0101,800ECFCC,1215,-1781,-1215,00000000,00000000,00000000,00000000,00000000,00000000,0,0,80340D18,00000000,00000000,00000000
O,56,33,0101,800ECFCC,1052,-1934,-769,00000000,00000000,00000000,00000000,00000000,00000000,0,0,80340F78,00000000,00000000,00000000
O,56,34,0101,800ECFCC,-620,1229,1233,00000000,FFFFA000,00000000,00000000,00000000,00000000,0,0,803411D8,00000000,00000000,00000000
O,56,35,0101,800ECFCC,1050,-19,-1037,00000000,FFFFE000,00000000,00000000,00000000,00000000,0,0,80341438,00000000,00000000,00000000
O,56,36,0101,800ECFF8,-1100,-71,-1030,00000000,FFFFE000,00000000,00000000,00000000,00000000,0,0,80341698,00000000,00000000,00000000
O,56,37,0101,800ED064,0,6011,0,00000000,FFFFA000,00000000,00000000,00000000,00000000,0,0,803418F8,00000000,00000000,00000000
O,56,38,0101,800ED064,0,-2487,0,00000000,00002000,00000000,00000000,00000000,00000000,0,0,80341B58,00000000,00000000,00000000
O,56,39,0101,800ED090,1102,-3619,1682,00000000,00006000,00000000,00000000,00000000,00000000,0,0,80341DB8,00000000,00000000,00000000
O,56,40,0101,800ED090,424,-3312,1959,00000000,00004000,00000000,00000000,00000000,00000000,0,0,80342018,00000000,00000000,00000000
O,56,41,0101,800ED090,1102,-3004,1682,00000000,00006000,00000000,00000000,00000000,00000000,0,0,80342278,00000000,00000000,00000000
O,56,42,0101,800ED090,1584,-2697,1200,00000000,00006000,00000000,00000000,00000000,00000000,0,0,803424D8,00000000,00000000,00000000
O,56,43,0101,800ED090,1582,-3619,1203,00000000,00006000,00000000,00000000,00000000,00000000,0,0,80342738,00000000,00000000,00000000
O,56,44,0101,800ED090,-762,4347,1047,00000000,00006000,00000000,00000000,00000000,00000000,0,0,80342998,00000000,00000000,00000000
O,56,45,0101,800ED090,424,-3926,1959,00000000,00004000,00000000,00000000,00000000,00000000,0,0,80342BF8,00000000,00000000,00000000
O,56,46,0101,800ED090,1102,-4233,1682,00000000,00006000,00000000,00000000,00000000,00000000,0,0,80342E58,00000000,00000000,00000000
O,56,47,0101,800ED090,1102,-4848,1682,00000000,00006000,00000000,00000000,00000000,00000000,0,0,803430B8,00000000,00000000,00000000
O,56,48,0101,800ED090,424,-4540,1959,00000000,00004000,00000000,00000000,00000000,00000000,0,0,80343318,00000000,00000000,00000000
O,56,49,0101,800ED090,-1037,4244,772,00000000,FFFFE000,00000000,00000000,00000000,00000000,0,0,80343578,00000000,00000000,00000000
O,56,50,0101,800ED090,1828,3835,-50,00000000,00000000,00000000,00000000,00000000,00000000,0,0,803437D8,00000000,00000000,00000000
O,56,51,0101,800ED090,1459,3835,-357,00000000,00000000,00000000,00000000,00000000,00000000,0,0,80343A38,00000000,00000000,00000000
O,56,52,0101,800ED090,1091,3835,-665,00000000,00000000,00000000,00000000,00000000,00000000,0,0,80343C98,00000000,00000000,00000000
O,56,53,0101,800ED064,1580,-4854,-825,00000000,00000000,00000000,00000000,00000000,00000000,0,0,80343EF8,00000000,00000000,00000000
O,56,54,0101,800ED064,-1692,1022,-1157,00000000,00000000,00000000,00000000,00000000,00000000,0,0,80344158,00000000,00000000,00000000
O,56,55,0101,800ED064,2098,7007,2243,00000000,00000000,00000000,00000000,00000000,00000000,0,0,803443B8,00000000,00000000,00000000
O,56,56,0101,800ED064,1801,-4843,-731,00000000,00000000,00000000,00000000,00000000,00000000,0,0,80344618,00000000,00000000,00000000
O,56,57,0101,800ED064,-1477,1044,-1088,00000000,00000000,00000000,00000000,00000000,00000000,0,0,80344878,00000000,00000000,00000000
O,56,58,0101,800ED064,2268,7030,2227,00000000,00000000,00000000,00000000,00000000,00000000,0,0,80344AD8,00000000,00000000,00000000
O,56,59,0101,800EC1AC,800,-4400,1900,00000000,00000000,00000000,00000000,00000000,00000000,0,0,80344D38,00000000,00000000,00000000
O,56,60,0101,800EC1AC,800,-3700,1900,00000000,00000000,00000000,00000000,00000000,00000000,0,0,80344F98,00000000,00000000,00000000
O,56,61,0101,800EC1AC,800,-3000,1900,00000000,00000000,00000000,00000000,00000000,00000000,0,0,803451F8,00000000,00000000,00000000
O,56,62,0101,800EC1AC,1780,-3300,1000,00000000,00000000,00000000,00000000,00000000,00000000,0,0,80345458,00000000,00000000,00000000
O,56,63,0101,800EC1AC,1388,-3300,1428,00000000,00000000,00000000,00000000,00000000,00000000,0,0,803456B8,00000000,00000000,00000000
O,56,64,0101,800EC1AC,200,-3000,2000,00000000,00000000,00000000,00000000,00000000,00000000,0,0,80345918,00000000,00000000,00000000
O,56,65,0101,800EC1AC,200,-3700,2000,00000000,00000000,00000000,00000000,00000000,00000000,0,0,80345B78,00000000,00000000,00000000
O,56,66,0101,800EC1AC,200,-4400,2000,00000000,00000000,00000000,00000000,00000000,00000000,0,0,80345DD8,00000000,00000000,00000000
O,56,67,0101,800EC4A4,-1080,90,1575,00000000,00000000,00000000,00000000,00000000,00000000,0,0,80346038,00000000,00000000,00000000
O,56,68,0101,800ED028,-1179,445,1413,00000000,00002000,00000000,00000000,00000000,00000000,0,0,80346298,00000000,00000000,00000000
O,56,69,0101,800ED028,-1524,-1454,1129,00000000,FFFFE000,00000000,00000000,00000000,00000000,0,0,803464F8,00000000,00000000,00000000
O,56,70,0101,800EB688,-980,-700,1450,00000000,00000000,00000000,00000000,00000000,00000000,0,0,80346758,00000000,00000000,00000000
O,56,71,0101,800EA888,-1203,-19,-170,00000000,00002000,00000000,00000000,00000000,00000000,0,0,803469B8,00000000,00000000,00000000
O,56,72,0101,800EA8A8,0,20,-1400,00000000,00000000,00000000,00000000,00000000,00000000,0,0,80346C18,00000000,00000000,00000000
O,56,73,0101,800EA8A8,-250,20,-1700,00000000,00000000,00000000,00000000,00000000,00000000,0,0,80346E78,00000000,00000000,00000000
O,56,74,0101,800EA8A8,250,20,-1700,00000000,00000000,00000000,00000000,00000000,00000000,0,0,803470D8,00000000,00000000,00000000
O,56,75,0101,800EA8A8,0,20,-2000,00000000,00000000,00000000,00000000,00000000,00000000,0,0,80347338,00000000,00000000,00000000
O,56,76,0101,800EA8A8,500,20,-2000,00000000,00000000,00000000,00000000,00000000,00000000,0,0,80347598,00000000,00000000,00000000
O,56,77,0101,800EA8A8,-500,20,-2000,00000000,00000000,00000000,00000000,00000000,00000000,0,0,803477F8,00000000,00000000,00000000
O,56,78,0101,800E9868,880,-19,1160,00000000,00000000,00000000,00000000,00000000,00000000,0,0,80347A58,00000000,00000000,00000000
O,56,79,0101,800ED48C,800,-2460,160,00000000,00000000,00000000,00000000,00000000,00000000,0,0,80347CB8,00000000,00000000,00000000
O,56,80,0101,800E8C0C,-1120,-820,1320,00000000,00002000,00000000,00000000,00000000,00000000,0,0,80347F18,00000000,00000000,00000000
O,56,81,0101,800ED48C,-571,6020,-1414,00000000,00000000,00000000,00000000,00000000,00000000,0,0,80348178,00000000,00000000,00000000
O,56,82,0101,800ED1F8,620,-5150,1540,00000000,00000000,00000000,00000000,00000000,00000000,0,0,803483D8,00000000,00000000,00000000
O,56,83,0101,800EC424,-520,1351,1919,00000000,00000000,00000000,00000000,00000000,00000000,0,0,80348638,00000000,00000000,00000000
O,56,84,0101,800EC424,-165,1351,1919,00000000,00000000,00000000,00000000,00000000,00000000,0,0,80348898,00000000,00000000,00000000
O,56,85,0101,800EC424,182,1351,1919,00000000,00000000,00000000,00000000,00000000,00000000,0,0,80348AF8,00000000,00000000,00000000
O,56,86,0101,800EC3EC,657,1368,1879,00000000,00000000,00000000,00000000,00000000,00000000,0,0,80348D58,00000000,00000000,00000000
O,56,87,0101,800EB688,-700,-2350,-700,00000000,00000000,00000000,00000000,00000000,00000000,0,0,80348FB8,00000000,00000000,00000000
O,56,88,0101,800EA570,1883,4150,550,00000000,00000000,00000000,00000000,00000000,00000000,0,0,80349218,00000000,00000000,00000000
O,56,89,0101,800ED1F8,-1333,350,1116,00000000,00000000,00000000,00000000,00000000,00000000,0,0,80349478,00000000,00000000,00000000
O,56,90,0101,800EA570,-1101,6316,-685,00000000,00002000,00000000,00000000,00000000,00000000,0,0,803496D8,00000000,00000000,00000000
O,56,91,0101,800EB474,1077,-4822,638,00000000,00000000,00000000,00000000,00000000,00000000,0,0,80349938,00000000,00000000,00000000
O,56,92,0101,800EB474,1683,-4822,189,00000000,00000000,00000000,00000000,00000000,00000000,0,0,80349B98,00000000,00000000,00000000
O,56,93,0101,800EA8A8,0,20,-1700,00000000,00000000,00000000,00000000,00000000,00000000,0,0,80349DF8,00000000,00000000,00000000
O,56,94,0101,800ECFCC,-1020,1229,537,00000000,00000000,00000000,00000000,00000000,00000000,0,0,8034A058,00000000,00000000,00000000
O,56,95,0101,800EA570,2350,5600,2350,00000000,00002000,00000000,00000000,00000000,00000000,0,0,8034A2B8,00000000,00000000,00000000
O,56,96,0101,800EA570,0,4783,0,00000000,00000000,00000000,00000000,00000000,00000000,0,0,8034A518,00000000,00000000,00000000
O,56,97,0101,800EA570,-1140,-3720,-1620,00000000,00002000,00000000,00000000,00000000,00000000,0,0,8034A778,00000000,00000000,00000000
O,56,98,0101,800EA570,840,-2200,860,00000000,00002000,00000000,00000000,00000000,00000000,0,0,8034A9D8,00000000,00000000,00000000
O,56,99,0101,800E8C3C,-770,-3800,-440,00000000,00000000,00000000,00000000,00000000,00000000,0,0,8034AC38,00000000,00000000,00000000
O,56,100,0101,800E8C3C,-770,-3700,-440,00000000,00000000,00000000,00000000,00000000,00000000,0,0,8034AE98,00000000,00000000,00000000
O,56,101,0101,800EA570,280,-4920,1660,00000000,00000000,00000000,00000000,00000000,00000000,0,0,8034B0F8,00000000,00000000,00000000
O,56,102,0101,800EA570,1240,300,840,00000000,00002000,00000000,00000000,00000000,00000000,0,0,8034B358,00000000,00000000,00000000
O,56,103,0101,800EA570,520,300,1500,00000000,00002000,00000000,00000000,00000000,00000000,0,0,8034B5B8,00000000,00000000,00000000
O,56,104,0101,800EA570,-400,3600,1880,00000000,00000000,00000000,00000000,00000000,00000000,0,0,8034B818,00000000,00000000,00000000
O,56,105,0101,800EA570,-40,4160,-1280,00000000,00000000,00000000,00000000,00000000,00000000,0,0,8034BA78,00000000,00000000,00000000
O,56,106,0101,800EA570,-1160,2920,-840,00000000,00002000,00000000,00000000,00000000,00000000,0,0,8034BCD8,00000000,00000000,00000000
O,56,107,0101,800EA570,-780,6316,-1020,00000000,00002000,00000000,00000000,00000000,00000000,0,0,8034BF38,00000000,00000000,00000000
O,56,108,0101,800ECF5C,1313,6190,1313,00000000,00002000,00000000,00000000,00000000,00000000,0,0,8034C198,00000000,00000000,00000000
O,56,109,0101,800ECF5C,1851,-2488,-98,00000000,00000000,00000000,00000000,00000000,00000000,0,0,8034C3F8,00000000,00000000,00000000
O,56,110,0101,800EC18C,1815,-3200,800,00000000,00000000,00000000,00000000,00000000,00000000,0,0,8034C658,00000000,00000000,00000000
O,56,111,0101,800EC13C,-1050,2400,-790,00000000,00000000,00000000,00000000,00000000,00000000,0,0,8034C8B8,00000000,00000000,00000000
O,56,112,0101,800EC13C,2200,7300,2210,00000000,00000000,00000000,00000000,00000000,00000000,0,0,8034CB18,00000000,00000000,00000000
O,56,113,0101,800EC13C,-1300,-2250,-1300,00000000,00000000,00000000,00000000,00000000,00000000,0,0,8034CD78,00000000,00000000,00000000
O,56,114,0101,800EC13C,-1850,300,-950,00000000,00000000,00000000,00000000,00000000,00000000,0,0,8034CFD8,00000000,00000000,00000000
O,56,115,0101,800EC13C,-1450,-1130,-1050,00000000,00000000,00000000,00000000,00000000,00000000,0,0,8034D238,00000000,00000000,00000000
O,56,116,0101,800E8EAC,1919,6191,1919,00000000,FFFFA000,00000000,00000000,00000000,00000000,0,0,8034D498,00000000,00000000,00000000
O,56,117,0101,800E8464,-1080,-840,1573,00000000,00000000,00000000,00000000,00000000,00000000,0,0,8034D6F8,00000000,00000000,00000000
O,56,118,0101,800EB274,1417,-3822,-548,00000000,FFFFE0B6,00000000,00000000,00000000,00000000,0,0,8034D958,00000000,00000000,00000000
O,56,119,0101,800EB1C0,1417,-3822,-548,00000000,FFFFE0B6,00000000,00000000,00000000,00000000,0,0,8034DBB8,00000000,00000000,00000000
M,57,18,104965,3,00001924,0C400201,0,0,00000000,1417,-3822,-548,-1.39015019,0,1.4378742,2,-8010,-4822,20000,00000000,00000000,801693C0,8034D958,00000000,8034D958,00000000,8034DBB8,00000000,00000000,-1
O,57,0,0101,800ECEF0,-1032,-3291,1070,00000000,00002000,00000000,00000000,00000000,00000000,0,0,8033C118,00000000,00000000,00000000
O,57,1,0101,800ECEF0,-1881,1767,-446,00000000,00004000,00000000,00000000,00000000,00000000,0,0,8033C378,00000000,00000000,00000000
O,57,2,0101,800ECEF0,-1870,2068,362,00000000,00004000,00000000,00000000,00000000,00000000,0,0,8033C5D8,00000000,00000000,00000000
O,57,3,0101,800ECEF0,-770,-4361,-423,00000000,FFFFA000,00000000,00000000,00000000,00000000,0,0,8033C838,00000000,00000000,00000000
O,57,4,0101,800ECEF0,-1314,-3691,788,00000000,00006000,00000000,00000000,00000000,00000000,0,0,8033CA98,00000000,00000000,00000000
O,57,5,0101,800ECEF0,-1314,-2892,1353,00000000,00006000,00000000,00000000,00000000,00000000,0,0,8033CCF8,00000000,00000000,00000000
O,57,6,0101,800ECEF0,780,5767,-1027,00000000,FFFFE000,00000000,00000000,00000000,00000000,0,0,8033CF58,00000000,00000000,00000000
O,57,7,0101,800ECEF0,1063,5562,-744,00000000,FFFFE000,00000000,00000000,00000000,00000000,0,0,8033D1B8,00000000,00000000,00000000
O,57,8,0101,800ECF24,-1350,748,-1208,00000000,00002000,00000000,00000000,00000000,00000000,0,0,8033D418,00000000,00000000,00000000
O,57,9,0101,800ECF24,-690,901,-910,00000000,00002000,00000000,00000000,00000000,00000000,0,0,8033D678,00000000,00000000,00000000
O,57,10,0101,800ECF24,-1389,-3030,-1028,00000000,00002000,00000000,00000000,00000000,00000000,0,0,8033D8D8,00000000,00000000,00000000
O,57,11,0101,800ECF24,937,-3867,-1041,00000000,00002000,00000000,00000000,00000000,00000000,0,0,8033DB38,00000000,00000000,00000000
O,57,12,0101,800ECF5C,-139,-4408,-1056,00000000,00006000,00000000,00000000,00000000,00000000,0,0,8033DD98,00000000,00000000,00000000
O,57,13,0101,800ECF5C,618,3656,148,00000000,00004000,00000000,00000000,00000000,00000000,0,0,8033DFF8,00000000,00000000,00000000
O,57,14,0101,800ECF5C,963,3297,608,00000000,FFFFC000,00000000,00000000,00000000,00000000,0,0,8033E258,00000000,00000000,00000000
O,57,15,0101,800ECF5C,1306,2939,1069,00000000,00004000,00000000,00000000,00000000,00000000,0,0,8033E4B8,00000000,00000000,00000000
O,57,16,0101,800ECF5C,-1179,-1453,-792,00000000,FFFFE000,00000000,00000000,00000000,00000000,0,0,8033E718,00000000,00000000,00000000
O,57,17,0101,800ECF94,174,1248,2040,00000000,FFFF8000,00000000,00000000,00000000,00000000,0,0,8033E978,00000000,00000000,00000000
O,57,18,0101,800ECF94,-1321,1490,-1563,00000000,00002000,00000000,00000000,00000000,00000000,0,0,8033EBD8,00000000,00000000,00000000
O,57,19,0101,800ECF94,-1076,1730,-1808,00000000,00002000,00000000,00000000,00000000,00000000,0,0,8033EE38,00000000,00000000,00000000
O,57,20,0101,800ECF94,-1319,1970,-1564,00000000,00002000,00000000,00000000,00000000,00000000,0,0,8033F098,00000000,00000000,00000000
O,57,21,0101,800ECF94,-517,3175,2040,00000000,FFFF8000,00000000,00000000,00000000,00000000,0,0,8033F2F8,00000000,00000000,00000000
O,57,22,0101,800ECF94,-170,1248,2040,00000000,FFFF8000,00000000,00000000,00000000,00000000,0,0,8033F558,00000000,00000000,00000000
O,57,23,0101,800ECF94,-515,1248,2040,00000000,FFFF8000,00000000,00000000,00000000,00000000,0,0,8033F7B8,00000000,00000000,00000000
O,57,24,0101,800ECF94,-175,-1351,-2039,00000000,00000000,00000000,00000000,00000000,00000000,0,0,8033FA18,00000000,00000000,00000000
O,57,25,0101,800ECF94,-515,-2590,2040,00000000,FFFF8000,00000000,00000000,00000000,00000000,0,0,8033FC78,00000000,00000000,00000000
O,57,26,0101,800ECF94,518,3175,2040,00000000,FFFF8000,00000000,00000000,00000000,00000000,0,0,8033FED8,00000000,00000000,00000000
O,57,27,0101,800ECF94,-171,3175,2040,00000000,FFFF8000,00000000,00000000,00000000,00000000,0,0,80340138,00000000,00000000,00000000
O,57,28,0101,800ECF94,174,3175,2040,00000000,FFFF8000,00000000,00000000,00000000,00000000,0,0,80340398,00000000,00000000,00000000
O,57,29,0101,800ECFCC,1490,-2088,-873,00000000,00000000,00000000,00000000,00000000,00000000,0,0,803405F8,00000000,00000000,00000000
O,57,30,0101,800ECFCC,-708,-1606,-1589,00000000,00000000,00000000,00000000,00000000,00000000,0,0,80340858,00000000,00000000,00000000
O,57,31,0101,800ECFCC,954,-1627,-1448,00000000,00000000,00000000,00000000,00000000,00000000,0,0,80340AB8,00000000,00000000,00000000
O,57,32,0101,800ECFCC,1215,-1781,-1215,00000000,00000000,00000000,00000000,00000000,00000000,0,0,80340D18,00000000,00000000,00000000
O,57,33,0101,800ECFCC,1052,-1934,-769,00000000,00000000,00000000,00000000,00000000,00000000,0,0,80340F78,00000000,00000000,00000000
O,57,34,0101,800ECFCC,-620,1229,1233,00000000,FFFFA000,00000000,00000000,00000000,00000000,0,0,803411D8,00000000,00000000,00000000
O,57,35,0101,800ECFCC,1050,-19,-1037,00000000,FFFFE000,00000000,00000000,00000000,00000000,0,0,80341438,00000000,00000000,00000000
O,57,36,0101,800ECFF8,-1100,-71,-1030,00000000,FFFFE000,00000000,00000000,00000000,00000000,0,0,80341698,00000000,00000000,00000000
O,57,37,0101,800ED064,0,6011,0,00000000,FFFFA000,00000000,00000000,00000000,00000000,0,0,803418F8,00000000,00000000,00000000
O,57,38,0101,800ED064,0,-2487,0,00000000,00002000,00000000,00000000,00000000,00000000,0,0,80341B58,00000000,00000000,00000000
O,57,39,0101,800ED090,1102,-3619,1682,00000000,00006000,00000000,00000000,00000000,00000000,0,0,80341DB8,00000000,00000000,00000000
O,57,40,0101,800ED090,424,-3312,1959,00000000,00004000,00000000,00000000,00000000,00000000,0,0,80342018,00000000,00000000,00000000
O,57,41,0101,800ED090,1102,-3004,1682,00000000,00006000,00000000,00000000,00000000,00000000,0,0,80342278,00000000,00000000,00000000
O,57,42,0101,800ED090,1584,-2697,1200,00000000,00006000,00000000,00000000,00000000,00000000,0,0,803424D8,00000000,00000000,00000000
O,57,43,0101,800ED090,1582,-3619,1203,00000000,00006000,00000000,00000000,00000000,00000000,0,0,80342738,00000000,00000000,00000000
O,57,44,0101,800ED090,-762,4347,1047,00000000,00006000,00000000,00000000,00000000,00000000,0,0,80342998,00000000,00000000,00000000
O,57,45,0101,800ED090,424,-3926,1959,00000000,00004000,00000000,00000000,00000000,00000000,0,0,80342BF8,00000000,00000000,00000000
O,57,46,0101,800ED090,1102,-4233,1682,00000000,00006000,00000000,00000000,00000000,00000000,0,0,80342E58,00000000,00000000,00000000
O,57,47,0101,800ED090,1102,-4848,1682,00000000,00006000,00000000,00000000,00000000,00000000,0,0,803430B8,00000000,00000000,00000000
O,57,48,0101,800ED090,424,-4540,1959,00000000,00004000,00000000,00000000,00000000,00000000,0,0,80343318,00000000,00000000,00000000
O,57,49,0101,800ED090,-1037,4244,772,00000000,FFFFE000,00000000,00000000,00000000,00000000,0,0,80343578,00000000,00000000,00000000
O,57,50,0101,800ED090,1828,3835,-50,00000000,00000000,00000000,00000000,00000000,00000000,0,0,803437D8,00000000,00000000,00000000
O,57,51,0101,800ED090,1459,3835,-357,00000000,00000000,00000000,00000000,00000000,00000000,0,0,80343A38,00000000,00000000,00000000
O,57,52,0101,800ED090,1091,3835,-665,00000000,00000000,00000000,00000000,00000000,00000000,0,0,80343C98,00000000,00000000,00000000
O,57,53,0101,800ED064,1580,-4854,-825,00000000,00000000,00000000,00000000,00000000,00000000,0,0,80343EF8,00000000,00000000,00000000
O,57,54,0101,800ED064,-1692,1022,-1157,00000000,00000000,00000000,00000000,00000000,00000000,0,0,80344158,00000000,00000000,00000000
O,57,55,0101,800ED064,2098,7007,2243,00000000,00000000,00000000,00000000,00000000,00000000,0,0,803443B8,00000000,00000000,00000000
O,57,56,0101,800ED064,1801,-4843,-731,00000000,00000000,00000000,00000000,00000000,00000000,0,0,80344618,00000000,00000000,00000000
O,57,57,0101,800ED064,-1477,1044,-1088,00000000,00000000,00000000,00000000,00000000,00000000,0,0,80344878,00000000,00000000,00000000
O,57,58,0101,800ED064,2268,7030,2227,00000000,00000000,00000000,00000000,00000000,00000000,0,0,80344AD8,00000000,00000000,00000000
O,57,59,0101,800EC1AC,800,-4400,1900,00000000,00000000,00000000,00000000,00000000,00000000,0,0,80344D38,00000000,00000000,00000000
O,57,60,0101,800EC1AC,800,-3700,1900,00000000,00000000,00000000,00000000,00000000,00000000,0,0,80344F98,00000000,00000000,00000000
O,57,61,0101,800EC1AC,800,-3000,1900,00000000,00000000,00000000,00000000,00000000,00000000,0,0,803451F8,00000000,00000000,00000000
O,57,62,0101,800EC1AC,1780,-3300,1000,00000000,00000000,00000000,00000000,00000000,00000000,0,0,80345458,00000000,00000000,00000000
O,57,63,0101,800EC1AC,1388,-3300,1428,00000000,00000000,00000000,00000000,00000000,00000000,0,0,803456B8,00000000,00000000,00000000
O,57,64,0101,800EC1AC,200,-3000,2000,00000000,00000000,00000000,00000000,00000000,00000000,0,0,80345918,00000000,00000000,00000000
O,57,65,0101,800EC1AC,200,-3700,2000,00000000,00000000,00000000,00000000,00000000,00000000,0,0,80345B78,00000000,00000000,00000000
O,57,66,0101,800EC1AC,200,-4400,2000,00000000,00000000,00000000,00000000,00000000,00000000,0,0,80345DD8,00000000,00000000,00000000
O,57,67,0101,800EC4A4,-1080,90,1575,00000000,00000000,00000000,00000000,00000000,00000000,0,0,80346038,00000000,00000000,00000000
O,57,68,0101,800ED028,-1179,445,1413,00000000,00002000,00000000,00000000,00000000,00000000,0,0,80346298,00000000,00000000,00000000
O,57,69,0101,800ED028,-1524,-1454,1129,00000000,FFFFE000,00000000,00000000,00000000,00000000,0,0,803464F8,00000000,00000000,00000000
O,57,70,0101,800EB688,-980,-700,1450,00000000,00000000,00000000,00000000,00000000,00000000,0,0,80346758,00000000,00000000,00000000
O,57,71,0101,800EA888,-1203,-19,-170,00000000,00002000,00000000,00000000,00000000,00000000,0,0,803469B8,00000000,00000000,00000000
O,57,72,0101,800EA8A8,0,20,-1400,00000000,00000000,00000000,00000000,00000000,00000000,0,0,80346C18,00000000,00000000,00000000
O,57,73,0101,800EA8A8,-250,20,-1700,00000000,00000000,00000000,00000000,00000000,00000000,0,0,80346E78,00000000,00000000,00000000
O,57,74,0101,800EA8A8,250,20,-1700,00000000,00000000,00000000,00000000,00000000,00000000,0,0,803470D8,00000000,00000000,00000000
O,57,75,0101,800EA8A8,0,20,-2000,00000000,00000000,00000000,00000000,00000000,00000000,0,0,80347338,00000000,00000000,00000000
O,57,76,0101,800EA8A8,500,20,-2000,00000000,00000000,00000000,00000000,00000000,00000000,0,0,80347598,00000000,00000000,00000000
O,57,77,0101,800EA8A8,-500,20,-2000,00000000,00000000,00000000,00000000,00000000,00000000,0,0,803477F8,00000000,00000000,00000000
O,57,78,0101,800E9868,880,-19,1160,00000000,00000000,00000000,00000000,00000000,00000000,0,0,80347A58,00000000,00000000,00000000
O,57,79,0101,800ED48C,800,-2460,160,00000000,00000000,00000000,00000000,00000000,00000000,0,0,80347CB8,00000000,00000000,00000000
O,57,80,0101,800E8C0C,-1120,-820,1320,00000000,00002000,00000000,00000000,00000000,00000000,0,0,80347F18,00000000,00000000,00000000
O,57,81,0101,800ED48C,-571,6020,-1414,00000000,00000000,00000000,00000000,00000000,00000000,0,0,80348178,00000000,00000000,00000000
O,57,82,0101,800ED1F8,620,-5150,1540,00000000,00000000,00000000,00000000,00000000,00000000,0,0,803483D8,00000000,00000000,00000000
O,57,83,0101,800EC424,-520,1351,1919,00000000,00000000,00000000,00000000,00000000,00000000,0,0,80348638,00000000,00000000,00000000
O,57,84,0101,800EC424,-165,1351,1919,00000000,00000000,00000000,00000000,00000000,00000000,0,0,80348898,00000000,00000000,00000000
O,57,85,0101,800EC424,182,1351,1919,00000000,00000000,00000000,00000000,00000000,00000000,0,0,80348AF8,00000000,00000000,00000000
O,57,86,0101,800EC3EC,657,1368,1879,00000000,00000000,00000000,00000000,00000000,00000000,0,0,80348D58,00000000,00000000,00000000
O,57,87,0101,800EB688,-700,-2350,-700,00000000,00000000,00000000,00000000,00000000,00000000,0,0,80348FB8,00000000,00000000,00000000
O,57,88,0101,800EA570,1883,4150,550,00000000,00000000,00000000,00000000,00000000,00000000,0,0,80349218,00000000,00000000,00000000
O,57,89,0101,800ED1F8,-1333,350,1116,00000000,00000000,00000000,00000000,00000000,00000000,0,0,80349478,00000000,00000000,00000000
O,57,90,0101,800EA570,-1101,6316,-685,00000000,00002000,00000000,00000000,00000000,00000000,0,0,803496D8,00000000,00000000,00000000
O,57,91,0101,800EB474,1077,-4822,638,00000000,00000000,00000000,00000000,00000000,00000000,0,0,80349938,00000000,00000000,00000000
O,57,92,0101,800EB474,1683,-4822,189,00000000,00000000,00000000,00000000,00000000,00000000,0,0,80349B98,00000000,00000000,00000000
O,57,93,0101,800EA8A8,0,20,-1700,00000000,00000000,00000000,00000000,00000000,00000000,0,0,80349DF8,00000000,00000000,00000000
O,57,94,0101,800ECFCC,-1020,1229,537,00000000,00000000,00000000,00000000,00000000,00000000,0,0,8034A058,00000000,00000000,00000000
O,57,95,0101,800EA570,2350,5600,2350,00000000,00002000,00000000,00000000,00000000,00000000,0,0,8034A2B8,00000000,00000000,00000000
O,57,96,0101,800EA570,0,4783,0,00000000,00000000,00000000,00000000,00000000,00000000,0,0,8034A518,00000000,00000000,00000000
O,57,97,0101,800EA570,-1140,-3720,-1620,00000000,00002000,00000000,00000000,00000000,00000000,0,0,8034A778,00000000,00000000,00000000
O,57,98,0101,800EA570,840,-2200,860,00000000,00002000,00000000,00000000,00000000,00000000,0,0,8034A9D8,00000000,00000000,00000000
O,57,99,0101,800E8C3C,-770,-3800,-440,00000000,00000000,00000000,00000000,00000000,00000000,0,0,8034AC38,00000000,00000000,00000000
O,57,100,0101,800E8C3C,-770,-3700,-440,00000000,00000000,00000000,00000000,00000000,00000000,0,0,8034AE98,00000000,00000000,00000000
O,57,101,0101,800EA570,280,-4920,1660,00000000,00000000,00000000,00000000,00000000,00000000,0,0,8034B0F8,00000000,00000000,00000000
O,57,102,0101,800EA570,1240,300,840,00000000,00002000,00000000,00000000,00000000,00000000,0,0,8034B358,00000000,00000000,00000000
O,57,103,0101,800EA570,520,300,1500,00000000,00002000,00000000,00000000,00000000,00000000,0,0,8034B5B8,00000000,00000000,00000000
O,57,104,0101,800EA570,-400,3600,1880,00000000,00000000,00000000,00000000,00000000,00000000,0,0,8034B818,00000000,00000000,00000000
O,57,105,0101,800EA570,-40,4160,-1280,00000000,00000000,00000000,00000000,00000000,00000000,0,0,8034BA78,00000000,00000000,00000000
O,57,106,0101,800EA570,-1160,2920,-840,00000000,00002000,00000000,00000000,00000000,00000000,0,0,8034BCD8,00000000,00000000,00000000
O,57,107,0101,800EA570,-780,6316,-1020,00000000,00002000,00000000,00000000,00000000,00000000,0,0,8034BF38,00000000,00000000,00000000
O,57,108,0101,800ECF5C,1313,6190,1313,00000000,00002000,00000000,00000000,00000000,00000000,0,0,8034C198,00000000,00000000,00000000
O,57,109,0101,800ECF5C,1851,-2488,-98,00000000,00000000,00000000,00000000,00000000,00000000,0,0,8034C3F8,00000000,00000000,00000000
O,57,110,0101,800EC18C,1815,-3200,800,00000000,00000000,00000000,00000000,00000000,00000000,0,0,8034C658,00000000,00000000,00000000
O,57,111,0101,800EC13C,-1050,2400,-790,00000000,00000000,00000000,00000000,00000000,00000000,0,0,8034C8B8,00000000,00000000,00000000
O,57,112,0101,800EC13C,2200,7300,2210,00000000,00000000,00000000,00000000,00000000,00000000,0,0,8034CB18,00000000,00000000,00000000
O,57,113,0101,800EC13C,-1300,-2250,-1300,00000000,00000000,00000000,00000000,00000000,00000000,0,0,8034CD78,00000000,00000000,00000000
O,57,114,0101,800EC13C,-1850,300,-950,00000000,00000000,00000000,00000000,00000000,00000000,0,0,8034CFD8,00000000,00000000,00000000
O,57,115,0101,800EC13C,-1450,-1130,-1050,00000000,00000000,00000000,00000000,00000000,00000000,0,0,8034D238,00000000,00000000,00000000
O,57,116,0101,800E8EAC,1919,6191,1919,00000000,FFFFA000,00000000,00000000,00000000,00000000,0,0,8034D498,00000000,00000000,00000000
O,57,117,0101,800E8464,-1080,-840,1573,00000000,00000000,00000000,00000000,00000000,00000000,0,0,8034D6F8,00000000,00000000,00000000
O,57,118,0101,800EB274,1417,-3822,-548,00000000,FFFFE0B6,00000000,00000000,00000000,00000000,0,0,8034D958,00000000,00000000,00000000
O,57,119,0101,800EB1C0,1417,-3822,-548,00000000,FFFFE0B6,00000000,00000000,00000000,00000000,0,0,8034DBB8,00000000,00000000,00000000
M,58,18,104965,3,00001924,0C400201,0,0,00000000,1417,-3822,-548,-1.39015019,0,1.4378742,2,-8010,-4822,20000,00000000,00000000,801693C0,8034D958,00000000,8034D958,00000000,8034DBB8,00000000,00000000,-1
O,58,0,0101,800ECEF0,-1032,-3291,1070,00000000,00002000,00000000,00000000,00000000,00000000,0,0,8033C118,00000000,00000000,00000000
O,58,1,0101,800ECEF0,-1881,1767,-446,00000000,00004000,00000000,00000000,00000000,00000000,0,0,8033C378,00000000,00000000,00000000
O,58,2,0101,800ECEF0,-1870,2068,362,00000000,00004000,00000000,00000000,00000000,00000000,0,0,8033C5D8,00000000,00000000,00000000
O,58,3,0101,800ECEF0,-770,-4361,-423,00000000,FFFFA000,00000000,00000000,00000000,00000000,0,0,8033C838,00000000,00000000,00000000
O,58,4,0101,800ECEF0,-1314,-3691,788,00000000,00006000,00000000,00000000,00000000,00000000,0,0,8033CA98,00000000,00000000,00000000
O,58,5,0101,800ECEF0,-1314,-2892,1353,00000000,00006000,00000000,00000000,00000000,00000000,0,0,8033CCF8,00000000,00000000,00000000
O,58,6,0101,800ECEF0,780,5767,-1027,00000000,FFFFE000,00000000,00000000,00000000,00000000,0,0,8033CF58,00000000,00000000,00000000
O,58,7,0101,800ECEF0,1063,5562,-744,00000000,FFFFE000,00000000,00000000,00000000,00000000,0,0,8033D1B8,00000000,00000000,00000000
O,58,8,0101,800ECF24,-1350,748,-1208,00000000,00002000,00000000,00000000,00000000,00000000,0,0,8033D418,00000000,00000000,00000000
O,58,9,0101,800ECF24,-690,901,-910,00000000,00002000,00000000,00000000,00000000,00000000,0,0,8033D678,00000000,00000000,00000000
O,58,10,0101,800ECF24,-1389,-3030,-1028,00000000,00002000,00000000,00000000,00000000,00000000,0,0,8033D8D8,00000000,00000000,00000000
O,58,11,0101,800ECF24,937,-3867,-1041,00000000,00002000,00000000,00000000,00000000,00000000,0,0,8033DB38,00000000,00000000,00000000
O,58,12,0101,800ECF5C,-139,-4408,-1056,00000000,00006000,00000000,00000000,00000000,00000000,0,0,8033DD98,00000000,00000000,00000000
O,58,13,0101,800ECF5C,618,3656,148,00000000,00004000,00000000,00000000,00000000,00000000,0,0,8033DFF8,00000000,00000000,00000000
O,58,14,0101,800ECF5C,963,3297,608,00000000,FFFFC000,00000000,00000000,00000000,00000000,0,0,8033E258,00000000,00000000,00000000
O,58,15,0101,800ECF5C,1306,2939,1069,00000000,00004000,00000000,00000000,00000000,00000000,0,0,8033E4B8,00000000,00000000,00000000
O,58,16,0101,800ECF5C,-1179,-1453,-792,00000000,FFFFE000,00000000,00000000,00000000,00000000,0,0,8033E718,00000000,00000000,00000000
O,58,17,0101,800ECF94,174,1248,2040,00000000,FFFF8000,00000000,00000000,00000000,00000000,0,0,8033E978,00000000,00000000,00000000
O,58,18,0101,800ECF94,-1321,1490,-1563,00000000,00002000,00000000,00000000,00000000,00000000,0,0,8033EBD8,00000000,00000000,00000000
O,58,19,0101,800ECF94,-1076,1730,-1808,00000000,00002000,00000000,00000000,00000000,00000000,0,0,8033EE38,00000000,00000000,00000000
O,58,20,0101,800ECF94,-1319,1970,-1564,00000000,00002000,00000000,00000000,00000000,00000000,0,0,8033F098,00000000,00000000,00000000
O,58,21,0101,800ECF94,-517,3175,2040,00000000,FFFF8000,00000000,00000000,00000000,00000000,0,0,8033F2F8,00000000,00000000,00000000
O,58,22,0101,800ECF94,-170,1248,2040,00000000,FFFF8000,00000000,00000000,00000000,00000000,0,0,8033F558,00000000,00000000,00000000
O,58,23,0101,800ECF94,-515,1248,2040,00000000,FFFF8000,00000000,00000000,00000000,00000000,0,0,8033F7B8,00000000,00000000,00000000
O,58,24,0101,800ECF94,-175,-1351,-2039,00000000,00000000,00000000,00000000,00000000,00000000,0,0,8033FA18,00000000,00000000,00000000
O,58,25,0101,800ECF94,-515,-2590,2040,00000000,FFFF8000,00000000,00000000,00000000,00000000,0,0,8033FC78,00000000,00000000,00000000
O,58,26,0101,800ECF94,518,3175,2040,00000000,FFFF8000,00000000,00000000,00000000,00000000,0,0,8033FED8,00000000,00000000,00000000
O,58,27,0101,800ECF94,-171,3175,2040,00000000,FFFF8000,00000000,00000000,00000000,00000000,0,0,80340138,00000000,00000000,00000000
O,58,28,0101,800ECF94,174,3175,2040,00000000,FFFF8000,00000000,00000000,00000000,00000000,0,0,80340398,00000000,00000000,00000000
O,58,29,0101,800ECFCC,1490,-2088,-873,00000000,00000000,00000000,00000000,00000000,00000000,0,0,803405F8,00000000,00000000,00000000
O,58,30,0101,800ECFCC,-708,-1606,-1589,00000000,00000000,00000000,00000000,00000000,00000000,0,0,80340858,00000000,00000000,00000000
O,58,31,0101,800ECFCC,954,-1627,-1448,00000000,00000000,00000000,00000000,00000000,00000000,0,0,80340AB8,00000000,00000000,00000000
O,58,32,0101,800ECFCC,1215,-1781,-1215,00000000,00000000,00000000,00000000,00000000,00000000,0,0,80340D18,00000000,00000000,00000000
O,58,33,0101,800ECFCC,1052,-1934,-769,00000000,00000000,00000000,00000000,00000000,00000000,0,0,80340F78,00000000,00000000,00000000
O,58,34,0101,800ECFCC,-620,1229,1233,00000000,FFFFA000,00000000,00000000,00000000,00000000,0,0,803411D8,00000000,00000000,00000000
O,58,35,0101,800ECFCC,1050,-19,-1037,00000000,FFFFE000,00000000,00000000,00000000,00000000,0,0,80341438,00000000,00000000,00000000
O,58,36,0101,800ECFF8,-1100,-71,-1030,00000000,FFFFE000,00000000,00000000,00000000,00000000,0,0,80341698,00000000,00000000,00000000
O,58,37,0101,800ED064,0,6011,0,00000000,FFFFA000,00000000,00000000,00000000,00000000,0,0,803418F8,00000000,00000000,00000000
O,58,38,0101,800ED064,0,-2487,0,00000000,00002000,00000000,00000000,00000000,00000000,0,0,80341B58,00000000,00000000,00000000
O,58,39,0101,800ED090,1102,-3619,1682,00000000,00006000,00000000,00000000,00000000,00000000,0,0,80341DB8,00000000,00000000,00000000
O,58,40,0101,800ED090,424,-3312,1959,00000000,00004000,00000000,00000000,00000000,00000000,0,0,80342018,00000000,00000000,00000000
O,58,41,0101,800ED090,1102,-3004,1682,00000000,00006000,00000000,00000000,00000000,00000000,0,0,80342278,00000000,00000000,00000000
O,58,42,0101,800ED090,1584,-2697,1200,00000000,00006000,00000000,00000000,00000000,00000000,0,0,803424D8,00000000,00000000,00000000
O,58,43,0101,800ED090,1582,-3619,1203,00000000,00006000,00000000,00000000,00000000,00000000,0,0,80342738,00000000,00000000,00000000
O,58,44,0101,800ED090,-762,4347,1047,00000000,00006000,00000000,00000000,00000000,00000000,0,0,80342998,00000000,00000000,00000000
O,58,45,0101,800ED090,424,-3926,1959,00000000,00004000,00000000,00000000,00000000,00000000,0,0,80342BF8,00000000,00000000,00000000
O,58,46,0101,800ED090,1102,-4233,1682,00000000,00006000,00000000,00000000,00000000,00000000,0,0,80342E58,00000000,00000000,00000000
O,58,47,0101,800ED090,1102,-4848,1682,00000000,00006000,00000000,00000000,00000000,00000000,0,0,803430B8,00000000,00000000,00000000
O,58,48,0101,800ED090,424,-4540,1959,00000000,00004000,00000000,00000000,00000000,00000000,0,0,80343318,00000000,00000000,00000000
O,58,49,0101,800ED090,-1037,4244,772,00000000,FFFFE000,00000000,00000000,00000000,00000000,0,0,80343578,00000000,00000000,00000000
O,58,50,0101,800ED090,1828,3835,-50,00000000,00000000,00000000,00000000,00000000,00000000,0,0,803437D8,00000000,00000000,00000000
O,58,51,0101,800ED090,1459,3835,-357,00000000,00000000,00000000,00000000,00000000,00000000,0,0,80343A38,00000000,00000000,00000000
O,58,52,0101,800ED090,1091,3835,-665,00000000,00000000,00000000,00000000,00000000,00000000,0,0,80343C98,00000000,00000000,00000000
O,58,53,0101,800ED064,1580,-4854,-825,00000000,00000000,00000000,00000000,00000000,00000000,0,0,80343EF8,00000000,00000000,00000000
O,58,54,0101,800ED064,-1692,1022,-1157,00000000,00000000,00000000,00000000,00000000,00000000,0,0,80344158,00000000,00000000,00000000
O,58,55,0101,800ED064,2098,7007,2243,00000000,00000000,00000000,00000000,00000000,00000000,0,0,803443B8,00000000,00000000,00000000
O,58,56,0101,800ED064,1801,-4843,-731,00000000,00000000,00000000,00000000,00000000,00000000,0,0,80344618,00000000,00000000,00000000
O,58,57,0101,800ED064,-1477,1044,-1088,00000000,00000000,00000000,00000000,00000000,00000000,0,0,80344878,00000000,00000000,00000000
O,58,58,0101,800ED064,2268,7030,2227,00000000,00000000,00000000,00000000,00000000,00000000,0,0,80344AD8,00000000,00000000,00000000
O,58,59,0101,800EC1AC,800,-4400,1900,00000000,00000000,00000000,00000000,00000000,00000000,0,0,80344D38,00000000,00000000,00000000
O,58,60,0101,800EC1AC,800,-3700,1900,00000000,00000000,00000000,00000000,00000000,00000000,0,0,80344F98,00000000,00000000,00000000
O,58,61,0101,800EC1AC,800,-3000,1900,00000000,00000000,00000000,00000000,00000000,00000000,0,0,803451F8,00000000,00000000,00000000
O,58,62,0101,800EC1AC,1780,-3300,1000,00000000,00000000,00000000,00000000,00000000,00000000,0,0,80345458,00000000,00000000,00000000
O,58,63,0101,800EC1AC,1388,-3300,1428,00000000,00000000,00000000,00000000,00000000,00000000,0,0,803456B8,00000000,00000000,00000000
O,58,64,0101,800EC1AC,200,-3000,2000,00000000,00000000,00000000,00000000,00000000,00000000,0,0,80345918,00000000,00000000,00000000
O,58,65,0101,800EC1AC,200,-3700,2000,00000000,00000000,00000000,00000000,00000000,00000000,0,0,80345B78,00000000,00000000,00000000
O,58,66,0101,800EC1AC,200,-4400,2000,00000000,00000000,00000000,00000000,00000000,00000000,0,0,80345DD8,00000000,00000000,00000000
O,58,67,0101,800EC4A4,-1080,90,1575,00000000,00000000,00000000,00000000,00000000,00000000,0,0,80346038,00000000,00000000,00000000
O,58,68,0101,800ED028,-1179,445,1413,00000000,00002000,00000000,00000000,00000000,00000000,0,0,80346298,00000000,00000000,00000000
O,58,69,0101,800ED028,-1524,-1454,1129,00000000,FFFFE000,00000000,00000000,00000000,00000000,0,0,803464F8,00000000,00000000,00000000
O,58,70,0101,800EB688,-980,-700,1450,00000000,00000000,00000000,00000000,00000000,00000000,0,0,80346758,00000000,00000000,00000000
O,58,71,0101,800EA888,-1203,-19,-170,00000000,00002000,00000000,00000000,00000000,00000000,0,0,803469B8,00000000,00000000,00000000
O,58,72,0101,800EA8A8,0,20,-1400,00000000,00000000,00000000,00000000,00000000,00000000,0,0,80346C18,00000000,00000000,00000000
O,58,73,0101,800EA8A8,-250,20,-1700,00000000,00000000,00000000,00000000,00000000,00000000,0,0,80346E78,00000000,00000000,00000000
O,58,74,0101,800EA8A8,250,20,-1700,00000000,00000000,00000000,00000000,00000000,00000000,0,0,803470D8,00000000,00000000,00000000
O,58,75,0101,800EA8A8,0,20,-2000,00000000,00000000,00000000,00000000,00000000,00000000,0,0,80347338,00000000,00000000,00000000
O,58,76,0101,800EA8A8,500,20,-2000,00000000,00000000,00000000,00000000,00000000,00000000,0,0,80347598,00000000,00000000,00000000
O,58,77,0101,800EA8A8,-500,20,-2000,00000000,00000000,00000000,00000000,00000000,00000000,0,0,803477F8,00000000,00000000,00000000
O,58,78,0101,800E9868,880,-19,1160,00000000,00000000,00000000,00000000,00000000,00000000,0,0,80347A58,00000000,00000000,00000000
O,58,79,0101,800ED48C,800,-2460,160,00000000,00000000,00000000,00000000,00000000,00000000,0,0,80347CB8,00000000,00000000,00000000
O,58,80,0101,800E8C0C,-1120,-820,1320,00000000,00002000,00000000,00000000,00000000,00000000,0,0,80347F18,00000000,00000000,00000000
O,58,81,0101,800ED48C,-571,6020,-1414,00000000,00000000,00000000,00000000,00000000,00000000,0,0,80348178,00000000,00000000,00000000
O,58,82,0101,800ED1F8,620,-5150,1540,00000000,00000000,00000000,00000000,00000000,00000000,0,0,803483D8,00000000,00000000,00000000
O,58,83,0101,800EC424,-520,1351,1919,00000000,00000000,00000000,00000000,00000000,00000000,0,0,80348638,00000000,00000000,00000000
O,58,84,0101,800EC424,-165,1351,1919,00000000,00000000,00000000,00000000,00000000,00000000,0,0,80348898,00000000,00000000,00000000
O,58,85,0101,800EC424,182,1351,1919,00000000,00000000,00000000,00000000,00000000,00000000,0,0,80348AF8,00000000,00000000,00000000
O,58,86,0101,800EC3EC,657,1368,1879,00000000,00000000,00000000,00000000,00000000,00000000,0,0,80348D58,00000000,00000000,00000000
O,58,87,0101,800EB688,-700,-2350,-700,00000000,00000000,00000000,00000000,00000000,00000000,0,0,80348FB8,00000000,00000000,00000000
O,58,88,0101,800EA570,1883,4150,550,00000000,00000000,00000000,00000000,00000000,00000000,0,0,80349218,00000000,00000000,00000000
O,58,89,0101,800ED1F8,-1333,350,1116,00000000,00000000,00000000,00000000,00000000,00000000,0,0,80349478,00000000,00000000,00000000
O,58,90,0101,800EA570,-1101,6316,-685,00000000,00002000,00000000,00000000,00000000,00000000,0,0,803496D8,00000000,00000000,00000000
O,58,91,0101,800EB474,1077,-4822,638,00000000,00000000,00000000,00000000,00000000,00000000,0,0,80349938,00000000,00000000,00000000
O,58,92,0101,800EB474,1683,-4822,189,00000000,00000000,00000000,00000000,00000000,00000000,0,0,80349B98,00000000,00000000,00000000
O,58,93,0101,800EA8A8,0,20,-1700,00000000,00000000,00000000,00000000,00000000,00000000,0,0,80349DF8,00000000,00000000,00000000
O,58,94,0101,800ECFCC,-1020,1229,537,00000000,00000000,00000000,00000000,00000000,00000000,0,0,8034A058,00000000,00000000,00000000
O,58,95,0101,800EA570,2350,5600,2350,00000000,00002000,00000000,00000000,00000000,00000000,0,0,8034A2B8,00000000,00000000,00000000
O,58,96,0101,800EA570,0,4783,0,00000000,00000000,00000000,00000000,00000000,00000000,0,0,8034A518,00000000,00000000,00000000
O,58,97,0101,800EA570,-1140,-3720,-1620,00000000,00002000,00000000,00000000,00000000,00000000,0,0,8034A778,00000000,00000000,00000000
O,58,98,0101,800EA570,840,-2200,860,00000000,00002000,00000000,00000000,00000000,00000000,0,0,8034A9D8,00000000,00000000,00000000
O,58,99,0101,800E8C3C,-770,-3800,-440,00000000,00000000,00000000,00000000,00000000,00000000,0,0,8034AC38,00000000,00000000,00000000
O,58,100,0101,800E8C3C,-770,-3700,-440,00000000,00000000,00000000,00000000,00000000,00000000,0,0,8034AE98,00000000,00000000,00000000
O,58,101,0101,800EA570,280,-4920,1660,00000000,00000000,00000000,00000000,00000000,00000000,0,0,8034B0F8,00000000,00000000,00000000
O,58,102,0101,800EA570,1240,300,840,00000000,00002000,00000000,00000000,00000000,00000000,0,0,8034B358,00000000,00000000,00000000
O,58,103,0101,800EA570,520,300,1500,00000000,00002000,00000000,00000000,00000000,00000000,0,0,8034B5B8,00000000,00000000,00000000
O,58,104,0101,800EA570,-400,3600,1880,00000000,00000000,00000000,00000000,00000000,00000000,0,0,8034B818,00000000,00000000,00000000
O,58,105,0101,800EA570,-40,4160,-1280,00000000,00000000,00000000,00000000,00000000,00000000,0,0,8034BA78,00000000,00000000,00000000
O,58,106,0101,800EA570,-1160,2920,-840,00000000,00002000,00000000,00000000,00000000,00000000,0,0,8034BCD8,00000000,00000000,00000000
O,58,107,0101,800EA570,-780,6316,-1020,00000000,00002000,00000000,00000000,00000000,00000000,0,0,8034BF38,00000000,00000000,00000000
O,58,108,0101,800ECF5C,1313,6190,1313,00000000,00002000,00000000,00000000,00000000,00000000,0,0,8034C198,00000000,00000000,00000000
O,58,109,0101,800ECF5C,1851,-2488,-98,00000000,00000000,00000000,00000000,00000000,00000000,0,0,8034C3F8,00000000,00000000,00000000
O,58,110,0101,800EC18C,1815,-3200,800,00000000,00000000,00000000,00000000,00000000,00000000,0,0,8034C658,00000000,00000000,00000000
O,58,111,0101,800EC13C,-1050,2400,-790,00000000,00000000,00000000,00000000,00000000,00000000,0,0,8034C8B8,00000000,00000000,00000000
O,58,112,0101,800EC13C,2200,7300,2210,00000000,00000000,00000000,00000000,00000000,00000000,0,0,8034CB18,00000000,00000000,00000000
O,58,113,0101,800EC13C,-1300,-2250,-1300,00000000,00000000,00000000,00000000,00000000,00000000,0,0,8034CD78,00000000,00000000,00000000
O,58,114,0101,800EC13C,-1850,300,-950,00000000,00000000,00000000,00000000,00000000,00000000,0,0,8034CFD8,00000000,00000000,00000000
O,58,115,0101,800EC13C,-1450,-1130,-1050,00000000,00000000,00000000,00000000,00000000,00000000,0,0,8034D238,00000000,00000000,00000000
O,58,116,0101,800E8EAC,1919,6191,1919,00000000,FFFFA000,00000000,00000000,00000000,00000000,0,0,8034D498,00000000,00000000,00000000
O,58,117,0101,800E8464,-1080,-840,1573,00000000,00000000,00000000,00000000,00000000,00000000,0,0,8034D6F8,00000000,00000000,00000000
O,58,118,0101,800EB274,1417,-3822,-548,00000000,FFFFE0B6,00000000,00000000,00000000,00000000,0,0,8034D958,00000000,00000000,00000000
O,58,119,0101,800EB1C0,1417,-3822,-548,00000000,FFFFE0B6,00000000,00000000,00000000,00000000,0,0,8034DBB8,00000000,00000000,00000000
M,59,18,104965,3,00001924,0C400201,0,0,00000000,1417,-3822,-548,-1.39015019,0,1.4378742,2,-8010,-4822,20000,00000000,00000000,801693C0,8034D958,00000000,8034D958,00000000,8034DBB8,00000000,00000000,-1
O,59,0,0101,800ECEF0,-1032,-3291,1070,00000000,00002000,00000000,00000000,00000000,00000000,0,0,8033C118,00000000,00000000,00000000
O,59,1,0101,800ECEF0,-1881,1767,-446,00000000,00004000,00000000,00000000,00000000,00000000,0,0,8033C378,00000000,00000000,00000000
O,59,2,0101,800ECEF0,-1870,2068,362,00000000,00004000,00000000,00000000,00000000,00000000,0,0,8033C5D8,00000000,00000000,00000000
O,59,3,0101,800ECEF0,-770,-4361,-423,00000000,FFFFA000,00000000,00000000,00000000,00000000,0,0,8033C838,00000000,00000000,00000000
O,59,4,0101,800ECEF0,-1314,-3691,788,00000000,00006000,00000000,00000000,00000000,00000000,0,0,8033CA98,00000000,00000000,00000000
O,59,5,0101,800ECEF0,-1314,-2892,1353,00000000,00006000,00000000,00000000,00000000,00000000,0,0,8033CCF8,00000000,00000000,00000000
O,59,6,0101,800ECEF0,780,5767,-1027,00000000,FFFFE000,00000000,00000000,00000000,00000000,0,0,8033CF58,00000000,00000000,00000000
O,59,7,0101,800ECEF0,1063,5562,-744,00000000,FFFFE000,00000000,00000000,00000000,00000000,0,0,8033D1B8,00000000,00000000,00000000
O,59,8,0101,800ECF24,-1350,748,-1208,00000000,00002000,00000000,00000000,00000000,00000000,0,0,8033D418,00000000,00000000,00000000
O,59,9,0101,800ECF24,-690,901,-910,00000000,00002000,00000000,00000000,00000000,00000000,0,0,8033D678,00000000,00000000,00000000
O,59,10,0101,800ECF24,-1389,-3030,-1028,00000000,00002000,00000000,00000000,00000000,00000000,0,0,8033D8D8,00000000,00000000,00000000
O,59,11,0101,800ECF24,937,-3867,-1041,00000000,00002000,00000000,00000000,00000000,00000000,0,0,8033DB38,00000000,00000000,00000000
O,59,12,0101,800ECF5C,-139,-4408,-1056,00000000,00006000,00000000,00000000,00000000,00000000,0,0,8033DD98,00000000,00000000,00000000
O,59,13,0101,800ECF5C,618,3656,148,00000000,00004000,00000000,00000000,00000000,00000000,0,0,8033DFF8,00000000,00000000,00000000
O,59,14,0101,800ECF5C,963,3297,608,00000000,FFFFC000,00000000,00000000,00000000,00000000,0,0,8033E258,00000000,00000000,00000000
O,59,15,0101,800ECF5C,1306,2939,1069,00000000,00004000,00000000,00000000,00000000,00000000,0,0,8033E4B8,00000000,00000000,00000000
O,59,16,0101,800ECF5C,-1179,-1453,-792,00000000,FFFFE000,00000000,00000000,00000000,00000000,0,0,8033E718,00000000,00000000,00000000
O,59,17,0101,800ECF94,174,1248,2040,00000000,FFFF8000,00000000,00000000,00000000,00000000,0,0,8033E978,00000000,00000000,00000000
O,59,18,0101,800ECF94,-1321,1490,-1563,00000000,00002000,00000000,00000000,00000000,00000000,0,0,8033EBD8,00000000,00000000,00000000
O,59,19,0101,800ECF94,-1076,1730,-1808,00000000,00002000,00000000,00000000,00000000,00000000,0,0,8033EE38,00000000,00000000,00000000
O,59,20,0101,800ECF94,-1319,1970,-1564,00000000,00002000,00000000,00000000,00000000,00000000,0,0,8033F098,00000000,00000000,00000000
O,59,21,0101,800ECF94,-517,3175,2040,00000000,FFFF8000,00000000,00000000,00000000,00000000,0,0,8033F2F8,00000000,00000000,00000000
O,59,22,0101,800ECF94,-170,1248,2040,00000000,FFFF8000,00000000,00000000,00000000,00000000,0,0,8033F558,00000000,00000000,00000000
O,59,23,0101,800ECF94,-515,1248,2040,00000000,FFFF8000,00000000,00000000,00000000,00000000,0,0,8033F7B8,00000000,00000000,00000000
O,59,24,0101,800ECF94,-175,-1351,-2039,00000000,00000000,00000000,00000000,00000000,00000000,0,0,8033FA18,00000000,00000000,00000000
O,59,25,0101,800ECF94,-515,-2590,2040,00000000,FFFF8000,00000000,00000000,00000000,00000000,0,0,8033FC78,00000000,00000000,00000000
O,59,26,0101,800ECF94,518,3175,2040,00000000,FFFF8000,00000000,00000000,00000000,00000000,0,0,8033FED8,00000000,00000000,00000000
O,59,27,0101,800ECF94,-171,3175,2040,00000000,FFFF8000,00000000,00000000,00000000,00000000,0,0,80340138,00000000,00000000,00000000
O,59,28,0101,800ECF94,174,3175,2040,00000000,FFFF8000,00000000,00000000,00000000,00000000,0,0,80340398,00000000,00000000,00000000
O,59,29,0101,800ECFCC,1490,-2088,-873,00000000,00000000,00000000,00000000,00000000,00000000,0,0,803405F8,00000000,00000000,00000000
O,59,30,0101,800ECFCC,-708,-1606,-1589,00000000,00000000,00000000,00000000,00000000,00000000,0,0,80340858,00000000,00000000,00000000
O,59,31,0101,800ECFCC,954,-1627,-1448,00000000,00000000,00000000,00000000,00000000,00000000,0,0,80340AB8,00000000,00000000,00000000
O,59,32,0101,800ECFCC,1215,-1781,-1215,00000000,00000000,00000000,00000000,00000000,00000000,0,0,80340D18,00000000,00000000,00000000
O,59,33,0101,800ECFCC,1052,-1934,-769,00000000,00000000,00000000,00000000,00000000,00000000,0,0,80340F78,00000000,00000000,00000000
O,59,34,0101,800ECFCC,-620,1229,1233,00000000,FFFFA000,00000000,00000000,00000000,00000000,0,0,803411D8,00000000,00000000,00000000
O,59,35,0101,800ECFCC,1050,-19,-1037,00000000,FFFFE000,00000000,00000000,00000000,00000000,0,0,80341438,00000000,00000000,00000000
O,59,36,0101,800ECFF8,-1100,-71,-1030,00000000,FFFFE000,00000000,00000000,00000000,00000000,0,0,80341698,00000000,00000000,00000000
O,59,37,0101,800ED064,0,6011,0,00000000,FFFFA000,00000000,00000000,00000000,00000000,0,0,803418F8,00000000,00000000,00000000
O,59,38,0101,800ED064,0,-2487,0,00000000,00002000,00000000,00000000,00000000,00000000,0,0,80341B58,00000000,00000000,00000000
O,59,39,0101,800ED090,1102,-3619,1682,00000000,00006000,00000000,00000000,00000000,00000000,0,0,80341DB8,00000000,00000000,00000000
O,59,40,0101,800ED090,424,-3312,1959,00000000,00004000,00000000,00000000,00000000,00000000,0,0,80342018,00000000,00000000,00000000
O,59,41,0101,800ED090,1102,-3004,1682,00000000,00006000,00000000,00000000,00000000,00000000,0,0,80342278,00000000,00000000,00000000
O,59,42,0101,800ED090,1584,-2697,1200,00000000,00006000,00000000,00000000,00000000,00000000,0,0,803424D8,00000000,00000000,00000000
O,59,43,0101,800ED090,1582,-3619,1203,00000000,00006000,00000000,00000000,00000000,00000000,0,0,80342738,00000000,00000000,00000000
O,59,44,0101,800ED090,-762,4347,1047,00000000,00006000,00000000,00000000,00000000,00000000,0,0,80342998,00000000,00000000,00000000
O,59,45,0101,800ED090,424,-3926,1959,00000000,00004000,00000000,00000000,00000000,00000000,0,0,80342BF8,00000000,00000000,00000000
O,59,46,0101,800ED090,1102,-4233,1682,00000000,00006000,00000000,00000000,00000000,00000000,0,0,80342E58,00000000,00000000,00000000
O,59,47,0101,800ED090,1102,-4848,1682,00000000,00006000,00000000,00000000,00000000,00000000,0,0,803430B8,00000000,00000000,00000000
O,59,48,0101,800ED090,424,-4540,1959,00000000,00004000,00000000,00000000,00000000,00000000,0,0,80343318,00000000,00000000,00000000
O,59,49,0101,800ED090,-1037,4244,772,00000000,FFFFE000,00000000,00000000,00000000,00000000,0,0,80343578,00000000,00000000,00000000
O,59,50,0101,800ED090,1828,3835,-50,00000000,00000000,00000000,00000000,00000000,00000000,0,0,803437D8,00000000,00000000,00000000
O,59,51,0101,800ED090,1459,3835,-357,00000000,00000000,00000000,00000000,00000000,00000000,0,0,80343A38,00000000,00000000,00000000
O,59,52,0101,800ED090,1091,3835,-665,00000000,00000000,00000000,00000000,00000000,00000000,0,0,80343C98,00000000,00000000,00000000
O,59,53,0101,800ED064,1580,-4854,-825,00000000,00000000,00000000,00000000,00000000,00000000,0,0,80343EF8,00000000,00000000,00000000
O,59,54,0101,800ED064,-1692,1022,-1157,00000000,00000000,00000000,00000000,00000000,00000000,0,0,80344158,00000000,00000000,00000000
O,59,55,0101,800ED064,2098,7007,2243,00000000,00000000,00000000,00000000,00000000,00000000,0,0,803443B8,00000000,00000000,00000000
O,59,56,0101,800ED064,1801,-4843,-731,00000000,00000000,00000000,00000000,00000000,00000000,0,0,80344618,00000000,00000000,00000000
O,59,57,0101,800ED064,-1477,1044,-1088,00000000,00000000,00000000,00000000,00000000,00000000,0,0,80344878,00000000,00000000,00000000
O,59,58,0101,800ED064,2268,7030,2227,00000000,00000000,00000000,00000000,00000000,00000000,0,0,80344AD8,00000000,00000000,00000000
O,59,59,0101,800EC1AC,800,-4400,1900,00000000,00000000,00000000,00000000,00000000,00000000,0,0,80344D38,00000000,00000000,00000000
O,59,60,0101,800EC1AC,800,-3700,1900,00000000,00000000,00000000,00000000,00000000,00000000,0,0,80344F98,00000000,00000000,00000000
O,59,61,0101,800EC1AC,800,-3000,1900,00000000,00000000,00000000,00000000,00000000,00000000,0,0,803451F8,00000000,00000000,00000000
O,59,62,0101,800EC1AC,1780,-3300,1000,00000000,00000000,00000000,00000000,00000000,00000000,0,0,80345458,00000000,00000000,00000000
O,59,63,0101,800EC1AC,1388,-3300,1428,00000000,00000000,00000000,00000000,00000000,00000000,0,0,803456B8,00000000,00000000,00000000
O,59,64,0101,800EC1AC,200,-3000,2000,00000000,00000000,00000000,00000000,00000000,00000000,0,0,80345918,00000000,00000000,00000000
O,59,65,0101,800EC1AC,200,-3700,2000,00000000,00000000,00000000,00000000,00000000,00000000,0,0,80345B78,00000000,00000000,00000000
O,59,66,0101,800EC1AC,200,-4400,2000,00000000,00000000,00000000,00000000,00000000,00000000,0,0,80345DD8,00000000,00000000,00000000
O,59,67,0101,800EC4A4,-1080,90,1575,00000000,00000000,00000000,00000000,00000000,00000000,0,0,80346038,00000000,00000000,00000000
O,59,68,0101,800ED028,-1179,445,1413,00000000,00002000,00000000,00000000,00000000,00000000,0,0,80346298,00000000,00000000,00000000
O,59,69,0101,800ED028,-1524,-1454,1129,00000000,FFFFE000,00000000,00000000,00000000,00000000,0,0,803464F8,00000000,00000000,00000000
O,59,70,0101,800EB688,-980,-700,1450,00000000,00000000,00000000,00000000,00000000,00000000,0,0,80346758,00000000,00000000,00000000
O,59,71,0101,800EA888,-1203,-19,-170,00000000,00002000,00000000,00000000,00000000,00000000,0,0,803469B8,00000000,00000000,00000000
O,59,72,0101,800EA8A8,0,20,-1400,00000000,00000000,00000000,00000000,00000000,00000000,0,0,80346C18,00000000,00000000,00000000
O,59,73,0101,800EA8A8,-250,20,-1700,00000000,00000000,00000000,00000000,00000000,00000000,0,0,80346E78,00000000,00000000,00000000
O,59,74,0101,800EA8A8,250,20,-1700,00000000,00000000,00000000,00000000,00000000,00000000,0,0,803470D8,00000000,00000000,00000000
O,59,75,0101,800EA8A8,0,20,-2000,00000000,00000000,00000000,00000000,00000000,00000000,0,0,80347338,00000000,00000000,00000000
O,59,76,0101,800EA8A8,500,20,-2000,00000000,00000000,00000000,00000000,00000000,00000000,0,0,80347598,00000000,00000000,00000000
O,59,77,0101,800EA8A8,-500,20,-2000,00000000,00000000,00000000,00000000,00000000,00000000,0,0,803477F8,00000000,00000000,00000000
O,59,78,0101,800E9868,880,-19,1160,00000000,00000000,00000000,00000000,00000000,00000000,0,0,80347A58,00000000,00000000,00000000
O,59,79,0101,800ED48C,800,-2460,160,00000000,00000000,00000000,00000000,00000000,00000000,0,0,80347CB8,00000000,00000000,00000000
O,59,80,0101,800E8C0C,-1120,-820,1320,00000000,00002000,00000000,00000000,00000000,00000000,0,0,80347F18,00000000,00000000,00000000
O,59,81,0101,800ED48C,-571,6020,-1414,00000000,00000000,00000000,00000000,00000000,00000000,0,0,80348178,00000000,00000000,00000000
O,59,82,0101,800ED1F8,620,-5150,1540,00000000,00000000,00000000,00000000,00000000,00000000,0,0,803483D8,00000000,00000000,00000000
O,59,83,0101,800EC424,-520,1351,1919,00000000,00000000,00000000,00000000,00000000,00000000,0,0,80348638,00000000,00000000,00000000
O,59,84,0101,800EC424,-165,1351,1919,00000000,00000000,00000000,00000000,00000000,00000000,0,0,80348898,00000000,00000000,00000000
O,59,85,0101,800EC424,182,1351,1919,00000000,00000000,00000000,00000000,00000000,00000000,0,0,80348AF8,00000000,00000000,00000000
O,59,86,0101,800EC3EC,657,1368,1879,00000000,00000000,00000000,00000000,00000000,00000000,0,0,80348D58,00000000,00000000,00000000
O,59,87,0101,800EB688,-700,-2350,-700,00000000,00000000,00000000,00000000,00000000,00000000,0,0,80348FB8,00000000,00000000,00000000
O,59,88,0101,800EA570,1883,4150,550,00000000,00000000,00000000,00000000,00000000,00000000,0,0,80349218,00000000,00000000,00000000
O,59,89,0101,800ED1F8,-1333,350,1116,00000000,00000000,00000000,00000000,00000000,00000000,0,0,80349478,00000000,00000000,00000000
O,59,90,0101,800EA570,-1101,6316,-685,00000000,00002000,00000000,00000000,00000000,00000000,0,0,803496D8,00000000,00000000,00000000
O,59,91,0101,800EB474,1077,-4822,638,00000000,00000000,00000000,00000000,00000000,00000000,0,0,80349938,00000000,00000000,00000000
O,59,92,0101,800EB474,1683,-4822,189,00000000,00000000,00000000,00000000,00000000,00000000,0,0,80349B98,00000000,00000000,00000000
O,59,93,0101,800EA8A8,0,20,-1700,00000000,00000000,00000000,00000000,00000000,00000000,0,0,80349DF8,00000000,00000000,00000000
O,59,94,0101,800ECFCC,-1020,1229,537,00000000,00000000,00000000,00000000,00000000,00000000,0,0,8034A058,00000000,00000000,00000000
O,59,95,0101,800EA570,2350,5600,2350,00000000,00002000,00000000,00000000,00000000,00000000,0,0,8034A2B8,00000000,00000000,00000000
O,59,96,0101,800EA570,0,4783,0,00000000,00000000,00000000,00000000,00000000,00000000,0,0,8034A518,00000000,00000000,00000000
O,59,97,0101,800EA570,-1140,-3720,-1620,00000000,00002000,00000000,00000000,00000000,00000000,0,0,8034A778,00000000,00000000,00000000
O,59,98,0101,800EA570,840,-2200,860,00000000,00002000,00000000,00000000,00000000,00000000,0,0,8034A9D8,00000000,00000000,00000000
O,59,99,0101,800E8C3C,-770,-3800,-440,00000000,00000000,00000000,00000000,00000000,00000000,0,0,8034AC38,00000000,00000000,00000000
O,59,100,0101,800E8C3C,-770,-3700,-440,00000000,00000000,00000000,00000000,00000000,00000000,0,0,8034AE98,00000000,00000000,00000000
O,59,101,0101,800EA570,280,-4920,1660,00000000,00000000,00000000,00000000,00000000,00000000,0,0,8034B0F8,00000000,00000000,00000000
O,59,102,0101,800EA570,1240,300,840,00000000,00002000,00000000,00000000,00000000,00000000,0,0,8034B358,00000000,00000000,00000000
O,59,103,0101,800EA570,520,300,1500,00000000,00002000,00000000,00000000,00000000,00000000,0,0,8034B5B8,00000000,00000000,00000000
O,59,104,0101,800EA570,-400,3600,1880,00000000,00000000,00000000,00000000,00000000,00000000,0,0,8034B818,00000000,00000000,00000000
O,59,105,0101,800EA570,-40,4160,-1280,00000000,00000000,00000000,00000000,00000000,00000000,0,0,8034BA78,00000000,00000000,00000000
O,59,106,0101,800EA570,-1160,2920,-840,00000000,00002000,00000000,00000000,00000000,00000000,0,0,8034BCD8,00000000,00000000,00000000
O,59,107,0101,800EA570,-780,6316,-1020,00000000,00002000,00000000,00000000,00000000,00000000,0,0,8034BF38,00000000,00000000,00000000
O,59,108,0101,800ECF5C,1313,6190,1313,00000000,00002000,00000000,00000000,00000000,00000000,0,0,8034C198,00000000,00000000,00000000
O,59,109,0101,800ECF5C,1851,-2488,-98,00000000,00000000,00000000,00000000,00000000,00000000,0,0,8034C3F8,00000000,00000000,00000000
O,59,110,0101,800EC18C,1815,-3200,800,00000000,00000000,00000000,00000000,00000000,00000000,0,0,8034C658,00000000,00000000,00000000
O,59,111,0101,800EC13C,-1050,2400,-790,00000000,00000000,00000000,00000000,00000000,00000000,0,0,8034C8B8,00000000,00000000,00000000
O,59,112,0101,800EC13C,2200,7300,2210,00000000,00000000,00000000,00000000,00000000,00000000,0,0,8034CB18,00000000,00000000,00000000
O,59,113,0101,800EC13C,-1300,-2250,-1300,00000000,00000000,00000000,00000000,00000000,00000000,0,0,8034CD78,00000000,00000000,00000000
O,59,114,0101,800EC13C,-1850,300,-950,00000000,00000000,00000000,00000000,00000000,00000000,0,0,8034CFD8,00000000,00000000,00000000
O,59,115,0101,800EC13C,-1450,-1130,-1050,00000000,00000000,00000000,00000000,00000000,00000000,0,0,8034D238,00000000,00000000,00000000
O,59,116,0101,800E8EAC,1919,6191,1919,00000000,FFFFA000,00000000,00000000,00000000,00000000,0,0,8034D498,00000000,00000000,00000000
O,59,117,0101,800E8464,-1080,-840,1573,00000000,00000000,00000000,00000000,00000000,00000000,0,0,8034D6F8,00000000,00000000,00000000
O,59,118,0101,800EB274,1417,-3822,-548,00000000,FFFFE0B6,00000000,00000000,00000000,00000000,0,0,8034D958,00000000,00000000,00000000
O,59,119,0101,800EB1C0,1417,-3822,-548,00000000,FFFFE0B6,00000000,00000000,00000000,00000000,0,0,8034DBB8,00000000,00000000,00000000
M,60,18,104965,3,00001924,0C400201,0,0,00000000,1417,-3822,-548,-1.39015019,0,1.4378742,2,-8010,-4822,20000,00000000,00000000,801693C0,8034D958,00000000,8034D958,00000000,8034DBB8,00000000,00000000,-1
O,60,0,0101,800ECEF0,-1032,-3291,1070,00000000,00002000,00000000,00000000,00000000,00000000,0,0,8033C118,00000000,00000000,00000000
O,60,1,0101,800ECEF0,-1881,1767,-446,00000000,00004000,00000000,00000000,00000000,00000000,0,0,8033C378,00000000,00000000,00000000
O,60,2,0101,800ECEF0,-1870,2068,362,00000000,00004000,00000000,00000000,00000000,00000000,0,0,8033C5D8,00000000,00000000,00000000
O,60,3,0101,800ECEF0,-770,-4361,-423,00000000,FFFFA000,00000000,00000000,00000000,00000000,0,0,8033C838,00000000,00000000,00000000
O,60,4,0101,800ECEF0,-1314,-3691,788,00000000,00006000,00000000,00000000,00000000,00000000,0,0,8033CA98,00000000,00000000,00000000
O,60,5,0101,800ECEF0,-1314,-2892,1353,00000000,00006000,00000000,00000000,00000000,00000000,0,0,8033CCF8,00000000,00000000,00000000
O,60,6,0101,800ECEF0,780,5767,-1027,00000000,FFFFE000,00000000,00000000,00000000,00000000,0,0,8033CF58,00000000,00000000,00000000
O,60,7,0101,800ECEF0,1063,5562,-744,00000000,FFFFE000,00000000,00000000,00000000,00000000,0,0,8033D1B8,00000000,00000000,00000000
O,60,8,0101,800ECF24,-1350,748,-1208,00000000,00002000,00000000,00000000,00000000,00000000,0,0,8033D418,00000000,00000000,00000000
O,60,9,0101,800ECF24,-690,901,-910,00000000,00002000,00000000,00000000,00000000,00000000,0,0,8033D678,00000000,00000000,00000000
O,60,10,0101,800ECF24,-1389,-3030,-1028,00000000,00002000,00000000,00000000,00000000,00000000,0,0,8033D8D8,00000000,00000000,00000000
O,60,11,0101,800ECF24,937,-3867,-1041,00000000,00002000,00000000,00000000,00000000,00000000,0,0,8033DB38,00000000,00000000,00000000
O,60,12,0101,800ECF5C,-139,-4408,-1056,00000000,00006000,00000000,00000000,00000000,00000000,0,0,8033DD98,00000000,00000000,00000000
O,60,13,0101,800ECF5C,618,3656,148,00000000,00004000,00000000,00000000,00000000,00000000,0,0,8033DFF8,00000000,00000000,00000000
O,60,14,0101,800ECF5C,963,3297,608,00000000,FFFFC000,00000000,00000000,00000000,00000000,0,0,8033E258,00000000,00000000,00000000
O,60,15,0101,800ECF5C,1306,2939,1069,00000000,00004000,00000000,00000000,00000000,00000000,0,0,8033E4B8,00000000,00000000,00000000
O,60,16,0101,800ECF5C,-1179,-1453,-792,00000000,FFFFE000,00000000,00000000,00000000,00000000,0,0,8033E718,00000000,00000000,00000000
O,60,17,0101,800ECF94,174,1248,2040,00000000,FFFF8000,00000000,00000000,00000000,00000000,0,0,8033E978,00000000,00000000,00000000
O,60,18,0101,800ECF94,-1321,1490,-1563,00000000,00002000,00000000,00000000,00000000,00000000,0,0,8033EBD8,00000000,00000000,00000000
O,60,19,0101,800ECF94,-1076,1730,-1808,00000000,00002000,00000000,00000000,00000000,00000000,0,0,8033EE38,00000000,00000000,00000000
O,60,20,0101,800ECF94,-1319,1970,-1564,00000000,00002000,00000000,00000000,00000000,00000000,0,0,8033F098,00000000,00000000,00000000
O,60,21,0101,800ECF94,-517,3175,2040,00000000,FFFF8000,00000000,00000000,00000000,00000000,0,0,8033F2F8,00000000,00000000,00000000
O,60,22,0101,800ECF94,-170,1248,2040,00000000,FFFF8000,00000000,00000000,00000000,00000000,0,0,8033F558,00000000,00000000,00000000
O,60,23,0101,800ECF94,-515,1248,2040,00000000,FFFF8000,00000000,00000000,00000000,00000000,0,0,8033F7B8,00000000,00000000,00000000
O,60,24,0101,800ECF94,-175,-1351,-2039,00000000,00000000,00000000,00000000,00000000,00000000,0,0,8033FA18,00000000,00000000,00000000
O,60,25,0101,800ECF94,-515,-2590,2040,00000000,FFFF8000,00000000,00000000,00000000,00000000,0,0,8033FC78,00000000,00000000,00000000
O,60,26,0101,800ECF94,518,3175,2040,00000000,FFFF8000,00000000,00000000,00000000,00000000,0,0,8033FED8,00000000,00000000,00000000
O,60,27,0101,800ECF94,-171,3175,2040,00000000,FFFF8000,00000000,00000000,00000000,00000000,0,0,80340138,00000000,00000000,00000000
O,60,28,0101,800ECF94,174,3175,2040,00000000,FFFF8000,00000000,00000000,00000000,00000000,0,0,80340398,00000000,00000000,00000000
O,60,29,0101,800ECFCC,1490,-2088,-873,00000000,00000000,00000000,00000000,00000000,00000000,0,0,803405F8,00000000,00000000,00000000
O,60,30,0101,800ECFCC,-708,-1606,-1589,00000000,00000000,00000000,00000000,00000000,00000000,0,0,80340858,00000000,00000000,00000000
O,60,31,0101,800ECFCC,954,-1627,-1448,00000000,00000000,00000000,00000000,00000000,00000000,0,0,80340AB8,00000000,00000000,00000000
O,60,32,0101,800ECFCC,1215,-1781,-1215,00000000,00000000,00000000,00000000,00000000,00000000,0,0,80340D18,00000000,00000000,00000000
O,60,33,0101,800ECFCC,1052,-1934,-769,00000000,00000000,00000000,00000000,00000000,00000000,0,0,80340F78,00000000,00000000,00000000
O,60,34,0101,800ECFCC,-620,1229,1233,00000000,FFFFA000,00000000,00000000,00000000,00000000,0,0,803411D8,00000000,00000000,00000000
O,60,35,0101,800ECFCC,1050,-19,-1037,00000000,FFFFE000,00000000,00000000,00000000,00000000,0,0,80341438,00000000,00000000,00000000
O,60,36,0101,800ECFF8,-1100,-71,-1030,00000000,FFFFE000,00000000,00000000,00000000,00000000,0,0,80341698,00000000,00000000,00000000
O,60,37,0101,800ED064,0,6011,0,00000000,FFFFA000,00000000,00000000,00000000,00000000,0,0,803418F8,00000000,00000000,00000000
O,60,38,0101,800ED064,0,-2487,0,00000000,00002000,00000000,00000000,00000000,00000000,0,0,80341B58,00000000,00000000,00000000
O,60,39,0101,800ED090,1102,-3619,1682,00000000,00006000,00000000,00000000,00000000,00000000,0,0,80341DB8,00000000,00000000,00000000
O,60,40,0101,800ED090,424,-3312,1959,00000000,00004000,00000000,00000000,00000000,00000000,0,0,80342018,00000000,00000000,00000000
O,60,41,0101,800ED090,1102,-3004,1682,00000000,00006000,00000000,00000000,00000000,00000000,0,0,80342278,00000000,00000000,00000000
O,60,42,0101,800ED090,1584,-2697,1200,00000000,00006000,00000000,00000000,00000000,00000000,0,0,803424D8,00000000,00000000,00000000
O,60,43,0101,800ED090,1582,-3619,1203,00000000,00006000,00000000,00000000,00000000,00000000,0,0,80342738,00000000,00000000,00000000
O,60,44,0101,800ED090,-762,4347,1047,00000000,00006000,00000000,00000000,00000000,00000000,0,0,80342998,00000000,00000000,00000000
O,60,45,0101,800ED090,424,-3926,1959,00000000,00004000,00000000,00000000,00000000,00000000,0,0,80342BF8,00000000,00000000,00000000
O,60,46,0101,800ED090,1102,-4233,1682,00000000,00006000,00000000,00000000,00000000,00000000,0,0,80342E58,00000000,00000000,00000000
O,60,47,0101,800ED090,1102,-4848,1682,00000000,00006000,00000000,00000000,00000000,00000000,0,0,803430B8,00000000,00000000,00000000
O,60,48,0101,800ED090,424,-4540,1959,00000000,00004000,00000000,00000000,00000000,00000000,0,0,80343318,00000000,00000000,00000000
O,60,49,0101,800ED090,-1037,4244,772,00000000,FFFFE000,00000000,00000000,00000000,00000000,0,0,80343578,00000000,00000000,00000000
O,60,50,0101,800ED090,1828,3835,-50,00000000,00000000,00000000,00000000,00000000,00000000,0,0,803437D8,00000000,00000000,00000000
O,60,51,0101,800ED090,1459,3835,-357,00000000,00000000,00000000,00000000,00000000,00000000,0,0,80343A38,00000000,00000000,00000000
O,60,52,0101,800ED090,1091,3835,-665,00000000,00000000,00000000,00000000,00000000,00000000,0,0,80343C98,00000000,00000000,00000000
O,60,53,0101,800ED064,1580,-4854,-825,00000000,00000000,00000000,00000000,00000000,00000000,0,0,80343EF8,00000000,00000000,00000000
O,60,54,0101,800ED064,-1692,1022,-1157,00000000,00000000,00000000,00000000,00000000,00000000,0,0,80344158,00000000,00000000,00000000
O,60,55,0101,800ED064,2098,7007,2243,00000000,00000000,00000000,00000000,00000000,00000000,0,0,803443B8,00000000,00000000,00000000
O,60,56,0101,800ED064,1801,-4843,-731,00000000,00000000,00000000,00000000,00000000,00000000,0,0,80344618,00000000,00000000,00000000
O,60,57,0101,800ED064,-1477,1044,-1088,00000000,00000000,00000000,00000000,00000000,00000000,0,0,80344878,00000000,00000000,00000000
O,60,58,0101,800ED064,2268,7030,2227,00000000,00000000,00000000,00000000,00000000,00000000,0,0,80344AD8,00000000,00000000,00000000
O,60,59,0101,800EC1AC,800,-4400,1900,00000000,00000000,00000000,00000000,00000000,00000000,0,0,80344D38,00000000,00000000,00000000
O,60,60,0101,800EC1AC,800,-3700,1900,00000000,00000000,00000000,00000000,00000000,00000000,0,0,80344F98,00000000,00000000,00000000
O,60,61,0101,800EC1AC,800,-3000,1900,00000000,00000000,00000000,00000000,00000000,00000000,0,0,803451F8,00000000,00000000,00000000
O,60,62,0101,800EC1AC,1780,-3300,1000,00000000,00000000,00000000,00000000,00000000,00000000,0,0,80345458,00000000,00000000,00000000
O,60,63,0101,800EC1AC,1388,-3300,1428,00000000,00000000,00000000,00000000,00000000,00000000,0,0,803456B8,00000000,00000000,00000000
O,60,64,0101,800EC1AC,200,-3000,2000,00000000,00000000,00000000,00000000,00000000,00000000,0,0,80345918,00000000,00000000,00000000
O,60,65,0101,800EC1AC,200,-3700,2000,00000000,00000000,00000000,00000000,00000000,00000000,0,0,80345B78,00000000,00000000,00000000
O,60,66,0101,800EC1AC,200,-4400,2000,00000000,00000000,00000000,00000000,00000000,00000000,0,0,80345DD8,00000000,00000000,00000000
O,60,67,0101,800EC4A4,-1080,90,1575,00000000,00000000,00000000,00000000,00000000,00000000,0,0,80346038,00000000,00000000,00000000
O,60,68,0101,800ED028,-1179,445,1413,00000000,00002000,00000000,00000000,00000000,00000000,0,0,80346298,00000000,00000000,00000000
O,60,69,0101,800ED028,-1524,-1454,1129,00000000,FFFFE000,00000000,00000000,00000000,00000000,0,0,803464F8,00000000,00000000,00000000
O,60,70,0101,800EB688,-980,-700,1450,00000000,00000000,00000000,00000000,00000000,00000000,0,0,80346758,00000000,00000000,00000000
O,60,71,0101,800EA888,-1203,-19,-170,00000000,00002000,00000000,00000000,00000000,00000000,0,0,803469B8,00000000,00000000,00000000
O,60,72,0101,800EA8A8,0,20,-1400,00000000,00000000,00000000,00000000,00000000,00000000,0,0,80346C18,00000000,00000000,00000000
O,60,73,0101,800EA8A8,-250,20,-1700,00000000,00000000,00000000,00000000,00000000,00000000,0,0,80346E78,00000000,00000000,00000000
O,60,74,0101,800EA8A8,250,20,-1700,00000000,00000000,00000000,00000000,00000000,00000000,0,0,803470D8,00000000,00000000,00000000
O,60,75,0101,800EA8A8,0,20,-2000,00000000,00000000,00000000,00000000,00000000,00000000,0,0,80347338,00000000,00000000,00000000
O,60,76,0101,800EA8A8,500,20,-2000,00000000,00000000,00000000,00000000,00000000,00000000,0,0,80347598,00000000,00000000,00000000
O,60,77,0101,800EA8A8,-500,20,-2000,00000000,00000000,00000000,00000000,00000000,00000000,0,0,803477F8,00000000,00000000,00000000
O,60,78,0101,800E9868,880,-19,1160,00000000,00000000,00000000,00000000,00000000,00000000,0,0,80347A58,00000000,00000000,00000000
O,60,79,0101,800ED48C,800,-2460,160,00000000,00000000,00000000,00000000,00000000,00000000,0,0,80347CB8,00000000,00000000,00000000
O,60,80,0101,800E8C0C,-1120,-820,1320,00000000,00002000,00000000,00000000,00000000,00000000,0,0,80347F18,00000000,00000000,00000000
O,60,81,0101,800ED48C,-571,6020,-1414,00000000,00000000,00000000,00000000,00000000,00000000,0,0,80348178,00000000,00000000,00000000
O,60,82,0101,800ED1F8,620,-5150,1540,00000000,00000000,00000000,00000000,00000000,00000000,0,0,803483D8,00000000,00000000,00000000
O,60,83,0101,800EC424,-520,1351,1919,00000000,00000000,00000000,00000000,00000000,00000000,0,0,80348638,00000000,00000000,00000000
O,60,84,0101,800EC424,-165,1351,1919,00000000,00000000,00000000,00000000,00000000,00000000,0,0,80348898,00000000,00000000,00000000
O,60,85,0101,800EC424,182,1351,1919,00000000,00000000,00000000,00000000,00000000,00000000,0,0,80348AF8,00000000,00000000,00000000
O,60,86,0101,800EC3EC,657,1368,1879,00000000,00000000,00000000,00000000,00000000,00000000,0,0,80348D58,00000000,00000000,00000000
O,60,87,0101,800EB688,-700,-2350,-700,00000000,00000000,00000000,00000000,00000000,00000000,0,0,80348FB8,00000000,00000000,00000000
O,60,88,0101,800EA570,1883,4150,550,00000000,00000000,00000000,00000000,00000000,00000000,0,0,80349218,00000000,00000000,00000000
O,60,89,0101,800ED1F8,-1333,350,1116,00000000,00000000,00000000,00000000,00000000,00000000,0,0,80349478,00000000,00000000,00000000
O,60,90,0101,800EA570,-1101,6316,-685,00000000,00002000,00000000,00000000,00000000,00000000,0,0,803496D8,00000000,00000000,00000000
O,60,91,0101,800EB474,1077,-4822,638,00000000,00000000,00000000,00000000,00000000,00000000,0,0,80349938,00000000,00000000,00000000
O,60,92,0101,800EB474,1683,-4822,189,00000000,00000000,00000000,00000000,00000000,00000000,0,0,80349B98,00000000,00000000,00000000
O,60,93,0101,800EA8A8,0,20,-1700,00000000,00000000,00000000,00000000,00000000,00000000,0,0,80349DF8,00000000,00000000,00000000
O,60,94,0101,800ECFCC,-1020,1229,537,00000000,00000000,00000000,00000000,00000000,00000000,0,0,8034A058,00000000,00000000,00000000
O,60,95,0101,800EA570,2350,5600,2350,00000000,00002000,00000000,00000000,00000000,00000000,0,0,8034A2B8,00000000,00000000,00000000
O,60,96,0101,800EA570,0,4783,0,00000000,00000000,00000000,00000000,00000000,00000000,0,0,8034A518,00000000,00000000,00000000
O,60,97,0101,800EA570,-1140,-3720,-1620,00000000,00002000,00000000,00000000,00000000,00000000,0,0,8034A778,00000000,00000000,00000000
O,60,98,0101,800EA570,840,-2200,860,00000000,00002000,00000000,00000000,00000000,00000000,0,0,8034A9D8,00000000,00000000,00000000
O,60,99,0101,800E8C3C,-770,-3800,-440,00000000,00000000,00000000,00000000,00000000,00000000,0,0,8034AC38,00000000,00000000,00000000
O,60,100,0101,800E8C3C,-770,-3700,-440,00000000,00000000,00000000,00000000,00000000,00000000,0,0,8034AE98,00000000,00000000,00000000
O,60,101,0101,800EA570,280,-4920,1660,00000000,00000000,00000000,00000000,00000000,00000000,0,0,8034B0F8,00000000,00000000,00000000
O,60,102,0101,800EA570,1240,300,840,00000000,00002000,00000000,00000000,00000000,00000000,0,0,8034B358,00000000,00000000,00000000
O,60,103,0101,800EA570,520,300,1500,00000000,00002000,00000000,00000000,00000000,00000000,0,0,8034B5B8,00000000,00000000,00000000
O,60,104,0101,800EA570,-400,3600,1880,00000000,00000000,00000000,00000000,00000000,00000000,0,0,8034B818,00000000,00000000,00000000
O,60,105,0101,800EA570,-40,4160,-1280,00000000,00000000,00000000,00000000,00000000,00000000,0,0,8034BA78,00000000,00000000,00000000
O,60,106,0101,800EA570,-1160,2920,-840,00000000,00002000,00000000,00000000,00000000,00000000,0,0,8034BCD8,00000000,00000000,00000000
O,60,107,0101,800EA570,-780,6316,-1020,00000000,00002000,00000000,00000000,00000000,00000000,0,0,8034BF38,00000000,00000000,00000000
O,60,108,0101,800ECF5C,1313,6190,1313,00000000,00002000,00000000,00000000,00000000,00000000,0,0,8034C198,00000000,00000000,00000000
O,60,109,0101,800ECF5C,1851,-2488,-98,00000000,00000000,00000000,00000000,00000000,00000000,0,0,8034C3F8,00000000,00000000,00000000
O,60,110,0101,800EC18C,1815,-3200,800,00000000,00000000,00000000,00000000,00000000,00000000,0,0,8034C658,00000000,00000000,00000000
O,60,111,0101,800EC13C,-1050,2400,-790,00000000,00000000,00000000,00000000,00000000,00000000,0,0,8034C8B8,00000000,00000000,00000000
O,60,112,0101,800EC13C,2200,7300,2210,00000000,00000000,00000000,00000000,00000000,00000000,0,0,8034CB18,00000000,00000000,00000000
O,60,113,0101,800EC13C,-1300,-2250,-1300,00000000,00000000,00000000,00000000,00000000,00000000,0,0,8034CD78,00000000,00000000,00000000
O,60,114,0101,800EC13C,-1850,300,-950,00000000,00000000,00000000,00000000,00000000,00000000,0,0,8034CFD8,00000000,00000000,00000000
O,60,115,0101,800EC13C,-1450,-1130,-1050,00000000,00000000,00000000,00000000,00000000,00000000,0,0,8034D238,00000000,00000000,00000000
O,60,116,0101,800E8EAC,1919,6191,1919,00000000,FFFFA000,00000000,00000000,00000000,00000000,0,0,8034D498,00000000,00000000,00000000
O,60,117,0101,800E8464,-1080,-840,1573,00000000,00000000,00000000,00000000,00000000,00000000,0,0,8034D6F8,00000000,00000000,00000000
O,60,118,0101,800EB274,1417,-3822,-548,00000000,FFFFE0B6,00000000,00000000,00000000,00000000,0,0,8034D958,00000000,00000000,00000000
O,60,119,0101,800EB1C0,1417,-3822,-548,00000000,FFFFE0B6,00000000,00000000,00000000,00000000,0,0,8034DBB8,00000000,00000000,00000000
M,61,18,104965,3,00001924,0C400201,0,0,00000000,1417,-3822,-548,-1.39015019,0,1.4378742,2,-8010,-4822,20000,00000000,00000000,801693C0,8034D958,00000000,8034D958,00000000,8034DBB8,00000000,00000000,-1
O,61,0,0101,800ECEF0,-1032,-3291,1070,00000000,00002000,00000000,00000000,00000000,00000000,0,0,8033C118,00000000,00000000,00000000
O,61,1,0101,800ECEF0,-1881,1767,-446,00000000,00004000,00000000,00000000,00000000,00000000,0,0,8033C378,00000000,00000000,00000000
O,61,2,0101,800ECEF0,-1870,2068,362,00000000,00004000,00000000,00000000,00000000,00000000,0,0,8033C5D8,00000000,00000000,00000000
O,61,3,0101,800ECEF0,-770,-4361,-423,00000000,FFFFA000,00000000,00000000,00000000,00000000,0,0,8033C838,00000000,00000000,00000000
O,61,4,0101,800ECEF0,-1314,-3691,788,00000000,00006000,00000000,00000000,00000000,00000000,0,0,8033CA98,00000000,00000000,00000000
O,61,5,0101,800ECEF0,-1314,-2892,1353,00000000,00006000,00000000,00000000,00000000,00000000,0,0,8033CCF8,00000000,00000000,00000000
O,61,6,0101,800ECEF0,780,5767,-1027,00000000,FFFFE000,00000000,00000000,00000000,00000000,0,0,8033CF58,00000000,00000000,00000000
O,61,7,0101,800ECEF0,1063,5562,-744,00000000,FFFFE000,00000000,00000000,00000000,00000000,0,0,8033D1B8,00000000,00000000,00000000
O,61,8,0101,800ECF24,-1350,748,-1208,00000000,00002000,00000000,00000000,00000000,00000000,0,0,8033D418,00000000,00000000,00000000
O,61,9,0101,800ECF24,-690,901,-910,00000000,00002000,00000000,00000000,00000000,00000000,0,0,8033D678,00000000,00000000,00000000
O,61,10,0101,800ECF24,-1389,-3030,-1028,00000000,00002000,00000000,00000000,00000000,00000000,0,0,8033D8D8,00000000,00000000,00000000
O,61,11,0101,800ECF24,937,-3867,-1041,00000000,00002000,00000000,00000000,00000000,00000000,0,0,8033DB38,00000000,00000000,00000000
O,61,12,0101,800ECF5C,-139,-4408,-1056,00000000,00006000,00000000,00000000,00000000,00000000,0,0,8033DD98,00000000,00000000,00000000
O,61,13,0101,800ECF5C,618,3656,148,00000000,00004000,00000000,00000000,00000000,00000000,0,0,8033DFF8,00000000,00000000,00000000
O,61,14,0101,800ECF5C,963,3297,608,00000000,FFFFC000,00000000,00000000,00000000,00000000,0,0,8033E258,00000000,00000000,00000000
O,61,15,0101,800ECF5C,1306,2939,1069,00000000,00004000,00000000,00000000,00000000,00000000,0,0,8033E4B8,00000000,00000000,00000000
O,61,16,0101,800ECF5C,-1179,-1453,-792,00000000,FFFFE000,00000000,00000000,00000000,00000000,0,0,8033E718,00000000,00000000,00000000
O,61,17,0101,800ECF94,174,1248,2040,00000000,FFFF8000,00000000,00000000,00000000,00000000,0,0,8033E978,00000000,00000000,00000000
O,61,18,0101,800ECF94,-1321,1490,-1563,00000000,00002000,00000000,00000000,00000000,00000000,0,0,8033EBD8,00000000,00000000,00000000
O,61,19,0101,800ECF94,-1076,1730,-1808,00000000,00002000,00000000,00000000,00000000,00000000,0,0,8033EE38,00000000,00000000,00000000
O,61,20,0101,800ECF94,-1319,1970,-1564,00000000,00002000,00000000,00000000,00000000,00000000,0,0,8033F098,00000000,00000000,00000000
O,61,21,0101,800ECF94,-517,3175,2040,00000000,FFFF8000,00000000,00000000,00000000,00000000,0,0,8033F2F8,00000000,00000000,00000000
O,61,22,0101,800ECF94,-170,1248,2040,00000000,FFFF8000,00000000,00000000,00000000,00000000,0,0,8033F558,00000000,00000000,00000000
O,61,23,0101,800ECF94,-515,1248,2040,00000000,FFFF8000,00000000,00000000,00000000,00000000,0,0,8033F7B8,00000000,00000000,00000000
O,61,24,0101,800ECF94,-175,-1351,-2039,00000000,00000000,00000000,00000000,00000000,00000000,0,0,8033FA18,00000000,00000000,00000000
O,61,25,0101,800ECF94,-515,-2590,2040,00000000,FFFF8000,00000000,00000000,00000000,00000000,0,0,8033FC78,00000000,00000000,00000000
O,61,26,0101,800ECF94,518,3175,2040,00000000,FFFF8000,00000000,00000000,00000000,00000000,0,0,8033FED8,00000000,00000000,00000000
O,61,27,0101,800ECF94,-171,3175,2040,00000000,FFFF8000,00000000,00000000,00000000,00000000,0,0,80340138,00000000,00000000,00000000
O,61,28,0101,800ECF94,174,3175,2040,00000000,FFFF8000,00000000,00000000,00000000,00000000,0,0,80340398,00000000,00000000,00000000
O,61,29,0101,800ECFCC,1490,-2088,-873,00000000,00000000,00000000,00000000,00000000,00000000,0,0,803405F8,00000000,00000000,00000000
O,61,30,0101,800ECFCC,-708,-1606,-1589,00000000,00000000,00000000,00000000,00000000,00000000,0,0,80340858,00000000,00000000,00000000
O,61,31,0101,800ECFCC,954,-1627,-1448,00000000,00000000,00000000,00000000,00000000,00000000,0,0,80340AB8,00000000,00000000,00000000
O,61,32,0101,800ECFCC,1215,-1781,-1215,00000000,00000000,00000000,00000000,00000000,00000000,0,0,80340D18,00000000,00000000,00000000
O,61,33,0101,800ECFCC,1052,-1934,-769,00000000,00000000,00000000,00000000,00000000,00000000,0,0,80340F78,00000000,00000000,00000000
O,61,34,0101,800ECFCC,-620,1229,1233,00000000,FFFFA000,00000000,00000000,00000000,00000000,0,0,803411D8,00000000,00000000,00000000
O,61,35,0101,800ECFCC,1050,-19,-1037,00000000,FFFFE000,00000000,00000000,00000000,00000000,0,0,80341438,00000000,00000000,00000000
O,61,36,0101,800ECFF8,-1100,-71,-1030,00000000,FFFFE000,00000000,00000000,00000000,00000000,0,0,80341698,00000000,00000000,00000000
O,61,37,0101,800ED064,0,6011,0,00000000,FFFFA000,00000000,00000000,00000000,00000000,0,0,803418F8,00000000,00000000,00000000
O,61,38,0101,800ED064,0,-2487,0,00000000,00002000,00000000,00000000,00000000,00000000,0,0,80341B58,00000000,00000000,00000000
O,61,39,0101,800ED090,1102,-3619,1682,00000000,00006000,00000000,00000000,00000000,00000000,0,0,80341DB8,00000000,00000000,00000000
O,61,40,0101,800ED090,424,-3312,1959,00000000,00004000,00000000,00000000,00000000,00000000,0,0,80342018,00000000,00000000,00000000
O,61,41,0101,800ED090,1102,-3004,1682,00000000,00006000,00000000,00000000,00000000,00000000,0,0,80342278,00000000,00000000,00000000
O,61,42,0101,800ED090,1584,-2697,1200,00000000,00006000,00000000,00000000,00000000,00000000,0,0,803424D8,00000000,00000000,00000000
O,61,43,0101,800ED090,1582,-3619,1203,00000000,00006000,00000000,00000000,00000000,00000000,0,0,80342738,00000000,00000000,00000000
O,61,44,0101,800ED090,-762,4347,1047,00000000,00006000,00000000,00000000,00000000,00000000,0,0,80342998,00000000,00000000,00000000
O,61,45,0101,800ED090,424,-3926,1959,00000000,00004000,00000000,00000000,00000000,00000000,0,0,80342BF8,00000000,00000000,00000000
O,61,46,0101,800ED090,1102,-4233,1682,00000000,00006000,00000000,00000000,00000000,00000000,0,0,80342E58,00000000,00000000,00000000
O,61,47,0101,800ED090,1102,-4848,1682,00000000,00006000,00000000,00000000,00000000,00000000,0,0,803430B8,00000000,00000000,00000000
O,61,48,0101,800ED090,424,-4540,1959,00000000,00004000,00000000,00000000,00000000,00000000,0,0,80343318,00000000,00000000,00000000
O,61,49,0101,800ED090,-1037,4244,772,00000000,FFFFE000,00000000,00000000,00000000,00000000,0,0,80343578,00000000,00000000,00000000
O,61,50,0101,800ED090,1828,3835,-50,00000000,00000000,00000000,00000000,00000000,00000000,0,0,803437D8,00000000,00000000,00000000
O,61,51,0101,800ED090,1459,3835,-357,00000000,00000000,00000000,00000000,00000000,00000000,0,0,80343A38,00000000,00000000,00000000
O,61,52,0101,800ED090,1091,3835,-665,00000000,00000000,00000000,00000000,00000000,00000000,0,0,80343C98,00000000,00000000,00000000
O,61,53,0101,800ED064,1580,-4854,-825,00000000,00000000,00000000,00000000,00000000,00000000,0,0,80343EF8,00000000,00000000,00000000
O,61,54,0101,800ED064,-1692,1022,-1157,00000000,00000000,00000000,00000000,00000000,00000000,0,0,80344158,00000000,00000000,00000000
O,61,55,0101,800ED064,2098,7007,2243,00000000,00000000,00000000,00000000,00000000,00000000,0,0,803443B8,00000000,00000000,00000000
O,61,56,0101,800ED064,1801,-4843,-731,00000000,00000000,00000000,00000000,00000000,00000000,0,0,80344618,00000000,00000000,00000000
O,61,57,0101,800ED064,-1477,1044,-1088,00000000,00000000,00000000,00000000,00000000,00000000,0,0,80344878,00000000,00000000,00000000
O,61,58,0101,800ED064,2268,7030,2227,00000000,00000000,00000000,00000000,00000000,00000000,0,0,80344AD8,00000000,00000000,00000000
O,61,59,0101,800EC1AC,800,-4400,1900,00000000,00000000,00000000,00000000,00000000,00000000,0,0,80344D38,00000000,00000000,00000000
O,61,60,0101,800EC1AC,800,-3700,1900,00000000,00000000,00000000,00000000,00000000,00000000,0,0,80344F98,00000000,00000000,00000000
O,61,61,0101,800EC1AC,800,-3000,1900,00000000,00000000,00000000,00000000,00000000,00000000,0,0,803451F8,00000000,00000000,00000000
O,61,62,0101,800EC1AC,1780,-3300,1000,00000000,00000000,00000000,00000000,00000000,00000000,0,0,80345458,00000000,00000000,00000000
O,61,63,0101,800EC1AC,1388,-3300,1428,00000000,00000000,00000000,00000000,00000000,00000000,0,0,803456B8,00000000,00000000,00000000
O,61,64,0101,800EC1AC,200,-3000,2000,00000000,00000000,00000000,00000000,00000000,00000000,0,0,80345918,00000000,00000000,00000000
O,61,65,0101,800EC1AC,200,-3700,2000,00000000,00000000,00000000,00000000,00000000,00000000,0,0,80345B78,00000000,00000000,00000000
O,61,66,0101,800EC1AC,200,-4400,2000,00000000,00000000,00000000,00000000,00000000,00000000,0,0,80345DD8,00000000,00000000,00000000
O,61,67,0101,800EC4A4,-1080,90,1575,00000000,00000000,00000000,00000000,00000000,00000000,0,0,80346038,00000000,00000000,00000000
O,61,68,0101,800ED028,-1179,445,1413,00000000,00002000,00000000,00000000,00000000,00000000,0,0,80346298,00000000,00000000,00000000
O,61,69,0101,800ED028,-1524,-1454,1129,00000000,FFFFE000,00000000,00000000,00000000,00000000,0,0,803464F8,00000000,00000000,00000000
O,61,70,0101,800EB688,-980,-700,1450,00000000,00000000,00000000,00000000,00000000,00000000,0,0,80346758,00000000,00000000,00000000
O,61,71,0101,800EA888,-1203,-19,-170,00000000,00002000,00000000,00000000,00000000,00000000,0,0,803469B8,00000000,00000000,00000000
O,61,72,0101,800EA8A8,0,20,-1400,00000000,00000000,00000000,00000000,00000000,00000000,0,0,80346C18,00000000,00000000,00000000
O,61,73,0101,800EA8A8,-250,20,-1700,00000000,00000000,00000000,00000000,00000000,00000000,0,0,80346E78,00000000,00000000,00000000
O,61,74,0101,800EA8A8,250,20,-1700,00000000,00000000,00000000,00000000,00000000,00000000,0,0,803470D8,00000000,00000000,00000000
O,61,75,0101,800EA8A8,0,20,-2000,00000000,00000000,00000000,00000000,00000000,00000000,0,0,80347338,00000000,00000000,00000000
O,61,76,0101,800EA8A8,500,20,-2000,00000000,00000000,00000000,00000000,00000000,00000000,0,0,80347598,00000000,00000000,00000000
O,61,77,0101,800EA8A8,-500,20,-2000,00000000,00000000,00000000,00000000,00000000,00000000,0,0,803477F8,00000000,00000000,00000000
O,61,78,0101,800E9868,880,-19,1160,00000000,00000000,00000000,00000000,00000000,00000000,0,0,80347A58,00000000,00000000,00000000
O,61,79,0101,800ED48C,800,-2460,160,00000000,00000000,00000000,00000000,00000000,00000000,0,0,80347CB8,00000000,00000000,00000000
O,61,80,0101,800E8C0C,-1120,-820,1320,00000000,00002000,00000000,00000000,00000000,00000000,0,0,80347F18,00000000,00000000,00000000
O,61,81,0101,800ED48C,-571,6020,-1414,00000000,00000000,00000000,00000000,00000000,00000000,0,0,80348178,00000000,00000000,00000000
O,61,82,0101,800ED1F8,620,-5150,1540,00000000,00000000,00000000,00000000,00000000,00000000,0,0,803483D8,00000000,00000000,00000000
O,61,83,0101,800EC424,-520,1351,1919,00000000,00000000,00000000,00000000,00000000,00000000,0,0,80348638,00000000,00000000,00000000
O,61,84,0101,800EC424,-165,1351,1919,00000000,00000000,00000000,00000000,00000000,00000000,0,0,80348898,00000000,00000000,00000000
O,61,85,0101,800EC424,182,1351,1919,00000000,00000000,00000000,00000000,00000000,00000000,0,0,80348AF8,00000000,00000000,00000000
O,61,86,0101,800EC3EC,657,1368,1879,00000000,00000000,00000000,00000000,00000000,00000000,0,0,80348D58,00000000,00000000,00000000
O,61,87,0101,800EB688,-700,-2350,-700,00000000,00000000,00000000,00000000,00000000,00000000,0,0,80348FB8,00000000,00000000,00000000
O,61,88,0101,800EA570,1883,4150,550,00000000,00000000,00000000,00000000,00000000,00000000,0,0,80349218,00000000,00000000,00000000
O,61,89,0101,800ED1F8,-1333,350,1116,00000000,00000000,00000000,00000000,00000000,00000000,0,0,80349478,00000000,00000000,00000000
O,61,90,0101,800EA570,-1101,6316,-685,00000000,00002000,00000000,00000000,00000000,00000000,0,0,803496D8,00000000,00000000,00000000
O,61,91,0101,800EB474,1077,-4822,638,00000000,00000000,00000000,00000000,00000000,00000000,0,0,80349938,00000000,00000000,00000000
O,61,92,0101,800EB474,1683,-4822,189,00000000,00000000,00000000,00000000,00000000,00000000,0,0,80349B98,00000000,00000000,00000000
O,61,93,0101,800EA8A8,0,20,-1700,00000000,00000000,00000000,00000000,00000000,00000000,0,0,80349DF8,00000000,00000000,00000000
O,61,94,0101,800ECFCC,-1020,1229,537,00000000,00000000,00000000,00000000,00000000,00000000,0,0,8034A058,00000000,00000000,00000000
O,61,95,0101,800EA570,2350,5600,2350,00000000,00002000,00000000,00000000,00000000,00000000,0,0,8034A2B8,00000000,00000000,00000000
O,61,96,0101,800EA570,0,4783,0,00000000,00000000,00000000,00000000,00000000,00000000,0,0,8034A518,00000000,00000000,00000000
O,61,97,0101,800EA570,-1140,-3720,-1620,00000000,00002000,00000000,00000000,00000000,00000000,0,0,8034A778,00000000,00000000,00000000
O,61,98,0101,800EA570,840,-2200,860,00000000,00002000,00000000,00000000,00000000,00000000,0,0,8034A9D8,00000000,00000000,00000000
O,61,99,0101,800E8C3C,-770,-3800,-440,00000000,00000000,00000000,00000000,00000000,00000000,0,0,8034AC38,00000000,00000000,00000000
O,61,100,0101,800E8C3C,-770,-3700,-440,00000000,00000000,00000000,00000000,00000000,00000000,0,0,8034AE98,00000000,00000000,00000000
O,61,101,0101,800EA570,280,-4920,1660,00000000,00000000,00000000,00000000,00000000,00000000,0,0,8034B0F8,00000000,00000000,00000000
O,61,102,0101,800EA570,1240,300,840,00000000,00002000,00000000,00000000,00000000,00000000,0,0,8034B358,00000000,00000000,00000000
O,61,103,0101,800EA570,520,300,1500,00000000,00002000,00000000,00000000,00000000,00000000,0,0,8034B5B8,00000000,00000000,00000000
O,61,104,0101,800EA570,-400,3600,1880,00000000,00000000,00000000,00000000,00000000,00000000,0,0,8034B818,00000000,00000000,00000000
O,61,105,0101,800EA570,-40,4160,-1280,00000000,00000000,00000000,00000000,00000000,00000000,0,0,8034BA78,00000000,00000000,00000000
O,61,106,0101,800EA570,-1160,2920,-840,00000000,00002000,00000000,00000000,00000000,00000000,0,0,8034BCD8,00000000,00000000,00000000
O,61,107,0101,800EA570,-780,6316,-1020,00000000,00002000,00000000,00000000,00000000,00000000,0,0,8034BF38,00000000,00000000,00000000
O,61,108,0101,800ECF5C,1313,6190,1313,00000000,00002000,00000000,00000000,00000000,00000000,0,0,8034C198,00000000,00000000,00000000
O,61,109,0101,800ECF5C,1851,-2488,-98,00000000,00000000,00000000,00000000,00000000,00000000,0,0,8034C3F8,00000000,00000000,00000000
O,61,110,0101,800EC18C,1815,-3200,800,00000000,00000000,00000000,00000000,00000000,00000000,0,0,8034C658,00000000,00000000,00000000
O,61,111,0101,800EC13C,-1050,2400,-790,00000000,00000000,00000000,00000000,00000000,00000000,0,0,8034C8B8,00000000,00000000,00000000
O,61,112,0101,800EC13C,2200,7300,2210,00000000,00000000,00000000,00000000,00000000,00000000,0,0,8034CB18,00000000,00000000,00000000
O,61,113,0101,800EC13C,-1300,-2250,-1300,00000000,00000000,00000000,00000000,00000000,00000000,0,0,8034CD78,00000000,00000000,00000000
O,61,114,0101,800EC13C,-1850,300,-950,00000000,00000000,00000000,00000000,00000000,00000000,0,0,8034CFD8,00000000,00000000,00000000
O,61,115,0101,800EC13C,-1450,-1130,-1050,00000000,00000000,00000000,00000000,00000000,00000000,0,0,8034D238,00000000,00000000,00000000
O,61,116,0101,800E8EAC,1919,6191,1919,00000000,FFFFA000,00000000,00000000,00000000,00000000,0,0,8034D498,00000000,00000000,00000000
O,61,117,0101,800E8464,-1080,-840,1573,00000000,00000000,00000000,00000000,00000000,00000000,0,0,8034D6F8,00000000,00000000,00000000
O,61,118,0101,800EB274,1417,-3822,-548,00000000,FFFFE0B6,00000000,00000000,00000000,00000000,0,0,8034D958,00000000,00000000,00000000
O,61,119,0101,800EB1C0,1417,-3822,-548,00000000,FFFFE0B6,00000000,00000000,00000000,00000000,0,0,8034DBB8,00000000,00000000,00000000
M,62,18,104965,3,00001924,0C400201,0,0,00000000,1417,-3822,-548,-1.39015019,0,1.4378742,2,-8010,-4822,20000,00000000,00000000,801693C0,8034D958,00000000,8034D958,00000000,8034DBB8,00000000,00000000,-1
O,62,0,0101,800ECEF0,-1032,-3291,1070,00000000,00002000,00000000,00000000,00000000,00000000,0,0,8033C118,00000000,00000000,00000000
O,62,1,0101,800ECEF0,-1881,1767,-446,00000000,00004000,00000000,00000000,00000000,00000000,0,0,8033C378,00000000,00000000,00000000
O,62,2,0101,800ECEF0,-1870,2068,362,00000000,00004000,00000000,00000000,00000000,00000000,0,0,8033C5D8,00000000,00000000,00000000
O,62,3,0101,800ECEF0,-770,-4361,-423,00000000,FFFFA000,00000000,00000000,00000000,00000000,0,0,8033C838,00000000,00000000,00000000
O,62,4,0101,800ECEF0,-1314,-3691,788,00000000,00006000,00000000,00000000,00000000,00000000,0,0,8033CA98,00000000,00000000,00000000
O,62,5,0101,800ECEF0,-1314,-2892,1353,00000000,00006000,00000000,00000000,00000000,00000000,0,0,8033CCF8,00000000,00000000,00000000
O,62,6,0101,800ECEF0,780,5767,-1027,00000000,FFFFE000,00000000,00000000,00000000,00000000,0,0,8033CF58,00000000,00000000,00000000
O,62,7,0101,800ECEF0,1063,5562,-744,00000000,FFFFE000,00000000,00000000,00000000,00000000,0,0,8033D1B8,00000000,00000000,00000000
O,62,8,0101,800ECF24,-1350,748,-1208,00000000,00002000,00000000,00000000,00000000,00000000,0,0,8033D418,00000000,00000000,00000000
O,62,9,0101,800ECF24,-690,901,-910,00000000,00002000,00000000,00000000,00000000,00000000,0,0,8033D678,00000000,00000000,00000000
O,62,10,0101,800ECF24,-1389,-3030,-1028,00000000,00002000,00000000,00000000,00000000,00000000,0,0,8033D8D8,00000000,00000000,00000000
O,62,11,0101,800ECF24,937,-3867,-1041,00000000,00002000,00000000,00000000,00000000,00000000,0,0,8033DB38,00000000,00000000,00000000
O,62,12,0101,800ECF5C,-139,-4408,-1056,00000000,00006000,00000000,00000000,00000000,00000000,0,0,8033DD98,00000000,00000000,00000000
O,62,13,0101,800ECF5C,618,3656,148,00000000,00004000,00000000,00000000,00000000,00000000,0,0,8033DFF8,00000000,00000000,00000000
O,62,14,0101,800ECF5C,963,3297,608,00000000,FFFFC000,00000000,00000000,00000000,00000000,0,0,8033E258,00000000,00000000,00000000
O,62,15,0101,800ECF5C,1306,2939,1069,00000000,00004000,00000000,00000000,00000000,00000000,0,0,8033E4B8,00000000,00000000,00000000
O,62,16,0101,800ECF5C,-1179,-1453,-792,00000000,FFFFE000,00000000,00000000,00000000,00000000,0,0,8033E718,00000000,00000000,00000000
O,62,17,0101,800ECF94,174,1248,2040,00000000,FFFF8000,00000000,00000000,00000000,00000000,0,0,8033E978,00000000,00000000,00000000
O,62,18,0101,800ECF94,-1321,1490,-1563,00000000,00002000,00000000,00000000,00000000,00000000,0,0,8033EBD8,00000000,00000000,00000000
O,62,19,0101,800ECF94,-1076,1730,-1808,00000000,00002000,00000000,00000000,00000000,00000000,0,0,8033EE38,00000000,00000000,00000000
O,62,20,0101,800ECF94,-1319,1970,-1564,00000000,00002000,00000000,00000000,00000000,00000000,0,0,8033F098,00000000,00000000,00000000
O,62,21,0101,800ECF94,-517,3175,2040,00000000,FFFF8000,00000000,00000000,00000000,00000000,0,0,8033F2F8,00000000,00000000,00000000
O,62,22,0101,800ECF94,-170,1248,2040,00000000,FFFF8000,00000000,00000000,00000000,00000000,0,0,8033F558,00000000,00000000,00000000
O,62,23,0101,800ECF94,-515,1248,2040,00000000,FFFF8000,00000000,00000000,00000000,00000000,0,0,8033F7B8,00000000,00000000,00000000
O,62,24,0101,800ECF94,-175,-1351,-2039,00000000,00000000,00000000,00000000,00000000,00000000,0,0,8033FA18,00000000,00000000,00000000
O,62,25,0101,800ECF94,-515,-2590,2040,00000000,FFFF8000,00000000,00000000,00000000,00000000,0,0,8033FC78,00000000,00000000,00000000
O,62,26,0101,800ECF94,518,3175,2040,00000000,FFFF8000,00000000,00000000,00000000,00000000,0,0,8033FED8,00000000,00000000,00000000
O,62,27,0101,800ECF94,-171,3175,2040,00000000,FFFF8000,00000000,00000000,00000000,00000000,0,0,80340138,00000000,00000000,00000000
O,62,28,0101,800ECF94,174,3175,2040,00000000,FFFF8000,00000000,00000000,00000000,00000000,0,0,80340398,00000000,00000000,00000000
O,62,29,0101,800ECFCC,1490,-2088,-873,00000000,00000000,00000000,00000000,00000000,00000000,0,0,803405F8,00000000,00000000,00000000
O,62,30,0101,800ECFCC,-708,-1606,-1589,00000000,00000000,00000000,00000000,00000000,00000000,0,0,80340858,00000000,00000000,00000000
O,62,31,0101,800ECFCC,954,-1627,-1448,00000000,00000000,00000000,00000000,00000000,00000000,0,0,80340AB8,00000000,00000000,00000000
O,62,32,0101,800ECFCC,1215,-1781,-1215,00000000,00000000,00000000,00000000,00000000,00000000,0,0,80340D18,00000000,00000000,00000000
O,62,33,0101,800ECFCC,1052,-1934,-769,00000000,00000000,00000000,00000000,00000000,00000000,0,0,80340F78,00000000,00000000,00000000
O,62,34,0101,800ECFCC,-620,1229,1233,00000000,FFFFA000,00000000,00000000,00000000,00000000,0,0,803411D8,00000000,00000000,00000000
O,62,35,0101,800ECFCC,1050,-19,-1037,00000000,FFFFE000,00000000,00000000,00000000,00000000,0,0,80341438,00000000,00000000,00000000
O,62,36,0101,800ECFF8,-1100,-71,-1030,00000000,FFFFE000,00000000,00000000,00000000,00000000,0,0,80341698,00000000,00000000,00000000
O,62,37,0101,800ED064,0,6011,0,00000000,FFFFA000,00000000,00000000,00000000,00000000,0,0,803418F8,00000000,00000000,00000000
O,62,38,0101,800ED064,0,-2487,0,00000000,00002000,00000000,00000000,00000000,00000000,0,0,80341B58,00000000,00000000,00000000
O,62,39,0101,800ED090,1102,-3619,1682,00000000,00006000,00000000,00000000,00000000,00000000,0,0,80341DB8,00000000,00000000,00000000
O,62,40,0101,800ED090,424,-3312,1959,00000000,00004000,00000000,00000000,00000000,00000000,0,0,80342018,00000000,00000000,00000000
O,62,41,0101,800ED090,1102,-3004,1682,00000000,00006000,00000000,00000000,00000000,00000000,0,0,80342278,00000000,00000000,00000000
O,62,42,0101,800ED090,1584,-2697,1200,00000000,00006000,00000000,00000000,00000000,00000000,0,0,803424D8,00000000,00000000,00000000
O,62,43,0101,800ED090,1582,-3619,1203,00000000,00006000,00000000,00000000,00000000,00000000,0,0,80342738,00000000,00000000,00000000
O,62,44,0101,800ED090,-762,4347,1047,00000000,00006000,00000000,00000000,00000000,00000000,0,0,80342998,00000000,00000000,00000000
O,62,45,0101,800ED090,424,-3926,1959,00000000,00004000,00000000,00000000,00000000,00000000,0,0,80342BF8,00000000,00000000,00000000
O,62,46,0101,800ED090,1102,-4233,1682,00000000,00006000,00000000,00000000,00000000,00000000,0,0,80342E58,00000000,00000000,00000000
O,62,47,0101,800ED090,1102,-4848,1682,00000000,00006000,00000000,00000000,00000000,00000000,0,0,803430B8,00000000,00000000,00000000
O,62,48,0101,800ED090,424,-4540,1959,00000000,00004000,00000000,00000000,00000000,00000000,0,0,80343318,00000000,00000000,00000000
O,62,49,0101,800ED090,-1037,4244,772,00000000,FFFFE000,00000000,00000000,00000000,00000000,0,0,80343578,00000000,00000000,00000000
O,62,50,0101,800ED090,1828,3835,-50,00000000,00000000,00000000,00000000,00000000,00000000,0,0,803437D8,00000000,00000000,00000000
O,62,51,0101,800ED090,1459,3835,-357,00000000,00000000,00000000,00000000,00000000,00000000,0,0,80343A38,00000000,00000000,00000000
O,62,52,0101,800ED090,1091,3835,-665,00000000,00000000,00000000,00000000,00000000,00000000,0,0,80343C98,00000000,00000000,00000000
O,62,53,0101,800ED064,1580,-4854,-825,00000000,00000000,00000000,00000000,00000000,00000000,0,0,80343EF8,00000000,00000000,00000000
O,62,54,0101,800ED064,-1692,1022,-1157,00000000,00000000,00000000,00000000,00000000,00000000,0,0,80344158,00000000,00000000,00000000
O,62,55,0101,800ED064,2098,7007,2243,00000000,00000000,00000000,00000000,00000000,00000000,0,0,803443B8,00000000,00000000,00000000
O,62,56,0101,800ED064,1801,-4843,-731,00000000,00000000,00000000,00000000,00000000,00000000,0,0,80344618,00000000,00000000,00000000
O,62,57,0101,800ED064,-1477,1044,-1088,00000000,00000000,00000000,00000000,00000000,00000000,0,0,80344878,00000000,00000000,00000000
O,62,58,0101,800ED064,2268,7030,2227,00000000,00000000,00000000,00000000,00000000,00000000,0,0,80344AD8,00000000,00000000,00000000
O,62,59,0101,800EC1AC,800,-4400,1900,00000000,00000000,00000000,00000000,00000000,00000000,0,0,80344D38,00000000,00000000,00000000
O,62,60,0101,800EC1AC,800,-3700,1900,00000000,00000000,00000000,00000000,00000000,00000000,0,0,80344F98,00000000,00000000,00000000
O,62,61,0101,800EC1AC,800,-3000,1900,00000000,00000000,00000000,00000000,00000000,00000000,0,0,803451F8,00000000,00000000,00000000
O,62,62,0101,800EC1AC,1780,-3300,1000,00000000,00000000,00000000,00000000,00000000,00000000,0,0,80345458,00000000,00000000,00000000
O,62,63,0101,800EC1AC,1388,-3300,1428,00000000,00000000,00000000,00000000,00000000,00000000,0,0,803456B8,00000000,00000000,00000000
O,62,64,0101,800EC1AC,200,-3000,2000,00000000,00000000,00000000,00000000,00000000,00000000,0,0,80345918,00000000,00000000,00000000
O,62,65,0101,800EC1AC,200,-3700,2000,00000000,00000000,00000000,00000000,00000000,00000000,0,0,80345B78,00000000,00000000,00000000
O,62,66,0101,800EC1AC,200,-4400,2000,00000000,00000000,00000000,00000000,00000000,00000000,0,0,80345DD8,00000000,00000000,00000000
O,62,67,0101,800EC4A4,-1080,90,1575,00000000,00000000,00000000,00000000,00000000,00000000,0,0,80346038,00000000,00000000,00000000
O,62,68,0101,800ED028,-1179,445,1413,00000000,00002000,00000000,00000000,00000000,00000000,0,0,80346298,00000000,00000000,00000000
O,62,69,0101,800ED028,-1524,-1454,1129,00000000,FFFFE000,00000000,00000000,00000000,00000000,0,0,803464F8,00000000,00000000,00000000
O,62,70,0101,800EB688,-980,-700,1450,00000000,00000000,00000000,00000000,00000000,00000000,0,0,80346758,00000000,00000000,00000000
O,62,71,0101,800EA888,-1203,-19,-170,00000000,00002000,00000000,00000000,00000000,00000000,0,0,803469B8,00000000,00000000,00000000
O,62,72,0101,800EA8A8,0,20,-1400,00000000,00000000,00000000,00000000,00000000,00000000,0,0,80346C18,00000000,00000000,00000000
O,62,73,0101,800EA8A8,-250,20,-1700,00000000,00000000,00000000,00000000,00000000,00000000,0,0,80346E78,00000000,00000000,00000000
O,62,74,0101,800EA8A8,250,20,-1700,00000000,00000000,00000000,00000000,00000000,00000000,0,0,803470D8,00000000,00000000,00000000
O,62,75,0101,800EA8A8,0,20,-2000,00000000,00000000,00000000,00000000,00000000,00000000,0,0,80347338,00000000,00000000,00000000
O,62,76,0101,800EA8A8,500,20,-2000,00000000,00000000,00000000,00000000,00000000,00000000,0,0,80347598,00000000,00000000,00000000
O,62,77,0101,800EA8A8,-500,20,-2000,00000000,00000000,00000000,00000000,00000000,00000000,0,0,803477F8,00000000,00000000,00000000
O,62,78,0101,800E9868,880,-19,1160,00000000,00000000,00000000,00000000,00000000,00000000,0,0,80347A58,00000000,00000000,00000000
O,62,79,0101,800ED48C,800,-2460,160,00000000,00000000,00000000,00000000,00000000,00000000,0,0,80347CB8,00000000,00000000,00000000
O,62,80,0101,800E8C0C,-1120,-820,1320,00000000,00002000,00000000,00000000,00000000,00000000,0,0,80347F18,00000000,00000000,00000000
O,62,81,0101,800ED48C,-571,6020,-1414,00000000,00000000,00000000,00000000,00000000,00000000,0,0,80348178,00000000,00000000,00000000
O,62,82,0101,800ED1F8,620,-5150,1540,00000000,00000000,00000000,00000000,00000000,00000000,0,0,803483D8,00000000,00000000,00000000
O,62,83,0101,800EC424,-520,1351,1919,00000000,00000000,00000000,00000000,00000000,00000000,0,0,80348638,00000000,00000000,00000000
O,62,84,0101,800EC424,-165,1351,1919,00000000,00000000,00000000,00000000,00000000,00000000,0,0,80348898,00000000,00000000,00000000
O,62,85,0101,800EC424,182,1351,1919,00000000,00000000,00000000,00000000,00000000,00000000,0,0,80348AF8,00000000,00000000,00000000
O,62,86,0101,800EC3EC,657,1368,1879,00000000,00000000,00000000,00000000,00000000,00000000,0,0,80348D58,00000000,00000000,00000000
O,62,87,0101,800EB688,-700,-2350,-700,00000000,00000000,00000000,00000000,00000000,00000000,0,0,80348FB8,00000000,00000000,00000000
O,62,88,0101,800EA570,1883,4150,550,00000000,00000000,00000000,00000000,00000000,00000000,0,0,80349218,00000000,00000000,00000000
O,62,89,0101,800ED1F8,-1333,350,1116,00000000,00000000,00000000,00000000,00000000,00000000,0,0,80349478,00000000,00000000,00000000
O,62,90,0101,800EA570,-1101,6316,-685,00000000,00002000,00000000,00000000,00000000,00000000,0,0,803496D8,00000000,00000000,00000000
O,62,91,0101,800EB474,1077,-4822,638,00000000,00000000,00000000,00000000,00000000,00000000,0,0,80349938,00000000,00000000,00000000
O,62,92,0101,800EB474,1683,-4822,189,00000000,00000000,00000000,00000000,00000000,00000000,0,0,80349B98,00000000,00000000,00000000
O,62,93,0101,800EA8A8,0,20,-1700,00000000,00000000,00000000,00000000,00000000,00000000,0,0,80349DF8,00000000,00000000,00000000
O,62,94,0101,800ECFCC,-1020,1229,537,00000000,00000000,00000000,00000000,00000000,00000000,0,0,8034A058,00000000,00000000,00000000
O,62,95,0101,800EA570,2350,5600,2350,00000000,00002000,00000000,00000000,00000000,00000000,0,0,8034A2B8,00000000,00000000,00000000
O,62,96,0101,800EA570,0,4783,0,00000000,00000000,00000000,00000000,00000000,00000000,0,0,8034A518,00000000,00000000,00000000
O,62,97,0101,800EA570,-1140,-3720,-1620,00000000,00002000,00000000,00000000,00000000,00000000,0,0,8034A778,00000000,00000000,00000000
O,62,98,0101,800EA570,840,-2200,860,00000000,00002000,00000000,00000000,00000000,00000000,0,0,8034A9D8,00000000,00000000,00000000
O,62,99,0101,800E8C3C,-770,-3800,-440,00000000,00000000,00000000,00000000,00000000,00000000,0,0,8034AC38,00000000,00000000,00000000
O,62,100,0101,800E8C3C,-770,-3700,-440,00000000,00000000,00000000,00000000,00000000,00000000,0,0,8034AE98,00000000,00000000,00000000
O,62,101,0101,800EA570,280,-4920,1660,00000000,00000000,00000000,00000000,00000000,00000000,0,0,8034B0F8,00000000,00000000,00000000
O,62,102,0101,800EA570,1240,300,840,00000000,00002000,00000000,00000000,00000000,00000000,0,0,8034B358,00000000,00000000,00000000
O,62,103,0101,800EA570,520,300,1500,00000000,00002000,00000000,00000000,00000000,00000000,0,0,8034B5B8,00000000,00000000,00000000
O,62,104,0101,800EA570,-400,3600,1880,00000000,00000000,00000000,00000000,00000000,00000000,0,0,8034B818,00000000,00000000,00000000
O,62,105,0101,800EA570,-40,4160,-1280,00000000,00000000,00000000,00000000,00000000,00000000,0,0,8034BA78,00000000,00000000,00000000
O,62,106,0101,800EA570,-1160,2920,-840,00000000,00002000,00000000,00000000,00000000,00000000,0,0,8034BCD8,00000000,00000000,00000000
O,62,107,0101,800EA570,-780,6316,-1020,00000000,00002000,00000000,00000000,00000000,00000000,0,0,8034BF38,00000000,00000000,00000000
O,62,108,0101,800ECF5C,1313,6190,1313,00000000,00002000,00000000,00000000,00000000,00000000,0,0,8034C198,00000000,00000000,00000000
O,62,109,0101,800ECF5C,1851,-2488,-98,00000000,00000000,00000000,00000000,00000000,00000000,0,0,8034C3F8,00000000,00000000,00000000
O,62,110,0101,800EC18C,1815,-3200,800,00000000,00000000,00000000,00000000,00000000,00000000,0,0,8034C658,00000000,00000000,00000000
O,62,111,0101,800EC13C,-1050,2400,-790,00000000,00000000,00000000,00000000,00000000,00000000,0,0,8034C8B8,00000000,00000000,00000000
O,62,112,0101,800EC13C,2200,7300,2210,00000000,00000000,00000000,00000000,00000000,00000000,0,0,8034CB18,00000000,00000000,00000000
O,62,113,0101,800EC13C,-1300,-2250,-1300,00000000,00000000,00000000,00000000,00000000,00000000,0,0,8034CD78,00000000,00000000,00000000
O,62,114,0101,800EC13C,-1850,300,-950,00000000,00000000,00000000,00000000,00000000,00000000,0,0,8034CFD8,00000000,00000000,00000000
O,62,115,0101,800EC13C,-1450,-1130,-1050,00000000,00000000,00000000,00000000,00000000,00000000,0,0,8034D238,00000000,00000000,00000000
O,62,116,0101,800E8EAC,1919,6191,1919,00000000,FFFFA000,00000000,00000000,00000000,00000000,0,0,8034D498,00000000,00000000,00000000
O,62,117,0101,800E8464,-1080,-840,1573,00000000,00000000,00000000,00000000,00000000,00000000,0,0,8034D6F8,00000000,00000000,00000000
O,62,118,0101,800EB274,1417,-3822,-548,00000000,FFFFE0B6,00000000,00000000,00000000,00000000,0,0,8034D958,00000000,00000000,00000000
O,62,119,0101,800EB1C0,1417,-3822,-548,00000000,FFFFE0B6,00000000,00000000,00000000,00000000,0,0,8034DBB8,00000000,00000000,00000000
M,63,18,104965,3,00001924,0C400201,0,0,00000000,1417,-3822,-548,-1.39015019,0,1.4378742,2,-8010,-4822,20000,00000000,00000000,801693C0,8034D958,00000000,8034D958,00000000,8034DBB8,00000000,00000000,-1
O,63,0,0101,800ECEF0,-1032,-3291,1070,00000000,00002000,00000000,00000000,00000000,00000000,0,0,8033C118,00000000,00000000,00000000
O,63,1,0101,800ECEF0,-1881,1767,-446,00000000,00004000,00000000,00000000,00000000,00000000,0,0,8033C378,00000000,00000000,00000000
O,63,2,0101,800ECEF0,-1870,2068,362,00000000,00004000,00000000,00000000,00000000,00000000,0,0,8033C5D8,00000000,00000000,00000000
O,63,3,0101,800ECEF0,-770,-4361,-423,00000000,FFFFA000,00000000,00000000,00000000,00000000,0,0,8033C838,00000000,00000000,00000000
O,63,4,0101,800ECEF0,-1314,-3691,788,00000000,00006000,00000000,00000000,00000000,00000000,0,0,8033CA98,00000000,00000000,00000000
O,63,5,0101,800ECEF0,-1314,-2892,1353,00000000,00006000,00000000,00000000,00000000,00000000,0,0,8033CCF8,00000000,00000000,00000000
O,63,6,0101,800ECEF0,780,5767,-1027,00000000,FFFFE000,00000000,00000000,00000000,00000000,0,0,8033CF58,00000000,00000000,00000000
O,63,7,0101,800ECEF0,1063,5562,-744,00000000,FFFFE000,00000000,00000000,00000000,00000000,0,0,8033D1B8,00000000,00000000,00000000
O,63,8,0101,800ECF24,-1350,748,-1208,00000000,00002000,00000000,00000000,00000000,00000000,0,0,8033D418,00000000,00000000,00000000
O,63,9,0101,800ECF24,-690,901,-910,00000000,00002000,00000000,00000000,00000000,00000000,0,0,8033D678,00000000,00000000,00000000
O,63,10,0101,800ECF24,-1389,-3030,-1028,00000000,00002000,00000000,00000000,00000000,00000000,0,0,8033D8D8,00000000,00000000,00000000
O,63,11,0101,800ECF24,937,-3867,-1041,00000000,00002000,00000000,00000000,00000000,00000000,0,0,8033DB38,00000000,00000000,00000000
O,63,12,0101,800ECF5C,-139,-4408,-1056,00000000,00006000,00000000,00000000,00000000,00000000,0,0,8033DD98,00000000,00000000,00000000
O,63,13,0101,800ECF5C,618,3656,148,00000000,00004000,00000000,00000000,00000000,00000000,0,0,8033DFF8,00000000,00000000,00000000
O,63,14,0101,800ECF5C,963,3297,608,00000000,FFFFC000,00000000,00000000,00000000,00000000,0,0,8033E258,00000000,00000000,00000000
O,63,15,0101,800ECF5C,1306,2939,1069,00000000,00004000,00000000,00000000,00000000,00000000,0,0,8033E4B8,00000000,00000000,00000000
O,63,16,0101,800ECF5C,-1179,-1453,-792,00000000,FFFFE000,00000000,00000000,00000000,00000000,0,0,8033E718,00000000,00000000,00000000
O,63,17,0101,800ECF94,174,1248,2040,00000000,FFFF8000,00000000,00000000,00000000,00000000,0,0,8033E978,00000000,00000000,00000000
O,63,18,0101,800ECF94,-1321,1490,-1563,00000000,00002000,00000000,00000000,00000000,00000000,0,0,8033EBD8,00000000,00000000,00000000
O,63,19,0101,800ECF94,-1076,1730,-1808,00000000,00002000,00000000,00000000,00000000,00000000,0,0,8033EE38,00000000,00000000,00000000
O,63,20,0101,800ECF94,-1319,1970,-1564,00000000,00002000,00000000,00000000,00000000,00000000,0,0,8033F098,00000000,00000000,00000000
O,63,21,0101,800ECF94,-517,3175,2040,00000000,FFFF8000,00000000,00000000,00000000,00000000,0,0,8033F2F8,00000000,00000000,00000000
O,63,22,0101,800ECF94,-170,1248,2040,00000000,FFFF8000,00000000,00000000,00000000,00000000,0,0,8033F558,00000000,00000000,00000000
O,63,23,0101,800ECF94,-515,1248,2040,00000000,FFFF8000,00000000,00000000,00000000,00000000,0,0,8033F7B8,00000000,00000000,00000000
O,63,24,0101,800ECF94,-175,-1351,-2039,00000000,00000000,00000000,00000000,00000000,00000000,0,0,8033FA18,00000000,00000000,00000000
O,63,25,0101,800ECF94,-515,-2590,2040,00000000,FFFF8000,00000000,00000000,00000000,00000000,0,0,8033FC78,00000000,00000000,00000000
O,63,26,0101,800ECF94,518,3175,2040,00000000,FFFF8000,00000000,00000000,00000000,00000000,0,0,8033FED8,00000000,00000000,00000000
O,63,27,0101,800ECF94,-171,3175,2040,00000000,FFFF8000,00000000,00000000,00000000,00000000,0,0,80340138,00000000,00000000,00000000
O,63,28,0101,800ECF94,174,3175,2040,00000000,FFFF8000,00000000,00000000,00000000,00000000,0,0,80340398,00000000,00000000,00000000
O,63,29,0101,800ECFCC,1490,-2088,-873,00000000,00000000,00000000,00000000,00000000,00000000,0,0,803405F8,00000000,00000000,00000000
O,63,30,0101,800ECFCC,-708,-1606,-1589,00000000,00000000,00000000,00000000,00000000,00000000,0,0,80340858,00000000,00000000,00000000
O,63,31,0101,800ECFCC,954,-1627,-1448,00000000,00000000,00000000,00000000,00000000,00000000,0,0,80340AB8,00000000,00000000,00000000
O,63,32,0101,800ECFCC,1215,-1781,-1215,00000000,00000000,00000000,00000000,00000000,00000000,0,0,80340D18,00000000,00000000,00000000
O,63,33,0101,800ECFCC,1052,-1934,-769,00000000,00000000,00000000,00000000,00000000,00000000,0,0,80340F78,00000000,00000000,00000000
O,63,34,0101,800ECFCC,-620,1229,1233,00000000,FFFFA000,00000000,00000000,00000000,00000000,0,0,803411D8,00000000,00000000,00000000
O,63,35,0101,800ECFCC,1050,-19,-1037,00000000,FFFFE000,00000000,00000000,00000000,00000000,0,0,80341438,00000000,00000000,00000000
O,63,36,0101,800ECFF8,-1100,-71,-1030,00000000,FFFFE000,00000000,00000000,00000000,00000000,0,0,80341698,00000000,00000000,00000000
O,63,37,0101,800ED064,0,6011,0,00000000,FFFFA000,00000000,00000000,00000000,00000000,0,0,803418F8,00000000,00000000,00000000
O,63,38,0101,800ED064,0,-2487,0,00000000,00002000,00000000,00000000,00000000,00000000,0,0,80341B58,00000000,00000000,00000000
O,63,39,0101,800ED090,1102,-3619,1682,00000000,00006000,00000000,00000000,00000000,00000000,0,0,80341DB8,00000000,00000000,00000000
O,63,40,0101,800ED090,424,-3312,1959,00000000,00004000,00000000,00000000,00000000,00000000,0,0,80342018,00000000,00000000,00000000
O,63,41,0101,800ED090,1102,-3004,1682,00000000,00006000,00000000,00000000,00000000,00000000,0,0,80342278,00000000,00000000,00000000
O,63,42,0101,800ED090,1584,-2697,1200,00000000,00006000,00000000,00000000,00000000,00000000,0,0,803424D8,00000000,00000000,00000000
O,63,43,0101,800ED090,1582,-3619,1203,00000000,00006000,00000000,00000000,00000000,00000000,0,0,80342738,00000000,00000000,00000000
O,63,44,0101,800ED090,-762,4347,1047,00000000,00006000,00000000,00000000,00000000,00000000,0,0,80342998,00000000,00000000,00000000
O,63,45,0101,800ED090,424,-3926,1959,00000000,00004000,00000000,00000000,00000000,00000000,0,0,80342BF8,00000000,00000000,00000000
O,63,46,0101,800ED090,1102,-4233,1682,00000000,00006000,00000000,00000000,00000000,00000000,0,0,80342E58,00000000,00000000,00000000
O,63,47,0101,800ED090,1102,-4848,1682,00000000,00006000,00000000,00000000,00000000,00000000,0,0,803430B8,00000000,00000000,00000000
O,63,48,0101,800ED090,424,-4540,1959,00000000,00004000,00000000,00000000,00000000,00000000,0,0,80343318,00000000,00000000,00000000
O,63,49,0101,800ED090,-1037,4244,772,00000000,FFFFE000,00000000,00000000,00000000,00000000,0,0,80343578,00000000,00000000,00000000
O,63,50,0101,800ED090,1828,3835,-50,00000000,00000000,00000000,00000000,00000000,00000000,0,0,803437D8,00000000,00000000,00000000
O,63,51,0101,800ED090,1459,3835,-357,00000000,00000000,00000000,00000000,00000000,00000000,0,0,80343A38,00000000,00000000,00000000
O,63,52,0101,800ED090,1091,3835,-665,00000000,00000000,00000000,00000000,00000000,00000000,0,0,80343C98,00000000,00000000,00000000
O,63,53,0101,800ED064,1580,-4854,-825,00000000,00000000,00000000,00000000,00000000,00000000,0,0,80343EF8,00000000,00000000,00000000
O,63,54,0101,800ED064,-1692,1022,-1157,00000000,00000000,00000000,00000000,00000000,00000000,0,0,80344158,00000000,00000000,00000000
O,63,55,0101,800ED064,2098,7007,2243,00000000,00000000,00000000,00000000,00000000,00000000,0,0,803443B8,00000000,00000000,00000000
O,63,56,0101,800ED064,1801,-4843,-731,00000000,00000000,00000000,00000000,00000000,00000000,0,0,80344618,00000000,00000000,00000000
O,63,57,0101,800ED064,-1477,1044,-1088,00000000,00000000,00000000,00000000,00000000,00000000,0,0,80344878,00000000,00000000,00000000
O,63,58,0101,800ED064,2268,7030,2227,00000000,00000000,00000000,00000000,00000000,00000000,0,0,80344AD8,00000000,00000000,00000000
O,63,59,0101,800EC1AC,800,-4400,1900,00000000,00000000,00000000,00000000,00000000,00000000,0,0,80344D38,00000000,00000000,00000000
O,63,60,0101,800EC1AC,800,-3700,1900,00000000,00000000,00000000,00000000,00000000,00000000,0,0,80344F98,00000000,00000000,00000000
O,63,61,0101,800EC1AC,800,-3000,1900,00000000,00000000,00000000,00000000,00000000,00000000,0,0,803451F8,00000000,00000000,00000000
O,63,62,0101,800EC1AC,1780,-3300,1000,00000000,00000000,00000000,00000000,00000000,00000000,0,0,80345458,00000000,00000000,00000000
O,63,63,0101,800EC1AC,1388,-3300,1428,00000000,00000000,00000000,00000000,00000000,00000000,0,0,803456B8,00000000,00000000,00000000
O,63,64,0101,800EC1AC,200,-3000,2000,00000000,00000000,00000000,00000000,00000000,00000000,0,0,80345918,00000000,00000000,00000000
O,63,65,0101,800EC1AC,200,-3700,2000,00000000,00000000,00000000,00000000,00000000,00000000,0,0,80345B78,00000000,00000000,00000000
O,63,66,0101,800EC1AC,200,-4400,2000,00000000,00000000,00000000,00000000,00000000,00000000,0,0,80345DD8,00000000,00000000,00000000
O,63,67,0101,800EC4A4,-1080,90,1575,00000000,00000000,00000000,00000000,00000000,00000000,0,0,80346038,00000000,00000000,00000000
O,63,68,0101,800ED028,-1179,445,1413,00000000,00002000,00000000,00000000,00000000,00000000,0,0,80346298,00000000,00000000,00000000
O,63,69,0101,800ED028,-1524,-1454,1129,00000000,FFFFE000,00000000,00000000,00000000,00000000,0,0,803464F8,00000000,00000000,00000000
O,63,70,0101,800EB688,-980,-700,1450,00000000,00000000,00000000,00000000,00000000,00000000,0,0,80346758,00000000,00000000,00000000
O,63,71,0101,800EA888,-1203,-19,-170,00000000,00002000,00000000,00000000,00000000,00000000,0,0,803469B8,00000000,00000000,00000000
O,63,72,0101,800EA8A8,0,20,-1400,00000000,00000000,00000000,00000000,00000000,00000000,0,0,80346C18,00000000,00000000,00000000
O,63,73,0101,800EA8A8,-250,20,-1700,00000000,00000000,00000000,00000000,00000000,00000000,0,0,80346E78,00000000,00000000,00000000
O,63,74,0101,800EA8A8,250,20,-1700,00000000,00000000,00000000,00000000,00000000,00000000,0,0,803470D8,00000000,00000000,00000000
O,63,75,0101,800EA8A8,0,20,-2000,00000000,00000000,00000000,00000000,00000000,00000000,0,0,80347338,00000000,00000000,00000000
O,63,76,0101,800EA8A8,500,20,-2000,00000000,00000000,00000000,00000000,00000000,00000000,0,0,80347598,00000000,00000000,00000000
O,63,77,0101,800EA8A8,-500,20,-2000,00000000,00000000,00000000,00000000,00000000,00000000,0,0,803477F8,00000000,00000000,00000000
O,63,78,0101,800E9868,880,-19,1160,00000000,00000000,00000000,00000000,00000000,00000000,0,0,80347A58,00000000,00000000,00000000
O,63,79,0101,800ED48C,800,-2460,160,00000000,00000000,00000000,00000000,00000000,00000000,0,0,80347CB8,00000000,00000000,00000000
O,63,80,0101,800E8C0C,-1120,-820,1320,00000000,00002000,00000000,00000000,00000000,00000000,0,0,80347F18,00000000,00000000,00000000
O,63,81,0101,800ED48C,-571,6020,-1414,00000000,00000000,00000000,00000000,00000000,00000000,0,0,80348178,00000000,00000000,00000000
O,63,82,0101,800ED1F8,620,-5150,1540,00000000,00000000,00000000,00000000,00000000,00000000,0,0,803483D8,00000000,00000000,00000000
O,63,83,0101,800EC424,-520,1351,1919,00000000,00000000,00000000,00000000,00000000,00000000,0,0,80348638,00000000,00000000,00000000
O,63,84,0101,800EC424,-165,1351,1919,00000000,00000000,00000000,00000000,00000000,00000000,0,0,80348898,00000000,00000000,00000000
O,63,85,0101,800EC424,182,1351,1919,00000000,00000000,00000000,00000000,00000000,00000000,0,0,80348AF8,00000000,00000000,00000000
O,63,86,0101,800EC3EC,657,1368,1879,00000000,00000000,00000000,00000000,00000000,00000000,0,0,80348D58,00000000,00000000,00000000
O,63,87,0101,800EB688,-700,-2350,-700,00000000,00000000,00000000,00000000,00000000,00000000,0,0,80348FB8,00000000,00000000,00000000
O,63,88,0101,800EA570,1883,4150,550,00000000,00000000,00000000,00000000,00000000,00000000,0,0,80349218,00000000,00000000,00000000
O,63,89,0101,800ED1F8,-1333,350,1116,00000000,00000000,00000000,00000000,00000000,00000000,0,0,80349478,00000000,00000000,00000000
O,63,90,0101,800EA570,-1101,6316,-685,00000000,00002000,00000000,00000000,00000000,00000000,0,0,803496D8,00000000,00000000,00000000
O,63,91,0101,800EB474,1077,-4822,638,00000000,00000000,00000000,00000000,00000000,00000000,0,0,80349938,00000000,00000000,00000000
O,63,92,0101,800EB474,1683,-4822,189,00000000,00000000,00000000,00000000,00000000,00000000,0,0,80349B98,00000000,00000000,00000000
O,63,93,0101,800EA8A8,0,20,-1700,00000000,00000000,00000000,00000000,00000000,00000000,0,0,80349DF8,00000000,00000000,00000000
O,63,94,0101,800ECFCC,-1020,1229,537,00000000,00000000,00000000,00000000,00000000,00000000,0,0,8034A058,00000000,00000000,00000000
O,63,95,0101,800EA570,2350,5600,2350,00000000,00002000,00000000,00000000,00000000,00000000,0,0,8034A2B8,00000000,00000000,00000000
O,63,96,0101,800EA570,0,4783,0,00000000,00000000,00000000,00000000,00000000,00000000,0,0,8034A518,00000000,00000000,00000000
O,63,97,0101,800EA570,-1140,-3720,-1620,00000000,00002000,00000000,00000000,00000000,00000000,0,0,8034A778,00000000,00000000,00000000
O,63,98,0101,800EA570,840,-2200,860,00000000,00002000,00000000,00000000,00000000,00000000,0,0,8034A9D8,00000000,00000000,00000000
O,63,99,0101,800E8C3C,-770,-3800,-440,00000000,00000000,00000000,00000000,00000000,00000000,0,0,8034AC38,00000000,00000000,00000000
O,63,100,0101,800E8C3C,-770,-3700,-440,00000000,00000000,00000000,00000000,00000000,00000000,0,0,8034AE98,00000000,00000000,00000000
O,63,101,0101,800EA570,280,-4920,1660,00000000,00000000,00000000,00000000,00000000,00000000,0,0,8034B0F8,00000000,00000000,00000000
O,63,102,0101,800EA570,1240,300,840,00000000,00002000,00000000,00000000,00000000,00000000,0,0,8034B358,00000000,00000000,00000000
O,63,103,0101,800EA570,520,300,1500,00000000,00002000,00000000,00000000,00000000,00000000,0,0,8034B5B8,00000000,00000000,00000000
O,63,104,0101,800EA570,-400,3600,1880,00000000,00000000,00000000,00000000,00000000,00000000,0,0,8034B818,00000000,00000000,00000000
O,63,105,0101,800EA570,-40,4160,-1280,00000000,00000000,00000000,00000000,00000000,00000000,0,0,8034BA78,00000000,00000000,00000000
O,63,106,0101,800EA570,-1160,2920,-840,00000000,00002000,00000000,00000000,00000000,00000000,0,0,8034BCD8,00000000,00000000,00000000
O,63,107,0101,800EA570,-780,6316,-1020,00000000,00002000,00000000,00000000,00000000,00000000,0,0,8034BF38,00000000,00000000,00000000
O,63,108,0101,800ECF5C,1313,6190,1313,00000000,00002000,00000000,00000000,00000000,00000000,0,0,8034C198,00000000,00000000,00000000
O,63,109,0101,800ECF5C,1851,-2488,-98,00000000,00000000,00000000,00000000,00000000,00000000,0,0,8034C3F8,00000000,00000000,00000000
O,63,110,0101,800EC18C,1815,-3200,800,00000000,00000000,00000000,00000000,00000000,00000000,0,0,8034C658,00000000,00000000,00000000
O,63,111,0101,800EC13C,-1050,2400,-790,00000000,00000000,00000000,00000000,00000000,00000000,0,0,8034C8B8,00000000,00000000,00000000
O,63,112,0101,800EC13C,2200,7300,2210,00000000,00000000,00000000,00000000,00000000,00000000,0,0,8034CB18,00000000,00000000,00000000
O,63,113,0101,800EC13C,-1300,-2250,-1300,00000000,00000000,00000000,00000000,00000000,00000000,0,0,8034CD78,00000000,00000000,00000000
O,63,114,0101,800EC13C,-1850,300,-950,00000000,00000000,00000000,00000000,00000000,00000000,0,0,8034CFD8,00000000,00000000,00000000
O,63,115,0101,800EC13C,-1450,-1130,-1050,00000000,00000000,00000000,00000000,00000000,00000000,0,0,8034D238,00000000,00000000,00000000
O,63,116,0101,800E8EAC,1919,6191,1919,00000000,FFFFA000,00000000,00000000,00000000,00000000,0,0,8034D498,00000000,00000000,00000000
O,63,117,0101,800E8464,-1080,-840,1573,00000000,00000000,00000000,00000000,00000000,00000000,0,0,8034D6F8,00000000,00000000,00000000
O,63,118,0101,800EB274,1417,-3822,-548,00000000,FFFFE0B6,00000000,00000000,00000000,00000000,0,0,8034D958,00000000,00000000,00000000
O,63,119,0101,800EB1C0,1417,-3822,-548,00000000,FFFFE0B6,00000000,00000000,00000000,00000000,0,0,8034DBB8,00000000,00000000,00000000
M,64,18,104965,3,00001924,0C400201,0,0,00000000,1417,-3822,-548,-1.39015019,0,1.4378742,2,-8010,-4822,20000,00000000,00000000,801693C0,8034D958,00000000,8034D958,00000000,8034DBB8,00000000,00000000,-1
O,64,0,0101,800ECEF0,-1032,-3291,1070,00000000,00002000,00000000,00000000,00000000,00000000,0,0,8033C118,00000000,00000000,00000000
O,64,1,0101,800ECEF0,-1881,1767,-446,00000000,00004000,00000000,00000000,00000000,00000000,0,0,8033C378,00000000,00000000,00000000
O,64,2,0101,800ECEF0,-1870,2068,362,00000000,00004000,00000000,00000000,00000000,00000000,0,0,8033C5D8,00000000,00000000,00000000
O,64,3,0101,800ECEF0,-770,-4361,-423,00000000,FFFFA000,00000000,00000000,00000000,00000000,0,0,8033C838,00000000,00000000,00000000
O,64,4,0101,800ECEF0,-1314,-3691,788,00000000,00006000,00000000,00000000,00000000,00000000,0,0,8033CA98,00000000,00000000,00000000
O,64,5,0101,800ECEF0,-1314,-2892,1353,00000000,00006000,00000000,00000000,00000000,00000000,0,0,8033CCF8,00000000,00000000,00000000
O,64,6,0101,800ECEF0,780,5767,-1027,00000000,FFFFE000,00000000,00000000,00000000,00000000,0,0,8033CF58,00000000,00000000,00000000
O,64,7,0101,800ECEF0,1063,5562,-744,00000000,FFFFE000,00000000,00000000,00000000,00000000,0,0,8033D1B8,00000000,00000000,00000000
O,64,8,0101,800ECF24,-1350,748,-1208,00000000,00002000,00000000,00000000,00000000,00000000,0,0,8033D418,00000000,00000000,00000000
O,64,9,0101,800ECF24,-690,901,-910,00000000,00002000,00000000,00000000,00000000,00000000,0,0,8033D678,00000000,00000000,00000000
O,64,10,0101,800ECF24,-1389,-3030,-1028,00000000,00002000,00000000,00000000,00000000,00000000,0,0,8033D8D8,00000000,00000000,00000000
O,64,11,0101,800ECF24,937,-3867,-1041,00000000,00002000,00000000,00000000,00000000,00000000,0,0,8033DB38,00000000,00000000,00000000
O,64,12,0101,800ECF5C,-139,-4408,-1056,00000000,00006000,00000000,00000000,00000000,00000000,0,0,8033DD98,00000000,00000000,00000000
O,64,13,0101,800ECF5C,618,3656,148,00000000,00004000,00000000,00000000,00000000,00000000,0,0,8033DFF8,00000000,00000000,00000000
O,64,14,0101,800ECF5C,963,3297,608,00000000,FFFFC000,00000000,00000000,00000000,00000000,0,0,8033E258,00000000,00000000,00000000
O,64,15,0101,800ECF5C,1306,2939,1069,00000000,00004000,00000000,00000000,00000000,00000000,0,0,8033E4B8,00000000,00000000,00000000
O,64,16,0101,800ECF5C,-1179,-1453,-792,00000000,FFFFE000,00000000,00000000,00000000,00000000,0,0,8033E718,00000000,00000000,00000000
O,64,17,0101,800ECF94,174,1248,2040,00000000,FFFF8000,00000000,00000000,00000000,00000000,0,0,8033E978,00000000,00000000,00000000
O,64,18,0101,800ECF94,-1321,1490,-1563,00000000,00002000,00000000,00000000,00000000,00000000,0,0,8033EBD8,00000000,00000000,00000000
O,64,19,0101,800ECF94,-1076,1730,-1808,00000000,00002000,00000000,00000000,00000000,00000000,0,0,8033EE38,00000000,00000000,00000000
O,64,20,0101,800ECF94,-1319,1970,-1564,00000000,00002000,00000000,00000000,00000000,00000000,0,0,8033F098,00000000,00000000,00000000
O,64,21,0101,800ECF94,-517,3175,2040,00000000,FFFF8000,00000000,00000000,00000000,00000000,0,0,8033F2F8,00000000,00000000,00000000
O,64,22,0101,800ECF94,-170,1248,2040,00000000,FFFF8000,00000000,00000000,00000000,00000000,0,0,8033F558,00000000,00000000,00000000
O,64,23,0101,800ECF94,-515,1248,2040,00000000,FFFF8000,00000000,00000000,00000000,00000000,0,0,8033F7B8,00000000,00000000,00000000
O,64,24,0101,800ECF94,-175,-1351,-2039,00000000,00000000,00000000,00000000,00000000,00000000,0,0,8033FA18,00000000,00000000,00000000
O,64,25,0101,800ECF94,-515,-2590,2040,00000000,FFFF8000,00000000,00000000,00000000,00000000,0,0,8033FC78,00000000,00000000,00000000
O,64,26,0101,800ECF94,518,3175,2040,00000000,FFFF8000,00000000,00000000,00000000,00000000,0,0,8033FED8,00000000,00000000,00000000
O,64,27,0101,800ECF94,-171,3175,2040,00000000,FFFF8000,00000000,00000000,00000000,00000000,0,0,80340138,00000000,00000000,00000000
O,64,28,0101,800ECF94,174,3175,2040,00000000,FFFF8000,00000000,00000000,00000000,00000000,0,0,80340398,00000000,00000000,00000000
O,64,29,0101,800ECFCC,1490,-2088,-873,00000000,00000000,00000000,00000000,00000000,00000000,0,0,803405F8,00000000,00000000,00000000
O,64,30,0101,800ECFCC,-708,-1606,-1589,00000000,00000000,00000000,00000000,00000000,00000000,0,0,80340858,00000000,00000000,00000000
O,64,31,0101,800ECFCC,954,-1627,-1448,00000000,00000000,00000000,00000000,00000000,00000000,0,0,80340AB8,00000000,00000000,00000000
O,64,32,0101,800ECFCC,1215,-1781,-1215,00000000,00000000,00000000,00000000,00000000,00000000,0,0,80340D18,00000000,00000000,00000000
O,64,33,0101,800ECFCC,1052,-1934,-769,00000000,00000000,00000000,00000000,00000000,00000000,0,0,80340F78,00000000,00000000,00000000
O,64,34,0101,800ECFCC,-620,1229,1233,00000000,FFFFA000,00000000,00000000,00000000,00000000,0,0,803411D8,00000000,00000000,00000000
O,64,35,0101,800ECFCC,1050,-19,-1037,00000000,FFFFE000,00000000,00000000,00000000,00000000,0,0,80341438,00000000,00000000,00000000
O,64,36,0101,800ECFF8,-1100,-71,-1030,00000000,FFFFE000,00000000,00000000,00000000,00000000,0,0,80341698,00000000,00000000,00000000
O,64,37,0101,800ED064,0,6011,0,00000000,FFFFA000,00000000,00000000,00000000,00000000,0,0,803418F8,00000000,00000000,00000000
O,64,38,0101,800ED064,0,-2487,0,00000000,00002000,00000000,00000000,00000000,00000000,0,0,80341B58,00000000,00000000,00000000
O,64,39,0101,800ED090,1102,-3619,1682,00000000,00006000,00000000,00000000,00000000,00000000,0,0,80341DB8,00000000,00000000,00000000
O,64,40,0101,800ED090,424,-3312,1959,00000000,00004000,00000000,00000000,00000000,00000000,0,0,80342018,00000000,00000000,00000000
O,64,41,0101,800ED090,1102,-3004,1682,00000000,00006000,00000000,00000000,00000000,00000000,0,0,80342278,00000000,00000000,00000000
O,64,42,0101,800ED090,1584,-2697,1200,00000000,00006000,00000000,00000000,00000000,00000000,0,0,803424D8,00000000,00000000,00000000
O,64,43,0101,800ED090,1582,-3619,1203,00000000,00006000,00000000,00000000,00000000,00000000,0,0,80342738,00000000,00000000,00000000
O,64,44,0101,800ED090,-762,4347,1047,00000000,00006000,00000000,00000000,00000000,00000000,0,0,80342998,00000000,00000000,00000000
O,64,45,0101,800ED090,424,-3926,1959,00000000,00004000,00000000,00000000,00000000,00000000,0,0,80342BF8,00000000,00000000,00000000
O,64,46,0101,800ED090,1102,-4233,1682,00000000,00006000,00000000,00000000,00000000,00000000,0,0,80342E58,00000000,00000000,00000000
O,64,47,0101,800ED090,1102,-4848,1682,00000000,00006000,00000000,00000000,00000000,00000000,0,0,803430B8,00000000,00000000,00000000
O,64,48,0101,800ED090,424,-4540,1959,00000000,00004000,00000000,00000000,00000000,00000000,0,0,80343318,00000000,00000000,00000000
O,64,49,0101,800ED090,-1037,4244,772,00000000,FFFFE000,00000000,00000000,00000000,00000000,0,0,80343578,00000000,00000000,00000000
O,64,50,0101,800ED090,1828,3835,-50,00000000,00000000,00000000,00000000,00000000,00000000,0,0,803437D8,00000000,00000000,00000000
O,64,51,0101,800ED090,1459,3835,-357,00000000,00000000,00000000,00000000,00000000,00000000,0,0,80343A38,00000000,00000000,00000000
O,64,52,0101,800ED090,1091,3835,-665,00000000,00000000,00000000,00000000,00000000,00000000,0,0,80343C98,00000000,00000000,00000000
O,64,53,0101,800ED064,1580,-4854,-825,00000000,00000000,00000000,00000000,00000000,00000000,0,0,80343EF8,00000000,00000000,00000000
O,64,54,0101,800ED064,-1692,1022,-1157,00000000,00000000,00000000,00000000,00000000,00000000,0,0,80344158,00000000,00000000,00000000
O,64,55,0101,800ED064,2098,7007,2243,00000000,00000000,00000000,00000000,00000000,00000000,0,0,803443B8,00000000,00000000,00000000
O,64,56,0101,800ED064,1801,-4843,-731,00000000,00000000,00000000,00000000,00000000,00000000,0,0,80344618,00000000,00000000,00000000
O,64,57,0101,800ED064,-1477,1044,-1088,00000000,00000000,00000000,00000000,00000000,00000000,0,0,80344878,00000000,00000000,00000000
O,64,58,0101,800ED064,2268,7030,2227,00000000,00000000,00000000,00000000,00000000,00000000,0,0,80344AD8,00000000,00000000,00000000
O,64,59,0101,800EC1AC,800,-4400,1900,00000000,00000000,00000000,00000000,00000000,00000000,0,0,80344D38,00000000,00000000,00000000
O,64,60,0101,800EC1AC,800,-3700,1900,00000000,00000000,00000000,00000000,00000000,00000000,0,0,80344F98,00000000,00000000,00000000
O,64,61,0101,800EC1AC,800,-3000,1900,00000000,00000000,00000000,00000000,00000000,00000000,0,0,803451F8,00000000,00000000,00000000
O,64,62,0101,800EC1AC,1780,-3300,1000,00000000,00000000,00000000,00000000,00000000,00000000,0,0,80345458,00000000,00000000,00000000
O,64,63,0101,800EC1AC,1388,-3300,1428,00000000,00000000,00000000,00000000,00000000,00000000,0,0,803456B8,00000000,00000000,00000000
O,64,64,0101,800EC1AC,200,-3000,2000,00000000,00000000,00000000,00000000,00000000,00000000,0,0,80345918,00000000,00000000,00000000
O,64,65,0101,800EC1AC,200,-3700,2000,00000000,00000000,00000000,00000000,00000000,00000000,0,0,80345B78,00000000,00000000,00000000
O,64,66,0101,800EC1AC,200,-4400,2000,00000000,00000000,00000000,00000000,00000000,00000000,0,0,80345DD8,00000000,00000000,00000000
O,64,67,0101,800EC4A4,-1080,90,1575,00000000,00000000,00000000,00000000,00000000,00000000,0,0,80346038,00000000,00000000,00000000
O,64,68,0101,800ED028,-1179,445,1413,00000000,00002000,00000000,00000000,00000000,00000000,0,0,80346298,00000000,00000000,00000000
O,64,69,0101,800ED028,-1524,-1454,1129,00000000,FFFFE000,00000000,00000000,00000000,00000000,0,0,803464F8,00000000,00000000,00000000
O,64,70,0101,800EB688,-980,-700,1450,00000000,00000000,00000000,00000000,00000000,00000000,0,0,80346758,00000000,00000000,00000000
O,64,71,0101,800EA888,-1203,-19,-170,00000000,00002000,00000000,00000000,00000000,00000000,0,0,803469B8,00000000,00000000,00000000
O,64,72,0101,800EA8A8,0,20,-1400,00000000,00000000,00000000,00000000,00000000,00000000,0,0,80346C18,00000000,00000000,00000000
O,64,73,0101,800EA8A8,-250,20,-1700,00000000,00000000,00000000,00000000,00000000,00000000,0,0,80346E78,00000000,00000000,00000000
O,64,74,0101,800EA8A8,250,20,-1700,00000000,00000000,00000000,00000000,00000000,00000000,0,0,803470D8,00000000,00000000,00000000
O,64,75,0101,800EA8A8,0,20,-2000,00000000,00000000,00000000,00000000,00000000,00000000,0,0,80347338,00000000,00000000,00000000
O,64,76,0101,800EA8A8,500,20,-2000,00000000,00000000,00000000,00000000,00000000,00000000,0,0,80347598,00000000,00000000,00000000
O,64,77,0101,800EA8A8,-500,20,-2000,00000000,00000000,00000000,00000000,00000000,00000000,0,0,803477F8,00000000,00000000,00000000
O,64,78,0101,800E9868,880,-19,1160,00000000,00000000,00000000,00000000,00000000,00000000,0,0,80347A58,00000000,00000000,00000000
O,64,79,0101,800ED48C,800,-2460,160,00000000,00000000,00000000,00000000,00000000,00000000,0,0,80347CB8,00000000,00000000,00000000
O,64,80,0101,800E8C0C,-1120,-820,1320,00000000,00002000,00000000,00000000,00000000,00000000,0,0,80347F18,00000000,00000000,00000000
O,64,81,0101,800ED48C,-571,6020,-1414,00000000,00000000,00000000,00000000,00000000,00000000,0,0,80348178,00000000,00000000,00000000
O,64,82,0101,800ED1F8,620,-5150,1540,00000000,00000000,00000000,00000000,00000000,00000000,0,0,803483D8,00000000,00000000,00000000
O,64,83,0101,800EC424,-520,1351,1919,00000000,00000000,00000000,00000000,00000000,00000000,0,0,80348638,00000000,00000000,00000000
O,64,84,0101,800EC424,-165,1351,1919,00000000,00000000,00000000,00000000,00000000,00000000,0,0,80348898,00000000,00000000,00000000
O,64,85,0101,800EC424,182,1351,1919,00000000,00000000,00000000,00000000,00000000,00000000,0,0,80348AF8,00000000,00000000,00000000
O,64,86,0101,800EC3EC,657,1368,1879,00000000,00000000,00000000,00000000,00000000,00000000,0,0,80348D58,00000000,00000000,00000000
O,64,87,0101,800EB688,-700,-2350,-700,00000000,00000000,00000000,00000000,00000000,00000000,0,0,80348FB8,00000000,00000000,00000000
O,64,88,0101,800EA570,1883,4150,550,00000000,00000000,00000000,00000000,00000000,00000000,0,0,80349218,00000000,00000000,00000000
O,64,89,0101,800ED1F8,-1333,350,1116,00000000,00000000,00000000,00000000,00000000,00000000,0,0,80349478,00000000,00000000,00000000
O,64,90,0101,800EA570,-1101,6316,-685,00000000,00002000,00000000,00000000,00000000,00000000,0,0,803496D8,00000000,00000000,00000000
O,64,91,0101,800EB474,1077,-4822,638,00000000,00000000,00000000,00000000,00000000,00000000,0,0,80349938,00000000,00000000,00000000
O,64,92,0101,800EB474,1683,-4822,189,00000000,00000000,00000000,00000000,00000000,00000000,0,0,80349B98,00000000,00000000,00000000
O,64,93,0101,800EA8A8,0,20,-1700,00000000,00000000,00000000,00000000,00000000,00000000,0,0,80349DF8,00000000,00000000,00000000
O,64,94,0101,800ECFCC,-1020,1229,537,00000000,00000000,00000000,00000000,00000000,00000000,0,0,8034A058,00000000,00000000,00000000
O,64,95,0101,800EA570,2350,5600,2350,00000000,00002000,00000000,00000000,00000000,00000000,0,0,8034A2B8,00000000,00000000,00000000
O,64,96,0101,800EA570,0,4783,0,00000000,00000000,00000000,00000000,00000000,00000000,0,0,8034A518,00000000,00000000,00000000
O,64,97,0101,800EA570,-1140,-3720,-1620,00000000,00002000,00000000,00000000,00000000,00000000,0,0,8034A778,00000000,00000000,00000000
O,64,98,0101,800EA570,840,-2200,860,00000000,00002000,00000000,00000000,00000000,00000000,0,0,8034A9D8,00000000,00000000,00000000
O,64,99,0101,800E8C3C,-770,-3800,-440,00000000,00000000,00000000,00000000,00000000,00000000,0,0,8034AC38,00000000,00000000,00000000
O,64,100,0101,800E8C3C,-770,-3700,-440,00000000,00000000,00000000,00000000,00000000,00000000,0,0,8034AE98,00000000,00000000,00000000
O,64,101,0101,800EA570,280,-4920,1660,00000000,00000000,00000000,00000000,00000000,00000000,0,0,8034B0F8,00000000,00000000,00000000
O,64,102,0101,800EA570,1240,300,840,00000000,00002000,00000000,00000000,00000000,00000000,0,0,8034B358,00000000,00000000,00000000
O,64,103,0101,800EA570,520,300,1500,00000000,00002000,00000000,00000000,00000000,00000000,0,0,8034B5B8,00000000,00000000,00000000
O,64,104,0101,800EA570,-400,3600,1880,00000000,00000000,00000000,00000000,00000000,00000000,0,0,8034B818,00000000,00000000,00000000
O,64,105,0101,800EA570,-40,4160,-1280,00000000,00000000,00000000,00000000,00000000,00000000,0,0,8034BA78,00000000,00000000,00000000
O,64,106,0101,800EA570,-1160,2920,-840,00000000,00002000,00000000,00000000,00000000,00000000,0,0,8034BCD8,00000000,00000000,00000000
O,64,107,0101,800EA570,-780,6316,-1020,00000000,00002000,00000000,00000000,00000000,00000000,0,0,8034BF38,00000000,00000000,00000000
O,64,108,0101,800ECF5C,1313,6190,1313,00000000,00002000,00000000,00000000,00000000,00000000,0,0,8034C198,00000000,00000000,00000000
O,64,109,0101,800ECF5C,1851,-2488,-98,00000000,00000000,00000000,00000000,00000000,00000000,0,0,8034C3F8,00000000,00000000,00000000
O,64,110,0101,800EC18C,1815,-3200,800,00000000,00000000,00000000,00000000,00000000,00000000,0,0,8034C658,00000000,00000000,00000000
O,64,111,0101,800EC13C,-1050,2400,-790,00000000,00000000,00000000,00000000,00000000,00000000,0,0,8034C8B8,00000000,00000000,00000000
O,64,112,0101,800EC13C,2200,7300,2210,00000000,00000000,00000000,00000000,00000000,00000000,0,0,8034CB18,00000000,00000000,00000000
O,64,113,0101,800EC13C,-1300,-2250,-1300,00000000,00000000,00000000,00000000,00000000,00000000,0,0,8034CD78,00000000,00000000,00000000
O,64,114,0101,800EC13C,-1850,300,-950,00000000,00000000,00000000,00000000,00000000,00000000,0,0,8034CFD8,00000000,00000000,00000000
O,64,115,0101,800EC13C,-1450,-1130,-1050,00000000,00000000,00000000,00000000,00000000,00000000,0,0,8034D238,00000000,00000000,00000000
O,64,116,0101,800E8EAC,1919,6191,1919,00000000,FFFFA000,00000000,00000000,00000000,00000000,0,0,8034D498,00000000,00000000,00000000
O,64,117,0101,800E8464,-1080,-840,1573,00000000,00000000,00000000,00000000,00000000,00000000,0,0,8034D6F8,00000000,00000000,00000000
O,64,118,0101,800EB274,1417,-3822,-548,00000000,FFFFE0B6,00000000,00000000,00000000,00000000,0,0,8034D958,00000000,00000000,00000000
O,64,119,0101,800EB1C0,1417,-3822,-548,00000000,FFFFE0B6,00000000,00000000,00000000,00000000,0,0,8034DBB8,00000000,00000000,00000000
M,65,18,104965,3,00001924,0C400201,0,0,00000000,1417,-3822,-548,-1.39015019,0,1.4378742,2,-8010,-4822,20000,00000000,00000000,801693C0,8034D958,00000000,8034D958,00000000,8034DBB8,00000000,00000000,-1
O,65,0,0101,800ECEF0,-1032,-3291,1070,00000000,00002000,00000000,00000000,00000000,00000000,0,0,8033C118,00000000,00000000,00000000
O,65,1,0101,800ECEF0,-1881,1767,-446,00000000,00004000,00000000,00000000,00000000,00000000,0,0,8033C378,00000000,00000000,00000000
O,65,2,0101,800ECEF0,-1870,2068,362,00000000,00004000,00000000,00000000,00000000,00000000,0,0,8033C5D8,00000000,00000000,00000000
O,65,3,0101,800ECEF0,-770,-4361,-423,00000000,FFFFA000,00000000,00000000,00000000,00000000,0,0,8033C838,00000000,00000000,00000000
O,65,4,0101,800ECEF0,-1314,-3691,788,00000000,00006000,00000000,00000000,00000000,00000000,0,0,8033CA98,00000000,00000000,00000000
O,65,5,0101,800ECEF0,-1314,-2892,1353,00000000,00006000,00000000,00000000,00000000,00000000,0,0,8033CCF8,00000000,00000000,00000000
O,65,6,0101,800ECEF0,780,5767,-1027,00000000,FFFFE000,00000000,00000000,00000000,00000000,0,0,8033CF58,00000000,00000000,00000000
O,65,7,0101,800ECEF0,1063,5562,-744,00000000,FFFFE000,00000000,00000000,00000000,00000000,0,0,8033D1B8,00000000,00000000,00000000
O,65,8,0101,800ECF24,-1350,748,-1208,00000000,00002000,00000000,00000000,00000000,00000000,0,0,8033D418,00000000,00000000,00000000
O,65,9,0101,800ECF24,-690,901,-910,00000000,00002000,00000000,00000000,00000000,00000000,0,0,8033D678,00000000,00000000,00000000
O,65,10,0101,800ECF24,-1389,-3030,-1028,00000000,00002000,00000000,00000000,00000000,00000000,0,0,8033D8D8,00000000,00000000,00000000
O,65,11,0101,800ECF24,937,-3867,-1041,00000000,00002000,00000000,00000000,00000000,00000000,0,0,8033DB38,00000000,00000000,00000000
O,65,12,0101,800ECF5C,-139,-4408,-1056,00000000,00006000,00000000,00000000,00000000,00000000,0,0,8033DD98,00000000,00000000,00000000
O,65,13,0101,800ECF5C,618,3656,148,00000000,00004000,00000000,00000000,00000000,00000000,0,0,8033DFF8,00000000,00000000,00000000
O,65,14,0101,800ECF5C,963,3297,608,00000000,FFFFC000,00000000,00000000,00000000,00000000,0,0,8033E258,00000000,00000000,00000000
O,65,15,0101,800ECF5C,1306,2939,1069,00000000,00004000,00000000,00000000,00000000,00000000,0,0,8033E4B8,00000000,00000000,00000000
O,65,16,0101,800ECF5C,-1179,-1453,-792,00000000,FFFFE000,00000000,00000000,00000000,00000000,0,0,8033E718,00000000,00000000,00000000
O,65,17,0101,800ECF94,174,1248,2040,00000000,FFFF8000,00000000,00000000,00000000,00000000,0,0,8033E978,00000000,00000000,00000000
O,65,18,0101,800ECF94,-1321,1490,-1563,00000000,00002000,00000000,00000000,00000000,00000000,0,0,8033EBD8,00000000,00000000,00000000
O,65,19,0101,800ECF94,-1076,1730,-1808,00000000,00002000,00000000,00000000,00000000,00000000,0,0,8033EE38,00000000,00000000,00000000
O,65,20,0101,800ECF94,-1319,1970,-1564,00000000,00002000,00000000,00000000,00000000,00000000,0,0,8033F098,00000000,00000000,00000000
O,65,21,0101,800ECF94,-517,3175,2040,00000000,FFFF8000,00000000,00000000,00000000,00000000,0,0,8033F2F8,00000000,00000000,00000000
O,65,22,0101,800ECF94,-170,1248,2040,00000000,FFFF8000,00000000,00000000,00000000,00000000,0,0,8033F558,00000000,00000000,00000000
O,65,23,0101,800ECF94,-515,1248,2040,00000000,FFFF8000,00000000,00000000,00000000,00000000,0,0,8033F7B8,00000000,00000000,00000000
O,65,24,0101,800ECF94,-175,-1351,-2039,00000000,00000000,00000000,00000000,00000000,00000000,0,0,8033FA18,00000000,00000000,00000000
O,65,25,0101,800ECF94,-515,-2590,2040,00000000,FFFF8000,00000000,00000000,00000000,00000000,0,0,8033FC78,00000000,00000000,00000000
O,65,26,0101,800ECF94,518,3175,2040,00000000,FFFF8000,00000000,00000000,00000000,00000000,0,0,8033FED8,00000000,00000000,00000000
O,65,27,0101,800ECF94,-171,3175,2040,00000000,FFFF8000,00000000,00000000,00000000,00000000,0,0,80340138,00000000,00000000,00000000
O,65,28,0101,800ECF94,174,3175,2040,00000000,FFFF8000,00000000,00000000,00000000,00000000,0,0,80340398,00000000,00000000,00000000
O,65,29,0101,800ECFCC,1490,-2088,-873,00000000,00000000,00000000,00000000,00000000,00000000,0,0,803405F8,00000000,00000000,00000000
O,65,30,0101,800ECFCC,-708,-1606,-1589,00000000,00000000,00000000,00000000,00000000,00000000,0,0,80340858,00000000,00000000,00000000
O,65,31,0101,800ECFCC,954,-1627,-1448,00000000,00000000,00000000,00000000,00000000,00000000,0,0,80340AB8,00000000,00000000,00000000
O,65,32,0101,800ECFCC,1215,-1781,-1215,00000000,00000000,00000000,00000000,00000000,00000000,0,0,80340D18,00000000,00000000,00000000
O,65,33,0101,800ECFCC,1052,-1934,-769,00000000,00000000,00000000,00000000,00000000,00000000,0,0,80340F78,00000000,00000000,00000000
O,65,34,0101,800ECFCC,-620,1229,1233,00000000,FFFFA000,00000000,00000000,00000000,00000000,0,0,803411D8,00000000,00000000,00000000
O,65,35,0101,800ECFCC,1050,-19,-1037,00000000,FFFFE000,00000000,00000000,00000000,00000000,0,0,80341438,00000000,00000000,00000000
O,65,36,0101,800ECFF8,-1100,-71,-1030,00000000,FFFFE000,00000000,00000000,00000000,00000000,0,0,80341698,00000000,00000000,00000000
O,65,37,0101,800ED064,0,6011,0,00000000,FFFFA000,00000000,00000000,00000000,00000000,0,0,803418F8,00000000,00000000,00000000
O,65,38,0101,800ED064,0,-2487,0,00000000,00002000,00000000,00000000,00000000,00000000,0,0,80341B58,00000000,00000000,00000000
O,65,39,0101,800ED090,1102,-3619,1682,00000000,00006000,00000000,00000000,00000000,00000000,0,0,80341DB8,00000000,00000000,00000000
O,65,40,0101,800ED090,424,-3312,1959,00000000,00004000,00000000,00000000,00000000,00000000,0,0,80342018,00000000,00000000,00000000
O,65,41,0101,800ED090,1102,-3004,1682,00000000,00006000,00000000,00000000,00000000,00000000,0,0,80342278,00000000,00000000,00000000
O,65,42,0101,800ED090,1584,-2697,1200,00000000,00006000,00000000,00000000,00000000,00000000,0,0,803424D8,00000000,00000000,00000000
O,65,43,0101,800ED090,1582,-3619,1203,00000000,00006000,00000000,00000000,00000000,00000000,0,0,80342738,00000000,00000000,00000000
O,65,44,0101,800ED090,-762,4347,1047,00000000,00006000,00000000,00000000,00000000,00000000,0,0,80342998,00000000,00000000,00000000
O,65,45,0101,800ED090,424,-3926,1959,00000000,00004000,00000000,00000000,00000000,00000000,0,0,80342BF8,00000000,00000000,00000000
O,65,46,0101,800ED090,1102,-4233,1682,00000000,00006000,00000000,00000000,00000000,00000000,0,0,80342E58,00000000,00000000,00000000
O,65,47,0101,800ED090,1102,-4848,1682,00000000,00006000,00000000,00000000,00000000,00000000,0,0,803430B8,00000000,00000000,00000000
O,65,48,0101,800ED090,424,-4540,1959,00000000,00004000,00000000,00000000,00000000,00000000,0,0,80343318,00000000,00000000,00000000
O,65,49,0101,800ED090,-1037,4244,772,00000000,FFFFE000,00000000,00000000,00000000,00000000,0,0,80343578,00000000,00000000,00000000
O,65,50,0101,800ED090,1828,3835,-50,00000000,00000000,00000000,00000000,00000000,00000000,0,0,803437D8,00000000,00000000,00000000
O,65,51,0101,800ED090,1459,3835,-357,00000000,00000000,00000000,00000000,00000000,00000000,0,0,80343A38,00000000,00000000,00000000
O,65,52,0101,800ED090,1091,3835,-665,00000000,00000000,00000000,00000000,00000000,00000000,0,0,80343C98,00000000,00000000,00000000
O,65,53,0101,800ED064,1580,-4854,-825,00000000,00000000,00000000,00000000,00000000,00000000,0,0,80343EF8,00000000,00000000,00000000
O,65,54,0101,800ED064,-1692,1022,-1157,00000000,00000000,00000000,00000000,00000000,00000000,0,0,80344158,00000000,00000000,00000000
O,65,55,0101,800ED064,2098,7007,2243,00000000,00000000,00000000,00000000,00000000,00000000,0,0,803443B8,00000000,00000000,00000000
O,65,56,0101,800ED064,1801,-4843,-731,00000000,00000000,00000000,00000000,00000000,00000000,0,0,80344618,00000000,00000000,00000000
O,65,57,0101,800ED064,-1477,1044,-1088,00000000,00000000,00000000,00000000,00000000,00000000,0,0,80344878,00000000,00000000,00000000
O,65,58,0101,800ED064,2268,7030,2227,00000000,00000000,00000000,00000000,00000000,00000000,0,0,80344AD8,00000000,00000000,00000000
O,65,59,0101,800EC1AC,800,-4400,1900,00000000,00000000,00000000,00000000,00000000,00000000,0,0,80344D38,00000000,00000000,00000000
O,65,60,0101,800EC1AC,800,-3700,1900,00000000,00000000,00000000,00000000,00000000,00000000,0,0,80344F98,00000000,00000000,00000000
O,65,61,0101,800EC1AC,800,-3000,1900,00000000,00000000,00000000,00000000,00000000,00000000,0,0,803451F8,00000000,00000000,00000000
O,65,62,0101,800EC1AC,1780,-3300,1000,00000000,00000000,00000000,00000000,00000000,00000000,0,0,80345458,00000000,00000000,00000000
O,65,63,0101,800EC1AC,1388,-3300,1428,00000000,00000000,00000000,00000000,00000000,00000000,0,0,803456B8,00000000,00000000,00000000
O,65,64,0101,800EC1AC,200,-3000,2000,00000000,00000000,00000000,00000000,00000000,00000000,0,0,80345918,00000000,00000000,00000000
O,65,65,0101,800EC1AC,200,-3700,2000,00000000,00000000,00000000,00000000,00000000,00000000,0,0,80345B78,00000000,00000000,00000000
O,65,66,0101,800EC1AC,200,-4400,2000,00000000,00000000,00000000,00000000,00000000,00000000,0,0,80345DD8,00000000,00000000,00000000
O,65,67,0101,800EC4A4,-1080,90,1575,00000000,00000000,00000000,00000000,00000000,00000000,0,0,80346038,00000000,00000000,00000000
O,65,68,0101,800ED028,-1179,445,1413,00000000,00002000,00000000,00000000,00000000,00000000,0,0,80346298,00000000,00000000,00000000
O,65,69,0101,800ED028,-1524,-1454,1129,00000000,FFFFE000,00000000,00000000,00000000,00000000,0,0,803464F8,00000000,00000000,00000000
O,65,70,0101,800EB688,-980,-700,1450,00000000,00000000,00000000,00000000,00000000,00000000,0,0,80346758,00000000,00000000,00000000
O,65,71,0101,800EA888,-1203,-19,-170,00000000,00002000,00000000,00000000,00000000,00000000,0,0,803469B8,00000000,00000000,00000000
O,65,72,0101,800EA8A8,0,20,-1400,00000000,00000000,00000000,00000000,00000000,00000000,0,0,80346C18,00000000,00000000,00000000
O,65,73,0101,800EA8A8,-250,20,-1700,00000000,00000000,00000000,00000000,00000000,00000000,0,0,80346E78,00000000,00000000,00000000
O,65,74,0101,800EA8A8,250,20,-1700,00000000,00000000,00000000,00000000,00000000,00000000,0,0,803470D8,00000000,00000000,00000000
O,65,75,0101,800EA8A8,0,20,-2000,00000000,00000000,00000000,00000000,00000000,00000000,0,0,80347338,00000000,00000000,00000000
O,65,76,0101,800EA8A8,500,20,-2000,00000000,00000000,00000000,00000000,00000000,00000000,0,0,80347598,00000000,00000000,00000000
O,65,77,0101,800EA8A8,-500,20,-2000,00000000,00000000,00000000,00000000,00000000,00000000,0,0,803477F8,00000000,00000000,00000000
O,65,78,0101,800E9868,880,-19,1160,00000000,00000000,00000000,00000000,00000000,00000000,0,0,80347A58,00000000,00000000,00000000
O,65,79,0101,800ED48C,800,-2460,160,00000000,00000000,00000000,00000000,00000000,00000000,0,0,80347CB8,00000000,00000000,00000000
O,65,80,0101,800E8C0C,-1120,-820,1320,00000000,00002000,00000000,00000000,00000000,00000000,0,0,80347F18,00000000,00000000,00000000
O,65,81,0101,800ED48C,-571,6020,-1414,00000000,00000000,00000000,00000000,00000000,00000000,0,0,80348178,00000000,00000000,00000000
O,65,82,0101,800ED1F8,620,-5150,1540,00000000,00000000,00000000,00000000,00000000,00000000,0,0,803483D8,00000000,00000000,00000000
O,65,83,0101,800EC424,-520,1351,1919,00000000,00000000,00000000,00000000,00000000,00000000,0,0,80348638,00000000,00000000,00000000
O,65,84,0101,800EC424,-165,1351,1919,00000000,00000000,00000000,00000000,00000000,00000000,0,0,80348898,00000000,00000000,00000000
O,65,85,0101,800EC424,182,1351,1919,00000000,00000000,00000000,00000000,00000000,00000000,0,0,80348AF8,00000000,00000000,00000000
O,65,86,0101,800EC3EC,657,1368,1879,00000000,00000000,00000000,00000000,00000000,00000000,0,0,80348D58,00000000,00000000,00000000
O,65,87,0101,800EB688,-700,-2350,-700,00000000,00000000,00000000,00000000,00000000,00000000,0,0,80348FB8,00000000,00000000,00000000
O,65,88,0101,800EA570,1883,4150,550,00000000,00000000,00000000,00000000,00000000,00000000,0,0,80349218,00000000,00000000,00000000
O,65,89,0101,800ED1F8,-1333,350,1116,00000000,00000000,00000000,00000000,00000000,00000000,0,0,80349478,00000000,00000000,00000000
O,65,90,0101,800EA570,-1101,6316,-685,00000000,00002000,00000000,00000000,00000000,00000000,0,0,803496D8,00000000,00000000,00000000
O,65,91,0101,800EB474,1077,-4822,638,00000000,00000000,00000000,00000000,00000000,00000000,0,0,80349938,00000000,00000000,00000000
O,65,92,0101,800EB474,1683,-4822,189,00000000,00000000,00000000,00000000,00000000,00000000,0,0,80349B98,00000000,00000000,00000000
O,65,93,0101,800EA8A8,0,20,-1700,00000000,00000000,00000000,00000000,00000000,00000000,0,0,80349DF8,00000000,00000000,00000000
O,65,94,0101,800ECFCC,-1020,1229,537,00000000,00000000,00000000,00000000,00000000,00000000,0,0,8034A058,00000000,00000000,00000000
O,65,95,0101,800EA570,2350,5600,2350,00000000,00002000,00000000,00000000,00000000,00000000,0,0,8034A2B8,00000000,00000000,00000000
O,65,96,0101,800EA570,0,4783,0,00000000,00000000,00000000,00000000,00000000,00000000,0,0,8034A518,00000000,00000000,00000000
O,65,97,0101,800EA570,-1140,-3720,-1620,00000000,00002000,00000000,00000000,00000000,00000000,0,0,8034A778,00000000,00000000,00000000
O,65,98,0101,800EA570,840,-2200,860,00000000,00002000,00000000,00000000,00000000,00000000,0,0,8034A9D8,00000000,00000000,00000000
O,65,99,0101,800E8C3C,-770,-3800,-440,00000000,00000000,00000000,00000000,00000000,00000000,0,0,8034AC38,00000000,00000000,00000000
O,65,100,0101,800E8C3C,-770,-3700,-440,00000000,00000000,00000000,00000000,00000000,00000000,0,0,8034AE98,00000000,00000000,00000000
O,65,101,0101,800EA570,280,-4920,1660,00000000,00000000,00000000,00000000,00000000,00000000,0,0,8034B0F8,00000000,00000000,00000000
O,65,102,0101,800EA570,1240,300,840,00000000,00002000,00000000,00000000,00000000,00000000,0,0,8034B358,00000000,00000000,00000000
O,65,103,0101,800EA570,520,300,1500,00000000,00002000,00000000,00000000,00000000,00000000,0,0,8034B5B8,00000000,00000000,00000000
O,65,104,0101,800EA570,-400,3600,1880,00000000,00000000,00000000,00000000,00000000,00000000,0,0,8034B818,00000000,00000000,00000000
O,65,105,0101,800EA570,-40,4160,-1280,00000000,00000000,00000000,00000000,00000000,00000000,0,0,8034BA78,00000000,00000000,00000000
O,65,106,0101,800EA570,-1160,2920,-840,00000000,00002000,00000000,00000000,00000000,00000000,0,0,8034BCD8,00000000,00000000,00000000
O,65,107,0101,800EA570,-780,6316,-1020,00000000,00002000,00000000,00000000,00000000,00000000,0,0,8034BF38,00000000,00000000,00000000
O,65,108,0101,800ECF5C,1313,6190,1313,00000000,00002000,00000000,00000000,00000000,00000000,0,0,8034C198,00000000,00000000,00000000
O,65,109,0101,800ECF5C,1851,-2488,-98,00000000,00000000,00000000,00000000,00000000,00000000,0,0,8034C3F8,00000000,00000000,00000000
O,65,110,0101,800EC18C,1815,-3200,800,00000000,00000000,00000000,00000000,00000000,00000000,0,0,8034C658,00000000,00000000,00000000
O,65,111,0101,800EC13C,-1050,2400,-790,00000000,00000000,00000000,00000000,00000000,00000000,0,0,8034C8B8,00000000,00000000,00000000
O,65,112,0101,800EC13C,2200,7300,2210,00000000,00000000,00000000,00000000,00000000,00000000,0,0,8034CB18,00000000,00000000,00000000
O,65,113,0101,800EC13C,-1300,-2250,-1300,00000000,00000000,00000000,00000000,00000000,00000000,0,0,8034CD78,00000000,00000000,00000000
O,65,114,0101,800EC13C,-1850,300,-950,00000000,00000000,00000000,00000000,00000000,00000000,0,0,8034CFD8,00000000,00000000,00000000
O,65,115,0101,800EC13C,-1450,-1130,-1050,00000000,00000000,00000000,00000000,00000000,00000000,0,0,8034D238,00000000,00000000,00000000
O,65,116,0101,800E8EAC,1919,6191,1919,00000000,FFFFA000,00000000,00000000,00000000,00000000,0,0,8034D498,00000000,00000000,00000000
O,65,117,0101,800E8464,-1080,-840,1573,00000000,00000000,00000000,00000000,00000000,00000000,0,0,8034D6F8,00000000,00000000,00000000
O,65,118,0101,800EB274,1417,-3822,-548,00000000,FFFFE0B6,00000000,00000000,00000000,00000000,0,0,8034D958,00000000,00000000,00000000
O,65,119,0101,800EB1C0,1417,-3822,-548,00000000,FFFFE0B6,00000000,00000000,00000000,00000000,0,0,8034DBB8,00000000,00000000,00000000
M,66,18,104965,3,00001924,0C400201,0,0,00000000,1415.60986,-3822,-546.562012,-1.39015019,-4,1.4378742,2,-8010,-4822,5243,00000000,80161C20,801693C0,8034D958,00000000,8034D958,00000000,8034DBB8,00000000,00000000,-1
O,66,0,0101,800ECEF0,-1032,-3291,1070,00000000,00002000,00000000,00000000,00000000,00000000,0,1,8033C118,00000000,00000000,8010CFA0
O,66,1,0101,800ECEF0,-1881,1767,-446,00000000,00004000,00000000,00000000,00000000,00000000,0,1,8033C378,00000000,00000000,8010CFA0
O,66,2,0101,800ECEF0,-1870,2068,362,00000000,00004000,00000000,00000000,00000000,00000000,0,1,8033C5D8,00000000,00000000,8010CFA0
O,66,3,0101,800ECEF0,-770,-4361,-423,00000000,FFFFA000,00000000,00000000,00000000,00000000,0,1,8033C838,00000000,00000000,8010CFA0
O,66,4,0101,800ECEF0,-1314,-3691,788,00000000,00006000,00000000,00000000,00000000,00000000,0,1,8033CA98,00000000,00000000,8010CFA0
O,66,5,0101,800ECEF0,-1314,-2892,1353,00000000,00006000,00000000,00000000,00000000,00000000,0,1,8033CCF8,00000000,00000000,8010CFA0
O,66,6,0101,800ECEF0,780,5767,-1027,00000000,FFFFE000,00000000,00000000,00000000,00000000,0,1,8033CF58,00000000,00000000,8010D038
O,66,7,0101,800ECEF0,1063,5562,-744,00000000,FFFFE000,00000000,00000000,00000000,00000000,0,1,8033D1B8,00000000,00000000,8010D038
O,66,8,0101,800ECF24,-1350,748,-1208,00000000,00002000,000018E3,00000000,00000000,00000000,0,1,8033D418,00000000,00000000,8010D0BC
O,66,9,0101,800ECF24,-690,901,-910,00000000,00002000,000018E3,00000000,00000000,00000000,0,1,8033D678,00000000,00000000,8010D0BC
O,66,10,0101,800ECF24,-1389,-3030,-1028,00000000,00002000,000018E3,00000000,00000000,00000000,0,1,8033D8D8,00000000,00000000,8010D0BC
O,66,11,0101,800ECF24,937,-3867,-1041,00000000,00002000,000018E3,00000000,00000000,00000000,0,1,8033DB38,00000000,00000000,8010D0BC
O,66,12,0101,800ECF5C,-139,-4408,-1056,00000000,00006000,00000000,00000000,00000000,00000000,0,1,8033DD98,00000000,00000000,8010D2E4
O,66,13,0101,800ECF5C,618,3656,148,00000000,00004000,00000000,00000000,00000000,00000000,0,1,8033DFF8,00000000,00000000,8010D410
O,66,14,0101,800ECF5C,963,3297,608,00000000,FFFFC000,00000000,00000000,00000000,00000000,0,1,8033E258,00000000,00000000,8010D410
O,66,15,0101,800ECF5C,1306,2939,1069,00000000,00004000,00000000,00000000,00000000,00000000,0,1,8033E4B8,00000000,00000000,8010D410
O,66,16,0101,800ECF5C,-1179,-1453,-792,00000000,FFFFE000,00000000,00000000,00000000,00000000,0,1,8033E718,00000000,00000000,8010D410
O,66,17,0101,800ECF94,174,1248,1790,00000000,FFFF8000,00000000,00000000,00000000,00000000,0,1,8033E978,00000000,00000000,8010D53C
O,66,18,0101,800ECF94,-1144.22327,1490,-1386.22327,00000000,00002000,00000000,00000000,00000000,00000000,0,1,8033EBD8,00000000,00000000,8010D53C
O,66,19,0101,800ECF94,-899.223328,1730,-1631.22327,00000000,00002000,00000000,00000000,00000000,00000000,0,1,8033EE38,00000000,00000000,8010D53C
O,66,20,0101,800ECF94,-1142.22327,1970,-1387.22327,00000000,00002000,00000000,00000000,00000000,00000000,0,1,8033F098,00000000,00000000,8010D53C
O,66,21,0101,800ECF94,-517,3175,1790,00000000,FFFF8000,00000000,00000000,00000000,00000000,0,1,8033F2F8,00000000,00000000,8010D53C
O,66,22,0101,800ECF94,-170,1248,1790,00000000,FFFF8000,00000000,00000000,00000000,00000000,0,1,8033F558,00000000,00000000,8010D53C
O,66,23,0101,800ECF94,-515,1248,1790,00000000,FFFF8000,00000000,00000000,00000000,00000000,0,1,8033F7B8,00000000,00000000,8010D53C
O,66,24,0101,800ECF94,-175,-1351,-1789,00000000,00000000,00000000,00000000,00000000,00000000,0,1,8033FA18,00000000,00000000,8010D53C
O,66,25,0101,800ECF94,-515,-2590,1790,00000000,FFFF8000,00000000,00000000,00000000,00000000,0,1,8033FC78,00000000,00000000,8010D53C
O,66,26,0101,800ECF94,518,3175,1790,00000000,FFFF8000,00000000,00000000,00000000,00000000,0,1,8033FED8,00000000,00000000,8010D53C
O,66,27,0101,800ECF94,-171,3175,1790,00000000,FFFF8000,00000000,00000000,00000000,00000000,0,1,80340138,00000000,00000000,8010D53C
O,66,28,0101,800ECF94,174,3175,1790,00000000,FFFF8000,00000000,00000000,00000000,00000000,0,1,80340398,00000000,00000000,8010D53C
O,66,29,0101,800ECFCC,1490,-2088,-873,00000000,00000000,00000000,00000000,00000000,00000000,0,1,803405F8,00000000,00000000,8010D5B4
O,66,30,0101,800ECFCC,-708,-1606,-1589,00000000,00000000,00000000,00000000,00000000,00000000,0,1,80340858,00000000,00000000,8010D5B4
O,66,31,0101,800ECFCC,954,-1627,-1448,00000000,00000000,00000000,00000000,00000000,00000000,0,1,80340AB8,00000000,00000000,8010D5B4
O,66,32,0101,800ECFCC,1215,-1781,-1215,00000000,00000000,00000000,00000000,00000000,00000000,0,1,80340D18,00000000,00000000,8010D5B4
O,66,33,0101,800ECFCC,1052,-1934,-769,00000000,00000000,00000000,00000000,00000000,00000000,0,1,80340F78,00000000,00000000,8010D5B4
O,66,34,0101,800ECFCC,-620,1229,1233,00000000,FFFFA000,00000000,00000000,00000000,00000000,0,1,803411D8,00000000,00000000,8010D680
O,66,35,0101,800ECFCC,1050,-19,-1037,00000000,FFFFE000,00000000,00000000,00000000,00000000,0,1,80341438,00000000,00000000,8010D680
O,66,36,0101,800ECFF8,-1100,259,-1030,00000000,FFFFE000,00000000,00000000,00000000,00000000,0,1,80341698,00000000,00000000,8010D784
O,66,37,0101,800ED064,0,6011,0,00000000,FFFFA000,00000000,00000000,00000000,00000000,0,1,803418F8,00000000,00000000,8010D910
O,66,38,0101,800ED064,0,-2487,0,00000000,00002000,00000000,00000000,00000000,00000000,0,1,80341B58,00000000,00000000,8010D910
O,66,39,0101,800ED090,1102,-3619,1682,00000000,00006000,00000000,00000000,00000000,00000000,0,1,80341DB8,00000000,00000000,8010DA00
O,66,40,0101,800ED090,424,-3312,1959,00000000,00004000,00000000,00000000,00000000,00000000,0,1,80342018,00000000,00000000,8010DA00
O,66,41,0101,800ED090,1102,-3004,1682,00000000,00006000,00000000,00000000,00000000,00000000,0,1,80342278,00000000,00000000,8010DA00
O,66,42,0101,800ED090,1584,-2697,1200,00000000,00006000,00000000,00000000,00000000,00000000,0,1,803424D8,00000000,00000000,8010DA00
O,66,43,0101,800ED090,1582,-3619,1203,00000000,00006000,00000000,00000000,00000000,00000000,0,1,80342738,00000000,00000000,8010DA00
O,66,44,0101,800ED090,-762,4347,1047,00000000,00006000,00000000,00000000,00000000,00000000,0,1,80342998,00000000,00000000,8010DA00
O,66,45,0101,800ED090,424,-3926,1959,00000000,00004000,00000000,00000000,00000000,00000000,0,1,80342BF8,00000000,00000000,8010DA00
O,66,46,0101,800ED090,1102,-4233,1682,00000000,00006000,00000000,00000000,00000000,00000000,0,1,80342E58,00000000,00000000,8010DA00
O,66,47,0101,800ED090,1102,-4848,1682,00000000,00006000,00000000,00000000,00000000,00000000,0,1,803430B8,00000000,00000000,8010DA00
O,66,48,0101,800ED090,424,-4540,1959,00000000,00004000,00000000,00000000,00000000,00000000,0,1,80343318,00000000,00000000,8010DA00
O,66,49,0101,800ED090,-1037,4244,772,00000000,FFFFE000,00000000,00000000,00000000,00000000,0,1,80343578,00000000,00000000,8010DA00
O,66,50,0101,800ED090,1828,3835,-50,00000000,00000000,00000000,00000000,00000000,00000000,0,1,803437D8,00000000,00000000,8010DA00
O,66,51,0101,800ED090,1459,3835,-357,00000000,00000000,00000000,00000000,00000000,00000000,0,1,80343A38,00000000,00000000,8010DA00
O,66,52,0101,800ED090,1091,3835,-665,00000000,00000000,00000000,00000000,00000000,00000000,0,1,80343C98,00000000,00000000,8010DA00
O,66,53,0101,800ED064,1580,-4854,-825,00000000,00000000,00000000,00000000,00000000,00000000,0,1,80343EF8,00000000,00000000,8010D910
O,66,54,0101,800ED064,-1692,1022,-1157,00000000,00000000,00000000,00000000,00000000,00000000,0,1,80344158,00000000,00000000,8010D910
O,66,55,0101,800ED064,2098,7007,2243,00000000,00000000,00000000,00000000,00000000,00000000,0,1,803443B8,00000000,00000000,8010D910
O,66,56,0101,800ED064,1801,-4843,-731,00000000,00000000,00000000,00000000,00000000,00000000,0,1,80344618,00000000,00000000,8010D910
O,66,57,0101,800ED064,-1477,1044,-1088,00000000,00000000,00000000,00000000,00000000,00000000,0,1,80344878,00000000,00000000,8010D910
O,66,58,0101,800ED064,2268,7030,2227,00000000,00000000,00000000,00000000,00000000,00000000,0,1,80344AD8,00000000,00000000,8010D910
O,66,59,0101,800EC1AC,800,-4400,1900,00000000,00000000,00000000,00000000,00000000,00000000,0,1,8034C658,00000000,00000000,00000000
O,66,60,0101,800EC1AC,800,-3700,1900,00000000,00000000,00000000,00000000,00000000,00000000,0,1,8034C658,00000000,00000000,00000000
O,66,61,0101,800EC1AC,800,-3000,1900,00000000,00000000,00000000,00000000,00000000,00000000,0,1,8034C658,00000000,00000000,00000000
O,66,62,0101,800EC1AC,1780,-3300,1000,00000000,00000000,00000000,00000000,00000000,00000000,0,1,8034C658,00000000,00000000,00000000
O,66,63,0101,800EC1AC,1388,-3300,1428,00000000,00000000,00000000,00000000,00000000,00000000,0,1,8034C658,00000000,00000000,00000000
O,66,64,0101,800EC1AC,200,-3000,2000,00000000,00000000,00000000,00000000,00000000,00000000,0,1,8034C658,00000000,00000000,00000000
O,66,65,0101,800EC1AC,200,-3700,2000,00000000,00000000,00000000,00000000,00000000,00000000,0,1,8034C658,00000000,00000000,00000000
O,66,66,0101,800EC1AC,200,-4400,2000,00000000,00000000,00000000,00000000,00000000,00000000,0,1,8034C658,00000000,00000000,00000000
O,66,67,0101,800EC4A4,-1080,90,1575,00000000,00000000,00000000,00000000,00000000,00000000,0,1,80346038,00000000,00000000,00000000
O,66,68,0101,800ED028,-1179,445,1413,00000000,00002000,00000000,00000000,00000000,00000000,0,1,80346298,00000000,00000000,8010D88C
O,66,69,0101,800ED028,-1524,-1454,1129,00000000,FFFFE000,00000000,00000000,00000000,00000000,0,1,803464F8,00000000,00000000,8010D88C
O,66,70,0101,800EB688,-878.933044,-670,1732.46326,00000000,00005201,00000000,00000000,00000000,00000000,2,0,80346758,00000000,00000000,00000000
O,66,71,0101,800EA888,-1203,-19,-170,00000000,00002000,00000000,00000000,00000000,00000000,0,1,803469B8,00000000,00000000,80125088
O,66,72,0101,800EA8A8,0,20,-1400,00000000,00000000,00000000,00000000,00000000,00000000,1,0,80346C18,00000000,00000000,00000000
O,66,73,0101,800EA8A8,-250,20,-1700,00000000,00000000,00000000,00000000,00000000,00000000,1,0,80346E78,00000000,00000000,00000000
O,66,74,0101,800EA8A8,250,20,-1700,00000000,00000000,00000000,00000000,00000000,00000000,1,0,803470D8,00000000,00000000,00000000
O,66,75,0101,800EA8A8,0,20,-2000,00000000,00000000,00000000,00000000,00000000,00000000,1,0,80347338,00000000,00000000,00000000
O,66,76,0101,800EA8A8,500,20,-2000,00000000,00000000,00000000,00000000,00000000,00000000,1,0,80347598,00000000,00000000,00000000
O,66,77,0101,800EA8A8,-500,20,-2000,00000000,00000000,00000000,00000000,00000000,00000000,1,0,803477F8,00000000,00000000,00000000
O,66,78,0101,800E9868,880,-19,1160,00000000,00000000,00000000,00000000,00000000,00000000,0,1,80347A58,8034DE18,00000000,00000000
O,66,79,0101,800ED48C,800,-2460,160,00000000,00000000,00000000,00000000,00000000,00000000,0,1,80347CB8,00000000,00000000,00000000
O,66,80,0101,800E8C0C,-1120,-820,1320,00000000,00002000,00000000,00000000,00000000,00000000,0,1,80347F18,00000000,00000000,00000000
O,66,81,0101,800ED48C,-571,6020,-1414,00000000,00000000,00000000,00000000,00000000,00000000,0,1,80348178,00000000,00000000,00000000
O,66,82,0101,800ED1F8,620,-5150,1540,00000000,00000190,00000000,00000000,00000190,00000000,0,1,803483D8,00000000,00000000,00000000
O,66,83,0101,800EC424,-520,1351,1919,00000000,00000000,00000000,00000000,00000000,00000000,0,1,80348638,00000000,00000000,00000000
O,66,84,0101,800EC424,-165,1351,1919,00000000,00000000,00000000,00000000,00000000,00000000,0,1,80348898,00000000,00000000,00000000
O,66,85,0101,800EC424,182,1351,1919,00000000,00000000,00000000,00000000,00000000,00000000,0,1,80348AF8,00000000,00000000,00000000
O,66,86,0101,800EC3EC,657,1368,1879,00000000,00000000,00000000,00000000,00000000,00000000,0,1,80348D58,00000000,00000000,00000000
O,66,87,0101,800EB688,-688.957825,-2320,-999.796692,00000000,0000C286,00000000,00000000,00000000,00000000,2,0,80348FB8,00000000,00000000,00000000
O,66,88,0101,800EA570,1883,4150,550,00000000,00000000,00000000,00000000,00000000,00000000,2,0,80349218,00000000,00000000,8014A168
O,66,89,0101,800ED1F8,-1333,350,1116,00000000,00000190,00000000,00000000,00000190,00000000,0,1,80349478,00000000,00000000,00000000
O,66,90,0101,800EA570,-1101,6316,-685,00000000,00002000,00000000,00000000,00000000,00000000,2,0,803496D8,00000000,00000000,8014A168
O,66,91,0101,800EB474,1077,-4822,642,00000000,FFFFFEC0,00000000,00000000,00000000,00000000,0,1,80349938,00000000,00000000,00000000
O,66,92,0101,800EB474,1683,-4822,193,00000000,FFFFFEC0,00000000,00000000,00000000,00000000,0,1,80349B98,00000000,00000000,00000000
O,66,93,0101,800EA8A8,0,20,-1700,00000000,00000000,00000000,00000000,00000000,00000000,1,0,80349DF8,00000000,00000000,00000000
O,66,94,0101,800ECFCC,-1020,1229,537,00000000,00000000,00000000,00000000,00000000,00000000,0,1,8034A058,00000000,00000000,8010D5B4
O,66,95,0101,800EA570,2350,5600,2350,00000000,00002000,00000000,00000000,00000000,00000000,2,0,8034A2B8,00000000,00000000,8014A168
O,66,96,0101,800EA570,0,4783,0,00000000,00000000,00000000,00000000,00000000,00000000,2,0,8034A518,00000000,00000000,8014A168
O,66,97,0101,800EA570,-1140,-3720,-1620,00000000,00002000,00000000,00000000,00000000,00000000,2,0,8034A778,00000000,00000000,8014A168
O,66,98,0101,800EA570,840,-2200,860,00000000,00002000,00000000,00000000,00000000,00000000,2,0,8034A9D8,00000000,00000000,8014A168
O,66,99,0101,800E8C3C,-770,-3800,-440,00000000,00000000,00000000,00000000,00000000,00000000,0,1,8034AC38,00000000,00000000,00000000
O,66,100,0101,800E8C3C,-770,-3700,-440,00000000,00000000,00000000,00000000,00000000,00000000,0,1,8034AE98,00000000,00000000,00000000
O,66,101,0101,800EA570,280,-4920,1660,00000000,00000000,00000000,00000000,00000000,00000000,2,0,8034B0F8,00000000,00000000,8014A168
O,66,102,0101,800EA570,1240,300,840,00000000,00002000,00000000,00000000,00000000,00000000,2,0,8034B358,00000000,00000000,8014A168
O,66,103,0101,800EA570,520,300,1500,00000000,00002000,00000000,00000000,00000000,00000000,2,0,8034B5B8,00000000,00000000,8014A168
O,66,104,0101,800EA570,-400,3600,1880,00000000,00000000,00000000,00000000,00000000,00000000,2,0,8034B818,00000000,00000000,8014A168
O,66,105,0101,800EA570,-40,4160,-1280,00000000,00000000,00000000,00000000,00000000,00000000,2,0,8034BA78,00000000,00000000,8014A168
O,66,106,0101,800EA570,-1160,2920,-840,00000000,00002000,00000000,00000000,00000000,00000000,2,0,8034BCD8,00000000,00000000,8014A168
O,66,107,0101,800EA570,-780,6316,-1020,00000000,00002000,00000000,00000000,00000000,00000000,2,0,8034BF38,00000000,00000000,8014A168
O,66,108,0101,800ECF5C,1313,6190,1313,00000000,00002000,00000000,00000000,00000000,00000000,0,1,8034C198,00000000,00000000,8010D2E4
O,66,109,0101,800ECF5C,1851,-2488,-98,00000000,00000000,00000000,00000000,00000000,00000000,0,1,8034C3F8,00000000,00000000,8010D410
O,66,110,0101,800EC18C,1815,-3200,800,00000000,00000000,00000000,00000000,00000000,00000000,0,1,8034C658,00000000,00000000,00000000
O,66,111,0101,800EC13C,-1050,2400,-790,00000000,00000800,00000000,00000000,00000000,00000000,0,1,8034C8B8,00000000,00000000,00000000
O,66,112,0101,800EC13C,2200,7300,2210,00000000,00000800,00000000,00000000,00000000,00000000,0,1,8034CB18,00000000,00000000,00000000
O,66,113,0101,800EC13C,-1300,-2250,-1300,00000000,00000800,00000000,00000000,00000000,00000000,0,1,8034CD78,00000000,00000000,00000000
O,66,114,0101,800EC13C,-1850,300,-950,00000000,00000800,00000000,00000000,00000000,00000000,0,1,8034CFD8,00000000,00000000,00000000
O,66,115,0101,800EC13C,-1450,-1130,-1050,00000000,00000800,00000000,00000000,00000000,00000000,0,1,8034D238,00000000,00000000,00000000
O,66,116,0101,800E8EAC,1919,6202,1919,00000000,FFFFA000,00000000,00000000,00000000,00000000,0,1,8034D498,00000000,00000000,8011A38C
O,66,117,0101,800E8464,-1080,-840,1573,00000000,00000000,00000000,00000000,00000000,00000000,0,1,8034D6F8,00000000,00000000,00000000
O,66,118,0101,800EB274,1417,-3822,-548,00000000,FFFFE0B6,00000000,00000000,00000000,00000000,0,1,8034D958,00000000,00000000,00000000
O,66,119,0101,800EB1C0,1415.60986,-3822,-546.562012,00000000,FFFFE0B6,00000000,00000000,00000000,00000000,0,1,8034DBB8,00000000,00000000,00000000
O,66,120,0101,800E98C4,880,-19,1160,00000000,00000000,00000000,00000000,00000000,00000000,0,1,80347A58,00000000,00000000,00000000
O,66,121,0101,800ED86C,1815,-4762,800,00004000,00000100,00000000,00000000,00000000,00000000,0,1,8034C658,00000000,00000000,00000000
M,67,18,104965,3,00001924,0C400201,0,0,00000000,1415.60986,-3822,-546.562012,-1.39015019,-4,1.4378742,2,-8010,-4822,5243,00000000,80161C20,801693C0,8034D958,00000000,8034D958,00000000,8034DBB8,00000000,00000000,-1
O,67,0,0101,800ECEF0,-1032,-3291,1070,00000000,00002000,00000000,00000000,00000000,00000000,0,1,8033C118,00000000,00000000,8010CFA0
O,67,1,0101,800ECEF0,-1881,1767,-446,00000000,00004000,00000000,00000000,00000000,00000000,0,1,8033C378,00000000,00000000,8010CFA0
O,67,2,0101,800ECEF0,-1870,2068,362,00000000,00004000,00000000,00000000,00000000,00000000,0,1,8033C5D8,00000000,00000000,8010CFA0
O,67,3,0101,800ECEF0,-770,-4361,-423,00000000,FFFFA000,00000000,00000000,00000000,00000000,0,1,8033C838,00000000,00000000,8010CFA0
O,67,4,0101,800ECEF0,-1314,-3691,788,00000000,00006000,00000000,00000000,00000000,00000000,0,1,8033CA98,00000000,00000000,8010CFA0
O,67,5,0101,800ECEF0,-1314,-2892,1353,00000000,00006000,00000000,00000000,00000000,00000000,0,1,8033CCF8,00000000,00000000,8010CFA0
O,67,6,0101,800ECEF0,780,5767,-1027,00000000,FFFFE000,00000000,00000000,00000000,00000000,0,1,8033CF58,00000000,00000000,8010D038
O,67,7,0101,800ECEF0,1063,5562,-744,00000000,FFFFE000,00000000,00000000,00000000,00000000,0,1,8033D1B8,00000000,00000000,8010D038
O,67,8,0101,800ECF24,-1350,748,-1208,00000000,00002000,000018E3,00000000,00000000,00000000,0,1,8033D418,00000000,00000000,8010D0BC
O,67,9,0101,800ECF24,-690,901,-910,00000000,00002000,000018E3,00000000,00000000,00000000,0,1,8033D678,00000000,00000000,8010D0BC
O,67,10,0101,800ECF24,-1389,-3030,-1028,00000000,00002000,000018E3,00000000,00000000,00000000,0,1,8033D8D8,00000000,00000000,8010D0BC
O,67,11,0101,800ECF24,937,-3867,-1041,00000000,00002000,000018E3,00000000,00000000,00000000,0,1,8033DB38,00000000,00000000,8010D0BC
O,67,12,0101,800ECF5C,-139,-4408,-1056,00000000,00006000,00000000,00000000,00000000,00000000,0,1,8033DD98,00000000,00000000,8010D2E4
O,67,13,0101,800ECF5C,618,3656,148,00000000,00004000,00000000,00000000,00000000,00000000,0,1,8033DFF8,00000000,00000000,8010D410
O,67,14,0101,800ECF5C,963,3297,608,00000000,FFFFC000,00000000,00000000,00000000,00000000,0,1,8033E258,00000000,00000000,8010D410
O,67,15,0101,800ECF5C,1306,2939,1069,00000000,00004000,00000000,00000000,00000000,00000000,0,1,8033E4B8,00000000,00000000,8010D410
O,67,16,0101,800ECF5C,-1179,-1453,-792,00000000,FFFFE000,00000000,00000000,00000000,00000000,0,1,8033E718,00000000,00000000,8010D410
O,67,17,0101,800ECF94,174,1248,1790,00000000,FFFF8000,00000000,00000000,00000000,00000000,0,1,8033E978,00000000,00000000,8010D53C
O,67,18,0101,800ECF94,-1144.22327,1490,-1386.22327,00000000,00002000,00000000,00000000,00000000,00000000,0,1,8033EBD8,00000000,00000000,8010D53C
O,67,19,0101,800ECF94,-899.223328,1730,-1631.22327,00000000,00002000,00000000,00000000,00000000,00000000,0,1,8033EE38,00000000,00000000,8010D53C
O,67,20,0101,800ECF94,-1142.22327,1970,-1387.22327,00000000,00002000,00000000,00000000,00000000,00000000,0,1,8033F098,00000000,00000000,8010D53C
O,67,21,0101,800ECF94,-517,3175,1790,00000000,FFFF8000,00000000,00000000,00000000,00000000,0,1,8033F2F8,00000000,00000000,8010D53C
O,67,22,0101,800ECF94,-170,1248,1790,00000000,FFFF8000,00000000,00000000,00000000,00000000,0,1,8033F558,00000000,00000000,8010D53C
O,67,23,0101,800ECF94,-515,1248,1790,00000000,FFFF8000,00000000,00000000,00000000,00000000,0,1,8033F7B8,00000000,00000000,8010D53C
O,67,24,0101,800ECF94,-175,-1351,-1789,00000000,00000000,00000000,00000000,00000000,00000000,0,1,8033FA18,00000000,00000000,8010D53C
O,67,25,0101,800ECF94,-515,-2590,1790,00000000,FFFF8000,00000000,00000000,00000000,00000000,0,1,8033FC78,00000000,00000000,8010D53C
O,67,26,0101,800ECF94,518,3175,1790,00000000,FFFF8000,00000000,00000000,00000000,00000000,0,1,8033FED8,00000000,00000000,8010D53C
O,67,27,0101,800ECF94,-171,3175,1790,00000000,FFFF8000,00000000,00000000,00000000,00000000,0,1,80340138,00000000,00000000,8010D53C
O,67,28,0101,800ECF94,174,3175,1790,00000000,FFFF8000,00000000,00000000,00000000,00000000,0,1,80340398,00000000,00000000,8010D53C
O,67,29,0101,800ECFCC,1490,-2088,-873,00000000,00000000,00000000,00000000,00000000,00000000,0,1,803405F8,00000000,00000000,8010D5B4
O,67,30,0101,800ECFCC,-708,-1606,-1589,00000000,00000000,00000000,00000000,00000000,00000000,0,1,80340858,00000000,00000000,8010D5B4
O,67,31,0101,800ECFCC,954,-1627,-1448,00000000,00000000,00000000,00000000,00000000,00000000,0,1,80340AB8,00000000,00000000,8010D5B4
O,67,32,0101,800ECFCC,1215,-1781,-1215,00000000,00000000,00000000,00000000,00000000,00000000,0,1,80340D18,00000000,00000000,8010D5B4
O,67,33,0101,800ECFCC,1052,-1934,-769,00000000,00000000,00000000,00000000,00000000,00000000,0,1,80340F78,00000000,00000000,8010D5B4
O,67,34,0101,800ECFCC,-620,1229,1233,00000000,FFFFA000,00000000,00000000,00000000,00000000,0,1,803411D8,00000000,00000000,8010D680
O,67,35,0101,800ECFCC,1050,-19,-1037,00000000,FFFFE000,00000000,00000000,00000000,00000000,0,1,80341438,00000000,00000000,8010D680
O,67,36,0101,800ECFF8,-1100,259,-1030,00000000,FFFFE000,00000000,00000000,00000000,00000000,0,1,80341698,00000000,00000000,8010D784
O,67,37,0101,800ED064,0,6011,0,00000000,FFFFA000,00000000,00000000,00000000,00000000,0,1,803418F8,00000000,00000000,8010D910
O,67,38,0101,800ED064,0,-2487,0,00000000,00002000,00000000,00000000,00000000,00000000,0,1,80341B58,00000000,00000000,8010D910
O,67,39,0101,800ED090,1102,-3619,1682,00000000,00006000,00000000,00000000,00000000,00000000,0,1,80341DB8,00000000,00000000,8010DA00
O,67,40,0101,800ED090,424,-3312,1959,00000000,00004000,00000000,00000000,00000000,00000000,0,1,80342018,00000000,00000000,8010DA00
O,67,41,0101,800ED090,1102,-3004,1682,00000000,00006000,00000000,00000000,00000000,00000000,0,1,80342278,00000000,00000000,8010DA00
O,67,42,0101,800ED090,1584,-2697,1200,00000000,00006000,00000000,00000000,00000000,00000000,0,1,803424D8,00000000,00000000,8010DA00
O,67,43,0101,800ED090,1582,-3619,1203,00000000,00006000,00000000,00000000,00000000,00000000,0,1,80342738,00000000,00000000,8010DA00
O,67,44,0101,800ED090,-762,4347,1047,00000000,00006000,00000000,00000000,00000000,00000000,0,1,80342998,00000000,00000000,8010DA00
O,67,45,0101,800ED090,424,-3926,1959,00000000,00004000,00000000,00000000,00000000,00000000,0,1,80342BF8,00000000,00000000,8010DA00
O,67,46,0101,800ED090,1102,-4233,1682,00000000,00006000,00000000,00000000,00000000,00000000,0,1,80342E58,00000000,00000000,8010DA00
O,67,47,0101,800ED090,1102,-4848,1682,00000000,00006000,00000000,00000000,00000000,00000000,0,1,803430B8,00000000,00000000,8010DA00
O,67,48,0101,800ED090,424,-4540,1959,00000000,00004000,00000000,00000000,00000000,00000000,0,1,80343318,00000000,00000000,8010DA00
O,67,49,0101,800ED090,-1037,4244,772,00000000,FFFFE000,00000000,00000000,00000000,00000000,0,1,80343578,00000000,00000000,8010DA00
O,67,50,0101,800ED090,1828,3835,-50,00000000,00000000,00000000,00000000,00000000,00000000,0,1,803437D8,00000000,00000000,8010DA00
O,67,51,0101,800ED090,1459,3835,-357,00000000,00000000,00000000,00000000,00000000,00000000,0,1,80343A38,00000000,00000000,8010DA00
O,67,52,0101,800ED090,1091,3835,-665,00000000,00000000,00000000,00000000,00000000,00000000,0,1,80343C98,00000000,00000000,8010DA00
O,67,53,0101,800ED064,1580,-4854,-825,00000000,00000000,00000000,00000000,00000000,00000000,0,1,80343EF8,00000000,00000000,8010D910
O,67,54,0101,800ED064,-1692,1022,-1157,00000000,00000000,00000000,00000000,00000000,00000000,0,1,80344158,00000000,00000000,8010D910
O,67,55,0101,800ED064,2098,7007,2243,00000000,00000000,00000000,00000000,00000000,00000000,0,1,803443B8,00000000,00000000,8010D910
O,67,56,0101,800ED064,1801,-4843,-731,00000000,00000000,00000000,00000000,00000000,00000000,0,1,80344618,00000000,00000000,8010D910
O,67,57,0101,800ED064,-1477,1044,-1088,00000000,00000000,00000000,00000000,00000000,00000000,0,1,80344878,00000000,00000000,8010D910
O,67,58,0101,800ED064,2268,7030,2227,00000000,00000000,00000000,00000000,00000000,00000000,0,1,80344AD8,00000000,00000000,8010D910
O,67,59,0101,800EC1AC,800,-4400,1900,00000000,00000000,00000000,00000000,00000000,00000000,0,1,8034C658,00000000,00000000,00000000
O,67,60,0101,800EC1AC,800,-3700,1900,00000000,00000000,00000000,00000000,00000000,00000000,0,1,8034C658,00000000,00000000,00000000
O,67,61,0101,800EC1AC,800,-3000,1900,00000000,00000000,00000000,00000000,00000000,00000000,0,1,8034C658,00000000,00000000,00000000
O,67,62,0101,800EC1AC,1780,-3300,1000,00000000,00000000,00000000,00000000,00000000,00000000,0,1,8034C658,00000000,00000000,00000000
O,67,63,0101,800EC1AC,1388,-3300,1428,00000000,00000000,00000000,00000000,00000000,00000000,0,1,8034C658,00000000,00000000,00000000
O,67,64,0101,800EC1AC,200,-3000,2000,00000000,00000000,00000000,00000000,00000000,00000000,0,1,8034C658,00000000,00000000,00000000
O,67,65,0101,800EC1AC,200,-3700,2000,00000000,00000000,00000000,00000000,00000000,00000000,0,1,8034C658,00000000,00000000,00000000
O,67,66,0101,800EC1AC,200,-4400,2000,00000000,00000000,00000000,00000000,00000000,00000000,0,1,8034C658,00000000,00000000,00000000
O,67,67,0101,800EC4A4,-1080,90,1575,00000000,00000000,00000000,00000000,00000000,00000000,0,1,80346038,00000000,00000000,00000000
O,67,68,0101,800ED028,-1179,445,1413,00000000,00002000,00000000,00000000,00000000,00000000,0,1,80346298,00000000,00000000,8010D88C
O,67,69,0101,800ED028,-1524,-1454,1129,00000000,FFFFE000,00000000,00000000,00000000,00000000,0,1,803464F8,00000000,00000000,8010D88C
O,67,70,0101,800EB688,-878.933044,-670,1732.46326,00000000,00005201,00000000,00000000,00000000,00000000,2,0,80346758,00000000,00000000,00000000
O,67,71,0101,800EA888,-1203,-19,-170,00000000,00002000,00000000,00000000,00000000,00000000,0,1,803469B8,00000000,00000000,80125088
O,67,72,0101,800EA8A8,0,20,-1400,00000000,00000000,00000000,00000000,00000000,00000000,1,0,80346C18,00000000,00000000,00000000
O,67,73,0101,800EA8A8,-250,20,-1700,00000000,00000000,00000000,00000000,00000000,00000000,1,0,80346E78,00000000,00000000,00000000
O,67,74,0101,800EA8A8,250,20,-1700,00000000,00000000,00000000,00000000,00000000,00000000,1,0,803470D8,00000000,00000000,00000000
O,67,75,0101,800EA8A8,0,20,-2000,00000000,00000000,00000000,00000000,00000000,00000000,1,0,80347338,00000000,00000000,00000000
O,67,76,0101,800EA8A8,500,20,-2000,00000000,00000000,00000000,00000000,00000000,00000000,1,0,80347598,00000000,00000000,00000000
O,67,77,0101,800EA8A8,-500,20,-2000,00000000,00000000,00000000,00000000,00000000,00000000,1,0,803477F8,00000000,00000000,00000000
O,67,78,0101,800E9868,880,-19,1160,00000000,00000000,00000000,00000000,00000000,00000000,0,1,80347A58,8034DE18,00000000,00000000
O,67,79,0101,800ED48C,800,-2460,160,00000000,00000000,00000000,00000000,00000000,00000000,0,1,80347CB8,00000000,00000000,00000000
O,67,80,0101,800E8C0C,-1120,-820,1320,00000000,00002000,00000000,00000000,00000000,00000000,0,1,80347F18,00000000,00000000,00000000
O,67,81,0101,800ED48C,-571,6020,-1414,00000000,00000000,00000000,00000000,00000000,00000000,0,1,80348178,00000000,00000000,00000000
O,67,82,0101,800ED1F8,620,-5150,1540,00000000,00000190,00000000,00000000,00000190,00000000,0,1,803483D8,00000000,00000000,00000000
O,67,83,0101,800EC424,-520,1351,1919,00000000,00000000,00000000,00000000,00000000,00000000,0,1,80348638,00000000,00000000,00000000
O,67,84,0101,800EC424,-165,1351,1919,00000000,00000000,00000000,00000000,00000000,00000000,0,1,80348898,00000000,00000000,00000000
O,67,85,0101,800EC424,182,1351,1919,00000000,00000000,00000000,00000000,00000000,00000000,0,1,80348AF8,00000000,00000000,00000000
O,67,86,0101,800EC3EC,657,1368,1879,00000000,00000000,00000000,00000000,00000000,00000000,0,1,80348D58,00000000,00000000,00000000
O,67,87,0101,800EB688,-688.957825,-2320,-999.796692,00000000,0000C286,00000000,00000000,00000000,00000000,2,0,80348FB8,00000000,00000000,00000000
O,67,88,0101,800EA570,1883,4150,550,00000000,00000000,00000000,00000000,00000000,00000000,2,0,80349218,00000000,00000000,8014A168
O,67,89,0101,800ED1F8,-1333,350,1116,00000000,00000190,00000000,00000000,00000190,00000000,0,1,80349478,00000000,00000000,00000000
O,67,90,0101,800EA570,-1101,6316,-685,00000000,00002000,00000000,00000000,00000000,00000000,2,0,803496D8,00000000,00000000,8014A168
O,67,91,0101,800EB474,1077,-4822,642,00000000,FFFFFEC0,00000000,00000000,00000000,00000000,0,1,80349938,00000000,00000000,00000000
O,67,92,0101,800EB474,1683,-4822,193,00000000,FFFFFEC0,00000000,00000000,00000000,00000000,0,1,80349B98,00000000,00000000,00000000
O,67,93,0101,800EA8A8,0,20,-1700,00000000,00000000,00000000,00000000,00000000,00000000,1,0,80349DF8,00000000,00000000,00000000
O,67,94,0101,800ECFCC,-1020,1229,537,00000000,00000000,00000000,00000000,00000000,00000000,0,1,8034A058,00000000,00000000,8010D5B4
O,67,95,0101,800EA570,2350,5600,2350,00000000,00002000,00000000,00000000,00000000,00000000,2,0,8034A2B8,00000000,00000000,8014A168
O,67,96,0101,800EA570,0,4783,0,00000000,00000000,00000000,00000000,00000000,00000000,2,0,8034A518,00000000,00000000,8014A168
O,67,97,0101,800EA570,-1140,-3720,-1620,00000000,00002000,00000000,00000000,00000000,00000000,2,0,8034A778,00000000,00000000,8014A168
O,67,98,0101,800EA570,840,-2200,860,00000000,00002000,00000000,00000000,00000000,00000000,2,0,8034A9D8,00000000,00000000,8014A168
O,67,99,0101,800E8C3C,-770,-3800,-440,00000000,00000000,00000000,00000000,00000000,00000000,0,1,8034AC38,00000000,00000000,00000000
O,67,100,0101,800E8C3C,-770,-3700,-440,00000000,00000000,00000000,00000000,00000000,00000000,0,1,8034AE98,00000000,00000000,00000000
O,67,101,0101,800EA570,280,-4920,1660,00000000,00000000,00000000,00000000,00000000,00000000,2,0,8034B0F8,00000000,00000000,8014A168
O,67,102,0101,800EA570,1240,300,840,00000000,00002000,00000000,00000000,00000000,00000000,2,0,8034B358,00000000,00000000,8014A168
O,67,103,0101,800EA570,520,300,1500,00000000,00002000,00000000,00000000,00000000,00000000,2,0,8034B5B8,00000000,00000000,8014A168
O,67,104,0101,800EA570,-400,3600,1880,00000000,00000000,00000000,00000000,00000000,00000000,2,0,8034B818,00000000,00000000,8014A168
O,67,105,0101,800EA570,-40,4160,-1280,00000000,00000000,00000000,00000000,00000000,00000000,2,0,8034BA78,00000000,00000000,8014A168
O,67,106,0101,800EA570,-1160,2920,-840,00000000,00002000,00000000,00000000,00000000,00000000,2,0,8034BCD8,00000000,00000000,8014A168
O,67,107,0101,800EA570,-780,6316,-1020,00000000,00002000,00000000,00000000,00000000,00000000,2,0,8034BF38,00000000,00000000,8014A168
O,67,108,0101,800ECF5C,1313,6190,1313,00000000,00002000,00000000,00000000,00000000,00000000,0,1,8034C198,00000000,00000000,8010D2E4
O,67,109,0101,800ECF5C,1851,-2488,-98,00000000,00000000,00000000,00000000,00000000,00000000,0,1,8034C3F8,00000000,00000000,8010D410
O,67,110,0101,800EC18C,1815,-3200,800,00000000,00000000,00000000,00000000,00000000,00000000,0,1,8034C658,00000000,00000000,00000000
O,67,111,0101,800EC13C,-1050,2400,-790,00000000,00000800,00000000,00000000,00000000,00000000,0,1,8034C8B8,00000000,00000000,00000000
O,67,112,0101,800EC13C,2200,7300,2210,00000000,00000800,00000000,00000000,00000000,00000000,0,1,8034CB18,00000000,00000000,00000000
O,67,113,0101,800EC13C,-1300,-2250,-1300,00000000,00000800,00000000,00000000,00000000,00000000,0,1,8034CD78,00000000,00000000,00000000
O,67,114,0101,800EC13C,-1850,300,-950,00000000,00000800,00000000,00000000,00000000,00000000,0,1,8034CFD8,00000000,00000000,00000000
O,67,115,0101,800EC13C,-1450,-1130,-1050,00000000,00000800,00000000,00000000,00000000,00000000,0,1,8034D238,00000000,00000000,00000000
O,67,116,0101,800E8EAC,1919,6202,1919,00000000,FFFFA000,00000000,00000000,00000000,00000000,0,1,8034D498,00000000,00000000,8011A38C
O,67,117,0101,800E8464,-1080,-840,1573,00000000,00000000,00000000,00000000,00000000,00000000,0,1,8034D6F8,00000000,00000000,00000000
O,67,118,0101,800EB274,1417,-3822,-548,00000000,FFFFE0B6,00000000,00000000,00000000,00000000,0,1,8034D958,00000000,00000000,00000000
O,67,119,0101,800EB1C0,1415.60986,-3822,-546.562012,00000000,FFFFE0B6,00000000,00000000,00000000,00000000,0,1,8034DBB8,00000000,00000000,00000000
O,67,120,0101,800E98C4,880,-19,1160,00000000,00000000,00000000,00000000,00000000,00000000,0,1,80347A58,00000000,00000000,00000000
O,67,121,0101,800ED86C,1815,-4762,800,00004000,00000100,00000000,00000000,00000000,00000000,0,1,8034C658,00000000,00000000,00000000
M,68,19,104966,3,00001924,0C400201,0,0,00000000,1414.21973,-3826,-545.124023,-1.39015019,-8,1.4378742,2,-8010,-4822,5243,00000000,80161C20,801693C0,8034D958,00000000,8034D958,00000000,8034DBB8,00000000,00000000,-1
O,68,0,0101,800ECEF0,-1032,-3291,1070,00000000,00002000,00000000,00000000,00000000,00000000,0,2,8033C118,00000000,00000000,8010CFA0
O,68,1,0101,800ECEF0,-1881,1767,-446,00000000,00004000,00000000,00000000,00000000,00000000,0,2,8033C378,00000000,00000000,8010CFA0
O,68,2,0101,800ECEF0,-1870,2068,362,00000000,00004000,00000000,00000000,00000000,00000000,0,2,8033C5D8,00000000,00000000,8010CFA0
O,68,3,0101,800ECEF0,-770,-4361,-423,00000000,FFFFA000,00000000,00000000,00000000,00000000,0,2,8033C838,00000000,00000000,8010CFA0
O,68,4,0101,800ECEF0,-1314,-3691,788,00000000,00006000,00000000,00000000,00000000,00000000,0,2,8033CA98,00000000,00000000,8010CFA0
O,68,5,0101,800ECEF0,-1314,-2892,1353,00000000,00006000,00000000,00000000,00000000,00000000,0,2,8033CCF8,00000000,00000000,8010CFA0
O,68,6,0101,800ECEF0,780,5767,-1027,00000000,FFFFE000,00000000,00000000,00000000,00000000,0,2,8033CF58,00000000,00000000,8010D038
O,68,7,0101,800ECEF0,1063,5562,-744,00000000,FFFFE000,00000000,00000000,00000000,00000000,0,2,8033D1B8,00000000,00000000,8010D038
O,68,8,0101,800ECF24,-1350,748,-1208,00000000,00002000,000018E3,00000000,00000000,00000000,0,2,8033D418,00000000,00000000,8010D0BC
O,68,9,0101,800ECF24,-690,901,-910,00000000,00002000,000018E3,00000000,00000000,00000000,0,2,8033D678,00000000,00000000,8010D0BC
O,68,10,0101,800ECF24,-1389,-3030,-1028,00000000,00002000,000018E3,00000000,00000000,00000000,0,2,8033D8D8,00000000,00000000,8010D0BC
O,68,11,0101,800ECF24,937,-3867,-1041,00000000,00002000,000018E3,00000000,00000000,00000000,0,2,8033DB38,00000000,00000000,8010D0BC
O,68,12,0101,800ECF5C,-139,-4408,-1056,00000000,00006000,00000000,00000000,00000000,00000000,0,2,8033DD98,00000000,00000000,8010D2E4
O,68,13,0101,800ECF5C,618,3656,148,00000000,00004000,00000000,00000000,00000000,00000000,0,2,8033DFF8,00000000,00000000,8010D410
O,68,14,0101,800ECF5C,963,3297,608,00000000,FFFFC000,00000000,00000000,00000000,00000000,0,2,8033E258,00000000,00000000,8010D410
O,68,15,0101,800ECF5C,1306,2939,1069,00000000,00004000,00000000,00000000,00000000,00000000,0,2,8033E4B8,00000000,00000000,8010D410
O,68,16,0101,800ECF5C,-1179,-1453,-792,00000000,FFFFE000,00000000,00000000,00000000,00000000,0,2,8033E718,00000000,00000000,8010D410
O,68,17,0101,800ECF94,174,1248,1790,00000000,FFFF8000,00000000,00000000,00000000,00000000,0,2,8033E978,00000000,00000000,8010D53C
O,68,18,0101,800ECF94,-1144.22327,1490,-1386.22327,00000000,00002000,00000000,00000000,00000000,00000000,0,2,8033EBD8,00000000,00000000,8010D53C
O,68,19,0101,800ECF94,-899.223328,1730,-1631.22327,00000000,00002000,00000000,00000000,00000000,00000000,0,2,8033EE38,00000000,00000000,8010D53C
O,68,20,0101,800ECF94,-1142.22327,1970,-1387.22327,00000000,00002000,00000000,00000000,00000000,00000000,0,2,8033F098,00000000,00000000,8010D53C
O,68,21,0101,800ECF94,-517,3175,1790,00000000,FFFF8000,00000000,00000000,00000000,00000000,0,2,8033F2F8,00000000,00000000,8010D53C
O,68,22,0101,800ECF94,-170,1248,1790,00000000,FFFF8000,00000000,00000000,00000000,00000000,0,2,8033F558,00000000,00000000,8010D53C
O,68,23,0101,800ECF94,-515,1248,1790,00000000,FFFF8000,00000000,00000000,00000000,00000000,0,2,8033F7B8,00000000,00000000,8010D53C
O,68,24,0101,800ECF94,-175,-1351,-1789,00000000,00000000,00000000,00000000,00000000,00000000,0,2,8033FA18,00000000,00000000,8010D53C
O,68,25,0101,800ECF94,-515,-2590,1790,00000000,FFFF8000,00000000,00000000,00000000,00000000,0,2,8033FC78,00000000,00000000,8010D53C
O,68,26,0101,800ECF94,518,3175,1790,00000000,FFFF8000,00000000,00000000,00000000,00000000,0,2,8033FED8,00000000,00000000,8010D53C
O,68,27,0101,800ECF94,-171,3175,1790,00000000,FFFF8000,00000000,00000000,00000000,00000000,0,2,80340138,00000000,00000000,8010D53C
O,68,28,0101,800ECF94,174,3175,1790,00000000,FFFF8000,00000000,00000000,00000000,00000000,0,2,80340398,00000000,00000000,8010D53C
O,68,29,0101,800ECFCC,1490,-2088,-873,00000000,00000000,00000000,00000000,00000000,00000000,0,2,803405F8,00000000,00000000,8010D5B4
O,68,30,0101,800ECFCC,-708,-1606,-1589,00000000,00000000,00000000,00000000,00000000,00000000,0,2,80340858,00000000,00000000,8010D5B4
O,68,31,0101,800ECFCC,954,-1627,-1448,00000000,00000000,00000000,00000000,00000000,00000000,0,2,80340AB8,00000000,00000000,8010D5B4
O,68,32,0101,800ECFCC,1215,-1781,-1215,00000000,00000000,00000000,00000000,00000000,00000000,0,2,80340D18,00000000,00000000,8010D5B4
O,68,33,0101,800ECFCC,1052,-1934,-769,00000000,00000000,00000000,00000000,00000000,00000000,0,2,80340F78,00000000,00000000,8010D5B4
O,68,34,0101,800ECFCC,-620,1229,1233,00000000,FFFFA000,00000000,00000000,00000000,00000000,0,2,803411D8,00000000,00000000,8010D680
O,68,35,0101,800ECFCC,1050,-19,-1037,00000000,FFFFE000,00000000,00000000,00000000,00000000,0,2,80341438,00000000,00000000,8010D680
O,68,36,0101,800ECFF8,-1100,259,-1030,00000000,FFFFE000,00000000,00000000,00000000,00000000,0,1,80341698,00000000,00000000,8010D784
O,68,37,0101,800ED064,0,6011,0,00000000,FFFFA000,00000000,00000000,00000000,00000000,0,2,803418F8,00000000,00000000,8010D910
O,68,38,0101,800ED064,0,-2487,0,00000000,00002000,00000000,00000000,00000000,00000000,0,2,80341B58,00000000,00000000,8010D910
O,68,39,0101,800ED090,1102,-3619,1682,00000000,00006000,00000000,00000000,00000000,00000000,0,2,80341DB8,00000000,00000000,8010DA00
O,68,40,0101,800ED090,424,-3312,1959,00000000,00004000,00000000,00000000,00000000,00000000,0,2,80342018,00000000,00000000,8010DA00
O,68,41,0101,800ED090,1102,-3004,1682,00000000,00006000,00000000,00000000,00000000,00000000,0,2,80342278,00000000,00000000,8010DA00
O,68,42,0101,800ED090,1584,-2697,1200,00000000,00006000,00000000,00000000,00000000,00000000,0,2,803424D8,00000000,00000000,8010DA00
O,68,43,0101,800ED090,1582,-3619,1203,00000000,00006000,00000000,00000000,00000000,00000000,0,2,80342738,00000000,00000000,8010DA00
O,68,44,0101,800ED090,-762,4347,1047,00000000,00006000,00000000,00000000,00000000,00000000,0,2,80342998,00000000,00000000,8010DA00
O,68,45,0101,800ED090,424,-3926,1959,00000000,00004000,00000000,00000000,00000000,00000000,0,2,80342BF8,00000000,00000000,8010DA00
O,68,46,0101,800ED090,1102,-4233,1682,00000000,00006000,00000000,00000000,00000000,00000000,0,2,80342E58,00000000,00000000,8010DA00
O,68,47,0101,800ED090,1102,-4848,1682,00000000,00006000,00000000,00000000,00000000,00000000,0,2,803430B8,00000000,00000000,8010DA00
O,68,48,0101,800ED090,424,-4540,1959,00000000,00004000,00000000,00000000,00000000,00000000,0,2,80343318,00000000,00000000,8010DA00
O,68,49,0101,800ED090,-1037,4244,772,00000000,FFFFE000,00000000,00000000,00000000,00000000,0,2,80343578,00000000,00000000,8010DA00
O,68,50,0101,800ED090,1828,3835,-50,00000000,00000000,00000000,00000000,00000000,00000000,0,2,803437D8,00000000,00000000,8010DA00
O,68,51,0101,800ED090,1459,3835,-357,00000000,00000000,00000000,00000000,00000000,00000000,0,2,80343A38,00000000,00000000,8010DA00
O,68,52,0101,800ED090,1091,3835,-665,00000000,00000000,00000000,00000000,00000000,00000000,0,2,80343C98,00000000,00000000,8010DA00
O,68,53,0101,800ED064,1580,-4854,-825,00000000,00000000,00000000,00000000,00000000,00000000,0,2,80343EF8,00000000,00000000,8010D910
O,68,54,0101,800ED064,-1692,1022,-1157,00000000,00000000,00000000,00000000,00000000,00000000,0,2,80344158,00000000,00000000,8010D910
O,68,55,0101,800ED064,2098,7007,2243,00000000,00000000,00000000,00000000,00000000,00000000,0,2,803443B8,00000000,00000000,8010D910
O,68,56,0101,800ED064,1801,-4843,-731,00000000,00000000,00000000,00000000,00000000,00000000,0,2,80344618,00000000,00000000,8010D910
O,68,57,0101,800ED064,-1477,1044,-1088,00000000,00000000,00000000,00000000,00000000,00000000,0,2,80344878,00000000,00000000,8010D910
O,68,58,0101,800ED064,2268,7030,2227,00000000,00000000,00000000,00000000,00000000,00000000,0,2,80344AD8,00000000,00000000,8010D910
O,68,59,0101,800EC1AC,800,-4400,1900,00000000,00000000,00000000,00000000,00000000,00000000,0,2,8034C658,00000000,00000000,00000000
O,68,60,0101,800EC1AC,800,-3700,1900,00000000,00000000,00000000,00000000,00000000,00000000,0,2,8034C658,00000000,00000000,00000000
O,68,61,0101,800EC1AC,800,-3000,1900,00000000,00000000,00000000,00000000,00000000,00000000,0,2,8034C658,00000000,00000000,00000000
O,68,62,0101,800EC1AC,1780,-3300,1000,00000000,00000000,00000000,00000000,00000000,00000000,0,2,8034C658,00000000,00000000,00000000
O,68,63,0101,800EC1AC,1388,-3300,1428,00000000,00000000,00000000,00000000,00000000,00000000,0,2,8034C658,00000000,00000000,00000000
O,68,64,0101,800EC1AC,200,-3000,2000,00000000,00000000,00000000,00000000,00000000,00000000,0,2,8034C658,00000000,00000000,00000000
O,68,65,0101,800EC1AC,200,-3700,2000,00000000,00000000,00000000,00000000,00000000,00000000,0,2,8034C658,00000000,00000000,00000000
O,68,66,0101,800EC1AC,200,-4400,2000,00000000,00000000,00000000,00000000,00000000,00000000,0,2,8034C658,00000000,00000000,00000000
O,68,67,0101,800EC4A4,-1080,90,1575,00000000,00000000,00000000,00000000,00000000,00000000,0,2,80346038,00000000,00000000,00000000
O,68,68,0101,800ED028,-1179,445,1413,00000000,00002000,00000000,00000000,00000000,00000000,0,2,80346298,00000000,00000000,8010D88C
O,68,69,0101,800ED028,-1524,-1454,1129,00000000,FFFFE000,00000000,00000000,00000000,00000000,0,2,803464F8,00000000,00000000,8010D88C
O,68,70,0103,800EB688,-851.733459,-670.679382,1721.19678,00000000,00005601,00000000,00000000,00000000,00000000,2,1,80346758,00000000,00000000,00000000
O,68,71,0101,800EA888,-1203,-19,-170,00000000,00002000,00000000,00000000,00000000,00000000,0,2,803469B8,00000000,00000000,80125088
O,68,72,0101,800EA8A8,0,20,-1400,00000000,00000000,00000000,00000000,00000000,00000000,1,1,80346C18,00000000,00000000,00000000
O,68,73,0101,800EA8A8,-250,20,-1700,00000000,00000000,00000000,00000000,00000000,00000000,1,1,80346E78,00000000,00000000,00000000
O,68,74,0101,800EA8A8,250,20,-1700,00000000,00000000,00000000,00000000,00000000,00000000,1,1,803470D8,00000000,00000000,00000000
O,68,75,0101,800EA8A8,0,20,-2000,00000000,00000000,00000000,00000000,00000000,00000000,1,1,80347338,00000000,00000000,00000000
O,68,76,0101,800EA8A8,500,20,-2000,00000000,00000000,00000000,00000000,00000000,00000000,1,1,80347598,00000000,00000000,00000000
O,68,77,0101,800EA8A8,-500,20,-2000,00000000,00000000,00000000,00000000,00000000,00000000,1,1,803477F8,00000000,00000000,00000000
O,68,78,0103,800E9868,880,-19,1160,00000000,00000000,00000000,00000000,00000000,00000000,0,2,80347A58,8034DE18,00000000,00000000
O,68,79,0101,800ED48C,800,-2460,160,00000000,00000000,00000000,00000000,00000000,00000000,0,2,80347CB8,00000000,00000000,00000000
O,68,80,0103,800E8C0C,-1120,-820,1320,00000000,00002000,00000000,00000000,00000000,00000000,0,2,80347F18,00000000,00000000,00000000
O,68,81,0103,800ED48C,-571,6020,-1414,00000000,00000000,00000000,00000000,00000000,00000000,0,2,80348178,00000000,00000000,00000000
O,68,82,0103,800ED1F8,620,-5150,1540,00000000,00000320,00000000,00000000,00000190,00000000,0,2,803483D8,00000000,00000000,00000000
O,68,83,0101,800EC424,-520,1351,1919,00000000,00000000,00000000,00000000,00000000,00000000,0,2,80348638,00000000,00000000,00000000
O,68,84,0101,800EC424,-165,1351,1919,00000000,00000000,00000000,00000000,00000000,00000000,0,2,80348898,00000000,00000000,00000000
O,68,85,0101,800EC424,182,1351,1919,00000000,00000000,00000000,00000000,00000000,00000000,0,2,80348AF8,00000000,00000000,00000000
O,68,86,0101,800EC3EC,657,1368,1879,00000000,00000000,00000000,00000000,00000000,00000000,0,2,80348D58,00000000,00000000,00000000
O,68,87,0103,800EB688,-718.39624,-2320.67944,-999.435425,00000000,0000C686,00000000,00000000,00000000,00000000,2,1,80348FB8,00000000,00000000,00000000
O,68,88,0101,800EA570,1883,4150,550,00000000,00000000,00000000,00000000,00000000,00000000,2,1,80349218,00000000,00000000,8014A168
O,68,89,0103,800ED1F8,-1333,350,1116,00000000,00000320,00000000,00000000,00000190,00000000,0,2,80349478,00000000,00000000,00000000
O,68,90,0101,800EA570,-1101,6316,-685,00000000,00002000,00000000,00000000,00000000,00000000,2,1,803496D8,00000000,00000000,8014A168
O,68,91,0101,800EB474,1076.87732,-4822,645.998108,00000000,FFFFFD84,00000000,00000000,00000000,00000000,0,2,80349938,00000000,00000000,00000000
O,68,92,0101,800EB474,1682.87732,-4822,196.998123,00000000,FFFFFD84,00000000,00000000,00000000,00000000,0,2,80349B98,00000000,00000000,00000000
O,68,93,0101,800EA8A8,0,20,-1700,00000000,00000000,00000000,00000000,00000000,00000000,1,1,80349DF8,00000000,00000000,00000000
O,68,94,0101,800ECFCC,-1020,1229,537,00000000,00000000,00000000,00000000,00000000,00000000,0,2,8034A058,00000000,00000000,8010D5B4
O,68,95,0101,800EA570,2350,5600,2350,00000000,00002000,00000000,00000000,00000000,00000000,2,1,8034A2B8,00000000,00000000,8014A168
O,68,96,0101,800EA570,0,4783,0,00000000,00000000,00000000,00000000,00000000,00000000,2,1,8034A518,00000000,00000000,8014A168
O,68,97,0101,800EA570,-1140,-3720,-1620,00000000,00002000,00000000,00000000,00000000,00000000,2,1,8034A778,00000000,00000000,8014A168
O,68,98,0101,800EA570,840,-2200,860,00000000,00002000,00000000,00000000,00000000,00000000,2,1,8034A9D8,00000000,00000000,8014A168
O,68,99,0103,800E8C3C,-770,-3800,-440,00000000,00000000,00000000,00000000,00000000,00000000,0,2,8034AC38,00000000,00000000,00000000
O,68,100,0103,800E8C3C,-770,-3700,-440,00000000,00000000,00000000,00000000,00000000,00000000,0,2,8034AE98,00000000,00000000,00000000
O,68,101,0101,800EA570,280,-4920,1660,00000000,00000000,00000000,00000000,00000000,00000000,2,1,8034B0F8,00000000,00000000,8014A168
O,68,102,0101,800EA570,1240,300,840,00000000,00002000,00000000,00000000,00000000,00000000,2,1,8034B358,00000000,00000000,8014A168
O,68,103,0101,800EA570,520,300,1500,00000000,00002000,00000000,00000000,00000000,00000000,2,1,8034B5B8,00000000,00000000,8014A168
O,68,104,0101,800EA570,-400,3600,1880,00000000,00000000,00000000,00000000,00000000,00000000,2,1,8034B818,00000000,00000000,8014A168
O,68,105,0101,800EA570,-40,4160,-1280,00000000,00000000,00000000,00000000,00000000,00000000,2,1,8034BA78,00000000,00000000,8014A168
O,68,106,0101,800EA570,-1160,2920,-840,00000000,00002000,00000000,00000000,00000000,00000000,2,1,8034BCD8,00000000,00000000,8014A168
O,68,107,0101,800EA570,-780,6316,-1020,00000000,00002000,00000000,00000000,00000000,00000000,2,1,8034BF38,00000000,00000000,8014A168
O,68,108,0101,800ECF5C,1313,6190,1313,00000000,00002000,00000000,00000000,00000000,00000000,0,2,8034C198,00000000,00000000,8010D2E4
O,68,109,0101,800ECF5C,1851,-2488,-98,00000000,00000000,00000000,00000000,00000000,00000000,0,2,8034C3F8,00000000,00000000,8010D410
O,68,110,0101,800EC18C,1815,-3200,800,00000000,00000000,00000000,00000000,00000000,00000000,0,2,8034C658,00000000,00000000,00000000
O,68,111,0101,800EC13C,-1050,2400,-790,00000000,00001000,00000000,00000000,00000000,00000000,0,2,8034C8B8,00000000,00000000,00000000
O,68,112,0101,800EC13C,2200,7300,2210,00000000,00001000,00000000,00000000,00000000,00000000,0,2,8034CB18,00000000,00000000,00000000
O,68,113,0101,800EC13C,-1300,-2250,-1300,00000000,00001000,00000000,00000000,00000000,00000000,0,2,8034CD78,00000000,00000000,00000000
O,68,114,0101,800EC13C,-1850,300,-950,00000000,00001000,00000000,00000000,00000000,00000000,0,2,8034CFD8,00000000,00000000,00000000
O,68,115,0101,800EC13C,-1450,-1130,-1050,00000000,00001000,00000000,00000000,00000000,00000000,0,2,8034D238,00000000,00000000,00000000
O,68,116,0101,800E8EAC,1919,6212,1919,00000000,FFFFA000,00000000,00000000,00000000,00000000,0,2,8034D498,00000000,00000000,8011A38C
O,68,117,0101,800E8464,-1080,-840,1573,00000000,00000000,00000000,00000000,00000000,00000000,0,2,8034D6F8,00000000,00000000,00000000
O,68,118,0101,800EB274,1417,-3822,-548,00000000,FFFFE0B6,00000000,00000000,00000000,00000000,0,2,8034D958,00000000,00000000,00000000
O,68,119,0101,800EB1C0,1414.21973,-3826,-545.124023,00000000,FFFFE0B6,00000000,00000000,00000000,00000000,0,2,8034DBB8,00000000,00000000,00000000
O,68,120,0101,800E98C4,880,-19,1160,00000000,00000000,00000000,00000000,00000000,00000000,0,2,80347A58,00000000,00000000,00000000
O,68,121,0101,800ED86C,1815,-4762,800,00004000,00000200,00000000,00000000,00000000,00000000,0,2,8034C658,00000000,00000000,00000000
M,69,19,104966,3,00001924,0C400201,0,0,00000000,1414.21973,-3826,-545.124023,-1.39015019,-8,1.4378742,2,-8010,-4822,5243,00000000,80161C20,801693C0,8034D958,00000000,8034D958,00000000,8034DBB8,00000000,00000000,-1
O,69,0,0101,800ECEF0,-1032,-3291,1070,00000000,00002000,00000000,00000000,00000000,00000000,0,2,8033C118,00000000,00000000,8010CFA0
O,69,1,0101,800ECEF0,-1881,1767,-446,00000000,00004000,00000000,00000000,00000000,00000000,0,2,8033C378,00000000,00000000,8010CFA0
O,69,2,0101,800ECEF0,-1870,2068,362,00000000,00004000,00000000,00000000,00000000,00000000,0,2,8033C5D8,00000000,00000000,8010CFA0
O,69,3,0101,800ECEF0,-770,-4361,-423,00000000,FFFFA000,00000000,00000000,00000000,00000000,0,2,8033C838,00000000,00000000,8010CFA0
O,69,4,0101,800ECEF0,-1314,-3691,788,00000000,00006000,00000000,00000000,00000000,00000000,0,2,8033CA98,00000000,00000000,8010CFA0
O,69,5,0101,800ECEF0,-1314,-2892,1353,00000000,00006000,00000000,00000000,00000000,00000000,0,2,8033CCF8,00000000,00000000,8010CFA0
O,69,6,0101,800ECEF0,780,5767,-1027,00000000,FFFFE000,00000000,00000000,00000000,00000000,0,2,8033CF58,00000000,00000000,8010D038
O,69,7,0101,800ECEF0,1063,5562,-744,00000000,FFFFE000,00000000,00000000,00000000,00000000,0,2,8033D1B8,00000000,00000000,8010D038
O,69,8,0101,800ECF24,-1350,748,-1208,00000000,00002000,000018E3,00000000,00000000,00000000,0,2,8033D418,00000000,00000000,8010D0BC
O,69,9,0101,800ECF24,-690,901,-910,00000000,00002000,000018E3,00000000,00000000,00000000,0,2,8033D678,00000000,00000000,8010D0BC
O,69,10,0101,800ECF24,-1389,-3030,-1028,00000000,00002000,000018E3,00000000,00000000,00000000,0,2,8033D8D8,00000000,00000000,8010D0BC
O,69,11,0101,800ECF24,937,-3867,-1041,00000000,00002000,000018E3,00000000,00000000,00000000,0,2,8033DB38,00000000,00000000,8010D0BC
O,69,12,0101,800ECF5C,-139,-4408,-1056,00000000,00006000,00000000,00000000,00000000,00000000,0,2,8033DD98,00000000,00000000,8010D2E4
O,69,13,0101,800ECF5C,618,3656,148,00000000,00004000,00000000,00000000,00000000,00000000,0,2,8033DFF8,00000000,00000000,8010D410
O,69,14,0101,800ECF5C,963,3297,608,00000000,FFFFC000,00000000,00000000,00000000,00000000,0,2,8033E258,00000000,00000000,8010D410
O,69,15,0101,800ECF5C,1306,2939,1069,00000000,00004000,00000000,00000000,00000000,00000000,0,2,8033E4B8,00000000,00000000,8010D410
O,69,16,0101,800ECF5C,-1179,-1453,-792,00000000,FFFFE000,00000000,00000000,00000000,00000000,0,2,8033E718,00000000,00000000,8010D410
O,69,17,0101,800ECF94,174,1248,1790,00000000,FFFF8000,00000000,00000000,00000000,00000000,0,2,8033E978,00000000,00000000,8010D53C
O,69,18,0101,800ECF94,-1144.22327,1490,-1386.22327,00000000,00002000,00000000,00000000,00000000,00000000,0,2,8033EBD8,00000000,00000000,8010D53C
O,69,19,0101,800ECF94,-899.223328,1730,-1631.22327,00000000,00002000,00000000,00000000,00000000,00000000,0,2,8033EE38,00000000,00000000,8010D53C
O,69,20,0101,800ECF94,-1142.22327,1970,-1387.22327,00000000,00002000,00000000,00000000,00000000,00000000,0,2,8033F098,00000000,00000000,8010D53C
O,69,21,0101,800ECF94,-517,3175,1790,00000000,FFFF8000,00000000,00000000,00000000,00000000,0,2,8033F2F8,00000000,00000000,8010D53C
O,69,22,0101,800ECF94,-170,1248,1790,00000000,FFFF8000,00000000,00000000,00000000,00000000,0,2,8033F558,00000000,00000000,8010D53C
O,69,23,0101,800ECF94,-515,1248,1790,00000000,FFFF8000,00000000,00000000,00000000,00000000,0,2,8033F7B8,00000000,00000000,8010D53C
O,69,24,0101,800ECF94,-175,-1351,-1789,00000000,00000000,00000000,00000000,00000000,00000000,0,2,8033FA18,00000000,00000000,8010D53C
O,69,25,0101,800ECF94,-515,-2590,1790,00000000,FFFF8000,00000000,00000000,00000000,00000000,0,2,8033FC78,00000000,00000000,8010D53C
O,69,26,0101,800ECF94,518,3175,1790,00000000,FFFF8000,00000000,00000000,00000000,00000000,0,2,8033FED8,00000000,00000000,8010D53C
O,69,27,0101,800ECF94,-171,3175,1790,00000000,FFFF8000,00000000,00000000,00000000,00000000,0,2,80340138,00000000,00000000,8010D53C
O,69,28,0101,800ECF94,174,3175,1790,00000000,FFFF8000,00000000,00000000,00000000,00000000,0,2,80340398,00000000,00000000,8010D53C
O,69,29,0101,800ECFCC,1490,-2088,-873,00000000,00000000,00000000,00000000,00000000,00000000,0,2,803405F8,00000000,00000000,8010D5B4
O,69,30,0101,800ECFCC,-708,-1606,-1589,00000000,00000000,00000000,00000000,00000000,00000000,0,2,80340858,00000000,00000000,8010D5B4
O,69,31,0101,800ECFCC,954,-1627,-1448,00000000,00000000,00000000,00000000,00000000,00000000,0,2,80340AB8,00000000,00000000,8010D5B4
O,69,32,0101,800ECFCC,1215,-1781,-1215,00000000,00000000,00000000,00000000,00000000,00000000,0,2,80340D18,00000000,00000000,8010D5B4
O,69,33,0101,800ECFCC,1052,-1934,-769,00000000,00000000,00000000,00000000,00000000,00000000,0,2,80340F78,00000000,00000000,8010D5B4
O,69,34,0101,800ECFCC,-620,1229,1233,00000000,FFFFA000,00000000,00000000,00000000,00000000,0,2,803411D8,00000000,00000000,8010D680
O,69,35,0101,800ECFCC,1050,-19,-1037,00000000,FFFFE000,00000000,00000000,00000000,00000000,0,2,80341438,00000000,00000000,8010D680
O,69,36,0101,800ECFF8,-1100,259,-1030,00000000,FFFFE000,00000000,00000000,00000000,00000000,0,1,80341698,00000000,00000000,8010D784
O,69,37,0101,800ED064,0,6011,0,00000000,FFFFA000,00000000,00000000,00000000,00000000,0,2,803418F8,00000000,00000000,8010D910
O,69,38,0101,800ED064,0,-2487,0,00000000,00002000,00000000,00000000,00000000,00000000,0,2,80341B58,00000000,00000000,8010D910
O,69,39,0101,800ED090,1102,-3619,1682,00000000,00006000,00000000,00000000,00000000,00000000,0,2,80341DB8,00000000,00000000,8010DA00
O,69,40,0101,800ED090,424,-3312,1959,00000000,00004000,00000000,00000000,00000000,00000000,0,2,80342018,00000000,00000000,8010DA00
O,69,41,0101,800ED090,1102,-3004,1682,00000000,00006000,00000000,00000000,00000000,00000000,0,2,80342278,00000000,00000000,8010DA00
O,69,42,0101,800ED090,1584,-2697,1200,00000000,00006000,00000000,00000000,00000000,00000000,0,2,803424D8,00000000,00000000,8010DA00
O,69,43,0101,800ED090,1582,-3619,1203,00000000,00006000,00000000,00000000,00000000,00000000,0,2,80342738,00000000,00000000,8010DA00
O,69,44,0101,800ED090,-762,4347,1047,00000000,00006000,00000000,00000000,00000000,00000000,0,2,80342998,00000000,00000000,8010DA00
O,69,45,0101,800ED090,424,-3926,1959,00000000,00004000,00000000,00000000,00000000,00000000,0,2,80342BF8,00000000,00000000,8010DA00
O,69,46,0101,800ED090,1102,-4233,1682,00000000,00006000,00000000,00000000,00000000,00000000,0,2,80342E58,00000000,00000000,8010DA00
O,69,47,0101,800ED090,1102,-4848,1682,00000000,00006000,00000000,00000000,00000000,00000000,0,2,803430B8,00000000,00000000,8010DA00
O,69,48,0101,800ED090,424,-4540,1959,00000000,00004000,00000000,00000000,00000000,00000000,0,2,80343318,00000000,00000000,8010DA00
O,69,49,0101,800ED090,-1037,4244,772,00000000,FFFFE000,00000000,00000000,00000000,00000000,0,2,80343578,00000000,00000000,8010DA00
O,69,50,0101,800ED090,1828,3835,-50,00000000,00000000,00000000,00000000,00000000,00000000,0,2,803437D8,00000000,00000000,8010DA00
O,69,51,0101,800ED090,1459,3835,-357,00000000,00000000,00000000,00000000,00000000,00000000,0,2,80343A38,00000000,00000000,8010DA00
O,69,52,0101,800ED090,1091,3835,-665,00000000,00000000,00000000,00000000,00000000,00000000,0,2,80343C98,00000000,00000000,8010DA00
O,69,53,0101,800ED064,1580,-4854,-825,00000000,00000000,00000000,00000000,00000000,00000000,0,2,80343EF8,00000000,00000000,8010D910
O,69,54,0101,800ED064,-1692,1022,-1157,00000000,00000000,00000000,00000000,00000000,00000000,0,2,80344158,00000000,00000000,8010D910
O,69,55,0101,800ED064,2098,7007,2243,00000000,00000000,00000000,00000000,00000000,00000000,0,2,803443B8,00000000,00000000,8010D910
O,69,56,0101,800ED064,1801,-4843,-731,00000000,00000000,00000000,00000000,00000000,00000000,0,2,80344618,00000000,00000000,8010D910
O,69,57,0101,800ED064,-1477,1044,-1088,00000000,00000000,00000000,00000000,00000000,00000000,0,2,80344878,00000000,00000000,8010D910
O,69,58,0101,800ED064,2268,7030,2227,00000000,00000000,00000000,00000000,00000000,00000000,0,2,80344AD8,00000000,00000000,8010D910
O,69,59,0101,800EC1AC,800,-4400,1900,00000000,00000000,00000000,00000000,00000000,00000000,0,2,8034C658,00000000,00000000,00000000
O,69,60,0101,800EC1AC,800,-3700,1900,00000000,00000000,00000000,00000000,00000000,00000000,0,2,8034C658,00000000,00000000,00000000
O,69,61,0101,800EC1AC,800,-3000,1900,00000000,00000000,00000000,00000000,00000000,00000000,0,2,8034C658,00000000,00000000,00000000
O,69,62,0101,800EC1AC,1780,-3300,1000,00000000,00000000,00000000,00000000,00000000,00000000,0,2,8034C658,00000000,00000000,00000000
O,69,63,0101,800EC1AC,1388,-3300,1428,00000000,00000000,00000000,00000000,00000000,00000000,0,2,8034C658,00000000,00000000,00000000
O,69,64,0101,800EC1AC,200,-3000,2000,00000000,00000000,00000000,00000000,00000000,00000000,0,2,8034C658,00000000,00000000,00000000
O,69,65,0101,800EC1AC,200,-3700,2000,00000000,00000000,00000000,00000000,00000000,00000000,0,2,8034C658,00000000,00000000,00000000
O,69,66,0101,800EC1AC,200,-4400,2000,00000000,00000000,00000000,00000000,00000000,00000000,0,2,8034C658,00000000,00000000,00000000
O,69,67,0101,800EC4A4,-1080,90,1575,00000000,00000000,00000000,00000000,00000000,00000000,0,2,80346038,00000000,00000000,00000000
O,69,68,0101,800ED028,-1179,445,1413,00000000,00002000,00000000,00000000,00000000,00000000,0,2,80346298,00000000,00000000,8010D88C
O,69,69,0101,800ED028,-1524,-1454,1129,00000000,FFFFE000,00000000,00000000,00000000,00000000,0,2,803464F8,00000000,00000000,8010D88C
O,69,70,0103,800EB688,-851.733459,-670.679382,1721.19678,00000000,00005601,00000000,00000000,00000000,00000000,2,1,80346758,00000000,00000000,00000000
O,69,71,0101,800EA888,-1203,-19,-170,00000000,00002000,00000000,00000000,00000000,00000000,0,2,803469B8,00000000,00000000,80125088
O,69,72,0101,800EA8A8,0,20,-1400,00000000,00000000,00000000,00000000,00000000,00000000,1,1,80346C18,00000000,00000000,00000000
O,69,73,0101,800EA8A8,-250,20,-1700,00000000,00000000,00000000,00000000,00000000,00000000,1,1,80346E78,00000000,00000000,00000000
O,69,74,0101,800EA8A8,250,20,-1700,00000000,00000000,00000000,00000000,00000000,00000000,1,1,803470D8,00000000,00000000,00000000
O,69,75,0101,800EA8A8,0,20,-2000,00000000,00000000,00000000,00000000,00000000,00000000,1,1,80347338,00000000,00000000,00000000
O,69,76,0101,800EA8A8,500,20,-2000,00000000,00000000,00000000,00000000,00000000,00000000,1,1,80347598,00000000,00000000,00000000
O,69,77,0101,800EA8A8,-500,20,-2000,00000000,00000000,00000000,00000000,00000000,00000000,1,1,803477F8,00000000,00000000,00000000
O,69,78,0103,800E9868,880,-19,1160,00000000,00000000,00000000,00000000,00000000,00000000,0,2,80347A58,8034DE18,00000000,00000000
O,69,79,0101,800ED48C,800,-2460,160,00000000,00000000,00000000,00000000,00000000,00000000,0,2,80347CB8,00000000,00000000,00000000
O,69,80,0103,800E8C0C,-1120,-820,1320,00000000,00002000,00000000,00000000,00000000,00000000,0,2,80347F18,00000000,00000000,00000000
O,69,81,0103,800ED48C,-571,6020,-1414,00000000,00000000,00000000,00000000,00000000,00000000,0,2,80348178,00000000,00000000,00000000
O,69,82,0103,800ED1F8,620,-5150,1540,00000000,00000320,00000000,00000000,00000190,00000000,0,2,803483D8,00000000,00000000,00000000
O,69,83,0101,800EC424,-520,1351,1919,00000000,00000000,00000000,00000000,00000000,00000000,0,2,80348638,00000000,00000000,00000000
O,69,84,0101,800EC424,-165,1351,1919,00000000,00000000,00000000,00000000,00000000,00000000,0,2,80348898,00000000,00000000,00000000
O,69,85,0101,800EC424,182,1351,1919,00000000,00000000,00000000,00000000,00000000,00000000,0,2,80348AF8,00000000,00000000,00000000
O,69,86,0101,800EC3EC,657,1368,1879,00000000,00000000,00000000,00000000,00000000,00000000,0,2,80348D58,00000000,00000000,00000000
O,69,87,0103,800EB688,-718.39624,-2320.67944,-999.435425,00000000,0000C686,00000000,00000000,00000000,00000000,2,1,80348FB8,00000000,00000000,00000000
O,69,88,0101,800EA570,1883,4150,550,00000000,00000000,00000000,00000000,00000000,00000000,2,1,80349218,00000000,00000000,8014A168
O,69,89,0103,800ED1F8,-1333,350,1116,00000000,00000320,00000000,00000000,00000190,00000000,0,2,80349478,00000000,00000000,00000000
O,69,90,0101,800EA570,-1101,6316,-685,00000000,00002000,00000000,00000000,00000000,00000000,2,1,803496D8,00000000,00000000,8014A168
O,69,91,0101,800EB474,1076.87732,-4822,645.998108,00000000,FFFFFD84,00000000,00000000,00000000,00000000,0,2,80349938,00000000,00000000,00000000
O,69,92,0101,800EB474,1682.87732,-4822,196.998123,00000000,FFFFFD84,00000000,00000000,00000000,00000000,0,2,80349B98,00000000,00000000,00000000
O,69,93,0101,800EA8A8,0,20,-1700,00000000,00000000,00000000,00000000,00000000,00000000,1,1,80349DF8,00000000,00000000,00000000
O,69,94,0101,800ECFCC,-1020,1229,537,00000000,00000000,00000000,00000000,00000000,00000000,0,2,8034A058,00000000,00000000,8010D5B4
O,69,95,0101,800EA570,2350,5600,2350,00000000,00002000,00000000,00000000,00000000,00000000,2,1,8034A2B8,00000000,00000000,8014A168
O,69,96,0101,800EA570,0,4783,0,00000000,00000000,00000000,00000000,00000000,00000000,2,1,8034A518,00000000,00000000,8014A168
O,69,97,0101,800EA570,-1140,-3720,-1620,00000000,00002000,00000000,00000000,00000000,00000000,2,1,8034A778,00000000,00000000,8014A168
O,69,98,0101,800EA570,840,-2200,860,00000000,00002000,00000000,00000000,00000000,00000000,2,1,8034A9D8,00000000,00000000,8014A168
O,69,99,0103,800E8C3C,-770,-3800,-440,00000000,00000000,00000000,00000000,00000000,00000000,0,2,8034AC38,00000000,00000000,00000000
O,69,100,0103,800E8C3C,-770,-3700,-440,00000000,00000000,00000000,00000000,00000000,00000000,0,2,8034AE98,00000000,00000000,00000000
O,69,101,0101,800EA570,280,-4920,1660,00000000,00000000,00000000,00000000,00000000,00000000,2,1,8034B0F8,00000000,00000000,8014A168
O,69,102,0101,800EA570,1240,300,840,00000000,00002000,00000000,00000000,00000000,00000000,2,1,8034B358,00000000,00000000,8014A168
O,69,103,0101,800EA570,520,300,1500,00000000,00002000,00000000,00000000,00000000,00000000,2,1,8034B5B8,00000000,00000000,8014A168
O,69,104,0101,800EA570,-400,3600,1880,00000000,00000000,00000000,00000000,00000000,00000000,2,1,8034B818,00000000,00000000,8014A168
O,69,105,0101,800EA570,-40,4160,-1280,00000000,00000000,00000000,00000000,00000000,00000000,2,1,8034BA78,00000000,00000000,8014A168
O,69,106,0101,800EA570,-1160,2920,-840,00000000,00002000,00000000,00000000,00000000,00000000,2,1,8034BCD8,00000000,00000000,8014A168
O,69,107,0101,800EA570,-780,6316,-1020,00000000,00002000,00000000,00000000,00000000,00000000,2,1,8034BF38,00000000,00000000,8014A168
O,69,108,0101,800ECF5C,1313,6190,1313,00000000,00002000,00000000,00000000,00000000,00000000,0,2,8034C198,00000000,00000000,8010D2E4
O,69,109,0101,800ECF5C,1851,-2488,-98,00000000,00000000,00000000,00000000,00000000,00000000,0,2,8034C3F8,00000000,00000000,8010D410
O,69,110,0101,800EC18C,1815,-3200,800,00000000,00000000,00000000,00000000,00000000,00000000,0,2,8034C658,00000000,00000000,00000000
O,69,111,0101,800EC13C,-1050,2400,-790,00000000,00001000,00000000,00000000,00000000,00000000,0,2,8034C8B8,00000000,00000000,00000000
O,69,112,0101,800EC13C,2200,7300,2210,00000000,00001000,00000000,00000000,00000000,00000000,0,2,8034CB18,00000000,00000000,00000000
O,69,113,0101,800EC13C,-1300,-2250,-1300,00000000,00001000,00000000,00000000,00000000,00000000,0,2,8034CD78,00000000,00000000,00000000
O,69,114,0101,800EC13C,-1850,300,-950,00000000,00001000,00000000,00000000,00000000,00000000,0,2,8034CFD8,00000000,00000000,00000000
O,69,115,0101,800EC13C,-1450,-1130,-1050,00000000,00001000,00000000,00000000,00000000,00000000,0,2,8034D238,00000000,00000000,00000000
O,69,116,0101,800E8EAC,1919,6212,1919,00000000,FFFFA000,00000000,00000000,00000000,00000000,0,2,8034D498,00000000,00000000,8011A38C
O,69,117,0101,800E8464,-1080,-840,1573,00000000,00000000,00000000,00000000,00000000,00000000,0,2,8034D6F8,00000000,00000000,00000000
O,69,118,0101,800EB274,1417,-3822,-548,00000000,FFFFE0B6,00000000,00000000,00000000,00000000,0,2,8034D958,00000000,00000000,00000000
O,69,119,0101,800EB1C0,1414.21973,-3826,-545.124023,00000000,FFFFE0B6,00000000,00000000,00000000,00000000,0,2,8034DBB8,00000000,00000000,00000000
O,69,120,0101,800E98C4,880,-19,1160,00000000,00000000,00000000,00000000,00000000,00000000,0,2,80347A58,00000000,00000000,00000000
O,69,121,0101,800ED86C,1815,-4762,800,00004000,00000200,00000000,00000000,00000000,00000000,0,2,8034C658,00000000,00000000,00000000
M,70,20,104967,3,00001924,0C400201,0,0,00000000,1412.82959,-3834,-543.686035,-1.39015019,-12,1.4378742,2,-8010,-4822,5243,00000000,80161C20,801693C0,8034D958,00000000,8034D958,00000000,8034DBB8,00000000,00000000,-1
O,70,0,0101,800ECEF0,-1032,-3291,1070,00000000,00002000,00000000,00000000,00000000,00000000,0,3,8033C118,00000000,00000000,8010CFA0
O,70,1,0101,800ECEF0,-1881,1767,-446,00000000,00004000,00000000,00000000,00000000,00000000,0,3,8033C378,00000000,00000000,8010CFA0
O,70,2,0101,800ECEF0,-1870,2068,362,00000000,00004000,00000000,00000000,00000000,00000000,0,3,8033C5D8,00000000,00000000,8010CFA0
O,70,3,0101,800ECEF0,-770,-4361,-423,00000000,FFFFA000,00000000,00000000,00000000,00000000,0,3,8033C838,00000000,00000000,8010CFA0
O,70,4,0101,800ECEF0,-1314,-3691,788,00000000,00006000,00000000,00000000,00000000,00000000,0,3,8033CA98,00000000,00000000,8010CFA0
O,70,5,0101,800ECEF0,-1314,-2892,1353,00000000,00006000,00000000,00000000,00000000,00000000,0,3,8033CCF8,00000000,00000000,8010CFA0
O,70,6,0101,800ECEF0,780,5767,-1027,00000000,FFFFE000,00000000,00000000,00000000,00000000,0,3,8033CF58,00000000,00000000,8010D038
O,70,7,0101,800ECEF0,1063,5562,-744,00000000,FFFFE000,00000000,00000000,00000000,00000000,0,3,8033D1B8,00000000,00000000,8010D038
O,70,8,0101,800ECF24,-1350,748,-1208,00000000,00002000,000018E3,00000000,00000000,00000000,0,3,8033D418,00000000,00000000,8010D0BC
O,70,9,0101,800ECF24,-690,901,-910,00000000,00002000,000018E3,00000000,00000000,00000000,0,3,8033D678,00000000,00000000,8010D0BC
O,70,10,0101,800ECF24,-1389,-3030,-1028,00000000,00002000,000018E3,00000000,00000000,00000000,0,3,8033D8D8,00000000,00000000,8010D0BC
O,70,11,0101,800ECF24,937,-3867,-1041,00000000,00002000,000018E3,00000000,00000000,00000000,0,3,8033DB38,00000000,00000000,8010D0BC
O,70,12,0101,800ECF5C,-139,-4408,-1056,00000000,00006000,00000000,00000000,00000000,00000000,0,3,8033DD98,00000000,00000000,8010D2E4
O,70,13,0101,800ECF5C,618,3656,148,00000000,00004000,00000000,00000000,00000000,00000000,0,3,8033DFF8,00000000,00000000,8010D410
O,70,14,0101,800ECF5C,963,3297,608,00000000,FFFFC000,00000000,00000000,00000000,00000000,0,3,8033E258,00000000,00000000,8010D410
O,70,15,0101,800ECF5C,1306,2939,1069,00000000,00004000,00000000,00000000,00000000,00000000,0,3,8033E4B8,00000000,00000000,8010D410
O,70,16,0101,800ECF5C,-1179,-1453,-792,00000000,FFFFE000,00000000,00000000,00000000,00000000,0,3,8033E718,00000000,00000000,8010D410
O,70,17,0101,800ECF94,174,1248,1790,00000000,FFFF8000,00000000,00000000,00000000,00000000,0,3,8033E978,00000000,00000000,8010D53C
O,70,18,0101,800ECF94,-1144.22327,1490,-1386.22327,00000000,00002000,00000000,00000000,00000000,00000000,0,3,8033EBD8,00000000,00000000,8010D53C
O,70,19,0101,800ECF94,-899.223328,1730,-1631.22327,00000000,00002000,00000000,00000000,00000000,00000000,0,3,8033EE38,00000000,00000000,8010D53C
O,70,20,0101,800ECF94,-1142.22327,1970,-1387.22327,00000000,00002000,00000000,00000000,00000000,00000000,0,3,8033F098,00000000,00000000,8010D53C
O,70,21,0101,800ECF94,-517,3175,1790,00000000,FFFF8000,00000000,00000000,00000000,00000000,0,3,8033F2F8,00000000,00000000,8010D53C
O,70,22,0101,800ECF94,-170,1248,1790,00000000,FFFF8000,00000000,00000000,00000000,00000000,0,3,8033F558,00000000,00000000,8010D53C
O,70,23,0101,800ECF94,-515,1248,1790,00000000,FFFF8000,00000000,00000000,00000000,00000000,0,3,8033F7B8,00000000,00000000,8010D53C
O,70,24,0101,800ECF94,-175,-1351,-1789,00000000,00000000,00000000,00000000,00000000,00000000,0,3,8033FA18,00000000,00000000,8010D53C
O,70,25,0101,800ECF94,-515,-2590,1790,00000000,FFFF8000,00000000,00000000,00000000,00000000,0,3,8033FC78,00000000,00000000,8010D53C
O,70,26,0101,800ECF94,518,3175,1790,00000000,FFFF8000,00000000,00000000,00000000,00000000,0,3,8033FED8,00000000,00000000,8010D53C
O,70,27,0101,800ECF94,-171,3175,1790,00000000,FFFF8000,00000000,00000000,00000000,00000000,0,3,80340138,00000000,00000000,8010D53C
O,70,28,0101,800ECF94,174,3175,1790,00000000,FFFF8000,00000000,00000000,00000000,00000000,0,3,80340398,00000000,00000000,8010D53C
O,70,29,0101,800ECFCC,1490,-2088,-873,00000000,00000000,00000000,00000000,00000000,00000000,0,3,803405F8,00000000,00000000,8010D5B4
O,70,30,0101,800ECFCC,-708,-1606,-1589,00000000,00000000,00000000,00000000,00000000,00000000,0,3,80340858,00000000,00000000,8010D5B4
O,70,31,0101,800ECFCC,954,-1627,-1448,00000000,00000000,00000000,00000000,00000000,00000000,0,3,80340AB8,00000000,00000000,8010D5B4
O,70,32,0101,800ECFCC,1215,-1781,-1215,00000000,00000000,00000000,00000000,00000000,00000000,0,3,80340D18,00000000,00000000,8010D5B4
O,70,33,0101,800ECFCC,1052,-1934,-769,00000000,00000000,00000000,00000000,00000000,00000000,0,3,80340F78,00000000,00000000,8010D5B4
O,70,34,0101,800ECFCC,-620,1229,1233,00000000,FFFFA000,00000000,00000000,00000000,00000000,0,3,803411D8,00000000,00000000,8010D680
O,70,35,0101,800ECFCC,1050,-19,-1037,00000000,FFFFE000,00000000,00000000,00000000,00000000,0,3,80341438,00000000,00000000,8010D680
O,70,36,0101,800ECFF8,-1100,259,-1030,00000000,FFFFE000,00000000,00000000,00000000,00000000,0,1,80341698,00000000,00000000,8010D784
O,70,37,0101,800ED064,0,6011,0,00000000,FFFFA000,00000000,00000000,00000000,00000000,0,3,803418F8,00000000,00000000,8010D910
O,70,38,0101,800ED064,0,-2487,0,00000000,00002000,00000000,00000000,00000000,00000000,0,3,80341B58,00000000,00000000,8010D910
O,70,39,0101,800ED090,1102,-3619,1682,00000000,00006000,00000000,00000000,00000000,00000000,0,3,80341DB8,00000000,00000000,8010DA00
O,70,40,0101,800ED090,424,-3312,1959,00000000,00004000,00000000,00000000,00000000,00000000,0,3,80342018,00000000,00000000,8010DA00
O,70,41,0101,800ED090,1102,-3004,1682,00000000,00006000,00000000,00000000,00000000,00000000,0,3,80342278,00000000,00000000,8010DA00
O,70,42,0101,800ED090,1584,-2697,1200,00000000,00006000,00000000,00000000,00000000,00000000,0,3,803424D8,00000000,00000000,8010DA00
O,70,43,0101,800ED090,1582,-3619,1203,00000000,00006000,00000000,00000000,00000000,00000000,0,3,80342738,00000000,00000000,8010DA00
O,70,44,0101,800ED090,-762,4347,1047,00000000,00006000,00000000,00000000,00000000,00000000,0,3,80342998,00000000,00000000,8010DA00
O,70,45,0101,800ED090,424,-3926,1959,00000000,00004000,00000000,00000000,00000000,00000000,0,3,80342BF8,00000000,00000000,8010DA00
O,70,46,0101,800ED090,1102,-4233,1682,00000000,00006000,00000000,00000000,00000000,00000000,0,3,80342E58,00000000,00000000,8010DA00
O,70,47,0101,800ED090,1102,-4848,1682,00000000,00006000,00000000,00000000,00000000,00000000,0,3,803430B8,00000000,00000000,8010DA00
O,70,48,0101,800ED090,424,-4540,1959,00000000,00004000,00000000,00000000,00000000,00000000,0,3,80343318,00000000,00000000,8010DA00
O,70,49,0101,800ED090,-1037,4244,772,00000000,FFFFE000,00000000,00000000,00000000,00000000,0,3,80343578,00000000,00000000,8010DA00
O,70,50,0101,800ED090,1828,3835,-50,00000000,00000000,00000000,00000000,00000000,00000000,0,3,803437D8,00000000,00000000,8010DA00
O,70,51,0101,800ED090,1459,3835,-357,00000000,00000000,00000000,00000000,00000000,00000000,0,3,80343A38,00000000,00000000,8010DA00
O,70,52,0101,800ED090,1091,3835,-665,00000000,00000000,00000000,00000000,00000000,00000000,0,3,80343C98,00000000,00000000,8010DA00
O,70,53,0101,800ED064,1580,-4854,-825,00000000,00000000,00000000,00000000,00000000,00000000,0,3,80343EF8,00000000,00000000,8010D910
O,70,54,0101,800ED064,-1692,1022,-1157,00000000,00000000,00000000,00000000,00000000,00000000,0,3,80344158,00000000,00000000,8010D910
O,70,55,0101,800ED064,2098,7007,2243,00000000,00000000,00000000,00000000,00000000,00000000,0,3,803443B8,00000000,00000000,8010D910
O,70,56,0101,800ED064,1801,-4843,-731,00000000,00000000,00000000,00000000,00000000,00000000,0,3,80344618,00000000,00000000,8010D910
O,70,57,0101,800ED064,-1477,1044,-1088,00000000,00000000,00000000,00000000,00000000,00000000,0,3,80344878,00000000,00000000,8010D910
O,70,58,0101,800ED064,2268,7030,2227,00000000,00000000,00000000,00000000,00000000,00000000,0,3,80344AD8,00000000,00000000,8010D910
O,70,59,0101,800EC1AC,800,-4400,1900,00000000,00000000,00000000,00000000,00000000,00000000,0,3,8034C658,00000000,00000000,00000000
O,70,60,0101,800EC1AC,800,-3700,1900,00000000,00000000,00000000,00000000,00000000,00000000,0,3,8034C658,00000000,00000000,00000000
O,70,61,0101,800EC1AC,800,-3000,1900,00000000,00000000,00000000,00000000,00000000,00000000,0,3,8034C658,00000000,00000000,00000000
O,70,62,0101,800EC1AC,1780,-3300,1000,00000000,00000000,00000000,00000000,00000000,00000000,0,3,8034C658,00000000,00000000,00000000
O,70,63,0101,800EC1AC,1388,-3300,1428,00000000,00000000,00000000,00000000,00000000,00000000,0,3,8034C658,00000000,00000000,00000000
O,70,64,0101,800EC1AC,200,-3000,2000,00000000,00000000,00000000,00000000,00000000,00000000,0,3,8034C658,00000000,00000000,00000000
O,70,65,0101,800EC1AC,200,-3700,2000,00000000,00000000,00000000,00000000,00000000,00000000,0,3,8034C658,00000000,00000000,00000000
O,70,66,0101,800EC1AC,200,-4400,2000,00000000,00000000,00000000,00000000,00000000,00000000,0,3,8034C658,00000000,00000000,00000000
O,70,67,0101,800EC4A4,-1080,90,1575,00000000,00000000,00000000,00000000,00000000,00000000,0,3,80346038,00000000,00000000,00000000
O,70,68,0101,800ED028,-1179,445,1413,00000000,00002000,00000000,00000000,00000000,00000000,0,3,80346298,00000000,00000000,8010D88C
O,70,69,0101,800ED028,-1524,-1454,1129,00000000,FFFFE000,00000000,00000000,00000000,00000000,0,3,803464F8,00000000,00000000,8010D88C
O,70,70,0103,800EB688,-825.769165,-672.686768,1707.3186,00000000,00005A01,00000000,00000000,00000000,00000000,2,2,80346758,00000000,00000000,00000000
O,70,71,0101,800EA888,-1203,-19,-170,00000000,00002000,00000000,00000000,00000000,00000000,0,3,803469B8,00000000,00000000,80125088
O,70,72,0101,800EA8A8,0,20,-1400,00000000,00000000,00000000,00000000,00000000,00000000,1,2,80346C18,00000000,00000000,00000000
O,70,73,0101,800EA8A8,-250,20,-1700,00000000,00000000,00000000,00000000,00000000,00000000,1,2,80346E78,00000000,00000000,00000000
O,70,74,0101,800EA8A8,250,20,-1700,00000000,00000000,00000000,00000000,00000000,00000000,1,2,803470D8,00000000,00000000,00000000
O,70,75,0101,800EA8A8,0,20,-2000,00000000,00000000,00000000,00000000,00000000,00000000,1,2,80347338,00000000,00000000,00000000
O,70,76,0101,800EA8A8,500,20,-2000,00000000,00000000,00000000,00000000,00000000,00000000,1,2,80347598,00000000,00000000,00000000
O,70,77,0101,800EA8A8,-500,20,-2000,00000000,00000000,00000000,00000000,00000000,00000000,1,2,803477F8,00000000,00000000,00000000
O,70,78,0103,800E9868,880,-19,1160,00000000,00000000,00000000,00000000,00000000,00000000,0,3,80347A58,8034DE18,00000000,00000000
O,70,79,0101,800ED48C,800,-2460,160,00000000,00000000,00000000,00000000,00000000,00000000,0,3,80347CB8,00000000,00000000,00000000
O,70,80,0103,800E8C0C,-1120,-820,1320,00000000,00002000,00000000,00000000,00000000,00000000,0,3,80347F18,00000000,00000000,00000000
O,70,81,0103,800ED48C,-571,6020,-1414,00000000,00000000,00000000,00000000,00000000,00000000,0,3,80348178,00000000,00000000,00000000
O,70,82,0103,800ED1F8,620,-5150,1540,00000000,000004B0,00000000,00000000,00000190,00000000,0,3,803483D8,00000000,00000000,00000000
O,70,83,0101,800EC424,-520,1351,1919,00000000,00000000,00000000,00000000,00000000,00000000,0,3,80348638,00000000,00000000,00000000
O,70,84,0101,800EC424,-165,1351,1919,00000000,00000000,00000000,00000000,00000000,00000000,0,3,80348898,00000000,00000000,00000000
O,70,85,0101,800EC424,182,1351,1919,00000000,00000000,00000000,00000000,00000000,00000000,0,3,80348AF8,00000000,00000000,00000000
O,70,86,0101,800EC3EC,657,1368,1879,00000000,00000000,00000000,00000000,00000000,00000000,0,3,80348D58,00000000,00000000,00000000
O,70,87,0103,800EB688,-747.657471,-2322.68677,-996.19043,00000000,0000CA86,00000000,00000000,00000000,00000000,2,2,80348FB8,00000000,00000000,00000000
O,70,88,0101,800EA570,1883,4150,550,00000000,00000000,00000000,00000000,00000000,00000000,2,2,80349218,00000000,00000000,8014A168
O,70,89,0103,800ED1F8,-1333,350,1116,00000000,000004B0,00000000,00000000,00000190,00000000,0,3,80349478,00000000,00000000,00000000
O,70,90,0101,800EA570,-1101,6316,-685,00000000,00002000,00000000,00000000,00000000,00000000,2,2,803496D8,00000000,00000000,8014A168
O,70,91,0101,800EB474,1076.62585,-4822,649.990173,00000000,FFFFFC3F,00000000,00000000,00000000,00000000,0,3,80349938,00000000,00000000,00000000
O,70,92,0101,800EB474,1682.62585,-4822,200.990219,00000000,FFFFFC3F,00000000,00000000,00000000,00000000,0,3,80349B98,00000000,00000000,00000000
O,70,93,0101,800EA8A8,0,20,-1700,00000000,00000000,00000000,00000000,00000000,00000000,1,2,80349DF8,00000000,00000000,00000000
O,70,94,0101,800ECFCC,-1020,1229,537,00000000,00000000,00000000,00000000,00000000,00000000,0,3,8034A058,00000000,00000000,8010D5B4
O,70,95,0101,800EA570,2350,5600,2350,00000000,00002000,00000000,00000000,00000000,00000000,2,2,8034A2B8,00000000,00000000,8014A168
O,70,96,0101,800EA570,0,4783,0,00000000,00000000,00000000,00000000,00000000,00000000,2,2,8034A518,00000000,00000000,8014A168
O,70,97,0101,800EA570,-1140,-3720,-1620,00000000,00002000,00000000,00000000,00000000,00000000,2,2,8034A778,00000000,00000000,8014A168
O,70,98,0101,800EA570,840,-2200,860,00000000,00002000,00000000,00000000,00000000,00000000,2,2,8034A9D8,00000000,00000000,8014A168
O,70,99,0103,800E8C3C,-770,-3800,-440,00000000,00000000,00000000,00000000,00000000,00000000,0,3,8034AC38,00000000,00000000,00000000
O,70,100,0103,800E8C3C,-770,-3700,-440,00000000,00000000,00000000,00000000,00000000,00000000,0,3,8034AE98,00000000,00000000,00000000
O,70,101,0101,800EA570,280,-4920,1660,00000000,00000000,00000000,00000000,00000000,00000000,2,2,8034B0F8,00000000,00000000,8014A168
O,70,102,0101,800EA570,1240,300,840,00000000,00002000,00000000,00000000,00000000,00000000,2,2,8034B358,00000000,00000000,8014A168
O,70,103,0101,800EA570,520,300,1500,00000000,00002000,00000000,00000000,00000000,00000000,2,2,8034B5B8,00000000,00000000,8014A168
O,70,104,0101,800EA570,-400,3600,1880,00000000,00000000,00000000,00000000,00000000,00000000,2,2,8034B818,00000000,00000000,8014A168
O,70,105,0101,800EA570,-40,4160,-1280,00000000,00000000,00000000,00000000,00000000,00000000,2,2,8034BA78,00000000,00000000,8014A168
O,70,106,0101,800EA570,-1160,2920,-840,00000000,00002000,00000000,00000000,00000000,00000000,2,2,8034BCD8,00000000,00000000,8014A168
O,70,107,0101,800EA570,-780,6316,-1020,00000000,00002000,00000000,00000000,00000000,00000000,2,2,8034BF38,00000000,00000000,8014A168
O,70,108,0101,800ECF5C,1313,6190,1313,00000000,00002000,00000000,00000000,00000000,00000000,0,3,8034C198,00000000,00000000,8010D2E4
O,70,109,0101,800ECF5C,1851,-2488,-98,00000000,00000000,00000000,00000000,00000000,00000000,0,3,8034C3F8,00000000,00000000,8010D410
O,70,110,0101,800EC18C,1815,-3200,800,00000000,00000000,00000000,00000000,00000000,00000000,0,3,8034C658,00000000,00000000,00000000
O,70,111,0101,800EC13C,-1050,2400,-790,00000000,00001800,00000000,00000000,00000000,00000000,0,3,8034C8B8,00000000,00000000,00000000
O,70,112,0101,800EC13C,2200,7300,2210,00000000,00001800,00000000,00000000,00000000,00000000,0,3,8034CB18,00000000,00000000,00000000
O,70,113,0101,800EC13C,-1300,-2250,-1300,00000000,00001800,00000000,00000000,00000000,00000000,0,3,8034CD78,00000000,00000000,00000000
O,70,114,0101,800EC13C,-1850,300,-950,00000000,00001800,00000000,00000000,00000000,00000000,0,3,8034CFD8,00000000,00000000,00000000
O,70,115,0101,800EC13C,-1450,-1130,-1050,00000000,00001800,00000000,00000000,00000000,00000000,0,3,8034D238,00000000,00000000,00000000
O,70,116,0101,800E8EAC,1919,6222,1919,00000000,FFFFA000,00000000,00000000,00000000,00000000,0,3,8034D498,00000000,00000000,8011A38C
O,70,117,0101,800E8464,-1080,-840,1573,00000000,00000000,00000000,00000000,00000000,00000000,0,3,8034D6F8,00000000,00000000,00000000
O,70,118,0101,800EB274,1417,-3822,-548,00000000,FFFFE0B6,00000000,00000000,00000000,00000000,0,3,8034D958,00000000,00000000,00000000
O,70,119,0101,800EB1C0,1412.82959,-3834,-543.686035,00000000,FFFFE0B6,00000000,00000000,00000000,00000000,0,3,8034DBB8,00000000,00000000,00000000
O,70,120,0101,800E98C4,880,-19,1160,00000000,00000000,00000000,00000000,00000000,00000000,0,3,80347A58,00000000,00000000,00000000
O,70,121,0101,800ED86C,1815,-4762,800,00004000,00000300,00000000,00000000,00000000,00000000,0,3,8034C658,00000000,00000000,00000000
M,71,20,104967,3,00001924,0C400201,0,0,00000000,1412.82959,-3834,-543.686035,-1.39015019,-12,1.4378742,2,-8010,-4822,5243,00000000,80161C20,801693C0,8034D958,00000000,8034D958,00000000,8034DBB8,00000000,00000000,-1
O,71,0,0101,800ECEF0,-1032,-3291,1070,00000000,00002000,00000000,00000000,00000000,00000000,0,3,8033C118,00000000,00000000,8010CFA0
O,71,1,0101,800ECEF0,-1881,1767,-446,00000000,00004000,00000000,00000000,00000000,00000000,0,3,8033C378,00000000,00000000,8010CFA0
O,71,2,0101,800ECEF0,-1870,2068,362,00000000,00004000,00000000,00000000,00000000,00000000,0,3,8033C5D8,00000000,00000000,8010CFA0
O,71,3,0101,800ECEF0,-770,-4361,-423,00000000,FFFFA000,00000000,00000000,00000000,00000000,0,3,8033C838,00000000,00000000,8010CFA0
O,71,4,0101,800ECEF0,-1314,-3691,788,00000000,00006000,00000000,00000000,00000000,00000000,0,3,8033CA98,00000000,00000000,8010CFA0
O,71,5,0101,800ECEF0,-1314,-2892,1353,00000000,00006000,00000000,00000000,00000000,00000000,0,3,8033CCF8,00000000,00000000,8010CFA0
O,71,6,0101,800ECEF0,780,5767,-1027,00000000,FFFFE000,00000000,00000000,00000000,00000000,0,3,8033CF58,00000000,00000000,8010D038
O,71,7,0101,800ECEF0,1063,5562,-744,00000000,FFFFE000,00000000,00000000,00000000,00000000,0,3,8033D1B8,00000000,00000000,8010D038
O,71,8,0101,800ECF24,-1350,748,-1208,00000000,00002000,000018E3,00000000,00000000,00000000,0,3,8033D418,00000000,00000000,8010D0BC
O,71,9,0101,800ECF24,-690,901,-910,00000000,00002000,000018E3,00000000,00000000,00000000,0,3,8033D678,00000000,00000000,8010D0BC
O,71,10,0101,800ECF24,-1389,-3030,-1028,00000000,00002000,000018E3,00000000,00000000,00000000,0,3,8033D8D8,00000000,00000000,8010D0BC
O,71,11,0101,800ECF24,937,-3867,-1041,00000000,00002000,000018E3,00000000,00000000,00000000,0,3,8033DB38,00000000,00000000,8010D0BC
O,71,12,0101,800ECF5C,-139,-4408,-1056,00000000,00006000,00000000,00000000,00000000,00000000,0,3,8033DD98,00000000,00000000,8010D2E4
O,71,13,0101,800ECF5C,618,3656,148,00000000,00004000,00000000,00000000,00000000,00000000,0,3,8033DFF8,00000000,00000000,8010D410
O,71,14,0101,800ECF5C,963,3297,608,00000000,FFFFC000,00000000,00000000,00000000,00000000,0,3,8033E258,00000000,00000000,8010D410
O,71,15,0101,800ECF5C,1306,2939,1069,00000000,00004000,00000000,00000000,00000000,00000000,0,3,8033E4B8,00000000,00000000,8010D410
O,71,16,0101,800ECF5C,-1179,-1453,-792,00000000,FFFFE000,00000000,00000000,00000000,00000000,0,3,8033E718,00000000,00000000,8010D410
O,71,17,0101,800ECF94,174,1248,1790,00000000,FFFF8000,00000000,00000000,00000000,00000000,0,3,8033E978,00000000,00000000,8010D53C
O,71,18,0101,800ECF94,-1144.22327,1490,-1386.22327,00000000,00002000,00000000,00000000,00000000,00000000,0,3,8033EBD8,00000000,00000000,8010D53C
O,71,19,0101,800ECF94,-899.223328,1730,-1631.22327,00000000,00002000,00000000,00000000,00000000,00000000,0,3,8033EE38,00000000,00000000,8010D53C
O,71,20,0101,800ECF94,-1142.22327,1970,-1387.22327,00000000,00002000,00000000,00000000,00000000,00000000,0,3,8033F098,00000000,00000000,8010D53C
O,71,21,0101,800ECF94,-517,3175,1790,00000000,FFFF8000,00000000,00000000,00000000,00000000,0,3,8033F2F8,00000000,00000000,8010D53C
O,71,22,0101,800ECF94,-170,1248,1790,00000000,FFFF8000,00000000,00000000,00000000,00000000,0,3,8033F558,00000000,00000000,8010D53C
O,71,23,0101,800ECF94,-515,1248,1790,00000000,FFFF8000,00000000,00000000,00000000,00000000,0,3,8033F7B8,00000000,00000000,8010D53C
O,71,24,0101,800ECF94,-175,-1351,-1789,00000000,00000000,00000000,00000000,00000000,00000000,0,3,8033FA18,00000000,00000000,8010D53C
O,71,25,0101,800ECF94,-515,-2590,1790,00000000,FFFF8000,00000000,00000000,00000000,00000000,0,3,8033FC78,00000000,00000000,8010D53C
O,71,26,0101,800ECF94,518,3175,1790,00000000,FFFF8000,00000000,00000000,00000000,00000000,0,3,8033FED8,00000000,00000000,8010D53C
O,71,27,0101,800ECF94,-171,3175,1790,00000000,FFFF8000,00000000,00000000,00000000,00000000,0,3,80340138,00000000,00000000,8010D53C
O,71,28,0101,800ECF94,174,3175,1790,00000000,FFFF8000,00000000,00000000,00000000,00000000,0,3,80340398,00000000,00000000,8010D53C
O,71,29,0101,800ECFCC,1490,-2088,-873,00000000,00000000,00000000,00000000,00000000,00000000,0,3,803405F8,00000000,00000000,8010D5B4
O,71,30,0101,800ECFCC,-708,-1606,-1589,00000000,00000000,00000000,00000000,00000000,00000000,0,3,80340858,00000000,00000000,8010D5B4
O,71,31,0101,800ECFCC,954,-1627,-1448,00000000,00000000,00000000,00000000,00000000,00000000,0,3,80340AB8,00000000,00000000,8010D5B4
O,71,32,0101,800ECFCC,1215,-1781,-1215,00000000,00000000,00000000,00000000,00000000,00000000,0,3,80340D18,00000000,00000000,8010D5B4
O,71,33,0101,800ECFCC,1052,-1934,-769,00000000,00000000,00000000,00000000,00000000,00000000,0,3,80340F78,00000000,00000000,8010D5B4
O,71,34,0101,800ECFCC,-620,1229,1233,00000000,FFFFA000,00000000,00000000,00000000,00000000,0,3,803411D8,00000000,00000000,8010D680
O,71,35,0101,800ECFCC,1050,-19,-1037,00000000,FFFFE000,00000000,00000000,00000000,00000000,0,3,80341438,00000000,00000000,8010D680
O,71,36,0101,800ECFF8,-1100,259,-1030,00000000,FFFFE000,00000000,00000000,00000000,00000000,0,1,80341698,00000000,00000000,8010D784
O,71,37,0101,800ED064,0,6011,0,00000000,FFFFA000,00000000,00000000,00000000,00000000,0,3,803418F8,00000000,00000000,8010D910
O,71,38,0101,800ED064,0,-2487,0,00000000,00002000,00000000,00000000,00000000,00000000,0,3,80341B58,00000000,00000000,8010D910
O,71,39,0101,800ED090,1102,-3619,1682,00000000,00006000,00000000,00000000,00000000,00000000,0,3,80341DB8,00000000,00000000,8010DA00
O,71,40,0101,800ED090,424,-3312,1959,00000000,00004000,00000000,00000000,00000000,00000000,0,3,80342018,00000000,00000000,8010DA00
O,71,41,0101,800ED090,1102,-3004,1682,00000000,00006000,00000000,00000000,00000000,00000000,0,3,80342278,00000000,00000000,8010DA00
O,71,42,0101,800ED090,1584,-2697,1200,00000000,00006000,00000000,00000000,00000000,00000000,0,3,803424D8,00000000,00000000,8010DA00
O,71,43,0101,800ED090,1582,-3619,1203,00000000,00006000,00000000,00000000,00000000,00000000,0,3,80342738,00000000,00000000,8010DA00
O,71,44,0101,800ED090,-762,4347,1047,00000000,00006000,00000000,00000000,00000000,00000000,0,3,80342998,00000000,00000000,8010DA00
O,71,45,0101,800ED090,424,-3926,1959,00000000,00004000,00000000,00000000,00000000,00000000,0,3,80342BF8,00000000,00000000,8010DA00
O,71,46,0101,800ED090,1102,-4233,1682,00000000,00006000,00000000,00000000,00000000,00000000,0,3,80342E58,00000000,00000000,8010DA00
O,71,47,0101,800ED090,1102,-4848,1682,00000000,00006000,00000000,00000000,00000000,00000000,0,3,803430B8,00000000,00000000,8010DA00
O,71,48,0101,800ED090,424,-4540,1959,00000000,00004000,00000000,00000000,00000000,00000000,0,3,80343318,00000000,00000000,8010DA00
O,71,49,0101,800ED090,-1037,4244,772,00000000,FFFFE000,00000000,00000000,00000000,00000000,0,3,80343578,00000000,00000000,8010DA00
O,71,50,0101,800ED090,1828,3835,-50,00000000,00000000,00000000,00000000,00000000,00000000,0,3,803437D8,00000000,00000000,8010DA00
O,71,51,0101,800ED090,1459,3835,-357,00000000,00000000,00000000,00000000,00000000,00000000,0,3,80343A38,00000000,00000000,8010DA00
O,71,52,0101,800ED090,1091,3835,-665,00000000,00000000,00000000,00000000,00000000,00000000,0,3,80343C98,00000000,00000000,8010DA00
O,71,53,0101,800ED064,1580,-4854,-825,00000000,00000000,00000000,00000000,00000000,00000000,0,3,80343EF8,00000000,00000000,8010D910
O,71,54,0101,800ED064,-1692,1022,-1157,00000000,00000000,00000000,00000000,00000000,00000000,0,3,80344158,00000000,00000000,8010D910
O,71,55,0101,800ED064,2098,7007,2243,00000000,00000000,00000000,00000000,00000000,00000000,0,3,803443B8,00000000,00000000,8010D910
O,71,56,0101,800ED064,1801,-4843,-731,00000000,00000000,00000000,00000000,00000000,00000000,0,3,80344618,00000000,00000000,8010D910
O,71,57,0101,800ED064,-1477,1044,-1088,00000000,00000000,00000000,00000000,00000000,00000000,0,3,80344878,00000000,00000000,8010D910
O,71,58,0101,800ED064,2268,7030,2227,00000000,00000000,00000000,00000000,00000000,00000000,0,3,80344AD8,00000000,00000000,8010D910
O,71,59,0101,800EC1AC,800,-4400,1900,00000000,00000000,00000000,00000000,00000000,00000000,0,3,8034C658,00000000,00000000,00000000
O,71,60,0101,800EC1AC,800,-3700,1900,00000000,00000000,00000000,00000000,00000000,00000000,0,3,8034C658,00000000,00000000,00000000
O,71,61,0101,800EC1AC,800,-3000,1900,00000000,00000000,00000000,00000000,00000000,00000000,0,3,8034C658,00000000,00000000,00000000
O,71,62,0101,800EC1AC,1780,-3300,1000,00000000,00000000,00000000,00000000,00000000,00000000,0,3,8034C658,00000000,00000000,00000000
O,71,63,0101,800EC1AC,1388,-3300,1428,00000000,00000000,00000000,00000000,00000000,00000000,0,3,8034C658,00000000,00000000,00000000
O,71,64,0101,800EC1AC,200,-3000,2000,00000000,00000000,00000000,00000000,00000000,00000000,0,3,8034C658,00000000,00000000,00000000
O,71,65,0101,800EC1AC,200,-3700,2000,00000000,00000000,00000000,00000000,00000000,00000000,0,3,8034C658,00000000,00000000,00000000
O,71,66,0101,800EC1AC,200,-4400,2000,00000000,00000000,00000000,00000000,00000000,00000000,0,3,8034C658,00000000,00000000,00000000
O,71,67,0101,800EC4A4,-1080,90,1575,00000000,00000000,00000000,00000000,00000000,00000000,0,3,80346038,00000000,00000000,00000000
O,71,68,0101,800ED028,-1179,445,1413,00000000,00002000,00000000,00000000,00000000,00000000,0,3,80346298,00000000,00000000,8010D88C
O,71,69,0101,800ED028,-1524,-1454,1129,00000000,FFFFE000,00000000,00000000,00000000,00000000,0,3,803464F8,00000000,00000000,8010D88C
O,71,70,0103,800EB688,-825.769165,-672.686768,1707.3186,00000000,00005A01,00000000,00000000,00000000,00000000,2,2,80346758,00000000,00000000,00000000
O,71,71,0101,800EA888,-1203,-19,-170,00000000,00002000,00000000,00000000,00000000,00000000,0,3,803469B8,00000000,00000000,80125088
O,71,72,0101,800EA8A8,0,20,-1400,00000000,00000000,00000000,00000000,00000000,00000000,1,2,80346C18,00000000,00000000,00000000
O,71,73,0101,800EA8A8,-250,20,-1700,00000000,00000000,00000000,00000000,00000000,00000000,1,2,80346E78,00000000,00000000,00000000
O,71,74,0101,800EA8A8,250,20,-1700,00000000,00000000,00000000,00000000,00000000,00000000,1,2,803470D8,00000000,00000000,00000000
O,71,75,0101,800EA8A8,0,20,-2000,00000000,00000000,00000000,00000000,00000000,00000000,1,2,80347338,00000000,00000000,00000000
O,71,76,0101,800EA8A8,500,20,-2000,00000000,00000000,00000000,00000000,00000000,00000000,1,2,80347598,00000000,00000000,00000000
O,71,77,0101,800EA8A8,-500,20,-2000,00000000,00000000,00000000,00000000,00000000,00000000,1,2,803477F8,00000000,00000000,00000000
O,71,78,0103,800E9868,880,-19,1160,00000000,00000000,00000000,00000000,00000000,00000000,0,3,80347A58,8034DE18,00000000,00000000
O,71,79,0101,800ED48C,800,-2460,160,00000000,00000000,00000000,00000000,00000000,00000000,0,3,80347CB8,00000000,00000000,00000000
O,71,80,0103,800E8C0C,-1120,-820,1320,00000000,00002000,00000000,00000000,00000000,00000000,0,3,80347F18,00000000,00000000,00000000
O,71,81,0103,800ED48C,-571,6020,-1414,00000000,00000000,00000000,00000000,00000000,00000000,0,3,80348178,00000000,00000000,00000000
O,71,82,0103,800ED1F8,620,-5150,1540,00000000,000004B0,00000000,00000000,00000190,00000000,0,3,803483D8,00000000,00000000,00000000
O,71,83,0101,800EC424,-520,1351,1919,00000000,00000000,00000000,00000000,00000000,00000000,0,3,80348638,00000000,00000000,00000000
O,71,84,0101,800EC424,-165,1351,1919,00000000,00000000,00000000,00000000,00000000,00000000,0,3,80348898,00000000,00000000,00000000
O,71,85,0101,800EC424,182,1351,1919,00000000,00000000,00000000,00000000,00000000,00000000,0,3,80348AF8,00000000,00000000,00000000
O,71,86,0101,800EC3EC,657,1368,1879,00000000,00000000,00000000,00000000,00000000,00000000,0,3,80348D58,00000000,00000000,00000000
O,71,87,0103,800EB688,-747.657471,-2322.68677,-996.19043,00000000,0000CA86,00000000,00000000,00000000,00000000,2,2,80348FB8,00000000,00000000,00000000
O,71,88,0101,800EA570,1883,4150,550,00000000,00000000,00000000,00000000,00000000,00000000,2,2,80349218,00000000,00000000,8014A168
O,71,89,0103,800ED1F8,-1333,350,1116,00000000,000004B0,00000000,00000000,00000190,00000000,0,3,80349478,00000000,00000000,00000000
O,71,90,0101,800EA570,-1101,6316,-685,00000000,00002000,00000000,00000000,00000000,00000000,2,2,803496D8,00000000,00000000,8014A168
O,71,91,0101,800EB474,1076.62585,-4822,649.990173,00000000,FFFFFC3F,00000000,00000000,00000000,00000000,0,3,80349938,00000000,00000000,00000000
O,71,92,0101,800EB474,1682.62585,-4822,200.990219,00000000,FFFFFC3F,00000000,00000000,00000000,00000000,0,3,80349B98,00000000,00000000,00000000
O,71,93,0101,800EA8A8,0,20,-1700,00000000,00000000,00000000,00000000,00000000,00000000,1,2,80349DF8,00000000,00000000,00000000
O,71,94,0101,800ECFCC,-1020,1229,537,00000000,00000000,00000000,00000000,00000000,00000000,0,3,8034A058,00000000,00000000,8010D5B4
O,71,95,0101,800EA570,2350,5600,2350,00000000,00002000,00000000,00000000,00000000,00000000,2,2,8034A2B8,00000000,00000000,8014A168
O,71,96,0101,800EA570,0,4783,0,00000000,00000000,00000000,00000000,00000000,00000000,2,2,8034A518,00000000,00000000,8014A168
O,71,97,0101,800EA570,-1140,-3720,-1620,00000000,00002000,00000000,00000000,00000000,00000000,2,2,8034A778,00000000,00000000,8014A168
O,71,98,0101,800EA570,840,-2200,860,00000000,00002000,00000000,00000000,00000000,00000000,2,2,8034A9D8,00000000,00000000,8014A168
O,71,99,0103,800E8C3C,-770,-3800,-440,00000000,00000000,00000000,00000000,00000000,00000000,0,3,8034AC38,00000000,00000000,00000000
O,71,100,0103,800E8C3C,-770,-3700,-440,00000000,00000000,00000000,00000000,00000000,00000000,0,3,8034AE98,00000000,00000000,00000000
O,71,101,0101,800EA570,280,-4920,1660,00000000,00000000,00000000,00000000,00000000,00000000,2,2,8034B0F8,00000000,00000000,8014A168
O,71,102,0101,800EA570,1240,300,840,00000000,00002000,00000000,00000000,00000000,00000000,2,2,8034B358,00000000,00000000,8014A168
O,71,103,0101,800EA570,520,300,1500,00000000,00002000,00000000,00000000,00000000,00000000,2,2,8034B5B8,00000000,00000000,8014A168
O,71,104,0101,800EA570,-400,3600,1880,00000000,00000000,00000000,00000000,00000000,00000000,2,2,8034B818,00000000,00000000,8014A168
O,71,105,0101,800EA570,-40,4160,-1280,00000000,00000000,00000000,00000000,00000000,00000000,2,2,8034BA78,00000000,00000000,8014A168
O,71,106,0101,800EA570,-1160,2920,-840,00000000,00002000,00000000,00000000,00000000,00000000,2,2,8034BCD8,00000000,00000000,8014A168
O,71,107,0101,800EA570,-780,6316,-1020,00000000,00002000,00000000,00000000,00000000,00000000,2,2,8034BF38,00000000,00000000,8014A168
O,71,108,0101,800ECF5C,1313,6190,1313,00000000,00002000,00000000,00000000,00000000,00000000,0,3,8034C198,00000000,00000000,8010D2E4
O,71,109,0101,800ECF5C,1851,-2488,-98,00000000,00000000,00000000,00000000,00000000,00000000,0,3,8034C3F8,00000000,00000000,8010D410
O,71,110,0101,800EC18C,1815,-3200,800,00000000,00000000,00000000,00000000,00000000,00000000,0,3,8034C658,00000000,00000000,00000000
O,71,111,0101,800EC13C,-1050,2400,-790,00000000,00001800,00000000,00000000,00000000,00000000,0,3,8034C8B8,00000000,00000000,00000000
O,71,112,0101,800EC13C,2200,7300,2210,00000000,00001800,00000000,00000000,00000000,00000000,0,3,8034CB18,00000000,00000000,00000000
O,71,113,0101,800EC13C,-1300,-2250,-1300,00000000,00001800,00000000,00000000,00000000,00000000,0,3,8034CD78,00000000,00000000,00000000
O,71,114,0101,800EC13C,-1850,300,-950,00000000,00001800,00000000,00000000,00000000,00000000,0,3,8034CFD8,00000000,00000000,00000000
O,71,115,0101,800EC13C,-1450,-1130,-1050,00000000,00001800,00000000,00000000,00000000,00000000,0,3,8034D238,00000000,00000000,00000000
O,71,116,0101,800E8EAC,1919,6222,1919,00000000,FFFFA000,00000000,00000000,00000000,00000000,0,3,8034D498,00000000,00000000,8011A38C
O,71,117,0101,800E8464,-1080,-840,1573,00000000,00000000,00000000,00000000,00000000,00000000,0,3,8034D6F8,00000000,00000000,00000000
O,71,118,0101,800EB274,1417,-3822,-548,00000000,FFFFE0B6,00000000,00000000,00000000,00000000,0,3,8034D958,00000000,00000000,00000000
O,71,119,0101,800EB1C0,1412.82959,-3834,-543.686035,00000000,FFFFE0B6,00000000,00000000,00000000,00000000,0,3,8034DBB8,00000000,00000000,00000000
O,71,120,0101,800E98C4,880,-19,1160,00000000,00000000,00000000,00000000,00000000,00000000,0,3,80347A58,00000000,00000000,00000000
O,71,121,0101,800ED86C,1815,-4762,800,00004000,00000300,00000000,00000000,00000000,00000000,0,3,8034C658,00000000,00000000,00000000
M,72,21,104968,3,00001924,0C400201,0,0,00000000,1411.43945,-3846,-542.248047,-1.39015019,-16,1.4378742,2,-8010,-4822,5243,00000000,80161C20,801693C0,8034D958,00000000,8034D958,00000000,8034DBB8,00000000,00000000,-1
O,72,0,0101,800ECEF0,-1032,-3291,1070,00000000,00002000,00000000,00000000,00000000,00000000,0,4,8033C118,00000000,00000000,8010CFA0
O,72,1,0101,800ECEF0,-1881,1767,-446,00000000,00004000,00000000,00000000,00000000,00000000,0,4,8033C378,00000000,00000000,8010CFA0
O,72,2,0101,800ECEF0,-1870,2068,362,00000000,00004000,00000000,00000000,00000000,00000000,0,4,8033C5D8,00000000,00000000,8010CFA0
O,72,3,0101,800ECEF0,-770,-4361,-423,00000000,FFFFA000,00000000,00000000,00000000,00000000,0,4,8033C838,00000000,00000000,8010CFA0
O,72,4,0101,800ECEF0,-1314,-3691,788,00000000,00006000,00000000,00000000,00000000,00000000,0,4,8033CA98,00000000,00000000,8010CFA0
O,72,5,0101,800ECEF0,-1314,-2892,1353,00000000,00006000,00000000,00000000,00000000,00000000,0,4,8033CCF8,00000000,00000000,8010CFA0
O,72,6,0101,800ECEF0,780,5767,-1027,00000000,FFFFE000,00000000,00000000,00000000,00000000,0,4,8033CF58,00000000,00000000,8010D038
O,72,7,0101,800ECEF0,1063,5562,-744,00000000,FFFFE000,00000000,00000000,00000000,00000000,0,4,8033D1B8,00000000,00000000,8010D038
O,72,8,0101,800ECF24,-1350,748,-1208,00000000,00002000,000018E3,00000000,00000000,00000000,0,4,8033D418,00000000,00000000,8010D0BC
O,72,9,0101,800ECF24,-690,901,-910,00000000,00002000,000018E3,00000000,00000000,00000000,0,4,8033D678,00000000,00000000,8010D0BC
O,72,10,0101,800ECF24,-1389,-3030,-1028,00000000,00002000,000018E3,00000000,00000000,00000000,0,4,8033D8D8,00000000,00000000,8010D0BC
O,72,11,0101,800ECF24,937,-3867,-1041,00000000,00002000,000018E3,00000000,00000000,00000000,0,4,8033DB38,00000000,00000000,8010D0BC
O,72,12,0101,800ECF5C,-139,-4408,-1056,00000000,00006000,00000000,00000000,00000000,00000000,0,4,8033DD98,00000000,00000000,8010D2E4
O,72,13,0101,800ECF5C,618,3656,148,00000000,00004000,00000000,00000000,00000000,00000000,0,4,8033DFF8,00000000,00000000,8010D410
O,72,14,0101,800ECF5C,963,3297,608,00000000,FFFFC000,00000000,00000000,00000000,00000000,0,4,8033E258,00000000,00000000,8010D410
O,72,15,0101,800ECF5C,1306,2939,1069,00000000,00004000,00000000,00000000,00000000,00000000,0,4,8033E4B8,00000000,00000000,8010D410
O,72,16,0101,800ECF5C,-1179,-1453,-792,00000000,FFFFE000,00000000,00000000,00000000,00000000,0,4,8033E718,00000000,00000000,8010D410
O,72,17,0101,800ECF94,174,1248,1790,00000000,FFFF8000,00000000,00000000,00000000,00000000,0,4,8033E978,00000000,00000000,8010D53C
O,72,18,0101,800ECF94,-1144.22327,1490,-1386.22327,00000000,00002000,00000000,00000000,00000000,00000000,0,4,8033EBD8,00000000,00000000,8010D53C
O,72,19,0101,800ECF94,-899.223328,1730,-1631.22327,00000000,00002000,00000000,00000000,00000000,00000000,0,4,8033EE38,00000000,00000000,8010D53C
O,72,20,0101,800ECF94,-1142.22327,1970,-1387.22327,00000000,00002000,00000000,00000000,00000000,00000000,0,4,8033F098,00000000,00000000,8010D53C
O,72,21,0101,800ECF94,-517,3175,1790,00000000,FFFF8000,00000000,00000000,00000000,00000000,0,4,8033F2F8,00000000,00000000,8010D53C
O,72,22,0101,800ECF94,-170,1248,1790,00000000,FFFF8000,00000000,00000000,00000000,00000000,0,4,8033F558,00000000,00000000,8010D53C
O,72,23,0101,800ECF94,-515,1248,1790,00000000,FFFF8000,00000000,00000000,00000000,00000000,0,4,8033F7B8,00000000,00000000,8010D53C
O,72,24,0101,800ECF94,-175,-1351,-1789,00000000,00000000,00000000,00000000,00000000,00000000,0,4,8033FA18,00000000,00000000,8010D53C
O,72,25,0101,800ECF94,-515,-2590,1790,00000000,FFFF8000,00000000,00000000,00000000,00000000,0,4,8033FC78,00000000,00000000,8010D53C
O,72,26,0101,800ECF94,518,3175,1790,00000000,FFFF8000,00000000,00000000,00000000,00000000,0,4,8033FED8,00000000,00000000,8010D53C
O,72,27,0101,800ECF94,-171,3175,1790,00000000,FFFF8000,00000000,00000000,00000000,00000000,0,4,80340138,00000000,00000000,8010D53C
O,72,28,0101,800ECF94,174,3175,1790,00000000,FFFF8000,00000000,00000000,00000000,00000000,0,4,80340398,00000000,00000000,8010D53C
O,72,29,0101,800ECFCC,1490,-2088,-873,00000000,00000000,00000000,00000000,00000000,00000000,0,4,803405F8,00000000,00000000,8010D5B4
O,72,30,0101,800ECFCC,-708,-1606,-1589,00000000,00000000,00000000,00000000,00000000,00000000,0,4,80340858,00000000,00000000,8010D5B4
O,72,31,0101,800ECFCC,954,-1627,-1448,00000000,00000000,00000000,00000000,00000000,00000000,0,4,80340AB8,00000000,00000000,8010D5B4
O,72,32,0101,800ECFCC,1215,-1781,-1215,00000000,00000000,00000000,00000000,00000000,00000000,0,4,80340D18,00000000,00000000,8010D5B4
O,72,33,0101,800ECFCC,1052,-1934,-769,00000000,00000000,00000000,00000000,00000000,00000000,0,4,80340F78,00000000,00000000,8010D5B4
O,72,34,0101,800ECFCC,-620,1229,1233,00000000,FFFFA000,00000000,00000000,00000000,00000000,0,4,803411D8,00000000,00000000,8010D680
O,72,35,0101,800ECFCC,1050,-19,-1037,00000000,FFFFE000,00000000,00000000,00000000,00000000,0,4,80341438,00000000,00000000,8010D680
O,72,36,0101,800ECFF8,-1100,259,-1030,00000000,FFFFE000,00000000,00000000,00000000,00000000,0,1,80341698,00000000,00000000,8010D784
O,72,37,0101,800ED064,0,6011,0,00000000,FFFFA000,00000000,00000000,00000000,00000000,0,4,803418F8,00000000,00000000,8010D910
O,72,38,0101,800ED064,0,-2487,0,00000000,00002000,00000000,00000000,00000000,00000000,0,4,80341B58,00000000,00000000,8010D910
O,72,39,0101,800ED090,1102,-3619,1682,00000000,00006000,00000000,00000000,00000000,00000000,0,4,80341DB8,00000000,00000000,8010DA00
O,72,40,0101,800ED090,424,-3312,1959,00000000,00004000,00000000,00000000,00000000,00000000,0,4,80342018,00000000,00000000,8010DA00
O,72,41,0101,800ED090,1102,-3004,1682,00000000,00006000,00000000,00000000,00000000,00000000,0,4,80342278,00000000,00000000,8010DA00
O,72,42,0101,800ED090,1584,-2697,1200,00000000,00006000,00000000,00000000,00000000,00000000,0,4,803424D8,00000000,00000000,8010DA00
O,72,43,0101,800ED090,1582,-3619,1203,00000000,00006000,00000000,00000000,00000000,00000000,0,4,80342738,00000000,00000000,8010DA00
O,72,44,0101,800ED090,-762,4347,1047,00000000,00006000,00000000,00000000,00000000,00000000,0,4,80342998,00000000,00000000,8010DA00
O,72,45,0101,800ED090,424,-3926,1959,00000000,00004000,00000000,00000000,00000000,00000000,0,4,80342BF8,00000000,00000000,8010DA00
O,72,46,0101,800ED090,1102,-4233,1682,00000000,00006000,00000000,00000000,00000000,00000000,0,4,80342E58,00000000,00000000,8010DA00
O,72,47,0101,800ED090,1102,-4848,1682,00000000,00006000,00000000,00000000,00000000,00000000,0,4,803430B8,00000000,00000000,8010DA00
O,72,48,0101,800ED090,424,-4540,1959,00000000,00004000,00000000,00000000,00000000,00000000,0,4,80343318,00000000,00000000,8010DA00
O,72,49,0101,800ED090,-1037,4244,772,00000000,FFFFE000,00000000,00000000,00000000,00000000,0,4,80343578,00000000,00000000,8010DA00
O,72,50,0101,800ED090,1828,3835,-50,00000000,00000000,00000000,00000000,00000000,00000000,0,4,803437D8,00000000,00000000,8010DA00
O,72,51,0101,800ED090,1459,3835,-357,00000000,00000000,00000000,00000000,00000000,00000000,0,4,80343A38,00000000,00000000,8010DA00
O,72,52,0101,800ED090,1091,3835,-665,00000000,00000000,00000000,00000000,00000000,00000000,0,4,80343C98,00000000,00000000,8010DA00
O,72,53,0101,800ED064,1580,-4854,-825,00000000,00000000,00000000,00000000,00000000,00000000,0,4,80343EF8,00000000,00000000,8010D910
O,72,54,0101,800ED064,-1692,1022,-1157,00000000,00000000,00000000,00000000,00000000,00000000,0,4,80344158,00000000,00000000,8010D910
O,72,55,0101,800ED064,2098,7007,2243,00000000,00000000,00000000,00000000,00000000,00000000,0,4,803443B8,00000000,00000000,8010D910
O,72,56,0101,800ED064,1801,-4843,-731,00000000,00000000,00000000,00000000,00000000,00000000,0,4,80344618,00000000,00000000,8010D910
O,72,57,0101,800ED064,-1477,1044,-1088,00000000,00000000,00000000,00000000,00000000,00000000,0,4,80344878,00000000,00000000,8010D910
O,72,58,0101,800ED064,2268,7030,2227,00000000,00000000,00000000,00000000,00000000,00000000,0,4,80344AD8,00000000,00000000,8010D910
O,72,59,0101,800EC1AC,800,-4400,1900,00000000,00000000,00000000,00000000,00000000,00000000,0,4,8034C658,00000000,00000000,00000000
O,72,60,0101,800EC1AC,800,-3700,1900,00000000,00000000,00000000,00000000,00000000,00000000,0,4,8034C658,00000000,00000000,00000000
O,72,61,0101,800EC1AC,800,-3000,1900,00000000,00000000,00000000,00000000,00000000,00000000,0,4,8034C658,00000000,00000000,00000000
O,72,62,0101,800EC1AC,1780,-3300,1000,00000000,00000000,00000000,00000000,00000000,00000000,0,4,8034C658,00000000,00000000,00000000
O,72,63,0101,800EC1AC,1388,-3300,1428,00000000,00000000,00000000,00000000,00000000,00000000,0,4,8034C658,00000000,00000000,00000000
O,72,64,0101,800EC1AC,200,-3000,2000,00000000,00000000,00000000,00000000,00000000,00000000,0,4,8034C658,00000000,00000000,00000000
O,72,65,0101,800EC1AC,200,-3700,2000,00000000,00000000,00000000,00000000,00000000,00000000,0,4,8034C658,00000000,00000000,00000000
O,72,66,0101,800EC1AC,200,-4400,2000,00000000,00000000,00000000,00000000,00000000,00000000,0,4,8034C658,00000000,00000000,00000000
O,72,67,0101,800EC4A4,-1080,90,1575,00000000,00000000,00000000,00000000,00000000,00000000,0,4,80346038,00000000,00000000,00000000
O,72,68,0101,800ED028,-1179,445,1413,00000000,00002000,00000000,00000000,00000000,00000000,0,4,80346298,00000000,00000000,8010D88C
O,72,69,0101,800ED028,-1524,-1454,1129,00000000,FFFFE000,00000000,00000000,00000000,00000000,0,4,803464F8,00000000,00000000,8010D88C
O,72,70,0103,800EB688,-801.290222,-675.931213,1690.96228,00000000,00005E01,00000000,00000000,00000000,00000000,2,3,80346758,00000000,00000000,00000000
O,72,71,0101,800EA888,-1203,-19,-170,00000000,00002000,00000000,00000000,00000000,00000000,0,4,803469B8,00000000,00000000,80125088
O,72,72,0101,800EA8A8,0,20,-1400,00000000,00000000,00000000,00000000,00000000,00000000,1,3,80346C18,00000000,00000000,00000000
O,72,73,0101,800EA8A8,-250,20,-1700,00000000,00000000,00000000,00000000,00000000,00000000,1,3,80346E78,00000000,00000000,00000000
O,72,74,0101,800EA8A8,250,20,-1700,00000000,00000000,00000000,00000000,00000000,00000000,1,3,803470D8,00000000,00000000,00000000
O,72,75,0101,800EA8A8,0,20,-2000,00000000,00000000,00000000,00000000,00000000,00000000,1,3,80347338,00000000,00000000,00000000
O,72,76,0101,800EA8A8,500,20,-2000,00000000,00000000,00000000,00000000,00000000,00000000,1,3,80347598,00000000,00000000,00000000
O,72,77,0101,800EA8A8,-500,20,-2000,00000000,00000000,00000000,00000000,00000000,00000000,1,3,803477F8,00000000,00000000,00000000
O,72,78,0103,800E9868,880,-19,1160,00000000,00000000,00000000,00000000,00000000,00000000,0,4,80347A58,8034DE18,00000000,00000000
O,72,79,0101,800ED48C,800,-2460,160,00000000,00000000,00000000,00000000,00000000,00000000,0,4,80347CB8,00000000,00000000,00000000
O,72,80,0103,800E8C0C,-1120,-820,1320,00000000,00002000,00000000,00000000,00000000,00000000,0,4,80347F18,00000000,00000000,00000000
O,72,81,0103,800ED48C,-571,6020,-1414,00000000,00000000,00000000,00000000,00000000,00000000,0,4,80348178,00000000,00000000,00000000
O,72,82,0103,800ED1F8,620,-5150,1540,00000000,00000640,00000000,00000000,00000190,00000000,0,4,803483D8,00000000,00000000,00000000
O,72,83,0101,800EC424,-520,1351,1919,00000000,00000000,00000000,00000000,00000000,00000000,0,4,80348638,00000000,00000000,00000000
O,72,84,0101,800EC424,-165,1351,1919,00000000,00000000,00000000,00000000,00000000,00000000,0,4,80348898,00000000,00000000,00000000
O,72,85,0101,800EC424,182,1351,1919,00000000,00000000,00000000,00000000,00000000,00000000,0,4,80348AF8,00000000,00000000,00000000
O,72,86,0101,800EC3EC,657,1368,1879,00000000,00000000,00000000,00000000,00000000,00000000,0,4,80348D58,00000000,00000000,00000000
O,72,87,0103,800EB688,-776.459717,-2325.93115,-990.092896,00000000,0000CE86,00000000,00000000,00000000,00000000,2,3,80348FB8,00000000,00000000,00000000
O,72,88,0101,800EA570,1883,4150,550,00000000,00000000,00000000,00000000,00000000,00000000,2,3,80349218,00000000,00000000,8014A168
O,72,89,0103,800ED1F8,-1333,350,1116,00000000,00000640,00000000,00000000,00000190,00000000,0,4,80349478,00000000,00000000,00000000
O,72,90,0101,800EA570,-1101,6316,-685,00000000,00002000,00000000,00000000,00000000,00000000,2,3,803496D8,00000000,00000000,8014A168
O,72,91,0101,800EB474,1076.25208,-4822,653.972656,00000000,FFFFFAF1,00000000,00000000,00000000,00000000,0,4,80349938,00000000,00000000,00000000
O,72,92,0101,800EB474,1682.25208,-4822,204.972717,00000000,FFFFFAF1,00000000,00000000,00000000,00000000,0,4,80349B98,00000000,00000000,00000000
O,72,93,0101,800EA8A8,0,20,-1700,00000000,00000000,00000000,00000000,00000000,00000000,1,3,80349DF8,00000000,00000000,00000000
O,72,94,0101,800ECFCC,-1020,1229,537,00000000,00000000,00000000,00000000,00000000,00000000,0,4,8034A058,00000000,00000000,8010D5B4
O,72,95,0101,800EA570,2350,5600,2350,00000000,00002000,00000000,00000000,00000000,00000000,2,3,8034A2B8,00000000,00000000,8014A168
O,72,96,0101,800EA570,0,4783,0,00000000,00000000,00000000,00000000,00000000,00000000,2,3,8034A518,00000000,00000000,8014A168
O,72,97,0101,800EA570,-1140,-3720,-1620,00000000,00002000,00000000,00000000,00000000,00000000,2,3,8034A778,00000000,00000000,8014A168
O,72,98,0101,800EA570,840,-2200,860,00000000,00002000,00000000,00000000,00000000,00000000,2,3,8034A9D8,00000000,00000000,8014A168
O,72,99,0103,800E8C3C,-770,-3800,-440,00000000,00000000,00000000,00000000,00000000,00000000,0,4,8034AC38,00000000,00000000,00000000
O,72,100,0103,800E8C3C,-770,-3700,-440,00000000,00000000,00000000,00000000,00000000,00000000,0,4,8034AE98,00000000,00000000,00000000
O,72,101,0101,800EA570,280,-4920,1660,00000000,00000000,00000000,00000000,00000000,00000000,2,3,8034B0F8,00000000,00000000,8014A168
O,72,102,0101,800EA570,1240,300,840,00000000,00002000,00000000,00000000,00000000,00000000,2,3,8034B358,00000000,00000000,8014A168
O,72,103,0101,800EA570,520,300,1500,00000000,00002000,00000000,00000000,00000000,00000000,2,3,8034B5B8,00000000,00000000,8014A168
O,72,104,0101,800EA570,-400,3600,1880,00000000,00000000,00000000,00000000,00000000,00000000,2,3,8034B818,00000000,00000000,8014A168
O,72,105,0101,800EA570,-40,4160,-1280,00000000,00000000,00000000,00000000,00000000,00000000,2,3,8034BA78,00000000,00000000,8014A168
O,72,106,0101,800EA570,-1160,2920,-840,00000000,00002000,00000000,00000000,00000000,00000000,2,3,8034BCD8,00000000,00000000,8014A168
O,72,107,0101,800EA570,-780,6316,-1020,00000000,00002000,00000000,00000000,00000000,00000000,2,3,8034BF38,00000000,00000000,8014A168
O,72,108,0101,800ECF5C,1313,6190,1313,00000000,00002000,00000000,00000000,00000000,00000000,0,4,8034C198,00000000,00000000,8010D2E4
O,72,109,0101,800ECF5C,1851,-2488,-98,00000000,00000000,00000000,00000000,00000000,00000000,0,4,8034C3F8,00000000,00000000,8010D410
O,72,110,0101,800EC18C,1815,-3200,800,00000000,00000000,00000000,00000000,00000000,00000000,0,4,8034C658,00000000,00000000,00000000
O,72,111,0101,800EC13C,-1050,2400,-790,00000000,00002000,00000000,00000000,00000000,00000000,0,4,8034C8B8,00000000,00000000,00000000
O,72,112,0101,800EC13C,2200,7300,2210,00000000,00002000,00000000,00000000,00000000,00000000,0,4,8034CB18,00000000,00000000,00000000
O,72,113,0101,800EC13C,-1300,-2250,-1300,00000000,00002000,00000000,00000000,00000000,00000000,0,4,8034CD78,00000000,00000000,00000000
O,72,114,0101,800EC13C,-1850,300,-950,00000000,00002000,00000000,00000000,00000000,00000000,0,4,8034CFD8,00000000,00000000,00000000
O,72,115,0101,800EC13C,-1450,-1130,-1050,00000000,00002000,00000000,00000000,00000000,00000000,0,4,8034D238,00000000,00000000,00000000
O,72,116,0101,800E8EAC,1919,6232,1919,00000000,FFFFA000,00000000,00000000,00000000,00000000,0,4,8034D498,00000000,00000000,8011A38C
O,72,117,0101,800E8464,-1080,-840,1573,00000000,00000000,00000000,00000000,00000000,00000000,0,4,8034D6F8,00000000,00000000,00000000
O,72,118,0101,800EB274,1417,-3822,-548,00000000,FFFFE0B6,00000000,00000000,00000000,00000000,0,4,8034D958,00000000,00000000,00000000
O,72,119,0101,800EB1C0,1411.43945,-3846,-542.248047,00000000,FFFFE0B6,00000000,00000000,00000000,00000000,0,4,8034DBB8,00000000,00000000,00000000
O,72,120,0101,800E98C4,880,-19,1160,00000000,00000000,00000000,00000000,00000000,00000000,0,4,80347A58,00000000,00000000,00000000
O,72,121,0101,800ED86C,1815,-4762,800,00004000,00000400,00000000,00000000,00000000,00000000,0,4,8034C658,00000000,00000000,00000000
M,73,21,104968,3,00001924,0C400201,0,0,00000000,1411.43945,-3846,-542.248047,-1.39015019,-16,1.4378742,2,-8010,-4822,5243,00000000,80161C20,801693C0,8034D958,00000000,8034D958,00000000,8034DBB8,00000000,00000000,-1
O,73,0,0101,800ECEF0,-1032,-3291,1070,00000000,00002000,00000000,00000000,00000000,00000000,0,4,8033C118,00000000,00000000,8010CFA0
O,73,1,0101,800ECEF0,-1881,1767,-446,00000000,00004000,00000000,00000000,00000000,00000000,0,4,8033C378,00000000,00000000,8010CFA0
O,73,2,0101,800ECEF0,-1870,2068,362,00000000,00004000,00000000,00000000,00000000,00000000,0,4,8033C5D8,00000000,00000000,8010CFA0
O,73,3,0101,800ECEF0,-770,-4361,-423,00000000,FFFFA000,00000000,00000000,00000000,00000000,0,4,8033C838,00000000,00000000,8010CFA0
O,73,4,0101,800ECEF0,-1314,-3691,788,00000000,00006000,00000000,00000000,00000000,00000000,0,4,8033CA98,00000000,00000000,8010CFA0
O,73,5,0101,800ECEF0,-1314,-2892,1353,00000000,00006000,00000000,00000000,00000000,00000000,0,4,8033CCF8,00000000,00000000,8010CFA0
O,73,6,0101,800ECEF0,780,5767,-1027,00000000,FFFFE000,00000000,00000000,00000000,00000000,0,4,8033CF58,00000000,00000000,8010D038
O,73,7,0101,800ECEF0,1063,5562,-744,00000000,FFFFE000,00000000,00000000,00000000,00000000,0,4,8033D1B8,00000000,00000000,8010D038
O,73,8,0101,800ECF24,-1350,748,-1208,00000000,00002000,000018E3,00000000,00000000,00000000,0,4,8033D418,00000000,00000000,8010D0BC
O,73,9,0101,800ECF24,-690,901,-910,00000000,00002000,000018E3,00000000,00000000,00000000,0,4,8033D678,00000000,00000000,8010D0BC
O,73,10,0101,800ECF24,-1389,-3030,-1028,00000000,00002000,000018E3,00000000,00000000,00000000,0,4,8033D8D8,00000000,00000000,8010D0BC
O,73,11,0101,800ECF24,937,-3867,-1041,00000000,00002000,000018E3,00000000,00000000,00000000,0,4,8033DB38,00000000,00000000,8010D0BC
O,73,12,0101,800ECF5C,-139,-4408,-1056,00000000,00006000,00000000,00000000,00000000,00000000,0,4,8033DD98,00000000,00000000,8010D2E4
O,73,13,0101,800ECF5C,618,3656,148,00000000,00004000,00000000,00000000,00000000,00000000,0,4,8033DFF8,00000000,00000000,8010D410
O,73,14,0101,800ECF5C,963,3297,608,00000000,FFFFC000,00000000,00000000,00000000,00000000,0,4,8033E258,00000000,00000000,8010D410
O,73,15,0101,800ECF5C,1306,2939,1069,00000000,00004000,00000000,00000000,00000000,00000000,0,4,8033E4B8,00000000,00000000,8010D410
O,73,16,0101,800ECF5C,-1179,-1453,-792,00000000,FFFFE000,00000000,00000000,00000000,00000000,0,4,8033E718,00000000,00000000,8010D410
O,73,17,0101,800ECF94,174,1248,1790,00000000,FFFF8000,00000000,00000000,00000000,00000000,0,4,8033E978,00000000,00000000,8010D53C
O,73,18,0101,800ECF94,-1144.22327,1490,-1386.22327,00000000,00002000,00000000,00000000,00000000,00000000,0,4,8033EBD8,00000000,00000000,8010D53C
O,73,19,0101,800ECF94,-899.223328,1730,-1631.22327,00000000,00002000,00000000,00000000,00000000,00000000,0,4,8033EE38,00000000,00000000,8010D53C
O,73,20,0101,800ECF94,-1142.22327,1970,-1387.22327,00000000,00002000,00000000,00000000,00000000,00000000,0,4,8033F098,00000000,00000000,8010D53C
O,73,21,0101,800ECF94,-517,3175,1790,00000000,FFFF8000,00000000,00000000,00000000,00000000,0,4,8033F2F8,00000000,00000000,8010D53C
O,73,22,0101,800ECF94,-170,1248,1790,00000000,FFFF8000,00000000,00000000,00000000,00000000,0,4,8033F558,00000000,00000000,8010D53C
O,73,23,0101,800ECF94,-515,1248,1790,00000000,FFFF8000,00000000,00000000,00000000,00000000,0,4,8033F7B8,00000000,00000000,8010D53C
O,73,24,0101,800ECF94,-175,-1351,-1789,00000000,00000000,00000000,00000000,00000000,00000000,0,4,8033FA18,00000000,00000000,8010D53C
O,73,25,0101,800ECF94,-515,-2590,1790,00000000,FFFF8000,00000000,00000000,00000000,00000000,0,4,8033FC78,00000000,00000000,8010D53C
O,73,26,0101,800ECF94,518,3175,1790,00000000,FFFF8000,00000000,00000000,00000000,00000000,0,4,8033FED8,00000000,00000000,8010D53C
O,73,27,0101,800ECF94,-171,3175,1790,00000000,FFFF8000,00000000,00000000,00000000,00000000,0,4,80340138,00000000,00000000,8010D53C
O,73,28,0101,800ECF94,174,3175,1790,00000000,FFFF8000,00000000,00000000,00000000,00000000,0,4,80340398,00000000,00000000,8010D53C
O,73,29,0101,800ECFCC,1490,-2088,-873,00000000,00000000,00000000,00000000,00000000,00000000,0,4,803405F8,00000000,00000000,8010D5B4
O,73,30,0101,800ECFCC,-708,-1606,-1589,00000000,00000000,00000000,00000000,00000000,00000000,0,4,80340858,00000000,00000000,8010D5B4
O,73,31,0101,800ECFCC,954,-1627,-1448,00000000,00000000,00000000,00000000,00000000,00000000,0,4,80340AB8,00000000,00000000,8010D5B4
O,73,32,0101,800ECFCC,1215,-1781,-1215,00000000,00000000,00000000,00000000,00000000,00000000,0,4,80340D18,00000000,00000000,8010D5B4
O,73,33,0101,800ECFCC,1052,-1934,-769,00000000,00000000,00000000,00000000,00000000,00000000,0,4,80340F78,00000000,00000000,8010D5B4
O,73,34,0101,800ECFCC,-620,1229,1233,00000000,FFFFA000,00000000,00000000,00000000,00000000,0,4,803411D8,00000000,00000000,8010D680
O,73,35,0101,800ECFCC,1050,-19,-1037,00000000,FFFFE000,00000000,00000000,00000000,00000000,0,4,80341438,00000000,00000000,8010D680
O,73,36,0101,800ECFF8,-1100,259,-1030,00000000,FFFFE000,00000000,00000000,00000000,00000000,0,1,80341698,00000000,00000000,8010D784
O,73,37,0101,800ED064,0,6011,0,00000000,FFFFA000,00000000,00000000,00000000,00000000,0,4,803418F8,00000000,00000000,8010D910
O,73,38,0101,800ED064,0,-2487,0,00000000,00002000,00000000,00000000,00000000,00000000,0,4,80341B58,00000000,00000000,8010D910
O,73,39,0101,800ED090,1102,-3619,1682,00000000,00006000,00000000,00000000,00000000,00000000,0,4,80341DB8,00000000,00000000,8010DA00
O,73,40,0101,800ED090,424,-3312,1959,00000000,00004000,00000000,00000000,00000000,00000000,0,4,80342018,00000000,00000000,8010DA00
O,73,41,0101,800ED090,1102,-3004,1682,00000000,00006000,00000000,00000000,00000000,00000000,0,4,80342278,00000000,00000000,8010DA00
O,73,42,0101,800ED090,1584,-2697,1200,00000000,00006000,00000000,00000000,00000000,00000000,0,4,803424D8,00000000,00000000,8010DA00
O,73,43,0101,800ED090,1582,-3619,1203,00000000,00006000,00000000,00000000,00000000,00000000,0,4,80342738,00000000,00000000,8010DA00
O,73,44,0101,800ED090,-762,4347,1047,00000000,00006000,00000000,00000000,00000000,00000000,0,4,80342998,00000000,00000000,8010DA00
O,73,45,0101,800ED090,424,-3926,1959,00000000,00004000,00000000,00000000,00000000,00000000,0,4,80342BF8,00000000,00000000,8010DA00
O,73,46,0101,800ED090,1102,-4233,1682,00000000,00006000,00000000,00000000,00000000,00000000,0,4,80342E58,00000000,00000000,8010DA00
O,73,47,0101,800ED090,1102,-4848,1682,00000000,00006000,00000000,00000000,00000000,00000000,0,4,803430B8,00000000,00000000,8010DA00
O,73,48,0101,800ED090,424,-4540,1959,00000000,00004000,00000000,00000000,00000000,00000000,0,4,80343318,00000000,00000000,8010DA00
O,73,49,0101,800ED090,-1037,4244,772,00000000,FFFFE000,00000000,00000000,00000000,00000000,0,4,80343578,00000000,00000000,8010DA00
O,73,50,0101,800ED090,1828,3835,-50,00000000,00000000,00000000,00000000,00000000,00000000,0,4,803437D8,00000000,00000000,8010DA00
O,73,51,0101,800ED090,1459,3835,-357,00000000,00000000,00000000,00000000,00000000,00000000,0,4,80343A38,00000000,00000000,8010DA00
O,73,52,0101,800ED090,1091,3835,-665,00000000,00000000,00000000,00000000,00000000,00000000,0,4,80343C98,00000000,00000000,8010DA00
O,73,53,0101,800ED064,1580,-4854,-825,00000000,00000000,00000000,00000000,00000000,00000000,0,4,80343EF8,00000000,00000000,8010D910
O,73,54,0101,800ED064,-1692,1022,-1157,00000000,00000000,00000000,00000000,00000000,00000000,0,4,80344158,00000000,00000000,8010D910
O,73,55,0101,800ED064,2098,7007,2243,00000000,00000000,00000000,00000000,00000000,00000000,0,4,803443B8,00000000,00000000,8010D910
O,73,56,0101,800ED064,1801,-4843,-731,00000000,00000000,00000000,00000000,00000000,00000000,0,4,80344618,00000000,00000000,8010D910
O,73,57,0101,800ED064,-1477,1044,-1088,00000000,00000000,00000000,00000000,00000000,00000000,0,4,80344878,00000000,00000000,8010D910
O,73,58,0101,800ED064,2268,7030,2227,00000000,00000000,00000000,00000000,00000000,00000000,0,4,80344AD8,00000000,00000000,8010D910
O,73,59,0101,800EC1AC,800,-4400,1900,00000000,00000000,00000000,00000000,00000000,00000000,0,4,8034C658,00000000,00000000,00000000
O,73,60,0101,800EC1AC,800,-3700,1900,00000000,00000000,00000000,00000000,00000000,00000000,0,4,8034C658,00000000,00000000,00000000
O,73,61,0101,800EC1AC,800,-3000,1900,00000000,00000000,00000000,00000000,00000000,00000000,0,4,8034C658,00000000,00000000,00000000
O,73,62,0101,800EC1AC,1780,-3300,1000,00000000,00000000,00000000,00000000,00000000,00000000,0,4,8034C658,00000000,00000000,00000000
O,73,63,0101,800EC1AC,1388,-3300,1428,00000000,00000000,00000000,00000000,00000000,00000000,0,4,8034C658,00000000,00000000,00000000
O,73,64,0101,800EC1AC,200,-3000,2000,00000000,00000000,00000000,00000000,00000000,00000000,0,4,8034C658,00000000,00000000,00000000
O,73,65,0101,800EC1AC,200,-3700,2000,00000000,00000000,00000000,00000000,00000000,00000000,0,4,8034C658,00000000,00000000,00000000
O,73,66,0101,800EC1AC,200,-4400,2000,00000000,00000000,00000000,00000000,00000000,00000000,0,4,8034C658,00000000,00000000,00000000
O,73,67,0101,800EC4A4,-1080,90,1575,00000000,00000000,00000000,00000000,00000000,00000000,0,4,80346038,00000000,00000000,00000000
O,73,68,0101,800ED028,-1179,445,1413,00000000,00002000,00000000,00000000,00000000,00000000,0,4,80346298,00000000,00000000,8010D88C
O,73,69,0101,800ED028,-1524,-1454,1129,00000000,FFFFE000,00000000,00000000,00000000,00000000,0,4,803464F8,00000000,00000000,8010D88C
O,73,70,0103,800EB688,-801.290222,-675.931213,1690.96228,00000000,00005E01,00000000,00000000,00000000,00000000,2,3,80346758,00000000,00000000,00000000
O,73,71,0101,800EA888,-1203,-19,-170,00000000,00002000,00000000,00000000,00000000,00000000,0,4,803469B8,00000000,00000000,80125088
O,73,72,0101,800EA8A8,0,20,-1400,00000000,00000000,00000000,00000000,00000000,00000000,1,3,80346C18,00000000,00000000,00000000
O,73,73,0101,800EA8A8,-250,20,-1700,00000000,00000000,00000000,00000000,00000000,00000000,1,3,80346E78,00000000,00000000,00000000
O,73,74,0101,800EA8A8,250,20,-1700,00000000,00000000,00000000,00000000,00000000,00000000,1,3,803470D8,00000000,00000000,00000000
O,73,75,0101,800EA8A8,0,20,-2000,00000000,00000000,00000000,00000000,00000000,00000000,1,3,80347338,00000000,00000000,00000000
O,73,76,0101,800EA8A8,500,20,-2000,00000000,00000000,00000000,00000000,00000000,00000000,1,3,80347598,00000000,00000000,00000000
O,73,77,0101,800EA8A8,-500,20,-2000,00000000,00000000,00000000,00000000,00000000,00000000,1,3,803477F8,00000000,00000000,00000000
O,73,78,0103,800E9868,880,-19,1160,00000000,00000000,00000000,00000000,00000000,00000000,0,4,80347A58,8034DE18,00000000,00000000
O,73,79,0101,800ED48C,800,-2460,160,00000000,00000000,00000000,00000000,00000000,00000000,0,4,80347CB8,00000000,00000000,00000000
O,73,80,0103,800E8C0C,-1120,-820,1320,00000000,00002000,00000000,00000000,00000000,00000000,0,4,80347F18,00000000,00000000,00000000
O,73,81,0103,800ED48C,-571,6020,-1414,00000000,00000000,00000000,00000000,00000000,00000000,0,4,80348178,00000000,00000000,00000000
O,73,82,0103,800ED1F8,620,-5150,1540,00000000,00000640,00000000,00000000,00000190,00000000,0,4,803483D8,00000000,00000000,00000000
O,73,83,0101,800EC424,-520,1351,1919,00000000,00000000,00000000,00000000,00000000,00000000,0,4,80348638,00000000,00000000,00000000
O,73,84,0101,800EC424,-165,1351,1919,00000000,00000000,00000000,00000000,00000000,00000000,0,4,80348898,00000000,00000000,00000000
O,73,85,0101,800EC424,182,1351,1919,00000000,00000000,00000000,00000000,00000000,00000000,0,4,80348AF8,00000000,00000000,00000000
O,73,86,0101,800EC3EC,657,1368,1879,00000000,00000000,00000000,00000000,00000000,00000000,0,4,80348D58,00000000,00000000,00000000
O,73,87,0103,800EB688,-776.459717,-2325.93115,-990.092896,00000000,0000CE86,00000000,00000000,00000000,00000000,2,3,80348FB8,00000000,00000000,00000000
O,73,88,0101,800EA570,1883,4150,550,00000000,00000000,00000000,00000000,00000000,00000000,2,3,80349218,00000000,00000000,8014A168
O,73,89,0103,800ED1F8,-1333,350,1116,00000000,00000640,00000000,00000000,00000190,00000000,0,4,80349478,00000000,00000000,00000000
O,73,90,0101,800EA570,-1101,6316,-685,00000000,00002000,00000000,00000000,00000000,00000000,2,3,803496D8,00000000,00000000,8014A168
O,73,91,0101,800EB474,1076.25208,-4822,653.972656,00000000,FFFFFAF1,00000000,00000000,00000000,00000000,0,4,80349938,00000000,00000000,00000000
O,73,92,0101,800EB474,1682.25208,-4822,204.972717,00000000,FFFFFAF1,00000000,00000000,00000000,00000000,0,4,80349B98,00000000,00000000,00000000
O,73,93,0101,800EA8A8,0,20,-1700,00000000,00000000,00000000,00000000,00000000,00000000,1,3,80349DF8,00000000,00000000,00000000
O,73,94,0101,800ECFCC,-1020,1229,537,00000000,00000000,00000000,00000000,00000000,00000000,0,4,8034A058,00000000,00000000,8010D5B4
O,73,95,0101,800EA570,2350,5600,2350,00000000,00002000,00000000,00000000,00000000,00000000,2,3,8034A2B8,00000000,00000000,8014A168
O,73,96,0101,800EA570,0,4783,0,00000000,00000000,00000000,00000000,00000000,00000000,2,3,8034A518,00000000,00000000,8014A168
O,73,97,0101,800EA570,-1140,-3720,-1620,00000000,00002000,00000000,00000000,00000000,00000000,2,3,8034A778,00000000,00000000,8014A168
O,73,98,0101,800EA570,840,-2200,860,00000000,00002000,00000000,00000000,00000000,00000000,2,3,8034A9D8,00000000,00000000,8014A168
O,73,99,0103,800E8C3C,-770,-3800,-440,00000000,00000000,00000000,00000000,00000000,00000000,0,4,8034AC38,00000000,00000000,00000000
O,73,100,0103,800E8C3C,-770,-3700,-440,00000000,00000000,00000000,00000000,00000000,00000000,0,4,8034AE98,00000000,00000000,00000000
O,73,101,0101,800EA570,280,-4920,1660,00000000,00000000,00000000,00000000,00000000,00000000,2,3,8034B0F8,00000000,00000000,8014A168
O,73,102,0101,800EA570,1240,300,840,00000000,00002000,00000000,00000000,00000000,00000000,2,3,8034B358,00000000,00000000,8014A168
O,73,103,0101,800EA570,520,300,1500,00000000,00002000,00000000,00000000,00000000,00000000,2,3,8034B5B8,00000000,00000000,8014A168
O,73,104,0101,800EA570,-400,3600,1880,00000000,00000000,00000000,00000000,00000000,00000000,2,3,8034B818,00000000,00000000,8014A168
O,73,105,0101,800EA570,-40,4160,-1280,00000000,00000000,00000000,00000000,00000000,00000000,2,3,8034BA78,00000000,00000000,8014A168
O,73,106,0101,800EA570,-1160,2920,-840,00000000,00002000,00000000,00000000,00000000,00000000,2,3,8034BCD8,00000000,00000000,8014A168
O,73,107,0101,800EA570,-780,6316,-1020,00000000,00002000,00000000,00000000,00000000,00000000,2,3,8034BF38,00000000,00000000,8014A168
O,73,108,0101,800ECF5C,1313,6190,1313,00000000,00002000,00000000,00000000,00000000,00000000,0,4,8034C198,00000000,00000000,8010D2E4
O,73,109,0101,800ECF5C,1851,-2488,-98,00000000,00000000,00000000,00000000,00000000,00000000,0,4,8034C3F8,00000000,00000000,8010D410
O,73,110,0101,800EC18C,1815,-3200,800,00000000,00000000,00000000,00000000,00000000,00000000,0,4,8034C658,00000000,00000000,00000000
O,73,111,0101,800EC13C,-1050,2400,-790,00000000,00002000,00000000,00000000,00000000,00000000,0,4,8034C8B8,00000000,00000000,00000000
O,73,112,0101,800EC13C,2200,7300,2210,00000000,00002000,00000000,00000000,00000000,00000000,0,4,8034CB18,00000000,00000000,00000000
O,73,113,0101,800EC13C,-1300,-2250,-1300,00000000,00002000,00000000,00000000,00000000,00000000,0,4,8034CD78,00000000,00000000,00000000
O,73,114,0101,800EC13C,-1850,300,-950,00000000,00002000,00000000,00000000,00000000,00000000,0,4,8034CFD8,00000000,00000000,00000000
O,73,115,0101,800EC13C,-1450,-1130,-1050,00000000,00002000,00000000,00000000,00000000,00000000,0,4,8034D238,00000000,00000000,00000000
O,73,116,0101,800E8EAC,1919,6232,1919,00000000,FFFFA000,00000000,00000000,00000000,00000000,0,4,8034D498,00000000,00000000,8011A38C
O,73,117,0101,800E8464,-1080,-840,1573,00000000,00000000,00000000,00000000,00000000,00000000,0,4,8034D6F8,00000000,00000000,00000000
O,73,118,0101,800EB274,1417,-3822,-548,00000000,FFFFE0B6,00000000,00000000,00000000,00000000,0,4,8034D958,00000000,00000000,00000000
O,73,119,0101,800EB1C0,1411.43945,-3846,-542.248047,00000000,FFFFE0B6,00000000,00000000,00000000,00000000,0,4,8034DBB8,00000000,00000000,00000000
O,73,120,0101,800E98C4,880,-19,1160,00000000,00000000,00000000,00000000,00000000,00000000,0,4,80347A58,00000000,00000000,00000000
O,73,121,0101,800ED86C,1815,-4762,800,00004000,00000400,00000000,00000000,00000000,00000000,0,4,8034C658,00000000,00000000,00000000
M,74,22,104969,3,00001924,0C400201,0,0,00000000,1410.04932,-3862,-540.810059,-1.39015019,-20,1.4378742,2,-8010,-4822,5243,00000000,80161C20,801693C0,8034D958,00000000,8034D958,00000000,8034DBB8,00000000,00000000,-1
O,74,0,0101,800ECEF0,-1032,-3291,1070,00000000,00002000,00000000,00000000,00000000,00000000,0,5,8033C118,00000000,00000000,8010CFA0
O,74,1,0101,800ECEF0,-1881,1767,-446,00000000,00004000,00000000,00000000,00000000,00000000,0,5,8033C378,00000000,00000000,8010CFA0
O,74,2,0101,800ECEF0,-1870,2068,362,00000000,00004000,00000000,00000000,00000000,00000000,0,5,8033C5D8,00000000,00000000,8010CFA0
O,74,3,0101,800ECEF0,-770,-4361,-423,00000000,FFFFA000,00000000,00000000,00000000,00000000,0,5,8033C838,00000000,00000000,8010CFA0
O,74,4,0101,800ECEF0,-1314,-3691,788,00000000,00006000,00000000,00000000,00000000,00000000,0,5,8033CA98,00000000,00000000,8010CFA0
O,74,5,0101,800ECEF0,-1314,-2892,1353,00000000,00006000,00000000,00000000,00000000,00000000,0,5,8033CCF8,00000000,00000000,8010CFA0
O,74,6,0101,800ECEF0,780,5767,-1027,00000000,FFFFE000,00000000,00000000,00000000,00000000,0,5,8033CF58,00000000,00000000,8010D038
O,74,7,0101,800ECEF0,1063,5562,-744,00000000,FFFFE000,00000000,00000000,00000000,00000000,0,5,8033D1B8,00000000,00000000,8010D038
O,74,8,0101,800ECF24,-1350,748,-1208,00000000,00002000,000018E3,00000000,00000000,00000000,0,5,8033D418,00000000,00000000,8010D0BC
O,74,9,0101,800ECF24,-690,901,-910,00000000,00002000,000018E3,00000000,00000000,00000000,0,5,8033D678,00000000,00000000,8010D0BC
O,74,10,0101,800ECF24,-1389,-3030,-1028,00000000,00002000,000018E3,00000000,00000000,00000000,0,5,8033D8D8,00000000,00000000,8010D0BC
O,74,11,0101,800ECF24,937,-3867,-1041,00000000,00002000,000018E3,00000000,00000000,00000000,0,5,8033DB38,00000000,00000000,8010D0BC
O,74,12,0101,800ECF5C,-139,-4408,-1056,00000000,00006000,00000000,00000000,00000000,00000000,0,5,8033DD98,00000000,00000000,8010D2E4
O,74,13,0101,800ECF5C,618,3656,148,00000000,00004000,00000000,00000000,00000000,00000000,0,5,8033DFF8,00000000,00000000,8010D410
O,74,14,0101,800ECF5C,963,3297,608,00000000,FFFFC000,00000000,00000000,00000000,00000000,0,5,8033E258,00000000,00000000,8010D410
O,74,15,0101,800ECF5C,1306,2939,1069,00000000,00004000,00000000,00000000,00000000,00000000,0,5,8033E4B8,00000000,00000000,8010D410
O,74,16,0101,800ECF5C,-1179,-1453,-792,00000000,FFFFE000,00000000,00000000,00000000,00000000,0,5,8033E718,00000000,00000000,8010D410
O,74,17,0101,800ECF94,174,1248,1790,00000000,FFFF8000,00000000,00000000,00000000,00000000,0,5,8033E978,00000000,00000000,8010D53C
O,74,18,0101,800ECF94,-1144.22327,1490,-1386.22327,00000000,00002000,00000000,00000000,00000000,00000000,0,5,8033EBD8,00000000,00000000,8010D53C
O,74,19,0101,800ECF94,-899.223328,1730,-1631.22327,00000000,00002000,00000000,00000000,00000000,00000000,0,5,8033EE38,00000000,00000000,8010D53C
O,74,20,0101,800ECF94,-1142.22327,1970,-1387.22327,00000000,00002000,00000000,00000000,00000000,00000000,0,5,8033F098,00000000,00000000,8010D53C
O,74,21,0101,800ECF94,-517,3175,1790,00000000,FFFF8000,00000000,00000000,00000000,00000000,0,5,8033F2F8,00000000,00000000,8010D53C
O,74,22,0101,800ECF94,-170,1248,1790,00000000,FFFF8000,00000000,00000000,00000000,00000000,0,5,8033F558,00000000,00000000,8010D53C
O,74,23,0101,800ECF94,-515,1248,1790,00000000,FFFF8000,00000000,00000000,00000000,00000000,0,5,8033F7B8,00000000,00000000,8010D53C
O,74,24,0101,800ECF94,-175,-1351,-1789,00000000,00000000,00000000,00000000,00000000,00000000,0,5,8033FA18,00000000,00000000,8010D53C
O,74,25,0101,800ECF94,-515,-2590,1790,00000000,FFFF8000,00000000,00000000,00000000,00000000,0,5,8033FC78,00000000,00000000,8010D53C
O,74,26,0101,800ECF94,518,3175,1790,00000000,FFFF8000,00000000,00000000,00000000,00000000,0,5,8033FED8,00000000,00000000,8010D53C
O,74,27,0101,800ECF94,-171,3175,1790,00000000,FFFF8000,00000000,00000000,00000000,00000000,0,5,80340138,00000000,00000000,8010D53C
O,74,28,0101,800ECF94,174,3175,1790,00000000,FFFF8000,00000000,00000000,00000000,00000000,0,5,80340398,00000000,00000000,8010D53C
O,74,29,0101,800ECFCC,1490,-2088,-873,00000000,00000000,00000000,00000000,00000000,00000000,0,5,803405F8,00000000,00000000,8010D5B4
O,74,30,0101,800ECFCC,-708,-1606,-1589,00000000,00000000,00000000,00000000,00000000,00000000,0,5,80340858,00000000,00000000,8010D5B4
O,74,31,0101,800ECFCC,954,-1627,-1448,00000000,00000000,00000000,00000000,00000000,00000000,0,5,80340AB8,00000000,00000000,8010D5B4
O,74,32,0101,800ECFCC,1215,-1781,-1215,00000000,00000000,00000000,00000000,00000000,00000000,0,5,80340D18,00000000,00000000,8010D5B4
O,74,33,0101,800ECFCC,1052,-1934,-769,00000000,00000000,00000000,00000000,00000000,00000000,0,5,80340F78,00000000,00000000,8010D5B4
O,74,34,0101,800ECFCC,-620,1229,1233,00000000,FFFFA000,00000000,00000000,00000000,00000000,0,5,803411D8,00000000,00000000,8010D680
O,74,35,0101,800ECFCC,1050,-19,-1037,00000000,FFFFE000,00000000,00000000,00000000,00000000,0,5,80341438,00000000,00000000,8010D680
O,74,36,0101,800ECFF8,-1100,259,-1030,00000000,FFFFE000,00000000,00000000,00000000,00000000,0,1,80341698,00000000,00000000,8010D784
O,74,37,0101,800ED064,0,6011,0,00000000,FFFFA000,00000000,00000000,00000000,00000000,0,5,803418F8,00000000,00000000,8010D910
O,74,38,0101,800ED064,0,-2487,0,00000000,00002000,00000000,00000000,00000000,00000000,0,5,80341B58,00000000,00000000,8010D910
O,74,39,0101,800ED090,1102,-3619,1682,00000000,00006000,00000000,00000000,00000000,00000000,0,5,80341DB8,00000000,00000000,8010DA00
O,74,40,0101,800ED090,424,-3312,1959,00000000,00004000,00000000,00000000,00000000,00000000,0,5,80342018,00000000,00000000,8010DA00
O,74,41,0101,800ED090,1102,-3004,1682,00000000,00006000,00000000,00000000,00000000,00000000,0,5,80342278,00000000,00000000,8010DA00
O,74,42,0101,800ED090,1584,-2697,1200,00000000,00006000,00000000,00000000,00000000,00000000,0,5,803424D8,00000000,00000000,8010DA00
O,74,43,0101,800ED090,1582,-3619,1203,00000000,00006000,00000000,00000000,00000000,00000000,0,5,80342738,00000000,00000000,8010DA00
O,74,44,0101,800ED090,-762,4347,1047,00000000,00006000,00000000,00000000,00000000,00000000,0,5,80342998,00000000,00000000,8010DA00
O,74,45,0101,800ED090,424,-3926,1959,00000000,00004000,00000000,00000000,00000000,00000000,0,5,80342BF8,00000000,00000000,8010DA00
O,74,46,0101,800ED090,1102,-4233,1682,00000000,00006000,00000000,00000000,00000000,00000000,0,5,80342E58,00000000,00000000,8010DA00
O,74,47,0101,800ED090,1102,-4848,1682,00000000,00006000,00000000,00000000,00000000,00000000,0,5,803430B8,00000000,00000000,8010DA00
O,74,48,0101,800ED090,424,-4540,1959,00000000,00004000,00000000,00000000,00000000,00000000,0,5,80343318,00000000,00000000,8010DA00
O,74,49,0101,800ED090,-1037,4244,772,00000000,FFFFE000,00000000,00000000,00000000,00000000,0,5,80343578,00000000,00000000,8010DA00
O,74,50,0101,800ED090,1828,3835,-50,00000000,00000000,00000000,00000000,00000000,00000000,0,5,803437D8,00000000,00000000,8010DA00
O,74,51,0101,800ED090,1459,3835,-357,00000000,00000000,00000000,00000000,00000000,00000000,0,5,80343A38,00000000,00000000,8010DA00
O,74,52,0101,800ED090,1091,3835,-665,00000000,00000000,00000000,00000000,00000000,00000000,0,5,80343C98,00000000,00000000,8010DA00
O,74,53,0101,800ED064,1580,-4854,-825,00000000,00000000,00000000,00000000,00000000,00000000,0,5,80343EF8,00000000,00000000,8010D910
O,74,54,0101,800ED064,-1692,1022,-1157,00000000,00000000,00000000,00000000,00000000,00000000,0,5,80344158,00000000,00000000,8010D910
O,74,55,0101,800ED064,2098,7007,2243,00000000,00000000,00000000,00000000,00000000,00000000,0,5,803443B8,00000000,00000000,8010D910
O,74,56,0101,800ED064,1801,-4843,-731,00000000,00000000,00000000,00000000,00000000,00000000,0,5,80344618,00000000,00000000,8010D910
O,74,57,0101,800ED064,-1477,1044,-1088,00000000,00000000,00000000,00000000,00000000,00000000,0,5,80344878,00000000,00000000,8010D910
O,74,58,0101,800ED064,2268,7030,2227,00000000,00000000,00000000,00000000,00000000,00000000,0,5,80344AD8,00000000,00000000,8010D910
O,74,59,0101,800EC1AC,800,-4400,1900,00000000,00000000,00000000,00000000,00000000,00000000,0,5,8034C658,00000000,00000000,00000000
O,74,60,0101,800EC1AC,800,-3700,1900,00000000,00000000,00000000,00000000,00000000,00000000,0,5,8034C658,00000000,00000000,00000000
O,74,61,0101,800EC1AC,800,-3000,1900,00000000,00000000,00000000,00000000,00000000,00000000,0,5,8034C658,00000000,00000000,00000000
O,74,62,0101,800EC1AC,1780,-3300,1000,00000000,00000000,00000000,00000000,00000000,00000000,0,5,8034C658,00000000,00000000,00000000
O,74,63,0101,800EC1AC,1388,-3300,1428,00000000,00000000,00000000,00000000,00000000,00000000,0,5,8034C658,00000000,00000000,00000000
O,74,64,0101,800EC1AC,200,-3000,2000,00000000,00000000,00000000,00000000,00000000,00000000,0,5,8034C658,00000000,00000000,00000000
O,74,65,0101,800EC1AC,200,-3700,2000,00000000,00000000,00000000,00000000,00000000,00000000,0,5,8034C658,00000000,00000000,00000000
O,74,66,0101,800EC1AC,200,-4400,2000,00000000,00000000,00000000,00000000,00000000,00000000,0,5,8034C658,00000000,00000000,00000000
O,74,67,0101,800EC4A4,-1080,90,1575,00000000,00000000,00000000,00000000,00000000,00000000,0,5,80346038,00000000,00000000,00000000
O,74,68,0101,800ED028,-1179,445,1413,00000000,00002000,00000000,00000000,00000000,00000000,0,5,80346298,00000000,00000000,8010D88C
O,74,69,0101,800ED028,-1524,-1454,1129,00000000,FFFFE000,00000000,00000000,00000000,00000000,0,5,803464F8,00000000,00000000,8010D88C
O,74,70,0103,800EB688,-778.532288,-680.265808,1672.2854,00000000,00006201,00000000,00000000,00000000,00000000,2,4,80346758,00000000,00000000,00000000
O,74,71,0101,800EA888,-1203,-19,-170,00000000,00002000,00000000,00000000,00000000,00000000,0,5,803469B8,00000000,00000000,80125088
O,74,72,0101,800EA8A8,0,20,-1400,00000000,00000000,00000000,00000000,00000000,00000000,1,4,80346C18,00000000,00000000,00000000
O,74,73,0101,800EA8A8,-250,20,-1700,00000000,00000000,00000000,00000000,00000000,00000000,1,4,80346E78,00000000,00000000,00000000
O,74,74,0101,800EA8A8,250,20,-1700,00000000,00000000,00000000,00000000,00000000,00000000,1,4,803470D8,00000000,00000000,00000000
O,74,75,0101,800EA8A8,0,20,-2000,00000000,00000000,00000000,00000000,00000000,00000000,1,4,80347338,00000000,00000000,00000000
O,74,76,0101,800EA8A8,500,20,-2000,00000000,00000000,00000000,00000000,00000000,00000000,1,4,80347598,00000000,00000000,00000000
O,74,77,0101,800EA8A8,-500,20,-2000,00000000,00000000,00000000,00000000,00000000,00000000,1,4,803477F8,00000000,00000000,00000000
O,74,78,0103,800E9868,880,-19,1160,00000000,00000000,00000000,00000000,00000000,00000000,0,5,80347A58,8034DE18,00000000,00000000
O,74,79,0101,800ED48C,800,-2460,160,00000000,00000000,00000000,00000000,00000000,00000000,0,5,80347CB8,00000000,00000000,00000000
O,74,80,0103,800E8C0C,-1120,-820,1320,00000000,00002000,00000000,00000000,00000000,00000000,0,5,80347F18,00000000,00000000,00000000
O,74,81,0103,800ED48C,-571,6020,-1414,00000000,00000000,00000000,00000000,00000000,00000000,0,5,80348178,00000000,00000000,00000000
O,74,82,0103,800ED1F8,620,-5150,1540,00000000,000007D0,00000000,00000000,00000190,00000000,0,5,803483D8,00000000,00000000,00000000
O,74,83,0101,800EC424,-520,1351,1919,00000000,00000000,00000000,00000000,00000000,00000000,0,5,80348638,00000000,00000000,00000000
O,74,84,0101,800EC424,-165,1351,1919,00000000,00000000,00000000,00000000,00000000,00000000,0,5,80348898,00000000,00000000,00000000
O,74,85,0101,800EC424,182,1351,1919,00000000,00000000,00000000,00000000,00000000,00000000,0,5,80348AF8,00000000,00000000,00000000
O,74,86,0101,800EC3EC,657,1368,1879,00000000,00000000,00000000,00000000,00000000,00000000,0,5,80348D58,00000000,00000000,00000000
O,74,87,0103,800EB688,-804.525635,-2330.26587,-981.20166,00000000,0000D286,00000000,00000000,00000000,00000000,2,4,80348FB8,00000000,00000000,00000000
O,74,88,0101,800EA570,1883,4150,550,00000000,00000000,00000000,00000000,00000000,00000000,2,4,80349218,00000000,00000000,8014A168
O,74,89,0103,800ED1F8,-1333,350,1116,00000000,000007D0,00000000,00000000,00000190,00000000,0,5,80349478,00000000,00000000,00000000
O,74,90,0101,800EA570,-1101,6316,-685,00000000,00002000,00000000,00000000,00000000,00000000,2,4,803496D8,00000000,00000000,8014A168
O,74,91,0101,800EB474,1075.75024,-4822,657.94104,00000000,FFFFF9AF,00000000,00000000,00000000,00000000,0,5,80349938,00000000,00000000,00000000
O,74,92,0101,800EB474,1681.75024,-4822,208.941116,00000000,FFFFF9AF,00000000,00000000,00000000,00000000,0,5,80349B98,00000000,00000000,00000000
O,74,93,0101,800EA8A8,0,20,-1700,00000000,00000000,00000000,00000000,00000000,00000000,1,4,80349DF8,00000000,00000000,00000000
O,74,94,0101,800ECFCC,-1020,1229,537,00000000,00000000,00000000,00000000,00000000,00000000,0,5,8034A058,00000000,00000000,8010D5B4
O,74,95,0101,800EA570,2350,5600,2350,00000000,00002000,00000000,00000000,00000000,00000000,2,4,8034A2B8,00000000,00000000,8014A168
O,74,96,0101,800EA570,0,4783,0,00000000,00000000,00000000,00000000,00000000,00000000,2,4,8034A518,00000000,00000000,8014A168
O,74,97,0101,800EA570,-1140,-3720,-1620,00000000,00002000,00000000,00000000,00000000,00000000,2,4,8034A778,00000000,00000000,8014A168
O,74,98,0101,800EA570,840,-2200,860,00000000,00002000,00000000,00000000,00000000,00000000,2,4,8034A9D8,00000000,00000000,8014A168
O,74,99,0103,800E8C3C,-770,-3800,-440,00000000,00000000,00000000,00000000,00000000,00000000,0,5,8034AC38,00000000,00000000,00000000
O,74,100,0103,800E8C3C,-770,-3700,-440,00000000,00000000,00000000,00000000,00000000,00000000,0,5,8034AE98,00000000,00000000,00000000
O,74,101,0101,800EA570,280,-4920,1660,00000000,00000000,00000000,00000000,00000000,00000000,2,4,8034B0F8,00000000,00000000,8014A168
O,74,102,0101,800EA570,1240,300,840,00000000,00002000,00000000,00000000,00000000,00000000,2,4,8034B358,00000000,00000000,8014A168
O,74,103,0101,800EA570,520,300,1500,00000000,00002000,00000000,00000000,00000000,00000000,2,4,8034B5B8,00000000,00000000,8014A168
O,74,104,0101,800EA570,-400,3600,1880,00000000,00000000,00000000,00000000,00000000,00000000,2,4,8034B818,00000000,00000000,8014A168
O,74,105,0101,800EA570,-40,4160,-1280,00000000,00000000,00000000,00000000,00000000,00000000,2,4,8034BA78,00000000,00000000,8014A168
O,74,106,0101,800EA570,-1160,2920,-840,00000000,00002000,00000000,00000000,00000000,00000000,2,4,8034BCD8,00000000,00000000,8014A168
O,74,107,0101,800EA570,-780,6316,-1020,00000000,00002000,00000000,00000000,00000000,00000000,2,4,8034BF38,00000000,00000000,8014A168
O,74,108,0101,800ECF5C,1313,6190,1313,00000000,00002000,00000000,00000000,00000000,00000000,0,5,8034C198,00000000,00000000,8010D2E4
O,74,109,0101,800ECF5C,1851,-2488,-98,00000000,00000000,00000000,00000000,00000000,00000000,0,5,8034C3F8,00000000,00000000,8010D410
O,74,110,0101,800EC18C,1815,-3200,800,00000000,00000000,00000000,00000000,00000000,00000000,0,5,8034C658,00000000,00000000,00000000
O,74,111,0101,800EC13C,-1050,2400,-790,00000000,00002800,00000000,00000000,00000000,00000000,0,5,8034C8B8,00000000,00000000,00000000
O,74,112,0101,800EC13C,2200,7300,2210,00000000,00002800,00000000,00000000,00000000,00000000,0,5,8034CB18,00000000,00000000,00000000
O,74,113,0101,800EC13C,-1300,-2250,-1300,00000000,00002800,00000000,00000000,00000000,00000000,0,5,8034CD78,00000000,00000000,00000000
O,74,114,0101,800EC13C,-1850,300,-950,00000000,00002800,00000000,00000000,00000000,00000000,0,5,8034CFD8,00000000,00000000,00000000
O,74,115,0101,800EC13C,-1450,-1130,-1050,00000000,00002800,00000000,00000000,00000000,00000000,0,5,8034D238,00000000,00000000,00000000
O,74,116,0101,800E8EAC,1919,6242,1919,00000000,FFFFA000,00000000,00000000,00000000,00000000,0,5,8034D498,00000000,00000000,8011A38C
O,74,117,0101,800E8464,-1080,-840,1573,00000000,00000000,00000000,00000000,00000000,00000000,0,5,8034D6F8,00000000,00000000,00000000
O,74,118,0101,800EB274,1417,-3822,-548,00000000,FFFFE0B6,00000000,00000000,00000000,00000000,0,5,8034D958,00000000,00000000,00000000
O,74,119,0101,800EB1C0,1410.04932,-3862,-540.810059,00000000,FFFFE0B6,00000000,00000000,00000000,00000000,0,5,8034DBB8,00000000,00000000,00000000
O,74,120,0101,800E98C4,880,-19,1160,00000000,00000000,00000000,00000000,00000000,00000000,0,5,80347A58,00000000,00000000,00000000
O,74,121,0101,800ED86C,1815,-4762,800,00004000,00000500,00000000,00000000,00000000,00000000,0,5,8034C658,00000000,00000000,00000000
M,75,22,104969,3,00001924,0C400201,0,0,00000000,1410.04932,-3862,-540.810059,-1.39015019,-20,1.4378742,2,-8010,-4822,5243,00000000,80161C20,801693C0,8034D958,00000000,8034D958,00000000,8034DBB8,00000000,00000000,-1
O,75,0,0101,800ECEF0,-1032,-3291,1070,00000000,00002000,00000000,00000000,00000000,00000000,0,5,8033C118,00000000,00000000,8010CFA0
O,75,1,0101,800ECEF0,-1881,1767,-446,00000000,00004000,00000000,00000000,00000000,00000000,0,5,8033C378,00000000,00000000,8010CFA0
O,75,2,0101,800ECEF0,-1870,2068,362,00000000,00004000,00000000,00000000,00000000,00000000,0,5,8033C5D8,00000000,00000000,8010CFA0
O,75,3,0101,800ECEF0,-770,-4361,-423,00000000,FFFFA000,00000000,00000000,00000000,00000000,0,5,8033C838,00000000,00000000,8010CFA0
O,75,4,0101,800ECEF0,-1314,-3691,788,00000000,00006000,00000000,00000000,00000000,00000000,0,5,8033CA98,00000000,00000000,8010CFA0
O,75,5,0101,800ECEF0,-1314,-2892,1353,00000000,00006000,00000000,00000000,00000000,00000000,0,5,8033CCF8,00000000,00000000,8010CFA0
O,75,6,0101,800ECEF0,780,5767,-1027,00000000,FFFFE000,00000000,00000000,00000000,00000000,0,5,8033CF58,00000000,00000000,8010D038
O,75,7,0101,800ECEF0,1063,5562,-744,00000000,FFFFE000,00000000,00000000,00000000,00000000,0,5,8033D1B8,00000000,00000000,8010D038
O,75,8,0101,800ECF24,-1350,748,-1208,00000000,00002000,000018E3,00000000,00000000,00000000,0,5,8033D418,00000000,00000000,8010D0BC
O,75,9,0101,800ECF24,-690,901,-910,00000000,00002000,000018E3,00000000,00000000,00000000,0,5,8033D678,00000000,00000000,8010D0BC
O,75,10,0101,800ECF24,-1389,-3030,-1028,00000000,00002000,000018E3,00000000,00000000,00000000,0,5,8033D8D8,00000000,00000000,8010D0BC
O,75,11,0101,800ECF24,937,-3867,-1041,00000000,00002000,000018E3,00000000,00000000,00000000,0,5,8033DB38,00000000,00000000,8010D0BC
O,75,12,0101,800ECF5C,-139,-4408,-1056,00000000,00006000,00000000,00000000,00000000,00000000,0,5,8033DD98,00000000,00000000,8010D2E4
O,75,13,0101,800ECF5C,618,3656,148,00000000,00004000,00000000,00000000,00000000,00000000,0,5,8033DFF8,00000000,00000000,8010D410
O,75,14,0101,800ECF5C,963,3297,608,00000000,FFFFC000,00000000,00000000,00000000,00000000,0,5,8033E258,00000000,00000000,8010D410
O,75,15,0101,800ECF5C,1306,2939,1069,00000000,00004000,00000000,00000000,00000000,00000000,0,5,8033E4B8,00000000,00000000,8010D410
O,75,16,0101,800ECF5C,-1179,-1453,-792,00000000,FFFFE000,00000000,00000000,00000000,00000000,0,5,8033E718,00000000,00000000,8010D410
O,75,17,0101,800ECF94,174,1248,1790,00000000,FFFF8000,00000000,00000000,00000000,00000000,0,5,8033E978,00000000,00000000,8010D53C
O,75,18,0101,800ECF94,-1144.22327,1490,-1386.22327,00000000,00002000,00000000,00000000,00000000,00000000,0,5,8033EBD8,00000000,00000000,8010D53C
O,75,19,0101,800ECF94,-899.223328,1730,-1631.22327,00000000,00002000,00000000,00000000,00000000,00000000,0,5,8033EE38,00000000,00000000,8010D53C
O,75,20,0101,800ECF94,-1142.22327,1970,-1387.22327,00000000,00002000,00000000,00000000,00000000,00000000,0,5,8033F098,00000000,00000000,8010D53C
O,75,21,0101,800ECF94,-517,3175,1790,00000000,FFFF8000,00000000,00000000,00000000,00000000,0,5,8033F2F8,00000000,00000000,8010D53C
O,75,22,0101,800ECF94,-170,1248,1790,00000000,FFFF8000,00000000,00000000,00000000,00000000,0,5,8033F558,00000000,00000000,8010D53C
O,75,23,0101,800ECF94,-515,1248,1790,00000000,FFFF8000,00000000,00000000,00000000,00000000,0,5,8033F7B8,00000000,00000000,8010D53C
O,75,24,0101,800ECF94,-175,-1351,-1789,00000000,00000000,00000000,00000000,00000000,00000000,0,5,8033FA18,00000000,00000000,8010D53C
O,75,25,0101,800ECF94,-515,-2590,1790,00000000,FFFF8000,00000000,00000000,00000000,00000000,0,5,8033FC78,00000000,00000000,8010D53C
O,75,26,0101,800ECF94,518,3175,1790,00000000,FFFF8000,00000000,00000000,00000000,00000000,0,5,8033FED8,00000000,00000000,8010D53C
O,75,27,0101,800ECF94,-171,3175,1790,00000000,FFFF8000,00000000,00000000,00000000,00000000,0,5,80340138,00000000,00000000,8010D53C
O,75,28,0101,800ECF94,174,3175,1790,00000000,FFFF8000,00000000,00000000,00000000,00000000,0,5,80340398,00000000,00000000,8010D53C
O,75,29,0101,800ECFCC,1490,-2088,-873,00000000,00000000,00000000,00000000,00000000,00000000,0,5,803405F8,00000000,00000000,8010D5B4
O,75,30,0101,800ECFCC,-708,-1606,-1589,00000000,00000000,00000000,00000000,00000000,00000000,0,5,80340858,00000000,00000000,8010D5B4
O,75,31,0101,800ECFCC,954,-1627,-1448,00000000,00000000,00000000,00000000,00000000,00000000,0,5,80340AB8,00000000,00000000,8010D5B4
O,75,32,0101,800ECFCC,1215,-1781,-1215,00000000,00000000,00000000,00000000,00000000,00000000,0,5,80340D18,00000000,00000000,8010D5B4
O,75,33,0101,800ECFCC,1052,-1934,-769,00000000,00000000,00000000,00000000,00000000,00000000,0,5,80340F78,00000000,00000000,8010D5B4
O,75,34,0101,800ECFCC,-620,1229,1233,00000000,FFFFA000,00000000,00000000,00000000,00000000,0,5,803411D8,00000000,00000000,8010D680
O,75,35,0101,800ECFCC,1050,-19,-1037,00000000,FFFFE000,00000000,00000000,00000000,00000000,0,5,80341438,00000000,00000000,8010D680
O,75,36,0101,800ECFF8,-1100,259,-1030,00000000,FFFFE000,00000000,00000000,00000000,00000000,0,1,80341698,00000000,00000000,8010D784
O,75,37,0101,800ED064,0,6011,0,00000000,FFFFA000,00000000,00000000,00000000,00000000,0,5,803418F8,00000000,00000000,8010D910
O,75,38,0101,800ED064,0,-2487,0,00000000,00002000,00000000,00000000,00000000,00000000,0,5,80341B58,00000000,00000000,8010D910
O,75,39,0101,800ED090,1102,-3619,1682,00000000,00006000,00000000,00000000,00000000,00000000,0,5,80341DB8,00000000,00000000,8010DA00
O,75,40,0101,800ED090,424,-3312,1959,00000000,00004000,00000000,00000000,00000000,00000000,0,5,80342018,00000000,00000000,8010DA00
O,75,41,0101,800ED090,1102,-3004,1682,00000000,00006000,00000000,00000000,00000000,00000000,0,5,80342278,00000000,00000000,8010DA00
O,75,42,0101,800ED090,1584,-2697,1200,00000000,00006000,00000000,00000000,00000000,00000000,0,5,803424D8,00000000,00000000,8010DA00
O,75,43,0101,800ED090,1582,-3619,1203,00000000,00006000,00000000,00000000,00000000,00000000,0,5,80342738,00000000,00000000,8010DA00
O,75,44,0101,800ED090,-762,4347,1047,00000000,00006000,00000000,00000000,00000000,00000000,0,5,80342998,00000000,00000000,8010DA00
O,75,45,0101,800ED090,424,-3926,1959,00000000,00004000,00000000,00000000,00000000,00000000,0,5,80342BF8,00000000,00000000,8010DA00
O,75,46,0101,800ED090,1102,-4233,1682,00000000,00006000,00000000,00000000,00000000,00000000,0,5,80342E58,00000000,00000000,8010DA00
O,75,47,0101,800ED090,1102,-4848,1682,00000000,00006000,00000000,00000000,00000000,00000000,0,5,803430B8,00000000,00000000,8010DA00
O,75,48,0101,800ED090,424,-4540,1959,00000000,00004000,00000000,00000000,00000000,00000000,0,5,80343318,00000000,00000000,8010DA00
O,75,49,0101,800ED090,-1037,4244,772,00000000,FFFFE000,00000000,00000000,00000000,00000000,0,5,80343578,00000000,00000000,8010DA00
O,75,50,0101,800ED090,1828,3835,-50,00000000,00000000,00000000,00000000,00000000,00000000,0,5,803437D8,00000000,00000000,8010DA00
O,75,51,0101,800ED090,1459,3835,-357,00000000,00000000,00000000,00000000,00000000,00000000,0,5,80343A38,00000000,00000000,8010DA00
O,75,52,0101,800ED090,1091,3835,-665,00000000,00000000,00000000,00000000,00000000,00000000,0,5,80343C98,00000000,00000000,8010DA00
O,75,53,0101,800ED064,1580,-4854,-825,00000000,00000000,00000000,00000000,00000000,00000000,0,5,80343EF8,00000000,00000000,8010D910
O,75,54,0101,800ED064,-1692,1022,-1157,00000000,00000000,00000000,00000000,00000000,00000000,0,5,80344158,00000000,00000000,8010D910
O,75,55,0101,800ED064,2098,7007,2243,00000000,00000000,00000000,00000000,00000000,00000000,0,5,803443B8,00000000,00000000,8010D910
O,75,56,0101,800ED064,1801,-4843,-731,00000000,00000000,00000000,00000000,00000000,00000000,0,5,80344618,00000000,00000000,8010D910
O,75,57,0101,800ED064,-1477,1044,-1088,00000000,00000000,00000000,00000000,00000000,00000000,0,5,80344878,00000000,00000000,8010D910
O,75,58,0101,800ED064,2268,7030,2227,00000000,00000000,00000000,00000000,00000000,00000000,0,5,80344AD8,00000000,00000000,8010D910
O,75,59,0101,800EC1AC,800,-4400,1900,00000000,00000000,00000000,00000000,00000000,00000000,0,5,8034C658,00000000,00000000,00000000
O,75,60,0101,800EC1AC,800,-3700,1900,00000000,00000000,00000000,00000000,00000000,00000000,0,5,8034C658,00000000,00000000,00000000
O,75,61,0101,800EC1AC,800,-3000,1900,00000000,00000000,00000000,00000000,00000000,00000000,0,5,8034C658,00000000,00000000,00000000
O,75,62,0101,800EC1AC,1780,-3300,1000,00000000,00000000,00000000,00000000,00000000,00000000,0,5,8034C658,00000000,00000000,00000000
O,75,63,0101,800EC1AC,1388,-3300,1428,00000000,00000000,00000000,00000000,00000000,00000000,0,5,8034C658,00000000,00000000,00000000
O,75,64,0101,800EC1AC,200,-3000,2000,00000000,00000000,00000000,00000000,00000000,00000000,0,5,8034C658,00000000,00000000,00000000
O,75,65,0101,800EC1AC,200,-3700,2000,00000000,00000000,00000000,00000000,00000000,00000000,0,5,8034C658,00000000,00000000,00000000
O,75,66,0101,800EC1AC,200,-4400,2000,00000000,00000000,00000000,00000000,00000000,00000000,0,5,8034C658,00000000,00000000,00000000
O,75,67,0101,800EC4A4,-1080,90,1575,00000000,00000000,00000000,00000000,00000000,00000000,0,5,80346038,00000000,00000000,00000000
O,75,68,0101,800ED028,-1179,445,1413,00000000,00002000,00000000,00000000,00000000,00000000,0,5,80346298,00000000,00000000,8010D88C
O,75,69,0101,800ED028,-1524,-1454,1129,00000000,FFFFE000,00000000,00000000,00000000,00000000,0,5,803464F8,00000000,00000000,8010D88C
O,75,70,0103,800EB688,-778.532288,-680.265808,1672.2854,00000000,00006201,00000000,00000000,00000000,00000000,2,4,80346758,00000000,00000000,00000000
O,75,71,0101,800EA888,-1203,-19,-170,00000000,00002000,00000000,00000000,00000000,00000000,0,5,803469B8,00000000,00000000,80125088
O,75,72,0101,800EA8A8,0,20,-1400,00000000,00000000,00000000,00000000,00000000,00000000,1,4,80346C18,00000000,00000000,00000000
O,75,73,0101,800EA8A8,-250,20,-1700,00000000,00000000,00000000,00000000,00000000,00000000,1,4,80346E78,00000000,00000000,00000000
O,75,74,0101,800EA8A8,250,20,-1700,00000000,00000000,00000000,00000000,00000000,00000000,1,4,803470D8,00000000,00000000,00000000
O,75,75,0101,800EA8A8,0,20,-2000,00000000,00000000,00000000,00000000,00000000,00000000,1,4,80347338,00000000,00000000,00000000
O,75,76,0101,800EA8A8,500,20,-2000,00000000,00000000,00000000,00000000,00000000,00000000,1,4,80347598,00000000,00000000,00000000
O,75,77,0101,800EA8A8,-500,20,-2000,00000000,00000000,00000000,00000000,00000000,00000000,1,4,803477F8,00000000,00000000,00000000
O,75,78,0103,800E9868,880,-19,1160,00000000,00000000,00000000,00000000,00000000,00000000,0,5,80347A58,8034DE18,00000000,00000000
O,75,79,0101,800ED48C,800,-2460,160,00000000,00000000,00000000,00000000,00000000,00000000,0,5,80347CB8,00000000,00000000,00000000
O,75,80,0103,800E8C0C,-1120,-820,1320,00000000,00002000,00000000,00000000,00000000,00000000,0,5,80347F18,00000000,00000000,00000000
O,75,81,0103,800ED48C,-571,6020,-1414,00000000,00000000,00000000,00000000,00000000,00000000,0,5,80348178,00000000,00000000,00000000
O,75,82,0103,800ED1F8,620,-5150,1540,00000000,000007D0,00000000,00000000,00000190,00000000,0,5,803483D8,00000000,00000000,00000000
O,75,83,0101,800EC424,-520,1351,1919,00000000,00000000,00000000,00000000,00000000,00000000,0,5,80348638,00000000,00000000,00000000
O,75,84,0101,800EC424,-165,1351,1919,00000000,00000000,00000000,00000000,00000000,00000000,0,5,80348898,00000000,00000000,00000000
O,75,85,0101,800EC424,182,1351,1919,00000000,00000000,00000000,00000000,00000000,00000000,0,5,80348AF8,00000000,00000000,00000000
O,75,86,0101,800EC3EC,657,1368,1879,00000000,00000000,00000000,00000000,00000000,00000000,0,5,80348D58,00000000,00000000,00000000
O,75,87,0103,800EB688,-804.525635,-2330.26587,-981.20166,00000000,0000D286,00000000,00000000,00000000,00000000,2,4,80348FB8,00000000,00000000,00000000
O,75,88,0101,800EA570,1883,4150,550,00000000,00000000,00000000,00000000,00000000,00000000,2,4,80349218,00000000,00000000,8014A168
O,75,89,0103,800ED1F8,-1333,350,1116,00000000,000007D0,00000000,00000000,00000190,00000000,0,5,80349478,00000000,00000000,00000000
O,75,90,0101,800EA570,-1101,6316,-685,00000000,00002000,00000000,00000000,00000000,00000000,2,4,803496D8,00000000,00000000,8014A168
O,75,91,0101,800EB474,1075.75024,-4822,657.94104,00000000,FFFFF9AF,00000000,00000000,00000000,00000000,0,5,80349938,00000000,00000000,00000000
O,75,92,0101,800EB474,1681.75024,-4822,208.941116,00000000,FFFFF9AF,00000000,00000000,00000000,00000000,0,5,80349B98,00000000,00000000,00000000
O,75,93,0101,800EA8A8,0,20,-1700,00000000,00000000,00000000,00000000,00000000,00000000,1,4,80349DF8,00000000,00000000,00000000
O,75,94,0101,800ECFCC,-1020,1229,537,00000000,00000000,00000000,00000000,00000000,00000000,0,5,8034A058,00000000,00000000,8010D5B4
O,75,95,0101,800EA570,2350,5600,2350,00000000,00002000,00000000,00000000,00000000,00000000,2,4,8034A2B8,00000000,00000000,8014A168
O,75,96,0101,800EA570,0,4783,0,00000000,00000000,00000000,00000000,00000000,00000000,2,4,8034A518,00000000,00000000,8014A168
O,75,97,0101,800EA570,-1140,-3720,-1620,00000000,00002000,00000000,00000000,00000000,00000000,2,4,8034A778,00000000,00000000,8014A168
O,75,98,0101,800EA570,840,-2200,860,00000000,00002000,00000000,00000000,00000000,00000000,2,4,8034A9D8,00000000,00000000,8014A168
O,75,99,0103,800E8C3C,-770,-3800,-440,00000000,00000000,00000000,00000000,00000000,00000000,0,5,8034AC38,00000000,00000000,00000000
O,75,100,0103,800E8C3C,-770,-3700,-440,00000000,00000000,00000000,00000000,00000000,00000000,0,5,8034AE98,00000000,00000000,00000000
O,75,101,0101,800EA570,280,-4920,1660,00000000,00000000,00000000,00000000,00000000,00000000,2,4,8034B0F8,00000000,00000000,8014A168
O,75,102,0101,800EA570,1240,300,840,00000000,00002000,00000000,00000000,00000000,00000000,2,4,8034B358,00000000,00000000,8014A168
O,75,103,0101,800EA570,520,300,1500,00000000,00002000,00000000,00000000,00000000,00000000,2,4,8034B5B8,00000000,00000000,8014A168
O,75,104,0101,800EA570,-400,3600,1880,00000000,00000000,00000000,00000000,00000000,00000000,2,4,8034B818,00000000,00000000,8014A168
O,75,105,0101,800EA570,-40,4160,-1280,00000000,00000000,00000000,00000000,00000000,00000000,2,4,8034BA78,00000000,00000000,8014A168
O,75,106,0101,800EA570,-1160,2920,-840,00000000,00002000,00000000,00000000,00000000,00000000,2,4,8034BCD8,00000000,00000000,8014A168
O,75,107,0101,800EA570,-780,6316,-1020,00000000,00002000,00000000,00000000,00000000,00000000,2,4,8034BF38,00000000,00000000,8014A168
O,75,108,0101,800ECF5C,1313,6190,1313,00000000,00002000,00000000,00000000,00000000,00000000,0,5,8034C198,00000000,00000000,8010D2E4
O,75,109,0101,800ECF5C,1851,-2488,-98,00000000,00000000,00000000,00000000,00000000,00000000,0,5,8034C3F8,00000000,00000000,8010D410
O,75,110,0101,800EC18C,1815,-3200,800,00000000,00000000,00000000,00000000,00000000,00000000,0,5,8034C658,00000000,00000000,00000000
O,75,111,0101,800EC13C,-1050,2400,-790,00000000,00002800,00000000,00000000,00000000,00000000,0,5,8034C8B8,00000000,00000000,00000000
O,75,112,0101,800EC13C,2200,7300,2210,00000000,00002800,00000000,00000000,00000000,00000000,0,5,8034CB18,00000000,00000000,00000000
O,75,113,0101,800EC13C,-1300,-2250,-1300,00000000,00002800,00000000,00000000,00000000,00000000,0,5,8034CD78,00000000,00000000,00000000
O,75,114,0101,800EC13C,-1850,300,-950,00000000,00002800,00000000,00000000,00000000,00000000,0,5,8034CFD8,00000000,00000000,00000000
O,75,115,0101,800EC13C,-1450,-1130,-1050,00000000,00002800,00000000,00000000,00000000,00000000,0,5,8034D238,00000000,00000000,00000000
O,75,116,0101,800E8EAC,1919,6242,1919,00000000,FFFFA000,00000000,00000000,00000000,00000000,0,5,8034D498,00000000,00000000,8011A38C
O,75,117,0101,800E8464,-1080,-840,1573,00000000,00000000,00000000,00000000,00000000,00000000,0,5,8034D6F8,00000000,00000000,00000000
O,75,118,0101,800EB274,1417,-3822,-548,00000000,FFFFE0B6,00000000,00000000,00000000,00000000,0,5,8034D958,00000000,00000000,00000000
O,75,119,0101,800EB1C0,1410.04932,-3862,-540.810059,00000000,FFFFE0B6,00000000,00000000,00000000,00000000,0,5,8034DBB8,00000000,00000000,00000000
O,75,120,0101,800E98C4,880,-19,1160,00000000,00000000,00000000,00000000,00000000,00000000,0,5,80347A58,00000000,00000000,00000000
O,75,121,0101,800ED86C,1815,-4762,800,00004000,00000500,00000000,00000000,00000000,00000000,0,5,8034C658,00000000,00000000,00000000
M,76,23,104970,3,00001924,0C400201,0,0,00000000,1408.65918,-3882,-539.37207,-1.39015019,-24,1.4378742,2,-8010,-4822,5243,00000000,80161C20,801693C0,8034D958,00000000,8034D958,00000000,8034DBB8,00000000,00000000,-1
O,76,0,0101,800ECEF0,-1032,-3291,1070,00000000,00002000,00000000,00000000,00000000,00000000,0,6,8033C118,00000000,00000000,8010CFA0
O,76,1,0101,800ECEF0,-1881,1767,-446,00000000,00004000,00000000,00000000,00000000,00000000,0,6,8033C378,00000000,00000000,8010CFA0
O,76,2,0101,800ECEF0,-1870,2068,362,00000000,00004000,00000000,00000000,00000000,00000000,0,6,8033C5D8,00000000,00000000,8010CFA0
O,76,3,0101,800ECEF0,-770,-4361,-423,00000000,FFFFA000,00000000,00000000,00000000,00000000,0,6,8033C838,00000000,00000000,8010CFA0
O,76,4,0101,800ECEF0,-1314,-3691,788,00000000,00006000,00000000,00000000,00000000,00000000,0,6,8033CA98,00000000,00000000,8010CFA0
O,76,5,0101,800ECEF0,-1314,-2892,1353,00000000,00006000,00000000,00000000,00000000,00000000,0,6,8033CCF8,00000000,00000000,8010CFA0
O,76,6,0101,800ECEF0,780,5767,-1027,00000000,FFFFE000,00000000,00000000,00000000,00000000,0,6,8033CF58,00000000,00000000,8010D038
O,76,7,0101,800ECEF0,1063,5562,-744,00000000,FFFFE000,00000000,00000000,00000000,00000000,0,6,8033D1B8,00000000,00000000,8010D038
O,76,8,0101,800ECF24,-1350,748,-1208,00000000,00002000,000018E3,00000000,00000000,00000000,0,6,8033D418,00000000,00000000,8010D0BC
O,76,9,0101,800ECF24,-690,901,-910,00000000,00002000,000018E3,00000000,00000000,00000000,0,6,8033D678,00000000,00000000,8010D0BC
O,76,10,0101,800ECF24,-1389,-3030,-1028,00000000,00002000,000018E3,00000000,00000000,00000000,0,6,8033D8D8,00000000,00000000,8010D0BC
O,76,11,0101,800ECF24,937,-3867,-1041,00000000,00002000,000018E3,00000000,00000000,00000000,0,6,8033DB38,00000000,00000000,8010D0BC
O,76,12,0101,800ECF5C,-139,-4408,-1056,00000000,00006000,00000000,00000000,00000000,00000000,0,6,8033DD98,00000000,00000000,8010D2E4
O,76,13,0101,800ECF5C,618,3656,148,00000000,00004000,00000000,00000000,00000000,00000000,0,6,8033DFF8,00000000,00000000,8010D410
O,76,14,0101,800ECF5C,963,3297,608,00000000,FFFFC000,00000000,00000000,00000000,00000000,0,6,8033E258,00000000,00000000,8010D410
O,76,15,0101,800ECF5C,1306,2939,1069,00000000,00004000,00000000,00000000,00000000,00000000,0,6,8033E4B8,00000000,00000000,8010D410
O,76,16,0101,800ECF5C,-1179,-1453,-792,00000000,FFFFE000,00000000,00000000,00000000,00000000,0,6,8033E718,00000000,00000000,8010D410
O,76,17,0101,800ECF94,174,1248,1790,00000000,FFFF8000,00000000,00000000,00000000,00000000,0,6,8033E978,00000000,00000000,8010D53C
O,76,18,0101,800ECF94,-1144.22327,1490,-1386.22327,00000000,00002000,00000000,00000000,00000000,00000000,0,6,8033EBD8,00000000,00000000,8010D53C
O,76,19,0101,800ECF94,-899.223328,1730,-1631.22327,00000000,00002000,00000000,00000000,00000000,00000000,0,6,8033EE38,00000000,00000000,8010D53C
O,76,20,0101,800ECF94,-1142.22327,1970,-1387.22327,00000000,00002000,00000000,00000000,00000000,00000000,0,6,8033F098,00000000,00000000,8010D53C
O,76,21,0101,800ECF94,-517,3175,1790,00000000,FFFF8000,00000000,00000000,00000000,00000000,0,6,8033F2F8,00000000,00000000,8010D53C
O,76,22,0101,800ECF94,-170,1248,1790,00000000,FFFF8000,00000000,00000000,00000000,00000000,0,6,8033F558,00000000,00000000,8010D53C
O,76,23,0101,800ECF94,-515,1248,1790,00000000,FFFF8000,00000000,00000000,00000000,00000000,0,6,8033F7B8,00000000,00000000,8010D53C
O,76,24,0101,800ECF94,-175,-1351,-1789,00000000,00000000,00000000,00000000,00000000,00000000,0,6,8033FA18,00000000,00000000,8010D53C
O,76,25,0101,800ECF94,-515,-2590,1790,00000000,FFFF8000,00000000,00000000,00000000,00000000,0,6,8033FC78,00000000,00000000,8010D53C
O,76,26,0101,800ECF94,518,3175,1790,00000000,FFFF8000,00000000,00000000,00000000,00000000,0,6,8033FED8,00000000,00000000,8010D53C
O,76,27,0101,800ECF94,-171,3175,1790,00000000,FFFF8000,00000000,00000000,00000000,00000000,0,6,80340138,00000000,00000000,8010D53C
O,76,28,0101,800ECF94,174,3175,1790,00000000,FFFF8000,00000000,00000000,00000000,00000000,0,6,80340398,00000000,00000000,8010D53C
O,76,29,0101,800ECFCC,1490,-2088,-873,00000000,00000000,00000000,00000000,00000000,00000000,0,6,803405F8,00000000,00000000,8010D5B4
O,76,30,0101,800ECFCC,-708,-1606,-1589,00000000,00000000,00000000,00000000,00000000,00000000,0,6,80340858,00000000,00000000,8010D5B4
O,76,31,0101,800ECFCC,954,-1627,-1448,00000000,00000000,00000000,00000000,00000000,00000000,0,6,80340AB8,00000000,00000000,8010D5B4
O,76,32,0101,800ECFCC,1215,-1781,-1215,00000000,00000000,00000000,00000000,00000000,00000000,0,6,80340D18,00000000,00000000,8010D5B4
O,76,33,0101,800ECFCC,1052,-1934,-769,00000000,00000000,00000000,00000000,00000000,00000000,0,6,80340F78,00000000,00000000,8010D5B4
O,76,34,0101,800ECFCC,-620,1229,1233,00000000,FFFFA000,00000000,00000000,00000000,00000000,0,6,803411D8,00000000,00000000,8010D680
O,76,35,0101,800ECFCC,1050,-19,-1037,00000000,FFFFE000,00000000,00000000,00000000,00000000,0,6,80341438,00000000,00000000,8010D680
O,76,36,0101,800ECFF8,-1100,259,-1030,00000000,FFFFE000,00000000,00000000,00000000,00000000,0,1,80341698,00000000,00000000,8010D784
O,76,37,0101,800ED064,0,6011,0,00000000,FFFFA000,00000000,00000000,00000000,00000000,0,6,803418F8,00000000,00000000,8010D910
O,76,38,0101,800ED064,0,-2487,0,00000000,00002000,00000000,00000000,00000000,00000000,0,6,80341B58,00000000,00000000,8010D910
O,76,39,0101,800ED090,1102,-3619,1682,00000000,00006000,00000000,00000000,00000000,00000000,0,6,80341DB8,00000000,00000000,8010DA00
O,76,40,0101,800ED090,424,-3312,1959,00000000,00004000,00000000,00000000,00000000,00000000,0,6,80342018,00000000,00000000,8010DA00
O,76,41,0101,800ED090,1102,-3004,1682,00000000,00006000,00000000,00000000,00000000,00000000,0,6,80342278,00000000,00000000,8010DA00
O,76,42,0101,800ED090,1584,-2697,1200,00000000,00006000,00000000,00000000,00000000,00000000,0,6,803424D8,00000000,00000000,8010DA00
O,76,43,0101,800ED090,1582,-3619,1203,00000000,00006000,00000000,00000000,00000000,00000000,0,6,80342738,00000000,00000000,8010DA00
O,76,44,0101,800ED090,-762,4347,1047,00000000,00006000,00000000,00000000,00000000,00000000,0,6,80342998,00000000,00000000,8010DA00
O,76,45,0101,800ED090,424,-3926,1959,00000000,00004000,00000000,00000000,00000000,00000000,0,6,80342BF8,00000000,00000000,8010DA00
O,76,46,0101,800ED090,1102,-4233,1682,00000000,00006000,00000000,00000000,00000000,00000000,0,6,80342E58,00000000,00000000,8010DA00
O,76,47,0101,800ED090,1102,-4848,1682,00000000,00006000,00000000,00000000,00000000,00000000,0,6,803430B8,00000000,00000000,8010DA00
O,76,48,0101,800ED090,424,-4540,1959,00000000,00004000,00000000,00000000,00000000,00000000,0,6,80343318,00000000,00000000,8010DA00
O,76,49,0101,800ED090,-1037,4244,772,00000000,FFFFE000,00000000,00000000,00000000,00000000,0,6,80343578,00000000,00000000,8010DA00
O,76,50,0101,800ED090,1828,3835,-50,00000000,00000000,00000000,00000000,00000000,00000000,0,6,803437D8,00000000,00000000,8010DA00
O,76,51,0101,800ED090,1459,3835,-357,00000000,00000000,00000000,00000000,00000000,00000000,0,6,80343A38,00000000,00000000,8010DA00
O,76,52,0101,800ED090,1091,3835,-665,00000000,00000000,00000000,00000000,00000000,00000000,0,6,80343C98,00000000,00000000,8010DA00
O,76,53,0101,800ED064,1580,-4854,-825,00000000,00000000,00000000,00000000,00000000,00000000,0,6,80343EF8,00000000,00000000,8010D910
O,76,54,0101,800ED064,-1692,1022,-1157,00000000,00000000,00000000,00000000,00000000,00000000,0,6,80344158,00000000,00000000,8010D910
O,76,55,0101,800ED064,2098,7007,2243,00000000,00000000,00000000,00000000,00000000,00000000,0,6,803443B8,00000000,00000000,8010D910
O,76,56,0101,800ED064,1801,-4843,-731,00000000,00000000,00000000,00000000,00000000,00000000,0,6,80344618,00000000,00000000,8010D910
O,76,57,0101,800ED064,-1477,1044,-1088,00000000,00000000,00000000,00000000,00000000,00000000,0,6,80344878,00000000,00000000,8010D910
O,76,58,0101,800ED064,2268,7030,2227,00000000,00000000,00000000,00000000,00000000,00000000,0,6,80344AD8,00000000,00000000,8010D910
O,76,59,0101,800EC1AC,800,-4400,1900,00000000,00000000,00000000,00000000,00000000,00000000,0,6,8034C658,00000000,00000000,00000000
O,76,60,0101,800EC1AC,800,-3700,1900,00000000,00000000,00000000,00000000,00000000,00000000,0,6,8034C658,00000000,00000000,00000000
O,76,61,0101,800EC1AC,800,-3000,1900,00000000,00000000,00000000,00000000,00000000,00000000,0,6,8034C658,00000000,00000000,00000000
O,76,62,0101,800EC1AC,1780,-3300,1000,00000000,00000000,00000000,00000000,00000000,00000000,0,6,8034C658,00000000,00000000,00000000
O,76,63,0101,800EC1AC,1388,-3300,1428,00000000,00000000,00000000,00000000,00000000,00000000,0,6,8034C658,00000000,00000000,00000000
O,76,64,0101,800EC1AC,200,-3000,2000,00000000,00000000,00000000,00000000,00000000,00000000,0,6,8034C658,00000000,00000000,00000000
O,76,65,0101,800EC1AC,200,-3700,2000,00000000,00000000,00000000,00000000,00000000,00000000,0,6,8034C658,00000000,00000000,00000000
O,76,66,0101,800EC1AC,200,-4400,2000,00000000,00000000,00000000,00000000,00000000,00000000,0,6,8034C658,00000000,00000000,00000000
O,76,67,0101,800EC4A4,-1080,90,1575,00000000,00000000,00000000,00000000,00000000,00000000,0,6,80346038,00000000,00000000,00000000
O,76,68,0101,800ED028,-1179,445,1413,00000000,00002000,00000000,00000000,00000000,00000000,0,6,80346298,00000000,00000000,8010D88C
O,76,69,0101,800ED028,-1524,-1454,1129,00000000,FFFFE000,00000000,00000000,00000000,00000000,0,6,803464F8,00000000,00000000,8010D88C
O,76,70,0103,800EB688,-757.714661,-685.494202,1651.46765,00000000,00006601,00000000,00000000,00000000,00000000,2,5,80346758,00000000,00000000,00000000
O,76,71,0101,800EA888,-1203,-19,-170,00000000,00002000,00000000,00000000,00000000,00000000,0,6,803469B8,00000000,00000000,80125088
O,76,72,0101,800EA8A8,0,20,-1400,00000000,00000000,00000000,00000000,00000000,00000000,1,5,80346C18,00000000,00000000,00000000
O,76,73,0101,800EA8A8,-250,20,-1700,00000000,00000000,00000000,00000000,00000000,00000000,1,5,80346E78,00000000,00000000,00000000
O,76,74,0101,800EA8A8,250,20,-1700,00000000,00000000,00000000,00000000,00000000,00000000,1,5,803470D8,00000000,00000000,00000000
O,76,75,0101,800EA8A8,0,20,-2000,00000000,00000000,00000000,00000000,00000000,00000000,1,5,80347338,00000000,00000000,00000000
O,76,76,0101,800EA8A8,500,20,-2000,00000000,00000000,00000000,00000000,00000000,00000000,1,5,80347598,00000000,00000000,00000000
O,76,77,0101,800EA8A8,-500,20,-2000,00000000,00000000,00000000,00000000,00000000,00000000,1,5,803477F8,00000000,00000000,00000000
O,76,78,0103,800E9868,880,-19,1160,00000000,00000000,00000000,00000000,00000000,00000000,0,6,80347A58,8034DE18,00000000,00000000
O,76,79,0101,800ED48C,800,-2460,160,00000000,00000000,00000000,00000000,00000000,00000000,0,6,80347CB8,00000000,00000000,00000000
O,76,80,0103,800E8C0C,-1120,-820,1320,00000000,00002000,00000000,00000000,00000000,00000000,0,6,80347F18,00000000,00000000,00000000
O,76,81,0103,800ED48C,-571,6020,-1414,00000000,00000000,00000000,00000000,00000000,00000000,0,6,80348178,00000000,00000000,00000000
O,76,82,0103,800ED1F8,620,-5150,1540,00000000,00000960,00000000,00000000,00000190,00000000,0,6,803483D8,00000000,00000000,00000000
O,76,83,0101,800EC424,-520,1351,1919,00000000,00000000,00000000,00000000,00000000,00000000,0,6,80348638,00000000,00000000,00000000
O,76,84,0101,800EC424,-165,1351,1919,00000000,00000000,00000000,00000000,00000000,00000000,0,6,80348898,00000000,00000000,00000000
O,76,85,0101,800EC424,182,1351,1919,00000000,00000000,00000000,00000000,00000000,00000000,0,6,80348AF8,00000000,00000000,00000000
O,76,86,0101,800EC3EC,657,1368,1879,00000000,00000000,00000000,00000000,00000000,00000000,0,6,80348D58,00000000,00000000,00000000
O,76,87,0103,800EB688,-831.584839,-2335.49414,-969.602356,00000000,0000D686,00000000,00000000,00000000,00000000,2,5,80348FB8,00000000,00000000,00000000
O,76,88,0101,800EA570,1883,4150,550,00000000,00000000,00000000,00000000,00000000,00000000,2,5,80349218,00000000,00000000,8014A168
O,76,89,0103,800ED1F8,-1333,350,1116,00000000,00000960,00000000,00000000,00000190,00000000,0,6,80349478,00000000,00000000,00000000
O,76,90,0101,800EA570,-1101,6316,-685,00000000,00002000,00000000,00000000,00000000,00000000,2,5,803496D8,00000000,00000000,8014A168
O,76,91,0101,800EB474,1075.12085,-4822,661.891235,00000000,FFFFF85B,00000000,00000000,00000000,00000000,0,6,80349938,00000000,00000000,00000000
O,76,92,0101,800EB474,1681.12085,-4822,212.891296,00000000,FFFFF85B,00000000,00000000,00000000,00000000,0,6,80349B98,00000000,00000000,00000000
O,76,93,0101,800EA8A8,0,20,-1700,00000000,00000000,00000000,00000000,00000000,00000000,1,5,80349DF8,00000000,00000000,00000000
O,76,94,0101,800ECFCC,-1020,1229,537,00000000,00000000,00000000,00000000,00000000,00000000,0,6,8034A058,00000000,00000000,8010D5B4
O,76,95,0101,800EA570,2350,5600,2350,00000000,00002000,00000000,00000000,00000000,00000000,2,5,8034A2B8,00000000,00000000,8014A168
O,76,96,0101,800EA570,0,4783,0,00000000,00000000,00000000,00000000,00000000,00000000,2,5,8034A518,00000000,00000000,8014A168
O,76,97,0101,800EA570,-1140,-3720,-1620,00000000,00002000,00000000,00000000,00000000,00000000,2,5,8034A778,00000000,00000000,8014A168
O,76,98,0101,800EA570,840,-2200,860,00000000,00002000,00000000,00000000,00000000,00000000,2,5,8034A9D8,00000000,00000000,8014A168
O,76,99,0103,800E8C3C,-770,-3800,-440,00000000,00000000,00000000,00000000,00000000,00000000,0,6,8034AC38,00000000,00000000,00000000
O,76,100,0103,800E8C3C,-770,-3700,-440,00000000,00000000,00000000,00000000,00000000,00000000,0,6,8034AE98,00000000,00000000,00000000
O,76,101,0101,800EA570,280,-4920,1660,00000000,00000000,00000000,00000000,00000000,00000000,2,5,8034B0F8,00000000,00000000,8014A168
O,76,102,0101,800EA570,1240,300,840,00000000,00002000,00000000,00000000,00000000,00000000,2,5,8034B358,00000000,00000000,8014A168
O,76,103,0101,800EA570,520,300,1500,00000000,00002000,00000000,00000000,00000000,00000000,2,5,8034B5B8,00000000,00000000,8014A168
O,76,104,0101,800EA570,-400,3600,1880,00000000,00000000,00000000,00000000,00000000,00000000,2,5,8034B818,00000000,00000000,8014A168
O,76,105,0101,800EA570,-40,4160,-1280,00000000,00000000,00000000,00000000,00000000,00000000,2,5,8034BA78,00000000,00000000,8014A168
O,76,106,0101,800EA570,-1160,2920,-840,00000000,00002000,00000000,00000000,00000000,00000000,2,5,8034BCD8,00000000,00000000,8014A168
O,76,107,0101,800EA570,-780,6316,-1020,00000000,00002000,00000000,00000000,00000000,00000000,2,5,8034BF38,00000000,00000000,8014A168
O,76,108,0101,800ECF5C,1313,6190,1313,00000000,00002000,00000000,00000000,00000000,00000000,0,6,8034C198,00000000,00000000,8010D2E4
O,76,109,0101,800ECF5C,1851,-2488,-98,00000000,00000000,00000000,00000000,00000000,00000000,0,6,8034C3F8,00000000,00000000,8010D410
O,76,110,0101,800EC18C,1815,-3200,800,00000000,00000000,00000000,00000000,00000000,00000000,0,6,8034C658,00000000,00000000,00000000
O,76,111,0101,800EC13C,-1050,2400,-790,00000000,00003000,00000000,00000000,00000000,00000000,0,6,8034C8B8,00000000,00000000,00000000
O,76,112,0101,800EC13C,2200,7300,2210,00000000,00003000,00000000,00000000,00000000,00000000,0,6,8034CB18,00000000,00000000,00000000
O,76,113,0101,800EC13C,-1300,-2250,-1300,00000000,00003000,00000000,00000000,00000000,00000000,0,6,8034CD78,00000000,00000000,00000000
O,76,114,0101,800EC13C,-1850,300,-950,00000000,00003000,00000000,00000000,00000000,00000000,0,6,8034CFD8,00000000,00000000,00000000
O,76,115,0101,800EC13C,-1450,-1130,-1050,00000000,00003000,00000000,00000000,00000000,00000000,0,6,8034D238,00000000,00000000,00000000
O,76,116,0101,800E8EAC,1919,6252,1919,00000000,FFFFA000,00000000,00000000,00000000,00000000,0,6,8034D498,00000000,00000000,8011A38C
O,76,117,0101,800E8464,-1080,-840,1573,00000000,00000000,00000000,00000000,00000000,00000000,0,6,8034D6F8,00000000,00000000,00000000
O,76,118,0101,800EB274,1417,-3822,-548,00000000,FFFFE0B6,00000000,00000000,00000000,00000000,0,6,8034D958,00000000,00000000,00000000
O,76,119,0101,800EB1C0,1408.65918,-3882,-539.37207,00000000,FFFFE0B6,00000000,00000000,00000000,00000000,0,6,8034DBB8,00000000,00000000,00000000
O,76,120,0101,800E98C4,880,-19,1160,00000000,00000000,00000000,00000000,00000000,00000000,0,6,80347A58,00000000,00000000,00000000
O,76,121,0101,800ED86C,1815,-4762,800,00004000,00000600,00000000,00000000,00000000,00000000,0,6,8034C658,00000000,00000000,00000000
M,77,23,104970,3,00001924,0C400201,0,0,00000000,1408.65918,-3882,-539.37207,-1.39015019,-24,1.4378742,2,-8010,-4822,5243,00000000,80161C20,801693C0,8034D958,00000000,8034D958,00000000,8034DBB8,00000000,00000000,-1
O,77,0,0101,800ECEF0,-1032,-3291,1070,00000000,00002000,00000000,00000000,00000000,00000000,0,6,8033C118,00000000,00000000,8010CFA0
O,77,1,0101,800ECEF0,-1881,1767,-446,00000000,00004000,00000000,00000000,00000000,00000000,0,6,8033C378,00000000,00000000,8010CFA0
O,77,2,0101,800ECEF0,-1870,2068,362,00000000,00004000,00000000,00000000,00000000,00000000,0,6,8033C5D8,00000000,00000000,8010CFA0
O,77,3,0101,800ECEF0,-770,-4361,-423,00000000,FFFFA000,00000000,00000000,00000000,00000000,0,6,8033C838,00000000,00000000,8010CFA0
O,77,4,0101,800ECEF0,-1314,-3691,788,00000000,00006000,00000000,00000000,00000000,00000000,0,6,8033CA98,00000000,00000000,8010CFA0
O,77,5,0101,800ECEF0,-1314,-2892,1353,00000000,00006000,00000000,00000000,00000000,00000000,0,6,8033CCF8,00000000,00000000,8010CFA0
O,77,6,0101,800ECEF0,780,5767,-1027,00000000,FFFFE000,00000000,00000000,00000000,00000000,0,6,8033CF58,00000000,00000000,8010D038
O,77,7,0101,800ECEF0,1063,5562,-744,00000000,FFFFE000,00000000,00000000,00000000,00000000,0,6,8033D1B8,00000000,00000000,8010D038
O,77,8,0101,800ECF24,-1350,748,-1208,00000000,00002000,000018E3,00000000,00000000,00000000,0,6,8033D418,00000000,00000000,8010D0BC
O,77,9,0101,800ECF24,-690,901,-910,00000000,00002000,000018E3,00000000,00000000,00000000,0,6,8033D678,00000000,00000000,8010D0BC
O,77,10,0101,800ECF24,-1389,-3030,-1028,00000000,00002000,000018E3,00000000,00000000,00000000,0,6,8033D8D8,00000000,00000000,8010D0BC
O,77,11,0101,800ECF24,937,-3867,-1041,00000000,00002000,000018E3,00000000,00000000,00000000,0,6,8033DB38,00000000,00000000,8010D0BC
O,77,12,0101,800ECF5C,-139,-4408,-1056,00000000,00006000,00000000,00000000,00000000,00000000,0,6,8033DD98,00000000,00000000,8010D2E4
O,77,13,0101,800ECF5C,618,3656,148,00000000,00004000,00000000,00000000,00000000,00000000,0,6,8033DFF8,00000000,00000000,8010D410
O,77,14,0101,800ECF5C,963,3297,608,00000000,FFFFC000,00000000,00000000,00000000,00000000,0,6,8033E258,00000000,00000000,8010D410
O,77,15,0101,800ECF5C,1306,2939,1069,00000000,00004000,00000000,00000000,00000000,00000000,0,6,8033E4B8,00000000,00000000,8010D410
O,77,16,0101,800ECF5C,-1179,-1453,-792,00000000,FFFFE000,00000000,00000000,00000000,00000000,0,6,8033E718,00000000,00000000,8010D410
O,77,17,0101,800ECF94,174,1248,1790,00000000,FFFF8000,00000000,00000000,00000000,00000000,0,6,8033E978,00000000,00000000,8010D53C
O,77,18,0101,800ECF94,-1144.22327,1490,-1386.22327,00000000,00002000,00000000,00000000,00000000,00000000,0,6,8033EBD8,00000000,00000000,8010D53C
O,77,19,0101,800ECF94,-899.223328,1730,-1631.22327,00000000,00002000,00000000,00000000,00000000,00000000,0,6,8033EE38,00000000,00000000,8010D53C
O,77,20,0101,800ECF94,-1142.22327,1970,-1387.22327,00000000,00002000,00000000,00000000,00000000,00000000,0,6,8033F098,00000000,00000000,8010D53C
O,77,21,0101,800ECF94,-517,3175,1790,00000000,FFFF8000,00000000,00000000,00000000,00000000,0,6,8033F2F8,00000000,00000000,8010D53C
O,77,22,0101,800ECF94,-170,1248,1790,00000000,FFFF8000,00000000,00000000,00000000,00000000,0,6,8033F558,00000000,00000000,8010D53C
O,77,23,0101,800ECF94,-515,1248,1790,00000000,FFFF8000,00000000,00000000,00000000,00000000,0,6,8033F7B8,00000000,00000000,8010D53C
O,77,24,0101,800ECF94,-175,-1351,-1789,00000000,00000000,00000000,00000000,00000000,00000000,0,6,8033FA18,00000000,00000000,8010D53C
O,77,25,0101,800ECF94,-515,-2590,1790,00000000,FFFF8000,00000000,00000000,00000000,00000000,0,6,8033FC78,00000000,00000000,8010D53C
O,77,26,0101,800ECF94,518,3175,1790,00000000,FFFF8000,00000000,00000000,00000000,00000000,0,6,8033FED8,00000000,00000000,8010D53C
O,77,27,0101,800ECF94,-171,3175,1790,00000000,FFFF8000,00000000,00000000,00000000,00000000,0,6,80340138,00000000,00000000,8010D53C
O,77,28,0101,800ECF94,174,3175,1790,00000000,FFFF8000,00000000,00000000,00000000,00000000,0,6,80340398,00000000,00000000,8010D53C
O,77,29,0101,800ECFCC,1490,-2088,-873,00000000,00000000,00000000,00000000,00000000,00000000,0,6,803405F8,00000000,00000000,8010D5B4
O,77,30,0101,800ECFCC,-708,-1606,-1589,00000000,00000000,00000000,00000000,00000000,00000000,0,6,80340858,00000000,00000000,8010D5B4
O,77,31,0101,800ECFCC,954,-1627,-1448,00000000,00000000,00000000,00000000,00000000,00000000,0,6,80340AB8,00000000,00000000,8010D5B4
O,77,32,0101,800ECFCC,1215,-1781,-1215,00000000,00000000,00000000,00000000,00000000,00000000,0,6,80340D18,00000000,00000000,8010D5B4
O,77,33,0101,800ECFCC,1052,-1934,-769,00000000,00000000,00000000,00000000,00000000,00000000,0,6,80340F78,00000000,00000000,8010D5B4
O,77,34,0101,800ECFCC,-620,1229,1233,00000000,FFFFA000,00000000,00000000,00000000,00000000,0,6,803411D8,00000000,00000000,8010D680
O,77,35,0101,800ECFCC,1050,-19,-1037,00000000,FFFFE000,00000000,00000000,00000000,00000000,0,6,80341438,00000000,00000000,8010D680
O,77,36,0101,800ECFF8,-1100,259,-1030,00000000,FFFFE000,00000000,00000000,00000000,00000000,0,1,80341698,00000000,00000000,8010D784
O,77,37,0101,800ED064,0,6011,0,00000000,FFFFA000,00000000,00000000,00000000,00000000,0,6,803418F8,00000000,00000000,8010D910
O,77,38,0101,800ED064,0,-2487,0,00000000,00002000,00000000,00000000,00000000,00000000,0,6,80341B58,00000000,00000000,8010D910
O,77,39,0101,800ED090,1102,-3619,1682,00000000,00006000,00000000,00000000,00000000,00000000,0,6,80341DB8,00000000,00000000,8010DA00
O,77,40,0101,800ED090,424,-3312,1959,00000000,00004000,00000000,00000000,00000000,00000000,0,6,80342018,00000000,00000000,8010DA00
O,77,41,0101,800ED090,1102,-3004,1682,00000000,00006000,00000000,00000000,00000000,00000000,0,6,80342278,00000000,00000000,8010DA00
O,77,42,0101,800ED090,1584,-2697,1200,00000000,00006000,00000000,00000000,00000000,00000000,0,6,803424D8,00000000,00000000,8010DA00
O,77,43,0101,800ED090,1582,-3619,1203,00000000,00006000,00000000,00000000,00000000,00000000,0,6,80342738,00000000,00000000,8010DA00
O,77,44,0101,800ED090,-762,4347,1047,00000000,00006000,00000000,00000000,00000000,00000000,0,6,80342998,00000000,00000000,8010DA00
O,77,45,0101,800ED090,424,-3926,1959,00000000,00004000,00000000,00000000,00000000,00000000,0,6,80342BF8,00000000,00000000,8010DA00
O,77,46,0101,800ED090,1102,-4233,1682,00000000,00006000,00000000,00000000,00000000,00000000,0,6,80342E58,00000000,00000000,8010DA00
O,77,47,0101,800ED090,1102,-4848,1682,00000000,00006000,00000000,00000000,00000000,00000000,0,6,803430B8,00000000,00000000,8010DA00
O,77,48,0101,800ED090,424,-4540,1959,00000000,00004000,00000000,00000000,00000000,00000000,0,6,80343318,00000000,00000000,8010DA00
O,77,49,0101,800ED090,-1037,4244,772,00000000,FFFFE000,00000000,00000000,00000000,00000000,0,6,80343578,00000000,00000000,8010DA00
O,77,50,0101,800ED090,1828,3835,-50,00000000,00000000,00000000,00000000,00000000,00000000,0,6,803437D8,00000000,00000000,8010DA00
O,77,51,0101,800ED090,1459,3835,-357,00000000,00000000,00000000,00000000,00000000,00000000,0,6,80343A38,00000000,00000000,8010DA00
O,77,52,0101,800ED090,1091,3835,-665,00000000,00000000,00000000,00000000,00000000,00000000,0,6,80343C98,00000000,00000000,8010DA00
O,77,53,0101,800ED064,1580,-4854,-825,00000000,00000000,00000000,00000000,00000000,00000000,0,6,80343EF8,00000000,00000000,8010D910
O,77,54,0101,800ED064,-1692,1022,-1157,00000000,00000000,00000000,00000000,00000000,00000000,0,6,80344158,00000000,00000000,8010D910
O,77,55,0101,800ED064,2098,7007,2243,00000000,00000000,00000000,00000000,00000000,00000000,0,6,803443B8,00000000,00000000,8010D910
O,77,56,0101,800ED064,1801,-4843,-731,00000000,00000000,00000000,00000000,00000000,00000000,0,6,80344618,00000000,00000000,8010D910
O,77,57,0101,800ED064,-1477,1044,-1088,00000000,00000000,00000000,00000000,00000000,00000000,0,6,80344878,00000000,00000000,8010D910
O,77,58,0101,800ED064,2268,7030,2227,00000000,00000000,00000000,00000000,00000000,00000000,0,6,80344AD8,00000000,00000000,8010D910
O,77,59,0101,800EC1AC,800,-4400,1900,00000000,00000000,00000000,00000000,00000000,00000000,0,6,8034C658,00000000,00000000,00000000
O,77,60,0101,800EC1AC,800,-3700,1900,00000000,00000000,00000000,00000000,00000000,00000000,0,6,8034C658,00000000,00000000,00000000
O,77,61,0101,800EC1AC,800,-3000,1900,00000000,00000000,00000000,00000000,00000000,00000000,0,6,8034C658,00000000,00000000,00000000
O,77,62,0101,800EC1AC,1780,-3300,1000,00000000,00000000,00000000,00000000,00000000,00000000,0,6,8034C658,00000000,00000000,00000000
O,77,63,0101,800EC1AC,1388,-3300,1428,00000000,00000000,00000000,00000000,00000000,00000000,0,6,8034C658,00000000,00000000,00000000
O,77,64,0101,800EC1AC,200,-3000,2000,00000000,00000000,00000000,00000000,00000000,00000000,0,6,8034C658,00000000,00000000,00000000
O,77,65,0101,800EC1AC,200,-3700,2000,00000000,00000000,00000000,00000000,00000000,00000000,0,6,8034C658,00000000,00000000,00000000
O,77,66,0101,800EC1AC,200,-4400,2000,00000000,00000000,00000000,00000000,00000000,00000000,0,6,8034C658,00000000,00000000,00000000
O,77,67,0101,800EC4A4,-1080,90,1575,00000000,00000000,00000000,00000000,00000000,00000000,0,6,80346038,00000000,00000000,00000000
O,77,68,0101,800ED028,-1179,445,1413,00000000,00002000,00000000,00000000,00000000,00000000,0,6,80346298,00000000,00000000,8010D88C
O,77,69,0101,800ED028,-1524,-1454,1129,00000000,FFFFE000,00000000,00000000,00000000,00000000,0,6,803464F8,00000000,00000000,8010D88C
O,77,70,0103,800EB688,-757.714661,-685.494202,1651.46765,00000000,00006601,00000000,00000000,00000000,00000000,2,5,80346758,00000000,00000000,00000000
O,77,71,0101,800EA888,-1203,-19,-170,00000000,00002000,00000000,00000000,00000000,00000000,0,6,803469B8,00000000,00000000,80125088
O,77,72,0101,800EA8A8,0,20,-1400,00000000,00000000,00000000,00000000,00000000,00000000,1,5,80346C18,00000000,00000000,00000000
O,77,73,0101,800EA8A8,-250,20,-1700,00000000,00000000,00000000,00000000,00000000,00000000,1,5,80346E78,00000000,00000000,00000000
O,77,74,0101,800EA8A8,250,20,-1700,00000000,00000000,00000000,00000000,00000000,00000000,1,5,803470D8,00000000,00000000,00000000
O,77,75,0101,800EA8A8,0,20,-2000,00000000,00000000,00000000,00000000,00000000,00000000,1,5,80347338,00000000,00000000,00000000
O,77,76,0101,800EA8A8,500,20,-2000,00000000,00000000,00000000,00000000,00000000,00000000,1,5,80347598,00000000,00000000,00000000
O,77,77,0101,800EA8A8,-500,20,-2000,00000000,00000000,00000000,00000000,00000000,00000000,1,5,803477F8,00000000,00000000,00000000
O,77,78,0103,800E9868,880,-19,1160,00000000,00000000,00000000,00000000,00000000,00000000,0,6,80347A58,8034DE18,00000000,00000000
O,77,79,0101,800ED48C,800,-2460,160,00000000,00000000,00000000,00000000,00000000,00000000,0,6,80347CB8,00000000,00000000,00000000
O,77,80,0103,800E8C0C,-1120,-820,1320,00000000,00002000,00000000,00000000,00000000,00000000,0,6,80347F18,00000000,00000000,00000000
O,77,81,0103,800ED48C,-571,6020,-1414,00000000,00000000,00000000,00000000,00000000,00000000,0,6,80348178,00000000,00000000,00000000
O,77,82,0103,800ED1F8,620,-5150,1540,00000000,00000960,00000000,00000000,00000190,00000000,0,6,803483D8,00000000,00000000,00000000
O,77,83,0101,800EC424,-520,1351,1919,00000000,00000000,00000000,00000000,00000000,00000000,0,6,80348638,00000000,00000000,00000000
O,77,84,0101,800EC424,-165,1351,1919,00000000,00000000,00000000,00000000,00000000,00000000,0,6,80348898,00000000,00000000,00000000
O,77,85,0101,800EC424,182,1351,1919,00000000,00000000,00000000,00000000,00000000,00000000,0,6,80348AF8,00000000,00000000,00000000
O,77,86,0101,800EC3EC,657,1368,1879,00000000,00000000,00000000,00000000,00000000,00000000,0,6,80348D58,00000000,00000000,00000000
O,77,87,0103,800EB688,-831.584839,-2335.49414,-969.602356,00000000,0000D686,00000000,00000000,00000000,00000000,2,5,80348FB8,00000000,00000000,00000000
O,77,88,0101,800EA570,1883,4150,550,00000000,00000000,00000000,00000000,00000000,00000000,2,5,80349218,00000000,00000000,8014A168
O,77,89,0103,800ED1F8,-1333,350,1116,00000000,00000960,00000000,00000000,00000190,00000000,0,6,80349478,00000000,00000000,00000000
O,77,90,0101,800EA570,-1101,6316,-685,00000000,00002000,00000000,00000000,00000000,00000000,2,5,803496D8,00000000,00000000,8014A168
O,77,91,0101,800EB474,1075.12085,-4822,661.891235,00000000,FFFFF85B,00000000,00000000,00000000,00000000,0,6,80349938,00000000,00000000,00000000
O,77,92,0101,800EB474,1681.12085,-4822,212.891296,00000000,FFFFF85B,00000000,00000000,00000000,00000000,0,6,80349B98,00000000,00000000,00000000
O,77,93,0101,800EA8A8,0,20,-1700,00000000,00000000,00000000,00000000,00000000,00000000,1,5,80349DF8,00000000,00000000,00000000
O,77,94,0101,800ECFCC,-1020,1229,537,00000000,00000000,00000000,00000000,00000000,00000000,0,6,8034A058,00000000,00000000,8010D5B4
O,77,95,0101,800EA570,2350,5600,2350,00000000,00002000,00000000,00000000,00000000,00000000,2,5,8034A2B8,00000000,00000000,8014A168
O,77,96,0101,800EA570,0,4783,0,00000000,00000000,00000000,00000000,00000000,00000000,2,5,8034A518,00000000,00000000,8014A168
O,77,97,0101,800EA570,-1140,-3720,-1620,00000000,00002000,00000000,00000000,00000000,00000000,2,5,8034A778,00000000,00000000,8014A168
O,77,98,0101,800EA570,840,-2200,860,00000000,00002000,00000000,00000000,00000000,00000000,2,5,8034A9D8,00000000,00000000,8014A168
O,77,99,0103,800E8C3C,-770,-3800,-440,00000000,00000000,00000000,00000000,00000000,00000000,0,6,8034AC38,00000000,00000000,00000000
O,77,100,0103,800E8C3C,-770,-3700,-440,00000000,00000000,00000000,00000000,00000000,00000000,0,6,8034AE98,00000000,00000000,00000000
O,77,101,0101,800EA570,280,-4920,1660,00000000,00000000,00000000,00000000,00000000,00000000,2,5,8034B0F8,00000000,00000000,8014A168
O,77,102,0101,800EA570,1240,300,840,00000000,00002000,00000000,00000000,00000000,00000000,2,5,8034B358,00000000,00000000,8014A168
O,77,103,0101,800EA570,520,300,1500,00000000,00002000,00000000,00000000,00000000,00000000,2,5,8034B5B8,00000000,00000000,8014A168
O,77,104,0101,800EA570,-400,3600,1880,00000000,00000000,00000000,00000000,00000000,00000000,2,5,8034B818,00000000,00000000,8014A168
O,77,105,0101,800EA570,-40,4160,-1280,00000000,00000000,00000000,00000000,00000000,00000000,2,5,8034BA78,00000000,00000000,8014A168
O,77,106,0101,800EA570,-1160,2920,-840,00000000,00002000,00000000,00000000,00000000,00000000,2,5,8034BCD8,00000000,00000000,8014A168
O,77,107,0101,800EA570,-780,6316,-1020,00000000,00002000,00000000,00000000,00000000,00000000,2,5,8034BF38,00000000,00000000,8014A168
O,77,108,0101,800ECF5C,1313,6190,1313,00000000,00002000,00000000,00000000,00000000,00000000,0,6,8034C198,00000000,00000000,8010D2E4
O,77,109,0101,800ECF5C,1851,-2488,-98,00000000,00000000,00000000,00000000,00000000,00000000,0,6,8034C3F8,00000000,00000000,8010D410
O,77,110,0101,800EC18C,1815,-3200,800,00000000,00000000,00000000,00000000,00000000,00000000,0,6,8034C658,00000000,00000000,00000000
O,77,111,0101,800EC13C,-1050,2400,-790,00000000,00003000,00000000,00000000,00000000,00000000,0,6,8034C8B8,00000000,00000000,00000000
O,77,112,0101,800EC13C,2200,7300,2210,00000000,00003000,00000000,00000000,00000000,00000000,0,6,8034CB18,00000000,00000000,00000000
O,77,113,0101,800EC13C,-1300,-2250,-1300,00000000,00003000,00000000,00000000,00000000,00000000,0,6,8034CD78,00000000,00000000,00000000
O,77,114,0101,800EC13C,-1850,300,-950,00000000,00003000,00000000,00000000,00000000,00000000,0,6,8034CFD8,00000000,00000000,00000000
O,77,115,0101,800EC13C,-1450,-1130,-1050,00000000,00003000,00000000,00000000,00000000,00000000,0,6,8034D238,00000000,00000000,00000000
O,77,116,0101,800E8EAC,1919,6252,1919,00000000,FFFFA000,00000000,00000000,00000000,00000000,0,6,8034D498,00000000,00000000,8011A38C
O,77,117,0101,800E8464,-1080,-840,1573,00000000,00000000,00000000,00000000,00000000,00000000,0,6,8034D6F8,00000000,00000000,00000000
O,77,118,0101,800EB274,1417,-3822,-548,00000000,FFFFE0B6,00000000,00000000,00000000,00000000,0,6,8034D958,00000000,00000000,00000000
O,77,119,0101,800EB1C0,1408.65918,-3882,-539.37207,00000000,FFFFE0B6,00000000,00000000,00000000,00000000,0,6,8034DBB8,00000000,00000000,00000000
O,77,120,0101,800E98C4,880,-19,1160,00000000,00000000,00000000,00000000,00000000,00000000,0,6,80347A58,00000000,00000000,00000000
O,77,121,0101,800ED86C,1815,-4762,800,00004000,00000600,00000000,00000000,00000000,00000000,0,6,8034C658,00000000,00000000,00000000
M,78,24,104971,3,00001924,0C400201,0,0,00000000,1407.26904,-3906,-537.934082,-1.39015019,-28,1.4378742,2,-8010,-4822,5243,00000000,80161C20,801693C0,8034D958,00000000,8034D958,00000000,8034DBB8,00000000,00000000,-1
O,78,0,0101,800ECEF0,-1032,-3291,1070,00000000,00002000,00000000,00000000,00000000,00000000,0,7,8033C118,00000000,00000000,8010CFA0
O,78,1,0101,800ECEF0,-1881,1767,-446,00000000,00004000,00000000,00000000,00000000,00000000,0,7,8033C378,00000000,00000000,8010CFA0
O,78,2,0101,800ECEF0,-1870,2068,362,00000000,00004000,00000000,00000000,00000000,00000000,0,7,8033C5D8,00000000,00000000,8010CFA0
O,78,3,0101,800ECEF0,-770,-4361,-423,00000000,FFFFA000,00000000,00000000,00000000,00000000,0,7,8033C838,00000000,00000000,8010CFA0
O,78,4,0101,800ECEF0,-1314,-3691,788,00000000,00006000,00000000,00000000,00000000,00000000,0,7,8033CA98,00000000,00000000,8010CFA0
O,78,5,0101,800ECEF0,-1314,-2892,1353,00000000,00006000,00000000,00000000,00000000,00000000,0,7,8033CCF8,00000000,00000000,8010CFA0
O,78,6,0101,800ECEF0,780,5767,-1027,00000000,FFFFE000,00000000,00000000,00000000,00000000,0,7,8033CF58,00000000,00000000,8010D038
O,78,7,0101,800ECEF0,1063,5562,-744,00000000,FFFFE000,00000000,00000000,00000000,00000000,0,7,8033D1B8,00000000,00000000,8010D038
O,78,8,0101,800ECF24,-1350,748,-1208,00000000,00002000,000018E3,00000000,00000000,00000000,0,7,8033D418,00000000,00000000,8010D0BC
O,78,9,0101,800ECF24,-690,901,-910,00000000,00002000,000018E3,00000000,00000000,00000000,0,7,8033D678,00000000,00000000,8010D0BC
O,78,10,0101,800ECF24,-1389,-3030,-1028,00000000,00002000,000018E3,00000000,00000000,00000000,0,7,8033D8D8,00000000,00000000,8010D0BC
O,78,11,0101,800ECF24,937,-3867,-1041,00000000,00002000,000018E3,00000000,00000000,00000000,0,7,8033DB38,00000000,00000000,8010D0BC
O,78,12,0101,800ECF5C,-139,-4408,-1056,00000000,00006000,00000000,00000000,00000000,00000000,0,7,8033DD98,00000000,00000000,8010D2E4
O,78,13,0101,800ECF5C,618,3656,148,00000000,00004000,00000000,00000000,00000000,00000000,0,7,8033DFF8,00000000,00000000,8010D410
O,78,14,0101,800ECF5C,963,3297,608,00000000,FFFFC000,00000000,00000000,00000000,00000000,0,7,8033E258,00000000,00000000,8010D410
O,78,15,0101,800ECF5C,1306,2939,1069,00000000,00004000,00000000,00000000,00000000,00000000,0,7,8033E4B8,00000000,00000000,8010D410
O,78,16,0101,800ECF5C,-1179,-1453,-792,00000000,FFFFE000,00000000,00000000,00000000,00000000,0,7,8033E718,00000000,00000000,8010D410
O,78,17,0101,800ECF94,174,1248,1790,00000000,FFFF8000,00000000,00000000,00000000,00000000,0,7,8033E978,00000000,00000000,8010D53C
O,78,18,0101,800ECF94,-1144.22327,1490,-1386.22327,00000000,00002000,00000000,00000000,00000000,00000000,0,7,8033EBD8,00000000,00000000,8010D53C
O,78,19,0101,800ECF94,-899.223328,1730,-1631.22327,00000000,00002000,00000000,00000000,00000000,00000000,0,7,8033EE38,00000000,00000000,8010D53C
O,78,20,0101,800ECF94,-1142.22327,1970,-1387.22327,00000000,00002000,00000000,00000000,00000000,00000000,0,7,8033F098,00000000,00000000,8010D53C
O,78,21,0101,800ECF94,-517,3175,1790,00000000,FFFF8000,00000000,00000000,00000000,00000000,0,7,8033F2F8,00000000,00000000,8010D53C
O,78,22,0101,800ECF94,-170,1248,1790,00000000,FFFF8000,00000000,00000000,00000000,00000000,0,7,8033F558,00000000,00000000,8010D53C
O,78,23,0101,800ECF94,-515,1248,1790,00000000,FFFF8000,00000000,00000000,00000000,00000000,0,7,8033F7B8,00000000,00000000,8010D53C
O,78,24,0101,800ECF94,-175,-1351,-1789,00000000,00000000,00000000,00000000,00000000,00000000,0,7,8033FA18,00000000,00000000,8010D53C
O,78,25,0101,800ECF94,-515,-2590,1790,00000000,FFFF8000,00000000,00000000,00000000,00000000,0,7,8033FC78,00000000,00000000,8010D53C
O,78,26,0101,800ECF94,518,3175,1790,00000000,FFFF8000,00000000,00000000,00000000,00000000,0,7,8033FED8,00000000,00000000,8010D53C
O,78,27,0101,800ECF94,-171,3175,1790,00000000,FFFF8000,00000000,00000000,00000000,00000000,0,7,80340138,00000000,00000000,8010D53C
O,78,28,0101,800ECF94,174,3175,1790,00000000,FFFF8000,00000000,00000000,00000000,00000000,0,7,80340398,00000000,00000000,8010D53C
O,78,29,0101,800ECFCC,1490,-2088,-873,00000000,00000000,00000000,00000000,00000000,00000000,0,7,803405F8,00000000,00000000,8010D5B4
O,78,30,0101,800ECFCC,-708,-1606,-1589,00000000,00000000,00000000,00000000,00000000,00000000,0,7,80340858,00000000,00000000,8010D5B4
O,78,31,0101,800ECFCC,954,-1627,-1448,00000000,00000000,00000000,00000000,00000000,00000000,0,7,80340AB8,00000000,00000000,8010D5B4
O,78,32,0101,800ECFCC,1215,-1781,-1215,00000000,00000000,00000000,00000000,00000000,00000000,0,7,80340D18,00000000,00000000,8010D5B4
O,78,33,0101,800ECFCC,1052,-1934,-769,00000000,00000000,00000000,00000000,00000000,00000000,0,7,80340F78,00000000,00000000,8010D5B4
O,78,34,0101,800ECFCC,-620,1229,1233,00000000,FFFFA000,00000000,00000000,00000000,00000000,0,7,803411D8,00000000,00000000,8010D680
O,78,35,0101,800ECFCC,1050,-19,-1037,00000000,FFFFE000,00000000,00000000,00000000,00000000,0,7,80341438,00000000,00000000,8010D680
O,78,36,0101,800ECFF8,-1100,259,-1030,00000000,FFFFE000,00000000,00000000,00000000,00000000,0,1,80341698,00000000,00000000,8010D784
O,78,37,0101,800ED064,0,6011,0,00000000,FFFFA000,00000000,00000000,00000000,00000000,0,7,803418F8,00000000,00000000,8010D910
O,78,38,0101,800ED064,0,-2487,0,00000000,00002000,00000000,00000000,00000000,00000000,0,7,80341B58,00000000,00000000,8010D910
O,78,39,0101,800ED090,1102,-3619,1682,00000000,00006000,00000000,00000000,00000000,00000000,0,7,80341DB8,00000000,00000000,8010DA00
O,78,40,0101,800ED090,424,-3312,1959,00000000,00004000,00000000,00000000,00000000,00000000,0,7,80342018,00000000,00000000,8010DA00
O,78,41,0101,800ED090,1102,-3004,1682,00000000,00006000,00000000,00000000,00000000,00000000,0,7,80342278,00000000,00000000,8010DA00
O,78,42,0101,800ED090,1584,-2697,1200,00000000,00006000,00000000,00000000,00000000,00000000,0,7,803424D8,00000000,00000000,8010DA00
O,78,43,0101,800ED090,1582,-3619,1203,00000000,00006000,00000000,00000000,00000000,00000000,0,7,80342738,00000000,00000000,8010DA00
O,78,44,0101,800ED090,-762,4347,1047,00000000,00006000,00000000,00000000,00000000,00000000,0,7,80342998,00000000,00000000,8010DA00
O,78,45,0101,800ED090,424,-3926,1959,00000000,00004000,00000000,00000000,00000000,00000000,0,7,80342BF8,00000000,00000000,8010DA00
O,78,46,0101,800ED090,1102,-4233,1682,00000000,00006000,00000000,00000000,00000000,00000000,0,7,80342E58,00000000,00000000,8010DA00
O,78,47,0101,800ED090,1102,-4848,1682,00000000,00006000,00000000,00000000,00000000,00000000,0,7,803430B8,00000000,00000000,8010DA00
O,78,48,0101,800ED090,424,-4540,1959,00000000,00004000,00000000,00000000,00000000,00000000,0,7,80343318,00000000,00000000,8010DA00
O,78,49,0101,800ED090,-1037,4244,772,00000000,FFFFE000,00000000,00000000,00000000,00000000,0,7,80343578,00000000,00000000,8010DA00
O,78,50,0101,800ED090,1828,3835,-50,00000000,00000000,00000000,00000000,00000000,00000000,0,7,803437D8,00000000,00000000,8010DA00
O,78,51,0101,800ED090,1459,3835,-357,00000000,00000000,00000000,00000000,00000000,00000000,0,7,80343A38,00000000,00000000,8010DA00
O,78,52,0101,800ED090,1091,3835,-665,00000000,00000000,00000000,00000000,00000000,00000000,0,7,80343C98,00000000,00000000,8010DA00
O,78,53,0101,800ED064,1580,-4854,-825,00000000,00000000,00000000,00000000,00000000,00000000,0,7,80343EF8,00000000,00000000,8010D910
O,78,54,0101,800ED064,-1692,1022,-1157,00000000,00000000,00000000,00000000,00000000,00000000,0,7,80344158,00000000,00000000,8010D910
O,78,55,0101,800ED064,2098,7007,2243,00000000,00000000,00000000,00000000,00000000,00000000,0,7,803443B8,00000000,00000000,8010D910
O,78,56,0101,800ED064,1801,-4843,-731,00000000,00000000,00000000,00000000,00000000,00000000,0,7,80344618,00000000,00000000,8010D910
O,78,57,0101,800ED064,-1477,1044,-1088,00000000,00000000,00000000,00000000,00000000,00000000,0,7,80344878,00000000,00000000,8010D910
O,78,58,0101,800ED064,2268,7030,2227,00000000,00000000,00000000,00000000,00000000,00000000,0,7,80344AD8,00000000,00000000,8010D910
O,78,59,0101,800EC1AC,800,-4400,1900,00000000,00000000,00000000,00000000,00000000,00000000,0,7,8034C658,00000000,00000000,00000000
O,78,60,0101,800EC1AC,800,-3700,1900,00000000,00000000,00000000,00000000,00000000,00000000,0,7,8034C658,00000000,00000000,00000000
O,78,61,0101,800EC1AC,800,-3000,1900,00000000,00000000,00000000,00000000,00000000,00000000,0,7,8034C658,00000000,00000000,00000000
O,78,62,0101,800EC1AC,1780,-3300,1000,00000000,00000000,00000000,00000000,00000000,00000000,0,7,8034C658,00000000,00000000,00000000
O,78,63,0101,800EC1AC,1388,-3300,1428,00000000,00000000,00000000,00000000,00000000,00000000,0,7,8034C658,00000000,00000000,00000000
O,78,64,0101,800EC1AC,200,-3000,2000,00000000,00000000,00000000,00000000,00000000,00000000,0,7,8034C658,00000000,00000000,00000000
O,78,65,0101,800EC1AC,200,-3700,2000,00000000,00000000,00000000,00000000,00000000,00000000,0,7,8034C658,00000000,00000000,00000000
O,78,66,0101,800EC1AC,200,-4400,2000,00000000,00000000,00000000,00000000,00000000,00000000,0,7,8034C658,00000000,00000000,00000000
O,78,67,0101,800EC4A4,-1080,90,1575,00000000,00000000,00000000,00000000,00000000,00000000,0,7,80346038,00000000,00000000,00000000
O,78,68,0101,800ED028,-1179,445,1413,00000000,00002000,00000000,00000000,00000000,00000000,0,7,80346298,00000000,00000000,8010D88C
O,78,69,0101,800ED028,-1524,-1454,1129,00000000,FFFFE000,00000000,00000000,00000000,00000000,0,7,803464F8,00000000,00000000,8010D88C
O,78,70,0103,800EB688,-739.03772,-691.379578,1628.70984,00000000,00006A01,00000000,00000000,00000000,00000000,2,6,80346758,00000000,00000000,00000000
O,78,71,0101,800EA888,-1203,-19,-170,00000000,00002000,00000000,00000000,00000000,00000000,0,7,803469B8,00000000,00000000,80125088
O,78,72,0101,800EA8A8,0,20,-1400,00000000,00000000,00000000,00000000,00000000,00000000,1,6,80346C18,00000000,00000000,00000000
O,78,73,0101,800EA8A8,-250,20,-1700,00000000,00000000,00000000,00000000,00000000,00000000,1,6,80346E78,00000000,00000000,00000000
O,78,74,0101,800EA8A8,250,20,-1700,00000000,00000000,00000000,00000000,00000000,00000000,1,6,803470D8,00000000,00000000,00000000
O,78,75,0101,800EA8A8,0,20,-2000,00000000,00000000,00000000,00000000,00000000,00000000,1,6,80347338,00000000,00000000,00000000
O,78,76,0101,800EA8A8,500,20,-2000,00000000,00000000,00000000,00000000,00000000,00000000,1,6,80347598,00000000,00000000,00000000
O,78,77,0101,800EA8A8,-500,20,-2000,00000000,00000000,00000000,00000000,00000000,00000000,1,6,803477F8,00000000,00000000,00000000
O,78,78,0103,800E9868,880,-19,1160,00000000,00000000,00000000,00000000,00000000,00000000,0,7,80347A58,8034DE18,00000000,00000000
O,78,79,0101,800ED48C,800,-2460,160,00000000,00000000,00000000,00000000,00000000,00000000,0,7,80347CB8,00000000,00000000,00000000
O,78,80,0103,800E8C0C,-1120,-820,1320,00000000,00002000,00000000,00000000,00000000,00000000,0,7,80347F18,00000000,00000000,00000000
O,78,81,0103,800ED48C,-571,6020,-1414,00000000,00000000,00000000,00000000,00000000,00000000,0,7,80348178,00000000,00000000,00000000
O,78,82,0103,800ED1F8,620,-5150,1540,00000000,00000AF0,00000000,00000000,00000190,00000000,0,7,803483D8,00000000,00000000,00000000
O,78,83,0101,800EC424,-520,1351,1919,00000000,00000000,00000000,00000000,00000000,00000000,0,7,80348638,00000000,00000000,00000000
O,78,84,0101,800EC424,-165,1351,1919,00000000,00000000,00000000,00000000,00000000,00000000,0,7,80348898,00000000,00000000,00000000
O,78,85,0101,800EC424,182,1351,1919,00000000,00000000,00000000,00000000,00000000,00000000,0,7,80348AF8,00000000,00000000,00000000
O,78,86,0101,800EC3EC,657,1368,1879,00000000,00000000,00000000,00000000,00000000,00000000,0,7,80348D58,00000000,00000000,00000000
O,78,87,0103,800EB688,-857.376892,-2341.37964,-955.406555,00000000,0000DA86,00000000,00000000,00000000,00000000,2,6,80348FB8,00000000,00000000,00000000
O,78,88,0101,800EA570,1883,4150,550,00000000,00000000,00000000,00000000,00000000,00000000,2,6,80349218,00000000,00000000,8014A168
O,78,89,0103,800ED1F8,-1333,350,1116,00000000,00000AF0,00000000,00000000,00000190,00000000,0,7,80349478,00000000,00000000,00000000
O,78,90,0101,800EA570,-1101,6316,-685,00000000,00002000,00000000,00000000,00000000,00000000,2,6,803496D8,00000000,00000000,8014A168
O,78,91,0101,800EB474,1074.36462,-4822,665.819092,00000000,FFFFF70B,00000000,00000000,00000000,00000000,0,7,80349938,00000000,00000000,00000000
O,78,92,0101,800EB474,1680.36462,-4822,216.819153,00000000,FFFFF70B,00000000,00000000,00000000,00000000,0,7,80349B98,00000000,00000000,00000000
O,78,93,0101,800EA8A8,0,20,-1700,00000000,00000000,00000000,00000000,00000000,00000000,1,6,80349DF8,00000000,00000000,00000000
O,78,94,0101,800ECFCC,-1020,1229,537,00000000,00000000,00000000,00000000,00000000,00000000,0,7,8034A058,00000000,00000000,8010D5B4
O,78,95,0101,800EA570,2350,5600,2350,00000000,00002000,00000000,00000000,00000000,00000000,2,6,8034A2B8,00000000,00000000,8014A168
O,78,96,0101,800EA570,0,4783,0,00000000,00000000,00000000,00000000,00000000,00000000,2,6,8034A518,00000000,00000000,8014A168
O,78,97,0101,800EA570,-1140,-3720,-1620,00000000,00002000,00000000,00000000,00000000,00000000,2,6,8034A778,00000000,00000000,8014A168
O,78,98,0101,800EA570,840,-2200,860,00000000,00002000,00000000,00000000,00000000,00000000,2,6,8034A9D8,00000000,00000000,8014A168
O,78,99,0103,800E8C3C,-770,-3800,-440,00000000,00000000,00000000,00000000,00000000,00000000,0,7,8034AC38,00000000,00000000,00000000
O,78,100,0103,800E8C3C,-770,-3700,-440,00000000,00000000,00000000,00000000,00000000,00000000,0,7,8034AE98,00000000,00000000,00000000
O,78,101,0101,800EA570,280,-4920,1660,00000000,00000000,00000000,00000000,00000000,00000000,2,6,8034B0F8,00000000,00000000,8014A168
O,78,102,0101,800EA570,1240,300,840,00000000,00002000,00000000,00000000,00000000,00000000,2,6,8034B358,00000000,00000000,8014A168
O,78,103,0101,800EA570,520,300,1500,00000000,00002000,00000000,00000000,00000000,00000000,2,6,8034B5B8,00000000,00000000,8014A168
O,78,104,0101,800EA570,-400,3600,1880,00000000,00000000,00000000,00000000,00000000,00000000,2,6,8034B818,00000000,00000000,8014A168
O,78,105,0101,800EA570,-40,4160,-1280,00000000,00000000,00000000,00000000,00000000,00000000,2,6,8034BA78,00000000,00000000,8014A168
O,78,106,0101,800EA570,-1160,2920,-840,00000000,00002000,00000000,00000000,00000000,00000000,2,6,8034BCD8,00000000,00000000,8014A168
O,78,107,0101,800EA570,-780,6316,-1020,00000000,00002000,00000000,00000000,00000000,00000000,2,6,8034BF38,00000000,00000000,8014A168
O,78,108,0101,800ECF5C,1313,6190,1313,00000000,00002000,00000000,00000000,00000000,00000000,0,7,8034C198,00000000,00000000,8010D2E4
O,78,109,0101,800ECF5C,1851,-2488,-98,00000000,00000000,00000000,00000000,00000000,00000000,0,7,8034C3F8,00000000,00000000,8010D410
O,78,110,0101,800EC18C,1815,-3200,800,00000000,00000000,00000000,00000000,00000000,00000000,0,7,8034C658,00000000,00000000,00000000
O,78,111,0101,800EC13C,-1050,2400,-790,00000000,00003800,00000000,00000000,00000000,00000000,0,7,8034C8B8,00000000,00000000,00000000
O,78,112,0101,800EC13C,2200,7300,2210,00000000,00003800,00000000,00000000,00000000,00000000,0,7,8034CB18,00000000,00000000,00000000
O,78,113,0101,800EC13C,-1300,-2250,-1300,00000000,00003800,00000000,00000000,00000000,00000000,0,7,8034CD78,00000000,00000000,00000000
O,78,114,0101,800EC13C,-1850,300,-950,00000000,00003800,00000000,00000000,00000000,00000000,0,7,8034CFD8,00000000,00000000,00000000
O,78,115,0101,800EC13C,-1450,-1130,-1050,00000000,00003800,00000000,00000000,00000000,00000000,0,7,8034D238,00000000,00000000,00000000
O,78,116,0101,800E8EAC,1919,6262,1919,00000000,FFFFA000,00000000,00000000,00000000,00000000,0,7,8034D498,00000000,00000000,8011A38C
O,78,117,0101,800E8464,-1080,-840,1573,00000000,00000000,00000000,00000000,00000000,00000000,0,7,8034D6F8,00000000,00000000,00000000
O,78,118,0101,800EB274,1417,-3822,-548,00000000,FFFFE0B6,00000000,00000000,00000000,00000000,0,7,8034D958,00000000,00000000,00000000
O,78,119,0101,800EB1C0,1407.26904,-3906,-537.934082,00000000,FFFFE0B6,00000000,00000000,00000000,00000000,0,7,8034DBB8,00000000,00000000,00000000
O,78,120,0101,800E98C4,880,-19,1160,00000000,00000000,00000000,00000000,00000000,00000000,0,7,80347A58,00000000,00000000,00000000
O,78,121,0101,800ED86C,1815,-4762,800,00004000,00000700,00000000,00000000,00000000,00000000,0,7,8034C658,00000000,00000000,00000000
M,79,24,104971,3,00001924,0C400201,0,0,00000000,1407.26904,-3906,-537.934082,-1.39015019,-28,1.4378742,2,-8010,-4822,5243,00000000,80161C20,801693C0,8034D958,00000000,8034D958,00000000,8034DBB8,00000000,00000000,-1
O,79,0,0101,800ECEF0,-1032,-3291,1070,00000000,00002000,00000000,00000000,00000000,00000000,0,7,8033C118,00000000,00000000,8010CFA0
O,79,1,0101,800ECEF0,-1881,1767,-446,00000000,00004000,00000000,00000000,00000000,00000000,0,7,8033C378,00000000,00000000,8010CFA0
O,79,2,0101,800ECEF0,-1870,2068,362,00000000,00004000,00000000,00000000,00000000,00000000,0,7,8033C5D8,00000000,00000000,8010CFA0
O,79,3,0101,800ECEF0,-770,-4361,-423,00000000,FFFFA000,00000000,00000000,00000000,00000000,0,7,8033C838,00000000,00000000,8010CFA0
O,79,4,0101,800ECEF0,-1314,-3691,788,00000000,00006000,00000000,00000000,00000000,00000000,0,7,8033CA98,00000000,00000000,8010CFA0
O,79,5,0101,800ECEF0,-1314,-2892,1353,00000000,00006000,00000000,00000000,00000000,00000000,0,7,8033CCF8,00000000,00000000,8010CFA0
O,79,6,0101,800ECEF0,780,5767,-1027,00000000,FFFFE000,00000000,00000000,00000000,00000000,0,7,8033CF58,00000000,00000000,8010D038
O,79,7,0101,800ECEF0,1063,5562,-744,00000000,FFFFE000,00000000,00000000,00000000,00000000,0,7,8033D1B8,00000000,00000000,8010D038
O,79,8,0101,800ECF24,-1350,748,-1208,00000000,00002000,000018E3,00000000,00000000,00000000,0,7,8033D418,00000000,00000000,8010D0BC
O,79,9,0101,800ECF24,-690,901,-910,00000000,00002000,000018E3,00000000,00000000,00000000,0,7,8033D678,00000000,00000000,8010D0BC
O,79,10,0101,800ECF24,-1389,-3030,-1028,00000000,00002000,000018E3,00000000,00000000,00000000,0,7,8033D8D8,00000000,00000000,8010D0BC
O,79,11,0101,800ECF24,937,-3867,-1041,00000000,00002000,000018E3,00000000,00000000,00000000,0,7,8033DB38,00000000,00000000,8010D0BC
O,79,12,0101,800ECF5C,-139,-4408,-1056,00000000,00006000,00000000,00000000,00000000,00000000,0,7,8033DD98,00000000,00000000,8010D2E4
O,79,13,0101,800ECF5C,618,3656,148,00000000,00004000,00000000,00000000,00000000,00000000,0,7,8033DFF8,00000000,00000000,8010D410
O,79,14,0101,800ECF5C,963,3297,608,00000000,FFFFC000,00000000,00000000,00000000,00000000,0,7,8033E258,00000000,00000000,8010D410
O,79,15,0101,800ECF5C,1306,2939,1069,00000000,00004000,00000000,00000000,00000000,00000000,0,7,8033E4B8,00000000,00000000,8010D410
O,79,16,0101,800ECF5C,-1179,-1453,-792,00000000,FFFFE000,00000000,00000000,00000000,00000000,0,7,8033E718,00000000,00000000,8010D410
O,79,17,0101,800ECF94,174,1248,1790,00000000,FFFF8000,00000000,00000000,00000000,00000000,0,7,8033E978,00000000,00000000,8010D53C
O,79,18,0101,800ECF94,-1144.22327,1490,-1386.22327,00000000,00002000,00000000,00000000,00000000,00000000,0,7,8033EBD8,00000000,00000000,8010D53C
O,79,19,0101,800ECF94,-899.223328,1730,-1631.22327,00000000,00002000,00000000,00000000,00000000,00000000,0,7,8033EE38,00000000,00000000,8010D53C
O,79,20,0101,800ECF94,-1142.22327,1970,-1387.22327,00000000,00002000,00000000,00000000,00000000,00000000,0,7,8033F098,00000000,00000000,8010D53C
O,79,21,0101,800ECF94,-517,3175,1790,00000000,FFFF8000,00000000,00000000,00000000,00000000,0,7,8033F2F8,00000000,00000000,8010D53C
O,79,22,0101,800ECF94,-170,1248,1790,00000000,FFFF8000,00000000,00000000,00000000,00000000,0,7,8033F558,00000000,00000000,8010D53C
O,79,23,0101,800ECF94,-515,1248,1790,00000000,FFFF8000,00000000,00000000,00000000,00000000,0,7,8033F7B8,00000000,00000000,8010D53C
O,79,24,0101,800ECF94,-175,-1351,-1789,00000000,00000000,00000000,00000000,00000000,00000000,0,7,8033FA18,00000000,00000000,8010D53C
O,79,25,0101,800ECF94,-515,-2590,1790,00000000,FFFF8000,00000000,00000000,00000000,00000000,0,7,8033FC78,00000000,00000000,8010D53C
O,79,26,0101,800ECF94,518,3175,1790,00000000,FFFF8000,00000000,00000000,00000000,00000000,0,7,8033FED8,00000000,00000000,8010D53C
O,79,27,0101,800ECF94,-171,3175,1790,00000000,FFFF8000,00000000,00000000,00000000,00000000,0,7,80340138,00000000,00000000,8010D53C
O,79,28,0101,800ECF94,174,3175,1790,00000000,FFFF8000,00000000,00000000,00000000,00000000,0,7,80340398,00000000,00000000,8010D53C
O,79,29,0101,800ECFCC,1490,-2088,-873,00000000,00000000,00000000,00000000,00000000,00000000,0,7,803405F8,00000000,00000000,8010D5B4
O,79,30,0101,800ECFCC,-708,-1606,-1589,00000000,00000000,00000000,00000000,00000000,00000000,0,7,80340858,00000000,00000000,8010D5B4
O,79,31,0101,800ECFCC,954,-1627,-1448,00000000,00000000,00000000,00000000,00000000,00000000,0,7,80340AB8,00000000,00000000,8010D5B4
O,79,32,0101,800ECFCC,1215,-1781,-1215,00000000,00000000,00000000,00000000,00000000,00000000,0,7,80340D18,00000000,00000000,8010D5B4
O,79,33,0101,800ECFCC,1052,-1934,-769,00000000,00000000,00000000,00000000,00000000,00000000,0,7,80340F78,00000000,00000000,8010D5B4
O,79,34,0101,800ECFCC,-620,1229,1233,00000000,FFFFA000,00000000,00000000,00000000,00000000,0,7,803411D8,00000000,00000000,8010D680
O,79,35,0101,800ECFCC,1050,-19,-1037,00000000,FFFFE000,00000000,00000000,00000000,00000000,0,7,80341438,00000000,00000000,8010D680
O,79,36,0101,800ECFF8,-1100,259,-1030,00000000,FFFFE000,00000000,00000000,00000000,00000000,0,1,80341698,00000000,00000000,8010D784
O,79,37,0101,800ED064,0,6011,0,00000000,FFFFA000,00000000,00000000,00000000,00000000,0,7,803418F8,00000000,00000000,8010D910
O,79,38,0101,800ED064,0,-2487,0,00000000,00002000,00000000,00000000,00000000,00000000,0,7,80341B58,00000000,00000000,8010D910
O,79,39,0101,800ED090,1102,-3619,1682,00000000,00006000,00000000,00000000,00000000,00000000,0,7,80341DB8,00000000,00000000,8010DA00
O,79,40,0101,800ED090,424,-3312,1959,00000000,00004000,00000000,00000000,00000000,00000000,0,7,80342018,00000000,00000000,8010DA00
O,79,41,0101,800ED090,1102,-3004,1682,00000000,00006000,00000000,00000000,00000000,00000000,0,7,80342278,00000000,00000000,8010DA00
O,79,42,0101,800ED090,1584,-2697,1200,00000000,00006000,00000000,00000000,00000000,00000000,0,7,803424D8,00000000,00000000,8010DA00
O,79,43,0101,800ED090,1582,-3619,1203,00000000,00006000,00000000,00000000,00000000,00000000,0,7,80342738,00000000,00000000,8010DA00
O,79,44,0101,800ED090,-762,4347,1047,00000000,00006000,00000000,00000000,00000000,00000000,0,7,80342998,00000000,00000000,8010DA00
O,79,45,0101,800ED090,424,-3926,1959,00000000,00004000,00000000,00000000,00000000,00000000,0,7,80342BF8,00000000,00000000,8010DA00
O,79,46,0101,800ED090,1102,-4233,1682,00000000,00006000,00000000,00000000,00000000,00000000,0,7,80342E58,00000000,00000000,8010DA00
O,79,47,0101,800ED090,1102,-4848,1682,00000000,00006000,00000000,00000000,00000000,00000000,0,7,803430B8,00000000,00000000,8010DA00
O,79,48,0101,800ED090,424,-4540,1959,00000000,00004000,00000000,00000000,00000000,00000000,0,7,80343318,00000000,00000000,8010DA00
O,79,49,0101,800ED090,-1037,4244,772,00000000,FFFFE000,00000000,00000000,00000000,00000000,0,7,80343578,00000000,00000000,8010DA00
O,79,50,0101,800ED090,1828,3835,-50,00000000,00000000,00000000,00000000,00000000,00000000,0,7,803437D8,00000000,00000000,8010DA00
O,79,51,0101,800ED090,1459,3835,-357,00000000,00000000,00000000,00000000,00000000,00000000,0,7,80343A38,00000000,00000000,8010DA00
O,79,52,0101,800ED090,1091,3835,-665,00000000,00000000,00000000,00000000,00000000,00000000,0,7,80343C98,00000000,00000000,8010DA00
O,79,53,0101,800ED064,1580,-4854,-825,00000000,00000000,00000000,00000000,00000000,00000000,0,7,80343EF8,00000000,00000000,8010D910
O,79,54,0101,800ED064,-1692,1022,-1157,00000000,00000000,00000000,00000000,00000000,00000000,0,7,80344158,00000000,00000000,8010D910
O,79,55,0101,800ED064,2098,7007,2243,00000000,00000000,00000000,00000000,00000000,00000000,0,7,803443B8,00000000,00000000,8010D910
O,79,56,0101,800ED064,1801,-4843,-731,00000000,00000000,00000000,00000000,00000000,00000000,0,7,80344618,00000000,00000000,8010D910
O,79,57,0101,800ED064,-1477,1044,-1088,00000000,00000000,00000000,00000000,00000000,00000000,0,7,80344878,00000000,00000000,8010D910
O,79,58,0101,800ED064,2268,7030,2227,00000000,00000000,00000000,00000000,00000000,00000000,0,7,80344AD8,00000000,00000000,8010D910
O,79,59,0101,800EC1AC,800,-4400,1900,00000000,00000000,00000000,00000000,00000000,00000000,0,7,8034C658,00000000,00000000,00000000
O,79,60,0101,800EC1AC,800,-3700,1900,00000000,00000000,00000000,00000000,00000000,00000000,0,7,8034C658,00000000,00000000,00000000
O,79,61,0101,800EC1AC,800,-3000,1900,00000000,00000000,00000000,00000000,00000000,00000000,0,7,8034C658,00000000,00000000,00000000
O,79,62,0101,800EC1AC,1780,-3300,1000,00000000,00000000,00000000,00000000,00000000,00000000,0,7,8034C658,00000000,00000000,00000000
O,79,63,0101,800EC1AC,1388,-3300,1428,00000000,00000000,00000000,00000000,00000000,00000000,0,7,8034C658,00000000,00000000,00000000
O,79,64,0101,800EC1AC,200,-3000,2000,00000000,00000000,00000000,00000000,00000000,00000000,0,7,8034C658,00000000,00000000,00000000
O,79,65,0101,800EC1AC,200,-3700,2000,00000000,00000000,00000000,00000000,00000000,00000000,0,7,8034C658,00000000,00000000,00000000
O,79,66,0101,800EC1AC,200,-4400,2000,00000000,00000000,00000000,00000000,00000000,00000000,0,7,8034C658,00000000,00000000,00000000
O,79,67,0101,800EC4A4,-1080,90,1575,00000000,00000000,00000000,00000000,00000000,00000000,0,7,80346038,00000000,00000000,00000000
O,79,68,0101,800ED028,-1179,445,1413,00000000,00002000,00000000,00000000,00000000,00000000,0,7,80346298,00000000,00000000,8010D88C
O,79,69,0101,800ED028,-1524,-1454,1129,00000000,FFFFE000,00000000,00000000,00000000,00000000,0,7,803464F8,00000000,00000000,8010D88C
O,79,70,0103,800EB688,-739.03772,-691.379578,1628.70984,00000000,00006A01,00000000,00000000,00000000,00000000,2,6,80346758,00000000,00000000,00000000
O,79,71,0101,800EA888,-1203,-19,-170,00000000,00002000,00000000,00000000,00000000,00000000,0,7,803469B8,00000000,00000000,80125088
O,79,72,0101,800EA8A8,0,20,-1400,00000000,00000000,00000000,00000000,00000000,00000000,1,6,80346C18,00000000,00000000,00000000
O,79,73,0101,800EA8A8,-250,20,-1700,00000000,00000000,00000000,00000000,00000000,00000000,1,6,80346E78,00000000,00000000,00000000
O,79,74,0101,800EA8A8,250,20,-1700,00000000,00000000,00000000,00000000,00000000,00000000,1,6,803470D8,00000000,00000000,00000000
O,79,75,0101,800EA8A8,0,20,-2000,00000000,00000000,00000000,00000000,00000000,00000000,1,6,80347338,00000000,00000000,00000000
O,79,76,0101,800EA8A8,500,20,-2000,00000000,00000000,00000000,00000000,00000000,00000000,1,6,80347598,00000000,00000000,00000000
O,79,77,0101,800EA8A8,-500,20,-2000,00000000,00000000,00000000,00000000,00000000,00000000,1,6,803477F8,00000000,00000000,00000000
O,79,78,0103,800E9868,880,-19,1160,00000000,00000000,00000000,00000000,00000000,00000000,0,7,80347A58,8034DE18,00000000,00000000
O,79,79,0101,800ED48C,800,-2460,160,00000000,00000000,00000000,00000000,00000000,00000000,0,7,80347CB8,00000000,00000000,00000000
O,79,80,0103,800E8C0C,-1120,-820,1320,00000000,00002000,00000000,00000000,00000000,00000000,0,7,80347F18,00000000,00000000,00000000
O,79,81,0103,800ED48C,-571,6020,-1414,00000000,00000000,00000000,00000000,00000000,00000000,0,7,80348178,00000000,00000000,00000000
O,79,82,0103,800ED1F8,620,-5150,1540,00000000,00000AF0,00000000,00000000,00000190,00000000,0,7,803483D8,00000000,00000000,00000000
O,79,83,0101,800EC424,-520,1351,1919,00000000,00000000,00000000,00000000,00000000,00000000,0,7,80348638,00000000,00000000,00000000
O,79,84,0101,800EC424,-165,1351,1919,00000000,00000000,00000000,00000000,00000000,00000000,0,7,80348898,00000000,00000000,00000000
O,79,85,0101,800EC424,182,1351,1919,00000000,00000000,00000000,00000000,00000000,00000000,0,7,80348AF8,00000000,00000000,00000000
O,79,86,0101,800EC3EC,657,1368,1879,00000000,00000000,00000000,00000000,00000000,00000000,0,7,80348D58,00000000,00000000,00000000
O,79,87,0103,800EB688,-857.376892,-2341.37964,-955.406555,00000000,0000DA86,00000000,00000000,00000000,00000000,2,6,80348FB8,00000000,00000000,00000000
O,79,88,0101,800EA570,1883,4150,550,00000000,00000000,00000000,00000000,00000000,00000000,2,6,80349218,00000000,00000000,8014A168
O,79,89,0103,800ED1F8,-1333,350,1116,00000000,00000AF0,00000000,00000000,00000190,00000000,0,7,80349478,00000000,00000000,00000000
O,79,90,0101,800EA570,-1101,6316,-685,00000000,00002000,00000000,00000000,00000000,00000000,2,6,803496D8,00000000,00000000,8014A168
O,79,91,0101,800EB474,1074.36462,-4822,665.819092,00000000,FFFFF70B,00000000,00000000,00000000,00000000,0,7,80349938,00000000,00000000,00000000
O,79,92,0101,800EB474,1680.36462,-4822,216.819153,00000000,FFFFF70B,00000000,00000000,00000000,00000000,0,7,80349B98,00000000,00000000,00000000
O,79,93,0101,800EA8A8,0,20,-1700,00000000,00000000,00000000,00000000,00000000,00000000,1,6,80349DF8,00000000,00000000,00000000
O,79,94,0101,800ECFCC,-1020,1229,537,00000000,00000000,00000000,00000000,00000000,00000000,0,7,8034A058,00000000,00000000,8010D5B4
O,79,95,0101,800EA570,2350,5600,2350,00000000,00002000,00000000,00000000,00000000,00000000,2,6,8034A2B8,00000000,00000000,8014A168
O,79,96,0101,800EA570,0,4783,0,00000000,00000000,00000000,00000000,00000000,00000000,2,6,8034A518,00000000,00000000,8014A168
O,79,97,0101,800EA570,-1140,-3720,-1620,00000000,00002000,00000000,00000000,00000000,00000000,2,6,8034A778,00000000,00000000,8014A168
O,79,98,0101,800EA570,840,-2200,860,00000000,00002000,00000000,00000000,00000000,00000000,2,6,8034A9D8,00000000,00000000,8014A168
O,79,99,0103,800E8C3C,-770,-3800,-440,00000000,00000000,00000000,00000000,00000000,00000000,0,7,8034AC38,00000000,00000000,00000000
O,79,100,0103,800E8C3C,-770,-3700,-440,00000000,00000000,00000000,00000000,00000000,00000000,0,7,8034AE98,00000000,00000000,00000000
O,79,101,0101,800EA570,280,-4920,1660,00000000,00000000,00000000,00000000,00000000,00000000,2,6,8034B0F8,00000000,00000000,8014A168
O,79,102,0101,800EA570,1240,300,840,00000000,00002000,00000000,00000000,00000000,00000000,2,6,8034B358,00000000,00000000,8014A168
O,79,103,0101,800EA570,520,300,1500,00000000,00002000,00000000,00000000,00000000,00000000,2,6,8034B5B8,00000000,00000000,8014A168
O,79,104,0101,800EA570,-400,3600,1880,00000000,00000000,00000000,00000000,00000000,00000000,2,6,8034B818,00000000,00000000,8014A168
O,79,105,0101,800EA570,-40,4160,-1280,00000000,00000000,00000000,00000000,00000000,00000000,2,6,8034BA78,00000000,00000000,8014A168
O,79,106,0101,800EA570,-1160,2920,-840,00000000,00002000,00000000,00000000,00000000,00000000,2,6,8034BCD8,00000000,00000000,8014A168
O,79,107,0101,800EA570,-780,6316,-1020,00000000,00002000,00000000,00000000,00000000,00000000,2,6,8034BF38,00000000,00000000,8014A168
O,79,108,0101,800ECF5C,1313,6190,1313,00000000,00002000,00000000,00000000,00000000,00000000,0,7,8034C198,00000000,00000000,8010D2E4
O,79,109,0101,800ECF5C,1851,-2488,-98,00000000,00000000,00000000,00000000,00000000,00000000,0,7,8034C3F8,00000000,00000000,8010D410
O,79,110,0101,800EC18C,1815,-3200,800,00000000,00000000,00000000,00000000,00000000,00000000,0,7,8034C658,00000000,00000000,00000000
O,79,111,0101,800EC13C,-1050,2400,-790,00000000,00003800,00000000,00000000,00000000,00000000,0,7,8034C8B8,00000000,00000000,00000000
O,79,112,0101,800EC13C,2200,7300,2210,00000000,00003800,00000000,00000000,00000000,00000000,0,7,8034CB18,00000000,00000000,00000000
O,79,113,0101,800EC13C,-1300,-2250,-1300,00000000,00003800,00000000,00000000,00000000,00000000,0,7,8034CD78,00000000,00000000,00000000
O,79,114,0101,800EC13C,-1850,300,-950,00000000,00003800,00000000,00000000,00000000,00000000,0,7,8034CFD8,00000000,00000000,00000000
O,79,115,0101,800EC13C,-1450,-1130,-1050,00000000,00003800,00000000,00000000,00000000,00000000,0,7,8034D238,00000000,00000000,00000000
O,79,116,0101,800E8EAC,1919,6262,1919,00000000,FFFFA000,00000000,00000000,00000000,00000000,0,7,8034D498,00000000,00000000,8011A38C
O,79,117,0101,800E8464,-1080,-840,1573,00000000,00000000,00000000,00000000,00000000,00000000,0,7,8034D6F8,00000000,00000000,00000000
O,79,118,0101,800EB274,1417,-3822,-548,00000000,FFFFE0B6,00000000,00000000,00000000,00000000,0,7,8034D958,00000000,00000000,00000000
O,79,119,0101,800EB1C0,1407.26904,-3906,-537.934082,00000000,FFFFE0B6,00000000,00000000,00000000,00000000,0,7,8034DBB8,00000000,00000000,00000000
O,79,120,0101,800E98C4,880,-19,1160,00000000,00000000,00000000,00000000,00000000,00000000,0,7,80347A58,00000000,00000000,00000000
O,79,121,0101,800ED86C,1815,-4762,800,00004000,00000700,00000000,00000000,00000000,00000000,0,7,8034C658,00000000,00000000,00000000
M,80,25,104972,3,00001924,0C400201,0,0,00000000,1405.87891,-3934,-536.496094,-1.39015019,-32,1.4378742,2,-8010,-4822,5243,00000000,80161C20,801693C0,8034D958,00000000,8034D958,00000000,8034DBB8,00000000,00000000,-1
O,80,0,0101,800ECEF0,-1032,-3291,1070,00000000,00002000,00000000,00000000,00000000,00000000,0,8,8033C118,00000000,00000000,8010CFA0
O,80,1,0101,800ECEF0,-1881,1767,-446,00000000,00004000,00000000,00000000,00000000,00000000,0,8,8033C378,00000000,00000000,8010CFA0
O,80,2,0101,800ECEF0,-1870,2068,362,00000000,00004000,00000000,00000000,00000000,00000000,0,8,8033C5D8,00000000,00000000,8010CFA0
O,80,3,0101,800ECEF0,-770,-4361,-423,00000000,FFFFA000,00000000,00000000,00000000,00000000,0,8,8033C838,00000000,00000000,8010CFA0
O,80,4,0101,800ECEF0,-1314,-3691,788,00000000,00006000,00000000,00000000,00000000,00000000,0,8,8033CA98,00000000,00000000,8010CFA0
O,80,5,0101,800ECEF0,-1314,-2892,1353,00000000,00006000,00000000,00000000,00000000,00000000,0,8,8033CCF8,00000000,00000000,8010CFA0
O,80,6,0101,800ECEF0,780,5767,-1027,00000000,FFFFE000,00000000,00000000,00000000,00000000,0,8,8033CF58,00000000,00000000,8010D038
O,80,7,0101,800ECEF0,1063,5562,-744,00000000,FFFFE000,00000000,00000000,00000000,00000000,0,8,8033D1B8,00000000,00000000,8010D038
O,80,8,0101,800ECF24,-1350,748,-1208,00000000,00002000,000018E3,00000000,00000000,00000000,0,8,8033D418,00000000,00000000,8010D0BC
O,80,9,0101,800ECF24,-690,901,-910,00000000,00002000,000018E3,00000000,00000000,00000000,0,8,8033D678,00000000,00000000,8010D0BC
O,80,10,0101,800ECF24,-1389,-3030,-1028,00000000,00002000,000018E3,00000000,00000000,00000000,0,8,8033D8D8,00000000,00000000,8010D0BC
O,80,11,0101,800ECF24,937,-3867,-1041,00000000,00002000,000018E3,00000000,00000000,00000000,0,8,8033DB38,00000000,00000000,8010D0BC
O,80,12,0101,800ECF5C,-139,-4408,-1056,00000000,00006000,00000000,00000000,00000000,00000000,0,8,8033DD98,00000000,00000000,8010D2E4
O,80,13,0101,800ECF5C,618,3656,148,00000000,00004000,00000000,00000000,00000000,00000000,0,8,8033DFF8,00000000,00000000,8010D410
O,80,14,0101,800ECF5C,963,3297,608,00000000,FFFFC000,00000000,00000000,00000000,00000000,0,8,8033E258,00000000,00000000,8010D410
O,80,15,0101,800ECF5C,1306,2939,1069,00000000,00004000,00000000,00000000,00000000,00000000,0,8,8033E4B8,00000000,00000000,8010D410
O,80,16,0101,800ECF5C,-1179,-1453,-792,00000000,FFFFE000,00000000,00000000,00000000,00000000,0,8,8033E718,00000000,00000000,8010D410
O,80,17,0101,800ECF94,174,1248,1790,00000000,FFFF8000,00000000,00000000,00000000,00000000,0,8,8033E978,00000000,00000000,8010D53C
O,80,18,0101,800ECF94,-1144.22327,1490,-1386.22327,00000000,00002000,00000000,00000000,00000000,00000000,0,8,8033EBD8,00000000,00000000,8010D53C
O,80,19,0101,800ECF94,-899.223328,1730,-1631.22327,00000000,00002000,00000000,00000000,00000000,00000000,0,8,8033EE38,00000000,00000000,8010D53C
O,80,20,0101,800ECF94,-1142.22327,1970,-1387.22327,00000000,00002000,00000000,00000000,00000000,00000000,0,8,8033F098,00000000,00000000,8010D53C
O,80,21,0101,800ECF94,-517,3175,1790,00000000,FFFF8000,00000000,00000000,00000000,00000000,0,8,8033F2F8,00000000,00000000,8010D53C
O,80,22,0101,800ECF94,-170,1248,1790,00000000,FFFF8000,00000000,00000000,00000000,00000000,0,8,8033F558,00000000,00000000,8010D53C
O,80,23,0101,800ECF94,-515,1248,1790,00000000,FFFF8000,00000000,00000000,00000000,00000000,0,8,8033F7B8,00000000,00000000,8010D53C
O,80,24,0101,800ECF94,-175,-1351,-1789,00000000,00000000,00000000,00000000,00000000,00000000,0,8,8033FA18,00000000,00000000,8010D53C
O,80,25,0101,800ECF94,-515,-2590,1790,00000000,FFFF8000,00000000,00000000,00000000,00000000,0,8,8033FC78,00000000,00000000,8010D53C
O,80,26,0101,800ECF94,518,3175,1790,00000000,FFFF8000,00000000,00000000,00000000,00000000,0,8,8033FED8,00000000,00000000,8010D53C
O,80,27,0101,800ECF94,-171,3175,1790,00000000,FFFF8000,00000000,00000000,00000000,00000000,0,8,80340138,00000000,00000000,8010D53C
O,80,28,0101,800ECF94,174,3175,1790,00000000,FFFF8000,00000000,00000000,00000000,00000000,0,8,80340398,00000000,00000000,8010D53C
O,80,29,0101,800ECFCC,1490,-2088,-873,00000000,00000000,00000000,00000000,00000000,00000000,0,8,803405F8,00000000,00000000,8010D5B4
O,80,30,0101,800ECFCC,-708,-1606,-1589,00000000,00000000,00000000,00000000,00000000,00000000,0,8,80340858,00000000,00000000,8010D5B4
O,80,31,0101,800ECFCC,954,-1627,-1448,00000000,00000000,00000000,00000000,00000000,00000000,0,8,80340AB8,00000000,00000000,8010D5B4
O,80,32,0101,800ECFCC,1215,-1781,-1215,00000000,00000000,00000000,00000000,00000000,00000000,0,8,80340D18,00000000,00000000,8010D5B4
O,80,33,0101,800ECFCC,1052,-1934,-769,00000000,00000000,00000000,00000000,00000000,00000000,0,8,80340F78,00000000,00000000,8010D5B4
O,80,34,0101,800ECFCC,-620,1229,1233,00000000,FFFFA000,00000000,00000000,00000000,00000000,0,8,803411D8,00000000,00000000,8010D680
O,80,35,0101,800ECFCC,1050,-19,-1037,00000000,FFFFE000,00000000,00000000,00000000,00000000,0,8,80341438,00000000,00000000,8010D680
O,80,36,0101,800ECFF8,-1100,259,-1030,00000000,FFFFE000,00000000,00000000,00000000,00000000,0,1,80341698,00000000,00000000,8010D784
O,80,37,0101,800ED064,0,6011,0,00000000,FFFFA000,00000000,00000000,00000000,00000000,0,8,803418F8,00000000,00000000,8010D910
O,80,38,0101,800ED064,0,-2487,0,00000000,00002000,00000000,00000000,00000000,00000000,0,8,80341B58,00000000,00000000,8010D910
O,80,39,0101,800ED090,1102,-3619,1682,00000000,00006000,00000000,00000000,00000000,00000000,0,8,80341DB8,00000000,00000000,8010DA00
O,80,40,0101,800ED090,424,-3312,1959,00000000,00004000,00000000,00000000,00000000,00000000,0,8,80342018,00000000,00000000,8010DA00
O,80,41,0101,800ED090,1102,-3004,1682,00000000,00006000,00000000,00000000,00000000,00000000,0,8,80342278,00000000,00000000,8010DA00
O,80,42,0101,800ED090,1584,-2697,1200,00000000,00006000,00000000,00000000,00000000,00000000,0,8,803424D8,00000000,00000000,8010DA00
O,80,43,0101,800ED090,1582,-3619,1203,00000000,00006000,00000000,00000000,00000000,00000000,0,8,80342738,00000000,00000000,8010DA00
O,80,44,0101,800ED090,-762,4347,1047,00000000,00006000,00000000,00000000,00000000,00000000,0,8,80342998,00000000,00000000,8010DA00
O,80,45,0101,800ED090,424,-3926,1959,00000000,00004000,00000000,00000000,00000000,00000000,0,8,80342BF8,00000000,00000000,8010DA00
O,80,46,0101,800ED090,1102,-4233,1682,00000000,00006000,00000000,00000000,00000000,00000000,0,8,80342E58,00000000,00000000,8010DA00
O,80,47,0101,800ED090,1102,-4848,1682,00000000,00006000,00000000,00000000,00000000,00000000,0,8,803430B8,00000000,00000000,8010DA00
O,80,48,0101,800ED090,424,-4540,1959,00000000,00004000,00000000,00000000,00000000,00000000,0,8,80343318,00000000,00000000,8010DA00
O,80,49,0101,800ED090,-1037,4244,772,00000000,FFFFE000,00000000,00000000,00000000,00000000,0,8,80343578,00000000,00000000,8010DA00
O,80,50,0101,800ED090,1828,3835,-50,00000000,00000000,00000000,00000000,00000000,00000000,0,8,803437D8,00000000,00000000,8010DA00
O,80,51,0101,800ED090,1459,3835,-357,00000000,00000000,00000000,00000000,00000000,00000000,0,8,80343A38,00000000,00000000,8010DA00
O,80,52,0101,800ED090,1091,3835,-665,00000000,00000000,00000000,00000000,00000000,00000000,0,8,80343C98,00000000,00000000,8010DA00
O,80,53,0101,800ED064,1580,-4854,-825,00000000,00000000,00000000,00000000,00000000,00000000,0,8,80343EF8,00000000,00000000,8010D910
O,80,54,0101,800ED064,-1692,1022,-1157,00000000,00000000,00000000,00000000,00000000,00000000,0,8,80344158,00000000,00000000,8010D910
O,80,55,0101,800ED064,2098,7007,2243,00000000,00000000,00000000,00000000,00000000,00000000,0,8,803443B8,00000000,00000000,8010D910
O,80,56,0101,800ED064,1801,-4843,-731,00000000,00000000,00000000,00000000,00000000,00000000,0,8,80344618,00000000,00000000,8010D910
O,80,57,0101,800ED064,-1477,1044,-1088,00000000,00000000,00000000,00000000,00000000,00000000,0,8,80344878,00000000,00000000,8010D910
O,80,58,0101,800ED064,2268,7030,2227,00000000,00000000,00000000,00000000,00000000,00000000,0,8,80344AD8,00000000,00000000,8010D910
O,80,59,0101,800EC1AC,800,-4400,1900,00000000,00000000,00000000,00000000,00000000,00000000,0,8,8034C658,00000000,00000000,00000000
O,80,60,0101,800EC1AC,800,-3700,1900,00000000,00000000,00000000,00000000,00000000,00000000,0,8,8034C658,00000000,00000000,00000000
O,80,61,0101,800EC1AC,800,-3000,1900,00000000,00000000,00000000,00000000,00000000,00000000,0,8,8034C658,00000000,00000000,00000000
O,80,62,0101,800EC1AC,1780,-3300,1000,00000000,00000000,00000000,00000000,00000000,00000000,0,8,8034C658,00000000,00000000,00000000
O,80,63,0101,800EC1AC,1388,-3300,1428,00000000,00000000,00000000,00000000,00000000,00000000,0,8,8034C658,00000000,00000000,00000000
O,80,64,0101,800EC1AC,200,-3000,2000,00000000,00000000,00000000,00000000,00000000,00000000,0,8,8034C658,00000000,00000000,00000000
O,80,65,0101,800EC1AC,200,-3700,2000,00000000,00000000,00000000,00000000,00000000,00000000,0,8,8034C658,00000000,00000000,00000000
O,80,66,0101,800EC1AC,200,-4400,2000,00000000,00000000,00000000,00000000,00000000,00000000,0,8,8034C658,00000000,00000000,00000000
O,80,67,0101,800EC4A4,-1080,90,1575,00000000,00000000,00000000,00000000,00000000,00000000,0,8,80346038,00000000,00000000,00000000
O,80,68,0101,800ED028,-1179,445,1413,00000000,00002000,00000000,00000000,00000000,00000000,0,8,80346298,00000000,00000000,8010D88C
O,80,69,0101,800ED028,-1524,-1454,1129,00000000,FFFFE000,00000000,00000000,00000000,00000000,0,8,803464F8,00000000,00000000,8010D88C
O,80,70,0103,800EB688,-722.681396,-697.655396,1604.23083,00000000,00006E01,00000000,00000000,00000000,00000000,2,7,80346758,00000000,00000000,00000000
O,80,71,0101,800EA888,-1203,-19,-170,00000000,00002000,00000000,00000000,00000000,00000000,0,8,803469B8,00000000,00000000,80125088
O,80,72,0101,800EA8A8,0,20,-1400,00000000,00000000,00000000,00000000,00000000,00000000,1,7,80346C18,00000000,00000000,00000000
O,80,73,0101,800EA8A8,-250,20,-1700,00000000,00000000,00000000,00000000,00000000,00000000,1,7,80346E78,00000000,00000000,00000000
O,80,74,0101,800EA8A8,250,20,-1700,00000000,00000000,00000000,00000000,00000000,00000000,1,7,803470D8,00000000,00000000,00000000
O,80,75,0101,800EA8A8,0,20,-2000,00000000,00000000,00000000,00000000,00000000,00000000,1,7,80347338,00000000,00000000,00000000
O,80,76,0101,800EA8A8,500,20,-2000,00000000,00000000,00000000,00000000,00000000,00000000,1,7,80347598,00000000,00000000,00000000
O,80,77,0101,800EA8A8,-500,20,-2000,00000000,00000000,00000000,00000000,00000000,00000000,1,7,803477F8,00000000,00000000,00000000
O,80,78,0103,800E9868,880,-19,1160,00000000,00000000,00000000,00000000,00000000,00000000,0,8,80347A58,8034DE18,00000000,00000000
O,80,79,0101,800ED48C,800,-2460,160,00000000,00000000,00000000,00000000,00000000,00000000,0,8,80347CB8,00000000,00000000,00000000
O,80,80,0103,800E8C0C,-1120,-820,1320,00000000,00002000,00000000,00000000,00000000,00000000,0,8,80347F18,00000000,00000000,00000000
O,80,81,0103,800ED48C,-571,6020,-1414,00000000,00000000,00000000,00000000,00000000,00000000,0,8,80348178,00000000,00000000,00000000
O,80,82,0103,800ED1F8,620,-5150,1540,00000000,00000C80,00000000,00000000,00000190,00000000,0,8,803483D8,00000000,00000000,00000000
O,80,83,0101,800EC424,-520,1351,1919,00000000,00000000,00000000,00000000,00000000,00000000,0,8,80348638,00000000,00000000,00000000
O,80,84,0101,800EC424,-165,1351,1919,00000000,00000000,00000000,00000000,00000000,00000000,0,8,80348898,00000000,00000000,00000000
O,80,85,0101,800EC424,182,1351,1919,00000000,00000000,00000000,00000000,00000000,00000000,0,8,80348AF8,00000000,00000000,00000000
O,80,86,0101,800EC3EC,657,1368,1879,00000000,00000000,00000000,00000000,00000000,00000000,0,8,80348D58,00000000,00000000,00000000
O,80,87,0103,800EB688,-881.65332,-2347.65552,-938.751099,00000000,0000DE86,00000000,00000000,00000000,00000000,2,7,80348FB8,00000000,00000000,00000000
O,80,88,0101,800EA570,1883,4150,550,00000000,00000000,00000000,00000000,00000000,00000000,2,7,80349218,00000000,00000000,8014A168
O,80,89,0103,800ED1F8,-1333,350,1116,00000000,00000C80,00000000,00000000,00000190,00000000,0,8,80349478,00000000,00000000,00000000
O,80,90,0101,800EA570,-1101,6316,-685,00000000,00002000,00000000,00000000,00000000,00000000,2,7,803496D8,00000000,00000000,8014A168
O,80,91,0101,800EB474,1073.48218,-4822,669.720581,00000000,FFFFF5BF,00000000,00000000,00000000,00000000,0,8,80349938,00000000,00000000,00000000
O,80,92,0101,800EB474,1679.48218,-4822,220.720612,00000000,FFFFF5BF,00000000,00000000,00000000,00000000,0,8,80349B98,00000000,00000000,00000000
O,80,93,0101,800EA8A8,0,20,-1700,00000000,00000000,00000000,00000000,00000000,00000000,1,7,80349DF8,00000000,00000000,00000000
O,80,94,0101,800ECFCC,-1020,1229,537,00000000,00000000,00000000,00000000,00000000,00000000,0,8,8034A058,00000000,00000000,8010D5B4
O,80,95,0101,800EA570,2350,5600,2350,00000000,00002000,00000000,00000000,00000000,00000000,2,7,8034A2B8,00000000,00000000,8014A168
O,80,96,0101,800EA570,0,4783,0,00000000,00000000,00000000,00000000,00000000,00000000,2,7,8034A518,00000000,00000000,8014A168
O,80,97,0101,800EA570,-1140,-3720,-1620,00000000,00002000,00000000,00000000,00000000,00000000,2,7,8034A778,00000000,00000000,8014A168
O,80,98,0101,800EA570,840,-2200,860,00000000,00002000,00000000,00000000,00000000,00000000,2,7,8034A9D8,00000000,00000000,8014A168
O,80,99,0103,800E8C3C,-770,-3800,-440,00000000,00000000,00000000,00000000,00000000,00000000,0,8,8034AC38,00000000,00000000,00000000
O,80,100,0103,800E8C3C,-770,-3700,-440,00000000,00000000,00000000,00000000,00000000,00000000,0,8,8034AE98,00000000,00000000,00000000
O,80,101,0101,800EA570,280,-4920,1660,00000000,00000000,00000000,00000000,00000000,00000000,2,7,8034B0F8,00000000,00000000,8014A168
O,80,102,0101,800EA570,1240,300,840,00000000,00002000,00000000,00000000,00000000,00000000,2,7,8034B358,00000000,00000000,8014A168
O,80,103,0101,800EA570,520,300,1500,00000000,00002000,00000000,00000000,00000000,00000000,2,7,8034B5B8,00000000,00000000,8014A168
O,80,104,0101,800EA570,-400,3600,1880,00000000,00000000,00000000,00000000,00000000,00000000,2,7,8034B818,00000000,00000000,8014A168
O,80,105,0101,800EA570,-40,4160,-1280,00000000,00000000,00000000,00000000,00000000,00000000,2,7,8034BA78,00000000,00000000,8014A168
O,80,106,0101,800EA570,-1160,2920,-840,00000000,00002000,00000000,00000000,00000000,00000000,2,7,8034BCD8,00000000,00000000,8014A168
O,80,107,0101,800EA570,-780,6316,-1020,00000000,00002000,00000000,00000000,00000000,00000000,2,7,8034BF38,00000000,00000000,8014A168
O,80,108,0101,800ECF5C,1313,6190,1313,00000000,00002000,00000000,00000000,00000000,00000000,0,8,8034C198,00000000,00000000,8010D2E4
O,80,109,0101,800ECF5C,1851,-2488,-98,00000000,00000000,00000000,00000000,00000000,00000000,0,8,8034C3F8,00000000,00000000,8010D410
O,80,110,0101,800EC18C,1815,-3200,800,00000000,00000000,00000000,00000000,00000000,00000000,0,8,8034C658,00000000,00000000,00000000
O,80,111,0101,800EC13C,-1050,2400,-790,00000000,00004000,00000000,00000000,00000000,00000000,0,8,8034C8B8,00000000,00000000,00000000
O,80,112,0101,800EC13C,2200,7300,2210,00000000,00004000,00000000,00000000,00000000,00000000,0,8,8034CB18,00000000,00000000,00000000
O,80,113,0101,800EC13C,-1300,-2250,-1300,00000000,00004000,00000000,00000000,00000000,00000000,0,8,8034CD78,00000000,00000000,00000000
O,80,114,0101,800EC13C,-1850,300,-950,00000000,00004000,00000000,00000000,00000000,00000000,0,8,8034CFD8,00000000,00000000,00000000
O,80,115,0101,800EC13C,-1450,-1130,-1050,00000000,00004000,00000000,00000000,00000000,00000000,0,8,8034D238,00000000,00000000,00000000
O,80,116,0101,800E8EAC,1919,6272,1919,00000000,FFFFA000,00000000,00000000,00000000,00000000,0,8,8034D498,00000000,00000000,8011A38C
O,80,117,0101,800E8464,-1080,-840,1573,00000000,00000000,00000000,00000000,00000000,00000000,0,8,8034D6F8,00000000,00000000,00000000
O,80,118,0101,800EB274,1417,-3822,-548,00000000,FFFFE0B6,00000000,00000000,00000000,00000000,0,8,8034D958,00000000,00000000,00000000
O,80,119,0101,800EB1C0,1405.87891,-3934,-536.496094,00000000,FFFFE0B6,00000000,00000000,00000000,00000000,0,8,8034DBB8,00000000,00000000,00000000
O,80,120,0101,800E98C4,880,-19,1160,00000000,00000000,00000000,00000000,00000000,00000000,0,8,80347A58,00000000,00000000,00000000
O,80,121,0101,800ED86C,1815,-4762,800,00004000,00000800,00000000,00000000,00000000,00000000,0,8,8034C658,00000000,00000000,00000000
M,81,25,104972,3,00001924,0C400201,0,0,00000000,1405.87891,-3934,-536.496094,-1.39015019,-32,1.4378742,2,-8010,-4822,5243,00000000,80161C20,801693C0,8034D958,00000000,8034D958,00000000,8034DBB8,00000000,00000000,-1
O,81,0,0101,800ECEF0,-1032,-3291,1070,00000000,00002000,00000000,00000000,00000000,00000000,0,8,8033C118,00000000,00000000,8010CFA0
O,81,1,0101,800ECEF0,-1881,1767,-446,00000000,00004000,00000000,00000000,00000000,00000000,0,8,8033C378,00000000,00000000,8010CFA0
O,81,2,0101,800ECEF0,-1870,2068,362,00000000,00004000,00000000,00000000,00000000,00000000,0,8,8033C5D8,00000000,00000000,8010CFA0
O,81,3,0101,800ECEF0,-770,-4361,-423,00000000,FFFFA000,00000000,00000000,00000000,00000000,0,8,8033C838,00000000,00000000,8010CFA0
O,81,4,0101,800ECEF0,-1314,-3691,788,00000000,00006000,00000000,00000000,00000000,00000000,0,8,8033CA98,00000000,00000000,8010CFA0
O,81,5,0101,800ECEF0,-1314,-2892,1353,00000000,00006000,00000000,00000000,00000000,00000000,0,8,8033CCF8,00000000,00000000,8010CFA0
O,81,6,0101,800ECEF0,780,5767,-1027,00000000,FFFFE000,00000000,00000000,00000000,00000000,0,8,8033CF58,00000000,00000000,8010D038
O,81,7,0101,800ECEF0,1063,5562,-744,00000000,FFFFE000,00000000,00000000,00000000,00000000,0,8,8033D1B8,00000000,00000000,8010D038
O,81,8,0101,800ECF24,-1350,748,-1208,00000000,00002000,000018E3,00000000,00000000,00000000,0,8,8033D418,00000000,00000000,8010D0BC
O,81,9,0101,800ECF24,-690,901,-910,00000000,00002000,000018E3,00000000,00000000,00000000,0,8,8033D678,00000000,00000000,8010D0BC
O,81,10,0101,800ECF24,-1389,-3030,-1028,00000000,00002000,000018E3,00000000,00000000,00000000,0,8,8033D8D8,00000000,00000000,8010D0BC
O,81,11,0101,800ECF24,937,-3867,-1041,00000000,00002000,000018E3,00000000,00000000,00000000,0,8,8033DB38,00000000,00000000,8010D0BC
O,81,12,0101,800ECF5C,-139,-4408,-1056,00000000,00006000,00000000,00000000,00000000,00000000,0,8,8033DD98,00000000,00000000,8010D2E4
O,81,13,0101,800ECF5C,618,3656,148,00000000,00004000,00000000,00000000,00000000,00000000,0,8,8033DFF8,00000000,00000000,8010D410
O,81,14,0101,800ECF5C,963,3297,608,00000000,FFFFC000,00000000,00000000,00000000,00000000,0,8,8033E258,00000000,00000000,8010D410
O,81,15,0101,800ECF5C,1306,2939,1069,00000000,00004000,00000000,00000000,00000000,00000000,0,8,8033E4B8,00000000,00000000,8010D410
O,81,16,0101,800ECF5C,-1179,-1453,-792,00000000,FFFFE000,00000000,00000000,00000000,00000000,0,8,8033E718,00000000,00000000,8010D410
O,81,17,0101,800ECF94,174,1248,1790,00000000,FFFF8000,00000000,00000000,00000000,00000000,0,8,8033E978,00000000,00000000,8010D53C
O,81,18,0101,800ECF94,-1144.22327,1490,-1386.22327,00000000,00002000,00000000,00000000,00000000,00000000,0,8,8033EBD8,00000000,00000000,8010D53C
O,81,19,0101,800ECF94,-899.223328,1730,-1631.22327,00000000,00002000,00000000,00000000,00000000,00000000,0,8,8033EE38,00000000,00000000,8010D53C
O,81,20,0101,800ECF94,-1142.22327,1970,-1387.22327,00000000,00002000,00000000,00000000,00000000,00000000,0,8,8033F098,00000000,00000000,8010D53C
O,81,21,0101,800ECF94,-517,3175,1790,00000000,FFFF8000,00000000,00000000,00000000,00000000,0,8,8033F2F8,00000000,00000000,8010D53C
O,81,22,0101,800ECF94,-170,1248,1790,00000000,FFFF8000,00000000,00000000,00000000,00000000,0,8,8033F558,00000000,00000000,8010D53C
O,81,23,0101,800ECF94,-515,1248,1790,00000000,FFFF8000,00000000,00000000,00000000,00000000,0,8,8033F7B8,00000000,00000000,8010D53C
O,81,24,0101,800ECF94,-175,-1351,-1789,00000000,00000000,00000000,00000000,00000000,00000000,0,8,8033FA18,00000000,00000000,8010D53C
O,81,25,0101,800ECF94,-515,-2590,1790,00000000,FFFF8000,00000000,00000000,00000000,00000000,0,8,8033FC78,00000000,00000000,8010D53C
O,81,26,0101,800ECF94,518,3175,1790,00000000,FFFF8000,00000000,00000000,00000000,00000000,0,8,8033FED8,00000000,00000000,8010D53C
O,81,27,0101,800ECF94,-171,3175,1790,00000000,FFFF8000,00000000,00000000,00000000,00000000,0,8,80340138,00000000,00000000,8010D53C
O,81,28,0101,800ECF94,174,3175,1790,00000000,FFFF8000,00000000,00000000,00000000,00000000,0,8,80340398,00000000,00000000,8010D53C
O,81,29,0101,800ECFCC,1490,-2088,-873,00000000,00000000,00000000,00000000,00000000,00000000,0,8,803405F8,00000000,00000000,8010D5B4
O,81,30,0101,800ECFCC,-708,-1606,-1589,00000000,00000000,00000000,00000000,00000000,00000000,0,8,80340858,00000000,00000000,8010D5B4
O,81,31,0101,800ECFCC,954,-1627,-1448,00000000,00000000,00000000,00000000,00000000,00000000,0,8,80340AB8,00000000,00000000,8010D5B4
O,81,32,0101,800ECFCC,1215,-1781,-1215,00000000,00000000,00000000,00000000,00000000,00000000,0,8,80340D18,00000000,00000000,8010D5B4
O,81,33,0101,800ECFCC,1052,-1934,-769,00000000,00000000,00000000,00000000,00000000,00000000,0,8,80340F78,00000000,00000000,8010D5B4
O,81,34,0101,800ECFCC,-620,1229,1233,00000000,FFFFA000,00000000,00000000,00000000,00000000,0,8,803411D8,00000000,00000000,8010D680
O,81,35,0101,800ECFCC,1050,-19,-1037,00000000,FFFFE000,00000000,00000000,00000000,00000000,0,8,80341438,00000000,00000000,8010D680
O,81,36,0101,800ECFF8,-1100,259,-1030,00000000,FFFFE000,00000000,00000000,00000000,00000000,0,1,80341698,00000000,00000000,8010D784
O,81,37,0101,800ED064,0,6011,0,00000000,FFFFA000,00000000,00000000,00000000,00000000,0,8,803418F8,00000000,00000000,8010D910
O,81,38,0101,800ED064,0,-2487,0,00000000,00002000,00000000,00000000,00000000,00000000,0,8,80341B58,00000000,00000000,8010D910
O,81,39,0101,800ED090,1102,-3619,1682,00000000,00006000,00000000,00000000,00000000,00000000,0,8,80341DB8,00000000,00000000,8010DA00
O,81,40,0101,800ED090,424,-3312,1959,00000000,00004000,00000000,00000000,00000000,00000000,0,8,80342018,00000000,00000000,8010DA00
O,81,41,0101,800ED090,1102,-3004,1682,00000000,00006000,00000000,00000000,00000000,00000000,0,8,80342278,00000000,00000000,8010DA00
O,81,42,0101,800ED090,1584,-2697,1200,00000000,00006000,00000000,00000000,00000000,00000000,0,8,803424D8,00000000,00000000,8010DA00
O,81,43,0101,800ED090,1582,-3619,1203,00000000,00006000,00000000,00000000,00000000,00000000,0,8,80342738,00000000,00000000,8010DA00
O,81,44,0101,800ED090,-762,4347,1047,00000000,00006000,00000000,00000000,00000000,00000000,0,8,80342998,00000000,00000000,8010DA00
O,81,45,0101,800ED090,424,-3926,1959,00000000,00004000,00000000,00000000,00000000,00000000,0,8,80342BF8,00000000,00000000,8010DA00
O,81,46,0101,800ED090,1102,-4233,1682,00000000,00006000,00000000,00000000,00000000,00000000,0,8,80342E58,00000000,00000000,8010DA00
O,81,47,0101,800ED090,1102,-4848,1682,00000000,00006000,00000000,00000000,00000000,00000000,0,8,803430B8,00000000,00000000,8010DA00
O,81,48,0101,800ED090,424,-4540,1959,00000000,00004000,00000000,00000000,00000000,00000000,0,8,80343318,00000000,00000000,8010DA00
O,81,49,0101,800ED090,-1037,4244,772,00000000,FFFFE000,00000000,00000000,00000000,00000000,0,8,80343578,00000000,00000000,8010DA00
O,81,50,0101,800ED090,1828,3835,-50,00000000,00000000,00000000,00000000,00000000,00000000,0,8,803437D8,00000000,00000000,8010DA00
O,81,51,0101,800ED090,1459,3835,-357,00000000,00000000,00000000,00000000,00000000,00000000,0,8,80343A38,00000000,00000000,8010DA00
O,81,52,0101,800ED090,1091,3835,-665,00000000,00000000,00000000,00000000,00000000,00000000,0,8,80343C98,00000000,00000000,8010DA00
O,81,53,0101,800ED064,1580,-4854,-825,00000000,00000000,00000000,00000000,00000000,00000000,0,8,80343EF8,00000000,00000000,8010D910
O,81,54,0101,800ED064,-1692,1022,-1157,00000000,00000000,00000000,00000000,00000000,00000000,0,8,80344158,00000000,00000000,8010D910
O,81,55,0101,800ED064,2098,7007,2243,00000000,00000000,00000000,00000000,00000000,00000000,0,8,803443B8,00000000,00000000,8010D910
O,81,56,0101,800ED064,1801,-4843,-731,00000000,00000000,00000000,00000000,00000000,00000000,0,8,80344618,00000000,00000000,8010D910
O,81,57,0101,800ED064,-1477,1044,-1088,00000000,00000000,00000000,00000000,00000000,00000000,0,8,80344878,00000000,00000000,8010D910
O,81,58,0101,800ED064,2268,7030,2227,00000000,00000000,00000000,00000000,00000000,00000000,0,8,80344AD8,00000000,00000000,8010D910
O,81,59,0101,800EC1AC,800,-4400,1900,00000000,00000000,00000000,00000000,00000000,00000000,0,8,8034C658,00000000,00000000,00000000
O,81,60,0101,800EC1AC,800,-3700,1900,00000000,00000000,00000000,00000000,00000000,00000000,0,8,8034C658,00000000,00000000,00000000
O,81,61,0101,800EC1AC,800,-3000,1900,00000000,00000000,00000000,00000000,00000000,00000000,0,8,8034C658,00000000,00000000,00000000
O,81,62,0101,800EC1AC,1780,-3300,1000,00000000,00000000,00000000,00000000,00000000,00000000,0,8,8034C658,00000000,00000000,00000000
O,81,63,0101,800EC1AC,1388,-3300,1428,00000000,00000000,00000000,00000000,00000000,00000000,0,8,8034C658,00000000,00000000,00000000
O,81,64,0101,800EC1AC,200,-3000,2000,00000000,00000000,00000000,00000000,00000000,00000000,0,8,8034C658,00000000,00000000,00000000
O,81,65,0101,800EC1AC,200,-3700,2000,00000000,00000000,00000000,00000000,00000000,00000000,0,8,8034C658,00000000,00000000,00000000
O,81,66,0101,800EC1AC,200,-4400,2000,00000000,00000000,00000000,00000000,00000000,00000000,0,8,8034C658,00000000,00000000,00000000
O,81,67,0101,800EC4A4,-1080,90,1575,00000000,00000000,00000000,00000000,00000000,00000000,0,8,80346038,00000000,00000000,00000000
O,81,68,0101,800ED028,-1179,445,1413,00000000,00002000,00000000,00000000,00000000,00000000,0,8,80346298,00000000,00000000,8010D88C
O,81,69,0101,800ED028,-1524,-1454,1129,00000000,FFFFE000,00000000,00000000,00000000,00000000,0,8,803464F8,00000000,00000000,8010D88C
O,81,70,0103,800EB688,-722.681396,-697.655396,1604.23083,00000000,00006E01,00000000,00000000,00000000,00000000,2,7,80346758,00000000,00000000,00000000
O,81,71,0101,800EA888,-1203,-19,-170,00000000,00002000,00000000,00000000,00000000,00000000,0,8,803469B8,00000000,00000000,80125088
O,81,72,0101,800EA8A8,0,20,-1400,00000000,00000000,00000000,00000000,00000000,00000000,1,7,80346C18,00000000,00000000,00000000
O,81,73,0101,800EA8A8,-250,20,-1700,00000000,00000000,00000000,00000000,00000000,00000000,1,7,80346E78,00000000,00000000,00000000
O,81,74,0101,800EA8A8,250,20,-1700,00000000,00000000,00000000,00000000,00000000,00000000,1,7,803470D8,00000000,00000000,00000000
O,81,75,0101,800EA8A8,0,20,-2000,00000000,00000000,00000000,00000000,00000000,00000000,1,7,80347338,00000000,00000000,00000000
O,81,76,0101,800EA8A8,500,20,-2000,00000000,00000000,00000000,00000000,00000000,00000000,1,7,80347598,00000000,00000000,00000000
O,81,77,0101,800EA8A8,-500,20,-2000,00000000,00000000,00000000,00000000,00000000,00000000,1,7,803477F8,00000000,00000000,00000000
O,81,78,0103,800E9868,880,-19,1160,00000000,00000000,00000000,00000000,00000000,00000000,0,8,80347A58,8034DE18,00000000,00000000
O,81,79,0101,800ED48C,800,-2460,160,00000000,00000000,00000000,00000000,00000000,00000000,0,8,80347CB8,00000000,00000000,00000000
O,81,80,0103,800E8C0C,-1120,-820,1320,00000000,00002000,00000000,00000000,00000000,00000000,0,8,80347F18,00000000,00000000,00000000
O,81,81,0103,800ED48C,-571,6020,-1414,00000000,00000000,00000000,00000000,00000000,00000000,0,8,80348178,00000000,00000000,00000000
O,81,82,0103,800ED1F8,620,-5150,1540,00000000,00000C80,00000000,00000000,00000190,00000000,0,8,803483D8,00000000,00000000,00000000
O,81,83,0101,800EC424,-520,1351,1919,00000000,00000000,00000000,00000000,00000000,00000000,0,8,80348638,00000000,00000000,00000000
O,81,84,0101,800EC424,-165,1351,1919,00000000,00000000,00000000,00000000,00000000,00000000,0,8,80348898,00000000,00000000,00000000
O,81,85,0101,800EC424,182,1351,1919,00000000,00000000,00000000,00000000,00000000,00000000,0,8,80348AF8,00000000,00000000,00000000
O,81,86,0101,800EC3EC,657,1368,1879,00000000,00000000,00000000,00000000,00000000,00000000,0,8,80348D58,00000000,00000000,00000000
O,81,87,0103,800EB688,-881.65332,-2347.65552,-938.751099,00000000,0000DE86,00000000,00000000,00000000,00000000,2,7,80348FB8,00000000,00000000,00000000
O,81,88,0101,800EA570,1883,4150,550,00000000,00000000,00000000,00000000,00000000,00000000,2,7,80349218,00000000,00000000,8014A168
O,81,89,0103,800ED1F8,-1333,350,1116,00000000,00000C80,00000000,00000000,00000190,00000000,0,8,80349478,00000000,00000000,00000000
O,81,90,0101,800EA570,-1101,6316,-685,00000000,00002000,00000000,00000000,00000000,00000000,2,7,803496D8,00000000,00000000,8014A168
O,81,91,0101,800EB474,1073.48218,-4822,669.720581,00000000,FFFFF5BF,00000000,00000000,00000000,00000000,0,8,80349938,00000000,00000000,00000000
O,81,92,0101,800EB474,1679.48218,-4822,220.720612,00000000,FFFFF5BF,00000000,00000000,00000000,00000000,0,8,80349B98,00000000,00000000,00000000
O,81,93,0101,800EA8A8,0,20,-1700,00000000,00000000,00000000,00000000,00000000,00000000,1,7,80349DF8,00000000,00000000,00000000
O,81,94,0101,800ECFCC,-1020,1229,537,00000000,00000000,00000000,00000000,00000000,00000000,0,8,8034A058,00000000,00000000,8010D5B4
O,81,95,0101,800EA570,2350,5600,2350,00000000,00002000,00000000,00000000,00000000,00000000,2,7,8034A2B8,00000000,00000000,8014A168
O,81,96,0101,800EA570,0,4783,0,00000000,00000000,00000000,00000000,00000000,00000000,2,7,8034A518,00000000,00000000,8014A168
O,81,97,0101,800EA570,-1140,-3720,-1620,00000000,00002000,00000000,00000000,00000000,00000000,2,7,8034A778,00000000,00000000,8014A168
O,81,98,0101,800EA570,840,-2200,860,00000000,00002000,00000000,00000000,00000000,00000000,2,7,8034A9D8,00000000,00000000,8014A168
O,81,99,0103,800E8C3C,-770,-3800,-440,00000000,00000000,00000000,00000000,00000000,00000000,0,8,8034AC38,00000000,00000000,00000000
O,81,100,0103,800E8C3C,-770,-3700,-440,00000000,00000000,00000000,00000000,00000000,00000000,0,8,8034AE98,00000000,00000000,00000000
O,81,101,0101,800EA570,280,-4920,1660,00000000,00000000,00000000,00000000,00000000,00000000,2,7,8034B0F8,00000000,00000000,8014A168
O,81,102,0101,800EA570,1240,300,840,00000000,00002000,00000000,00000000,00000000,00000000,2,7,8034B358,00000000,00000000,8014A168
O,81,103,0101,800EA570,520,300,1500,00000000,00002000,00000000,00000000,00000000,00000000,2,7,8034B5B8,00000000,00000000,8014A168
O,81,104,0101,800EA570,-400,3600,1880,00000000,00000000,00000000,00000000,00000000,00000000,2,7,8034B818,00000000,00000000,8014A168
O,81,105,0101,800EA570,-40,4160,-1280,00000000,00000000,00000000,00000000,00000000,00000000,2,7,8034BA78,00000000,00000000,8014A168
O,81,106,0101,800EA570,-1160,2920,-840,00000000,00002000,00000000,00000000,00000000,00000000,2,7,8034BCD8,00000000,00000000,8014A168
O,81,107,0101,800EA570,-780,6316,-1020,00000000,00002000,00000000,00000000,00000000,00000000,2,7,8034BF38,00000000,00000000,8014A168
O,81,108,0101,800ECF5C,1313,6190,1313,00000000,00002000,00000000,00000000,00000000,00000000,0,8,8034C198,00000000,00000000,8010D2E4
O,81,109,0101,800ECF5C,1851,-2488,-98,00000000,00000000,00000000,00000000,00000000,00000000,0,8,8034C3F8,00000000,00000000,8010D410
O,81,110,0101,800EC18C,1815,-3200,800,00000000,00000000,00000000,00000000,00000000,00000000,0,8,8034C658,00000000,00000000,00000000
O,81,111,0101,800EC13C,-1050,2400,-790,00000000,00004000,00000000,00000000,00000000,00000000,0,8,8034C8B8,00000000,00000000,00000000
O,81,112,0101,800EC13C,2200,7300,2210,00000000,00004000,00000000,00000000,00000000,00000000,0,8,8034CB18,00000000,00000000,00000000
O,81,113,0101,800EC13C,-1300,-2250,-1300,00000000,00004000,00000000,00000000,00000000,00000000,0,8,8034CD78,00000000,00000000,00000000
O,81,114,0101,800EC13C,-1850,300,-950,00000000,00004000,00000000,00000000,00000000,00000000,0,8,8034CFD8,00000000,00000000,00000000
O,81,115,0101,800EC13C,-1450,-1130,-1050,00000000,00004000,00000000,00000000,00000000,00000000,0,8,8034D238,00000000,00000000,00000000
O,81,116,0101,800E8EAC,1919,6272,1919,00000000,FFFFA000,00000000,00000000,00000000,00000000,0,8,8034D498,00000000,00000000,8011A38C
O,81,117,0101,800E8464,-1080,-840,1573,00000000,00000000,00000000,00000000,00000000,00000000,0,8,8034D6F8,00000000,00000000,00000000
O,81,118,0101,800EB274,1417,-3822,-548,00000000,FFFFE0B6,00000000,00000000,00000000,00000000,0,8,8034D958,00000000,00000000,00000000
O,81,119,0101,800EB1C0,1405.87891,-3934,-536.496094,00000000,FFFFE0B6,00000000,00000000,00000000,00000000,0,8,8034DBB8,00000000,00000000,00000000
O,81,120,0101,800E98C4,880,-19,1160,00000000,00000000,00000000,00000000,00000000,00000000,0,8,80347A58,00000000,00000000,00000000
O,81,121,0101,800ED86C,1815,-4762,800,00004000,00000800,00000000,00000000,00000000,00000000,0,8,8034C658,00000000,00000000,00000000
M,82,26,104973,3,00001924,0C400201,0,0,00000000,1404.48877,-3966,-535.058105,-1.39015019,-36,1.4378742,2,-8010,-4822,5243,00000000,80161C20,801693C0,8034D958,00000000,8034D958,00000000,8034DBB8,00000000,00000000,-1
O,82,0,0101,800ECEF0,-1032,-3291,1070,00000000,00002000,00000000,00000000,00000000,00000000,0,9,8033C118,00000000,00000000,8010CFA0
O,82,1,0101,800ECEF0,-1881,1767,-446,00000000,00004000,00000000,00000000,00000000,00000000,0,9,8033C378,00000000,00000000,8010CFA0
O,82,2,0101,800ECEF0,-1870,2068,362,00000000,00004000,00000000,00000000,00000000,00000000,0,9,8033C5D8,00000000,00000000,8010CFA0
O,82,3,0101,800ECEF0,-770,-4361,-423,00000000,FFFFA000,00000000,00000000,00000000,00000000,0,9,8033C838,00000000,00000000,8010CFA0
O,82,4,0101,800ECEF0,-1314,-3691,788,00000000,00006000,00000000,00000000,00000000,00000000,0,9,8033CA98,00000000,00000000,8010CFA0
O,82,5,0101,800ECEF0,-1314,-2892,1353,00000000,00006000,00000000,00000000,00000000,00000000,0,9,8033CCF8,00000000,00000000,8010CFA0
O,82,6,0101,800ECEF0,780,5767,-1027,00000000,FFFFE000,00000000,00000000,00000000,00000000,0,9,8033CF58,00000000,00000000,8010D038
O,82,7,0101,800ECEF0,1063,5562,-744,00000000,FFFFE000,00000000,00000000,00000000,00000000,0,9,8033D1B8,00000000,00000000,8010D038
O,82,8,0101,800ECF24,-1350,748,-1208,00000000,00002000,000018E3,00000000,00000000,00000000,0,9,8033D418,00000000,00000000,8010D0BC
O,82,9,0101,800ECF24,-690,901,-910,00000000,00002000,000018E3,00000000,00000000,00000000,0,9,8033D678,00000000,00000000,8010D0BC
O,82,10,0101,800ECF24,-1389,-3030,-1028,00000000,00002000,000018E3,00000000,00000000,00000000,0,9,8033D8D8,00000000,00000000,8010D0BC
O,82,11,0101,800ECF24,937,-3867,-1041,00000000,00002000,000018E3,00000000,00000000,00000000,0,9,8033DB38,00000000,00000000,8010D0BC
O,82,12,0101,800ECF5C,-139,-4408,-1056,00000000,00006000,00000000,00000000,00000000,00000000,0,9,8033DD98,00000000,00000000,8010D2E4
O,82,13,0101,800ECF5C,618,3656,148,00000000,00004000,00000000,00000000,00000000,00000000,0,9,8033DFF8,00000000,00000000,8010D410
O,82,14,0101,800ECF5C,963,3297,608,00000000,FFFFC000,00000000,00000000,00000000,00000000,0,9,8033E258,00000000,00000000,8010D410
O,82,15,0101,800ECF5C,1306,2939,1069,00000000,00004000,00000000,00000000,00000000,00000000,0,9,8033E4B8,00000000,00000000,8010D410
O,82,16,0101,800ECF5C,-1179,-1453,-792,00000000,FFFFE000,00000000,00000000,00000000,00000000,0,9,8033E718,00000000,00000000,8010D410
O,82,17,0101,800ECF94,174,1248,1790,00000000,FFFF8000,00000000,00000000,00000000,00000000,0,9,8033E978,00000000,00000000,8010D53C
O,82,18,0101,800ECF94,-1144.22327,1490,-1386.22327,00000000,00002000,00000000,00000000,00000000,00000000,0,9,8033EBD8,00000000,00000000,8010D53C
O,82,19,0101,800ECF94,-899.223328,1730,-1631.22327,00000000,00002000,00000000,00000000,00000000,00000000,0,9,8033EE38,00000000,00000000,8010D53C
O,82,20,0101,800ECF94,-1142.22327,1970,-1387.22327,00000000,00002000,00000000,00000000,00000000,00000000,0,9,8033F098,00000000,00000000,8010D53C
O,82,21,0101,800ECF94,-517,3175,1790,00000000,FFFF8000,00000000,00000000,00000000,00000000,0,9,8033F2F8,00000000,00000000,8010D53C
O,82,22,0101,800ECF94,-170,1248,1790,00000000,FFFF8000,00000000,00000000,00000000,00000000,0,9,8033F558,00000000,00000000,8010D53C
O,82,23,0101,800ECF94,-515,1248,1790,00000000,FFFF8000,00000000,00000000,00000000,00000000,0,9,8033F7B8,00000000,00000000,8010D53C
O,82,24,0101,800ECF94,-175,-1351,-1789,00000000,00000000,00000000,00000000,00000000,00000000,0,9,8033FA18,00000000,00000000,8010D53C
O,82,25,0101,800ECF94,-515,-2590,1790,00000000,FFFF8000,00000000,00000000,00000000,00000000,0,9,8033FC78,00000000,00000000,8010D53C
O,82,26,0101,800ECF94,518,3175,1790,00000000,FFFF8000,00000000,00000000,00000000,00000000,0,9,8033FED8,00000000,00000000,8010D53C
O,82,27,0101,800ECF94,-171,3175,1790,00000000,FFFF8000,00000000,00000000,00000000,00000000,0,9,80340138,00000000,00000000,8010D53C
O,82,28,0101,800ECF94,174,3175,1790,00000000,FFFF8000,00000000,00000000,00000000,00000000,0,9,80340398,00000000,00000000,8010D53C
O,82,29,0101,800ECFCC,1490,-2088,-873,00000000,00000000,00000000,00000000,00000000,00000000,0,9,803405F8,00000000,00000000,8010D5B4
O,82,30,0101,800ECFCC,-708,-1606,-1589,00000000,00000000,00000000,00000000,00000000,00000000,0,9,80340858,00000000,00000000,8010D5B4
O,82,31,0101,800ECFCC,954,-1627,-1448,00000000,00000000,00000000,00000000,00000000,00000000,0,9,80340AB8,00000000,00000000,8010D5B4
O,82,32,0101,800ECFCC,1215,-1781,-1215,00000000,00000000,00000000,00000000,00000000,00000000,0,9,80340D18,00000000,00000000,8010D5B4
O,82,33,0101,800ECFCC,1052,-1934,-769,00000000,00000000,00000000,00000000,00000000,00000000,0,9,80340F78,00000000,00000000,8010D5B4
O,82,34,0101,800ECFCC,-620,1229,1233,00000000,FFFFA000,00000000,00000000,00000000,00000000,0,9,803411D8,00000000,00000000,8010D680
O,82,35,0101,800ECFCC,1050,-19,-1037,00000000,FFFFE000,00000000,00000000,00000000,00000000,0,9,80341438,00000000,00000000,8010D680
O,82,36,0101,800ECFF8,-1100,259,-1030,00000000,FFFFE000,00000000,00000000,00000000,00000000,0,1,80341698,00000000,00000000,8010D784
O,82,37,0101,800ED064,0,6011,0,00000000,FFFFA000,00000000,00000000,00000000,00000000,0,9,803418F8,00000000,00000000,8010D910
O,82,38,0101,800ED064,0,-2487,0,00000000,00002000,00000000,00000000,00000000,00000000,0,9,80341B58,00000000,00000000,8010D910
O,82,39,0101,800ED090,1102,-3619,1682,00000000,00006000,00000000,00000000,00000000,00000000,0,9,80341DB8,00000000,00000000,8010DA00
O,82,40,0101,800ED090,424,-3312,1959,00000000,00004000,00000000,00000000,00000000,00000000,0,9,80342018,00000000,00000000,8010DA00
O,82,41,0101,800ED090,1102,-3004,1682,00000000,00006000,00000000,00000000,00000000,00000000,0,9,80342278,00000000,00000000,8010DA00
O,82,42,0101,800ED090,1584,-2697,1200,00000000,00006000,00000000,00000000,00000000,00000000,0,9,803424D8,00000000,00000000,8010DA00
O,82,43,0101,800ED090,1582,-3619,1203,00000000,00006000,00000000,00000000,00000000,00000000,0,9,80342738,00000000,00000000,8010DA00
O,82,44,0101,800ED090,-762,4347,1047,00000000,00006000,00000000,00000000,00000000,00000000,0,9,80342998,00000000,00000000,8010DA00
O,82,45,0101,800ED090,424,-3926,1959,00000000,00004000,00000000,00000000,00000000,00000000,0,9,80342BF8,00000000,00000000,8010DA00
O,82,46,0101,800ED090,1102,-4233,1682,00000000,00006000,00000000,00000000,00000000,00000000,0,9,80342E58,00000000,00000000,8010DA00
O,82,47,0101,800ED090,1102,-4848,1682,00000000,00006000,00000000,00000000,00000000,00000000,0,9,803430B8,00000000,00000000,8010DA00
O,82,48,0101,800ED090,424,-4540,1959,00000000,00004000,00000000,00000000,00000000,00000000,0,9,80343318,00000000,00000000,8010DA00
O,82,49,0101,800ED090,-1037,4244,772,00000000,FFFFE000,00000000,00000000,00000000,00000000,0,9,80343578,00000000,00000000,8010DA00
O,82,50,0101,800ED090,1828,3835,-50,00000000,00000000,00000000,00000000,00000000,00000000,0,9,803437D8,00000000,00000000,8010DA00
O,82,51,0101,800ED090,1459,3835,-357,00000000,00000000,00000000,00000000,00000000,00000000,0,9,80343A38,00000000,00000000,8010DA00
O,82,52,0101,800ED090,1091,3835,-665,00000000,00000000,00000000,00000000,00000000,00000000,0,9,80343C98,00000000,00000000,8010DA00
O,82,53,0101,800ED064,1580,-4854,-825,00000000,00000000,00000000,00000000,00000000,00000000,0,9,80343EF8,00000000,00000000,8010D910
O,82,54,0101,800ED064,-1692,1022,-1157,00000000,00000000,00000000,00000000,00000000,00000000,0,9,80344158,00000000,00000000,8010D910
O,82,55,0101,800ED064,2098,7007,2243,00000000,00000000,00000000,00000000,00000000,00000000,0,9,803443B8,00000000,00000000,8010D910
O,82,56,0101,800ED064,1801,-4843,-731,00000000,00000000,00000000,00000000,00000000,00000000,0,9,80344618,00000000,00000000,8010D910
O,82,57,0101,800ED064,-1477,1044,-1088,00000000,00000000,00000000,00000000,00000000,00000000,0,9,80344878,00000000,00000000,8010D910
O,82,58,0101,800ED064,2268,7030,2227,00000000,00000000,00000000,00000000,00000000,00000000,0,9,80344AD8,00000000,00000000,8010D910
O,82,59,0101,800EC1AC,800,-4400,1900,00000000,00000000,00000000,00000000,00000000,00000000,0,9,8034C658,00000000,00000000,00000000
O,82,60,0101,800EC1AC,800,-3700,1900,00000000,00000000,00000000,00000000,00000000,00000000,0,9,8034C658,00000000,00000000,00000000
O,82,61,0101,800EC1AC,800,-3000,1900,00000000,00000000,00000000,00000000,00000000,00000000,0,9,8034C658,00000000,00000000,00000000
O,82,62,0101,800EC1AC,1780,-3300,1000,00000000,00000000,00000000,00000000,00000000,00000000,0,9,8034C658,00000000,00000000,00000000
O,82,63,0101,800EC1AC,1388,-3300,1428,00000000,00000000,00000000,00000000,00000000,00000000,0,9,8034C658,00000000,00000000,00000000
O,82,64,0101,800EC1AC,200,-3000,2000,00000000,00000000,00000000,00000000,00000000,00000000,0,9,8034C658,00000000,00000000,00000000
O,82,65,0101,800EC1AC,200,-3700,2000,00000000,00000000,00000000,00000000,00000000,00000000,0,9,8034C658,00000000,00000000,00000000
O,82,66,0101,800EC1AC,200,-4400,2000,00000000,00000000,00000000,00000000,00000000,00000000,0,9,8034C658,00000000,00000000,00000000
O,82,67,0101,800EC4A4,-1080,90,1575,00000000,00000000,00000000,00000000,00000000,00000000,0,9,80346038,00000000,00000000,00000000
O,82,68,0101,800ED028,-1179,445,1413,00000000,00002000,00000000,00000000,00000000,00000000,0,9,80346298,00000000,00000000,8010D88C
O,82,69,0101,800ED028,-1524,-1454,1129,00000000,FFFFE000,00000000,00000000,00000000,00000000,0,9,803464F8,00000000,00000000,8010D88C
O,82,70,0103,800EB688,-708.803223,-704.037415,1578.26648,00000000,00007201,00000000,00000000,00000000,00000000,2,8,80346758,00000000,00000000,00000000
O,82,71,0101,800EA888,-1203,-19,-170,00000000,00002000,00000000,00000000,00000000,00000000,0,9,803469B8,00000000,00000000,80125088
O,82,72,0101,800EA8A8,0,20,-1400,00000000,00000000,00000000,00000000,00000000,00000000,1,8,80346C18,00000000,00000000,00000000
O,82,73,0101,800EA8A8,-250,20,-1700,00000000,00000000,00000000,00000000,00000000,00000000,1,8,80346E78,00000000,00000000,00000000
O,82,74,0101,800EA8A8,250,20,-1700,00000000,00000000,00000000,00000000,00000000,00000000,1,8,803470D8,00000000,00000000,00000000
O,82,75,0101,800EA8A8,0,20,-2000,00000000,00000000,00000000,00000000,00000000,00000000,1,8,80347338,00000000,00000000,00000000
O,82,76,0101,800EA8A8,500,20,-2000,00000000,00000000,00000000,00000000,00000000,00000000,1,8,80347598,00000000,00000000,00000000
O,82,77,0101,800EA8A8,-500,20,-2000,00000000,00000000,00000000,00000000,00000000,00000000,1,8,803477F8,00000000,00000000,00000000
O,82,78,0103,800E9868,880,-19,1160,00000000,00000000,00000000,00000000,00000000,00000000,0,9,80347A58,8034DE18,00000000,00000000
O,82,79,0101,800ED48C,800,-2460,160,00000000,00000000,00000000,00000000,00000000,00000000,0,9,80347CB8,00000000,00000000,00000000
O,82,80,0103,800E8C0C,-1120,-820,1320,00000000,00002000,00000000,00000000,00000000,00000000,0,9,80347F18,00000000,00000000,00000000
O,82,81,0103,800ED48C,-571,6020,-1414,00000000,00000000,00000000,00000000,00000000,00000000,0,9,80348178,00000000,00000000,00000000
O,82,82,0103,800ED1F8,620,-5150,1540,00000000,00000E10,00000000,00000000,00000190,00000000,0,9,803483D8,00000000,00000000,00000000
O,82,83,0101,800EC424,-520,1351,1919,00000000,00000000,00000000,00000000,00000000,00000000,0,9,80348638,00000000,00000000,00000000
O,82,84,0101,800EC424,-165,1351,1919,00000000,00000000,00000000,00000000,00000000,00000000,0,9,80348898,00000000,00000000,00000000
O,82,85,0101,800EC424,182,1351,1919,00000000,00000000,00000000,00000000,00000000,00000000,0,9,80348AF8,00000000,00000000,00000000
O,82,86,0101,800EC3EC,657,1368,1879,00000000,00000000,00000000,00000000,00000000,00000000,0,9,80348D58,00000000,00000000,00000000
O,82,87,0103,800EB688,-904.180298,-2354.03735,-919.796265,00000000,0000E286,00000000,00000000,00000000,00000000,2,8,80348FB8,00000000,00000000,00000000
O,82,88,0101,800EA570,1883,4150,550,00000000,00000000,00000000,00000000,00000000,00000000,2,8,80349218,00000000,00000000,8014A168
O,82,89,0103,800ED1F8,-1333,350,1116,00000000,00000E10,00000000,00000000,00000190,00000000,0,9,80349478,00000000,00000000,00000000
O,82,90,0101,800EA570,-1101,6316,-685,00000000,00002000,00000000,00000000,00000000,00000000,2,8,803496D8,00000000,00000000,8014A168
O,82,91,0101,800EB474,1072.47461,-4822,673.591614,00000000,FFFFF46F,00000000,00000000,00000000,00000000,0,9,80349938,00000000,00000000,00000000
O,82,92,0101,800EB474,1678.47461,-4822,224.591629,00000000,FFFFF46F,00000000,00000000,00000000,00000000,0,9,80349B98,00000000,00000000,00000000
O,82,93,0101,800EA8A8,0,20,-1700,00000000,00000000,00000000,00000000,00000000,00000000,1,8,80349DF8,00000000,00000000,00000000
O,82,94,0101,800ECFCC,-1020,1229,537,00000000,00000000,00000000,00000000,00000000,00000000,0,9,8034A058,00000000,00000000,8010D5B4
O,82,95,0101,800EA570,2350,5600,2350,00000000,00002000,00000000,00000000,00000000,00000000,2,8,8034A2B8,00000000,00000000,8014A168
O,82,96,0101,800EA570,0,4783,0,00000000,00000000,00000000,00000000,00000000,00000000,2,8,8034A518,00000000,00000000,8014A168
O,82,97,0101,800EA570,-1140,-3720,-1620,00000000,00002000,00000000,00000000,00000000,00000000,2,8,8034A778,00000000,00000000,8014A168
O,82,98,0101,800EA570,840,-2200,860,00000000,00002000,00000000,00000000,00000000,00000000,2,8,8034A9D8,00000000,00000000,8014A168
O,82,99,0103,800E8C3C,-770,-3800,-440,00000000,00000000,00000000,00000000,00000000,00000000,0,9,8034AC38,00000000,00000000,00000000
O,82,100,0103,800E8C3C,-770,-3700,-440,00000000,00000000,00000000,00000000,00000000,00000000,0,9,8034AE98,00000000,00000000,00000000
O,82,101,0101,800EA570,280,-4920,1660,00000000,00000000,00000000,00000000,00000000,00000000,2,8,8034B0F8,00000000,00000000,8014A168
O,82,102,0101,800EA570,1240,300,840,00000000,00002000,00000000,00000000,00000000,00000000,2,8,8034B358,00000000,00000000,8014A168
O,82,103,0101,800EA570,520,300,1500,00000000,00002000,00000000,00000000,00000000,00000000,2,8,8034B5B8,00000000,00000000,8014A168
O,82,104,0101,800EA570,-400,3600,1880,00000000,00000000,00000000,00000000,00000000,00000000,2,8,8034B818,00000000,00000000,8014A168
O,82,105,0101,800EA570,-40,4160,-1280,00000000,00000000,00000000,00000000,00000000,00000000,2,8,8034BA78,00000000,00000000,8014A168
O,82,106,0101,800EA570,-1160,2920,-840,00000000,00002000,00000000,00000000,00000000,00000000,2,8,8034BCD8,00000000,00000000,8014A168
O,82,107,0101,800EA570,-780,6316,-1020,00000000,00002000,00000000,00000000,00000000,00000000,2,8,8034BF38,00000000,00000000,8014A168
O,82,108,0101,800ECF5C,1313,6190,1313,00000000,00002000,00000000,00000000,00000000,00000000,0,9,8034C198,00000000,00000000,8010D2E4
O,82,109,0101,800ECF5C,1851,-2488,-98,00000000,00000000,00000000,00000000,00000000,00000000,0,9,8034C3F8,00000000,00000000,8010D410
O,82,110,0101,800EC18C,1815,-3200,800,00000000,00000000,00000000,00000000,00000000,00000000,0,9,8034C658,00000000,00000000,00000000
O,82,111,0101,800EC13C,-1050,2400,-790,00000000,00004800,00000000,00000000,00000000,00000000,0,9,8034C8B8,00000000,00000000,00000000
O,82,112,0101,800EC13C,2200,7300,2210,00000000,00004800,00000000,00000000,00000000,00000000,0,9,8034CB18,00000000,00000000,00000000
O,82,113,0101,800EC13C,-1300,-2250,-1300,00000000,00004800,00000000,00000000,00000000,00000000,0,9,8034CD78,00000000,00000000,00000000
O,82,114,0101,800EC13C,-1850,300,-950,00000000,00004800,00000000,00000000,00000000,00000000,0,9,8034CFD8,00000000,00000000,00000000
O,82,115,0101,800EC13C,-1450,-1130,-1050,00000000,00004800,00000000,00000000,00000000,00000000,0,9,8034D238,00000000,00000000,00000000
O,82,116,0101,800E8EAC,1919,6282,1919,00000000,FFFFA000,00000000,00000000,00000000,00000000,0,9,8034D498,00000000,00000000,8011A38C
O,82,117,0101,800E8464,-1080,-840,1573,00000000,00000000,00000000,00000000,00000000,00000000,0,9,8034D6F8,00000000,00000000,00000000
O,82,118,0101,800EB274,1417,-3822,-548,00000000,FFFFE0B6,00000000,00000000,00000000,00000000,0,9,8034D958,00000000,00000000,00000000
O,82,119,0101,800EB1C0,1404.48877,-3966,-535.058105,00000000,FFFFE0B6,00000000,00000000,00000000,00000000,0,9,8034DBB8,00000000,00000000,00000000
O,82,120,0101,800E98C4,880,-19,1160,00000000,00000000,00000000,00000000,00000000,00000000,0,9,80347A58,00000000,00000000,00000000
O,82,121,0101,800ED86C,1815,-4762,800,00004000,00000900,00000000,00000000,00000000,00000000,0,9,8034C658,00000000,00000000,00000000
M,83,26,104973,3,00001924,0C400201,0,0,00000000,1404.48877,-3966,-535.058105,-1.39015019,-36,1.4378742,2,-8010,-4822,5243,00000000,80161C20,801693C0,8034D958,00000000,8034D958,00000000,8034DBB8,00000000,00000000,-1
O,83,0,0101,800ECEF0,-1032,-3291,1070,00000000,00002000,00000000,00000000,00000000,00000000,0,9,8033C118,00000000,00000000,8010CFA0
O,83,1,0101,800ECEF0,-1881,1767,-446,00000000,00004000,00000000,00000000,00000000,00000000,0,9,8033C378,00000000,00000000,8010CFA0
O,83,2,0101,800ECEF0,-1870,2068,362,00000000,00004000,00000000,00000000,00000000,00000000,0,9,8033C5D8,00000000,00000000,8010CFA0
O,83,3,0101,800ECEF0,-770,-4361,-423,00000000,FFFFA000,00000000,00000000,00000000,00000000,0,9,8033C838,00000000,00000000,8010CFA0
O,83,4,0101,800ECEF0,-1314,-3691,788,00000000,00006000,00000000,00000000,00000000,00000000,0,9,8033CA98,00000000,00000000,8010CFA0
O,83,5,0101,800ECEF0,-1314,-2892,1353,00000000,00006000,00000000,00000000,00000000,00000000,0,9,8033CCF8,00000000,00000000,8010CFA0
O,83,6,0101,800ECEF0,780,5767,-1027,00000000,FFFFE000,00000000,00000000,00000000,00000000,0,9,8033CF58,00000000,00000000,8010D038
O,83,7,0101,800ECEF0,1063,5562,-744,00000000,FFFFE000,00000000,00000000,00000000,00000000,0,9,8033D1B8,00000000,00000000,8010D038
O,83,8,0101,800ECF24,-1350,748,-1208,00000000,00002000,000018E3,00000000,00000000,00000000,0,9,8033D418,00000000,00000000,8010D0BC
O,83,9,0101,800ECF24,-690,901,-910,00000000,00002000,000018E3,00000000,00000000,00000000,0,9,8033D678,00000000,00000000,8010D0BC
O,83,10,0101,800ECF24,-1389,-3030,-1028,00000000,00002000,000018E3,00000000,00000000,00000000,0,9,8033D8D8,00000000,00000000,8010D0BC
O,83,11,0101,800ECF24,937,-3867,-1041,00000000,00002000,000018E3,00000000,00000000,00000000,0,9,8033DB38,00000000,00000000,8010D0BC
O,83,12,0101,800ECF5C,-139,-4408,-1056,00000000,00006000,00000000,00000000,00000000,00000000,0,9,8033DD98,00000000,00000000,8010D2E4
O,83,13,0101,800ECF5C,618,3656,148,00000000,00004000,00000000,00000000,00000000,00000000,0,9,8033DFF8,00000000,00000000,8010D410
O,83,14,0101,800ECF5C,963,3297,608,00000000,FFFFC000,00000000,00000000,00000000,00000000,0,9,8033E258,00000000,00000000,8010D410
O,83,15,0101,800ECF5C,1306,2939,1069,00000000,00004000,00000000,00000000,00000000,00000000,0,9,8033E4B8,00000000,00000000,8010D410
O,83,16,0101,800ECF5C,-1179,-1453,-792,00000000,FFFFE000,00000000,00000000,00000000,00000000,0,9,8033E718,00000000,00000000,8010D410
O,83,17,0101,800ECF94,174,1248,1790,00000000,FFFF8000,00000000,00000000,00000000,00000000,0,9,8033E978,00000000,00000000,8010D53C
O,83,18,0101,800ECF94,-1144.22327,1490,-1386.22327,00000000,00002000,00000000,00000000,00000000,00000000,0,9,8033EBD8,00000000,00000000,8010D53C
O,83,19,0101,800ECF94,-899.223328,1730,-1631.22327,00000000,00002000,00000000,00000000,00000000,00000000,0,9,8033EE38,00000000,00000000,8010D53C
O,83,20,0101,800ECF94,-1142.22327,1970,-1387.22327,00000000,00002000,00000000,00000000,00000000,00000000,0,9,8033F098,00000000,00000000,8010D53C
O,83,21,0101,800ECF94,-517,3175,1790,00000000,FFFF8000,00000000,00000000,00000000,00000000,0,9,8033F2F8,00000000,00000000,8010D53C
O,83,22,0101,800ECF94,-170,1248,1790,00000000,FFFF8000,00000000,00000000,00000000,00000000,0,9,8033F558,00000000,00000000,8010D53C
O,83,23,0101,800ECF94,-515,1248,1790,00000000,FFFF8000,00000000,00000000,00000000,00000000,0,9,8033F7B8,00000000,00000000,8010D53C
O,83,24,0101,800ECF94,-175,-1351,-1789,00000000,00000000,00000000,00000000,00000000,00000000,0,9,8033FA18,00000000,00000000,8010D53C
O,83,25,0101,800ECF94,-515,-2590,1790,00000000,FFFF8000,00000000,00000000,00000000,00000000,0,9,8033FC78,00000000,00000000,8010D53C
O,83,26,0101,800ECF94,518,3175,1790,00000000,FFFF8000,00000000,00000000,00000000,00000000,0,9,8033FED8,00000000,00000000,8010D53C
O,83,27,0101,800ECF94,-171,3175,1790,00000000,FFFF8000,00000000,00000000,00000000,00000000,0,9,80340138,00000000,00000000,8010D53C
O,83,28,0101,800ECF94,174,3175,1790,00000000,FFFF8000,00000000,00000000,00000000,00000000,0,9,80340398,00000000,00000000,8010D53C
O,83,29,0101,800ECFCC,1490,-2088,-873,00000000,00000000,00000000,00000000,00000000,00000000,0,9,803405F8,00000000,00000000,8010D5B4
O,83,30,0101,800ECFCC,-708,-1606,-1589,00000000,00000000,00000000,00000000,00000000,00000000,0,9,80340858,00000000,00000000,8010D5B4
O,83,31,0101,800ECFCC,954,-1627,-1448,00000000,00000000,00000000,00000000,00000000,00000000,0,9,80340AB8,00000000,00000000,8010D5B4
O,83,32,0101,800ECFCC,1215,-1781,-1215,00000000,00000000,00000000,00000000,00000000,00000000,0,9,80340D18,00000000,00000000,8010D5B4
O,83,33,0101,800ECFCC,1052,-1934,-769,00000000,00000000,00000000,00000000,00000000,00000000,0,9,80340F78,00000000,00000000,8010D5B4
O,83,34,0101,800ECFCC,-620,1229,1233,00000000,FFFFA000,00000000,00000000,00000000,00000000,0,9,803411D8,00000000,00000000,8010D680
O,83,35,0101,800ECFCC,1050,-19,-1037,00000000,FFFFE000,00000000,00000000,00000000,00000000,0,9,80341438,00000000,00000000,8010D680
O,83,36,0101,800ECFF8,-1100,259,-1030,00000000,FFFFE000,00000000,00000000,00000000,00000000,0,1,80341698,00000000,00000000,8010D784
O,83,37,0101,800ED064,0,6011,0,00000000,FFFFA000,00000000,00000000,00000000,00000000,0,9,803418F8,00000000,00000000,8010D910
O,83,38,0101,800ED064,0,-2487,0,00000000,00002000,00000000,00000000,00000000,00000000,0,9,80341B58,00000000,00000000,8010D910
O,83,39,0101,800ED090,1102,-3619,1682,00000000,00006000,00000000,00000000,00000000,00000000,0,9,80341DB8,00000000,00000000,8010DA00
O,83,40,0101,800ED090,424,-3312,1959,00000000,00004000,00000000,00000000,00000000,00000000,0,9,80342018,00000000,00000000,8010DA00
O,83,41,0101,800ED090,1102,-3004,1682,00000000,00006000,00000000,00000000,00000000,00000000,0,9,80342278,00000000,00000000,8010DA00
O,83,42,0101,800ED090,1584,-2697,1200,00000000,00006000,00000000,00000000,00000000,00000000,0,9,803424D8,00000000,00000000,8010DA00
O,83,43,0101,800ED090,1582,-3619,1203,00000000,00006000,00000000,00000000,00000000,00000000,0,9,80342738,00000000,00000000,8010DA00
O,83,44,0101,800ED090,-762,4347,1047,00000000,00006000,00000000,00000000,00000000,00000000,0,9,80342998,00000000,00000000,8010DA00
O,83,45,0101,800ED090,424,-3926,1959,00000000,00004000,00000000,00000000,00000000,00000000,0,9,80342BF8,00000000,00000000,8010DA00
O,83,46,0101,800ED090,1102,-4233,1682,00000000,00006000,00000000,00000000,00000000,00000000,0,9,80342E58,00000000,00000000,8010DA00
O,83,47,0101,800ED090,1102,-4848,1682,00000000,00006000,00000000,00000000,00000000,00000000,0,9,803430B8,00000000,00000000,8010DA00
O,83,48,0101,800ED090,424,-4540,1959,00000000,00004000,00000000,00000000,00000000,00000000,0,9,80343318,00000000,00000000,8010DA00
O,83,49,0101,800ED090,-1037,4244,772,00000000,FFFFE000,00000000,00000000,00000000,00000000,0,9,80343578,00000000,00000000,8010DA00
O,83,50,0101,800ED090,1828,3835,-50,00000000,00000000,00000000,00000000,00000000,00000000,0,9,803437D8,00000000,00000000,8010DA00
O,83,51,0101,800ED090,1459,3835,-357,00000000,00000000,00000000,00000000,00000000,00000000,0,9,80343A38,00000000,00000000,8010DA00
O,83,52,0101,800ED090,1091,3835,-665,00000000,00000000,00000000,00000000,00000000,00000000,0,9,80343C98,00000000,00000000,8010DA00
O,83,53,0101,800ED064,1580,-4854,-825,00000000,00000000,00000000,00000000,00000000,00000000,0,9,80343EF8,00000000,00000000,8010D910
O,83,54,0101,800ED064,-1692,1022,-1157,00000000,00000000,00000000,00000000,00000000,00000000,0,9,80344158,00000000,00000000,8010D910
O,83,55,0101,800ED064,2098,7007,2243,00000000,00000000,00000000,00000000,00000000,00000000,0,9,803443B8,00000000,00000000,8010D910
O,83,56,0101,800ED064,1801,-4843,-731,00000000,00000000,00000000,00000000,00000000,00000000,0,9,80344618,00000000,00000000,8010D910
O,83,57,0101,800ED064,-1477,1044,-1088,00000000,00000000,00000000,00000000,00000000,00000000,0,9,80344878,00000000,00000000,8010D910
O,83,58,0101,800ED064,2268,7030,2227,00000000,00000000,00000000,00000000,00000000,00000000,0,9,80344AD8,00000000,00000000,8010D910
O,83,59,0101,800EC1AC,800,-4400,1900,00000000,00000000,00000000,00000000,00000000,00000000,0,9,8034C658,00000000,00000000,00000000
O,83,60,0101,800EC1AC,800,-3700,1900,00000000,00000000,00000000,00000000,00000000,00000000,0,9,8034C658,00000000,00000000,00000000
O,83,61,0101,800EC1AC,800,-3000,1900,00000000,00000000,00000000,00000000,00000000,00000000,0,9,8034C658,00000000,00000000,00000000
O,83,62,0101,800EC1AC,1780,-3300,1000,00000000,00000000,00000000,00000000,00000000,00000000,0,9,8034C658,00000000,00000000,00000000
O,83,63,0101,800EC1AC,1388,-3300,1428,00000000,00000000,00000000,00000000,00000000,00000000,0,9,8034C658,00000000,00000000,00000000
O,83,64,0101,800EC1AC,200,-3000,2000,00000000,00000000,00000000,00000000,00000000,00000000,0,9,8034C658,00000000,00000000,00000000
O,83,65,0101,800EC1AC,200,-3700,2000,00000000,00000000,00000000,00000000,00000000,00000000,0,9,8034C658,00000000,00000000,00000000
O,83,66,0101,800EC1AC,200,-4400,2000,00000000,00000000,00000000,00000000,00000000,00000000,0,9,8034C658,00000000,00000000,00000000
O,83,67,0101,800EC4A4,-1080,90,1575,00000000,00000000,00000000,00000000,00000000,00000000,0,9,80346038,00000000,00000000,00000000
O,83,68,0101,800ED028,-1179,445,1413,00000000,00002000,00000000,00000000,00000000,00000000,0,9,80346298,00000000,00000000,8010D88C
O,83,69,0101,800ED028,-1524,-1454,1129,00000000,FFFFE000,00000000,00000000,00000000,00000000,0,9,803464F8,00000000,00000000,8010D88C
O,83,70,0103,800EB688,-708.803223,-704.037415,1578.26648,00000000,00007201,00000000,00000000,00000000,00000000,2,8,80346758,00000000,00000000,00000000
O,83,71,0101,800EA888,-1203,-19,-170,00000000,00002000,00000000,00000000,00000000,00000000,0,9,803469B8,00000000,00000000,80125088
O,83,72,0101,800EA8A8,0,20,-1400,00000000,00000000,00000000,00000000,00000000,00000000,1,8,80346C18,00000000,00000000,00000000
O,83,73,0101,800EA8A8,-250,20,-1700,00000000,00000000,00000000,00000000,00000000,00000000,1,8,80346E78,00000000,00000000,00000000
O,83,74,0101,800EA8A8,250,20,-1700,00000000,00000000,00000000,00000000,00000000,00000000,1,8,803470D8,00000000,00000000,00000000
O,83,75,0101,800EA8A8,0,20,-2000,00000000,00000000,00000000,00000000,00000000,00000000,1,8,80347338,00000000,00000000,00000000
O,83,76,0101,800EA8A8,500,20,-2000,00000000,00000000,00000000,00000000,00000000,00000000,1,8,80347598,00000000,00000000,00000000
O,83,77,0101,800EA8A8,-500,20,-2000,00000000,00000000,00000000,00000000,00000000,00000000,1,8,803477F8,00000000,00000000,00000000
O,83,78,0103,800E9868,880,-19,1160,00000000,00000000,00000000,00000000,00000000,00000000,0,9,80347A58,8034DE18,00000000,00000000
O,83,79,0101,800ED48C,800,-2460,160,00000000,00000000,00000000,00000000,00000000,00000000,0,9,80347CB8,00000000,00000000,00000000
O,83,80,0103,800E8C0C,-1120,-820,1320,00000000,00002000,00000000,00000000,00000000,00000000,0,9,80347F18,00000000,00000000,00000000
O,83,81,0103,800ED48C,-571,6020,-1414,00000000,00000000,00000000,00000000,00000000,00000000,0,9,80348178,00000000,00000000,00000000
O,83,82,0103,800ED1F8,620,-5150,1540,00000000,00000E10,00000000,00000000,00000190,00000000,0,9,803483D8,00000000,00000000,00000000
O,83,83,0101,800EC424,-520,1351,1919,00000000,00000000,00000000,00000000,00000000,00000000,0,9,80348638,00000000,00000000,00000000
O,83,84,0101,800EC424,-165,1351,1919,00000000,00000000,00000000,00000000,00000000,00000000,0,9,80348898,00000000,00000000,00000000
O,83,85,0101,800EC424,182,1351,1919,00000000,00000000,00000000,00000000,00000000,00000000,0,9,80348AF8,00000000,00000000,00000000
O,83,86,0101,800EC3EC,657,1368,1879,00000000,00000000,00000000,00000000,00000000,00000000,0,9,80348D58,00000000,00000000,00000000
O,83,87,0103,800EB688,-904.180298,-2354.03735,-919.796265,00000000,0000E286,00000000,00000000,00000000,00000000,2,8,80348FB8,00000000,00000000,00000000
O,83,88,0101,800EA570,1883,4150,550,00000000,00000000,00000000,00000000,00000000,00000000,2,8,80349218,00000000,00000000,8014A168
O,83,89,0103,800ED1F8,-1333,350,1116,00000000,00000E10,00000000,00000000,00000190,00000000,0,9,80349478,00000000,00000000,00000000
O,83,90,0101,800EA570,-1101,6316,-685,00000000,00002000,00000000,00000000,00000000,00000000,2,8,803496D8,00000000,00000000,8014A168
O,83,91,0101,800EB474,1072.47461,-4822,673.591614,00000000,FFFFF46F,00000000,00000000,00000000,00000000,0,9,80349938,00000000,00000000,00000000
O,83,92,0101,800EB474,1678.47461,-4822,224.591629,00000000,FFFFF46F,00000000,00000000,00000000,00000000,0,9,80349B98,00000000,00000000,00000000
O,83,93,0101,800EA8A8,0,20,-1700,00000000,00000000,00000000,00000000,00000000,00000000,1,8,80349DF8,00000000,00000000,00000000
O,83,94,0101,800ECFCC,-1020,1229,537,00000000,00000000,00000000,00000000,00000000,00000000,0,9,8034A058,00000000,00000000,8010D5B4
O,83,95,0101,800EA570,2350,5600,2350,00000000,00002000,00000000,00000000,00000000,00000000,2,8,8034A2B8,00000000,00000000,8014A168
O,83,96,0101,800EA570,0,4783,0,00000000,00000000,00000000,00000000,00000000,00000000,2,8,8034A518,00000000,00000000,8014A168
O,83,97,0101,800EA570,-1140,-3720,-1620,00000000,00002000,00000000,00000000,00000000,00000000,2,8,8034A778,00000000,00000000,8014A168
O,83,98,0101,800EA570,840,-2200,860,00000000,00002000,00000000,00000000,00000000,00000000,2,8,8034A9D8,00000000,00000000,8014A168
O,83,99,0103,800E8C3C,-770,-3800,-440,00000000,00000000,00000000,00000000,00000000,00000000,0,9,8034AC38,00000000,00000000,00000000
O,83,100,0103,800E8C3C,-770,-3700,-440,00000000,00000000,00000000,00000000,00000000,00000000,0,9,8034AE98,00000000,00000000,00000000
O,83,101,0101,800EA570,280,-4920,1660,00000000,00000000,00000000,00000000,00000000,00000000,2,8,8034B0F8,00000000,00000000,8014A168
O,83,102,0101,800EA570,1240,300,840,00000000,00002000,00000000,00000000,00000000,00000000,2,8,8034B358,00000000,00000000,8014A168
O,83,103,0101,800EA570,520,300,1500,00000000,00002000,00000000,00000000,00000000,00000000,2,8,8034B5B8,00000000,00000000,8014A168
O,83,104,0101,800EA570,-400,3600,1880,00000000,00000000,00000000,00000000,00000000,00000000,2,8,8034B818,00000000,00000000,8014A168
O,83,105,0101,800EA570,-40,4160,-1280,00000000,00000000,00000000,00000000,00000000,00000000,2,8,8034BA78,00000000,00000000,8014A168
O,83,106,0101,800EA570,-1160,2920,-840,00000000,00002000,00000000,00000000,00000000,00000000,2,8,8034BCD8,00000000,00000000,8014A168
O,83,107,0101,800EA570,-780,6316,-1020,00000000,00002000,00000000,00000000,00000000,00000000,2,8,8034BF38,00000000,00000000,8014A168
O,83,108,0101,800ECF5C,1313,6190,1313,00000000,00002000,00000000,00000000,00000000,00000000,0,9,8034C198,00000000,00000000,8010D2E4
O,83,109,0101,800ECF5C,1851,-2488,-98,00000000,00000000,00000000,00000000,00000000,00000000,0,9,8034C3F8,00000000,00000000,8010D410
O,83,110,0101,800EC18C,1815,-3200,800,00000000,00000000,00000000,00000000,00000000,00000000,0,9,8034C658,00000000,00000000,00000000
O,83,111,0101,800EC13C,-1050,2400,-790,00000000,00004800,00000000,00000000,00000000,00000000,0,9,8034C8B8,00000000,00000000,00000000
O,83,112,0101,800EC13C,2200,7300,2210,00000000,00004800,00000000,00000000,00000000,00000000,0,9,8034CB18,00000000,00000000,00000000
O,83,113,0101,800EC13C,-1300,-2250,-1300,00000000,00004800,00000000,00000000,00000000,00000000,0,9,8034CD78,00000000,00000000,00000000
O,83,114,0101,800EC13C,-1850,300,-950,00000000,00004800,00000000,00000000,00000000,00000000,0,9,8034CFD8,00000000,00000000,00000000
O,83,115,0101,800EC13C,-1450,-1130,-1050,00000000,00004800,00000000,00000000,00000000,00000000,0,9,8034D238,00000000,00000000,00000000
O,83,116,0101,800E8EAC,1919,6282,1919,00000000,FFFFA000,00000000,00000000,00000000,00000000,0,9,8034D498,00000000,00000000,8011A38C
O,83,117,0101,800E8464,-1080,-840,1573,00000000,00000000,00000000,00000000,00000000,00000000,0,9,8034D6F8,00000000,00000000,00000000
O,83,118,0101,800EB274,1417,-3822,-548,00000000,FFFFE0B6,00000000,00000000,00000000,00000000,0,9,8034D958,00000000,00000000,00000000
O,83,119,0101,800EB1C0,1404.48877,-3966,-535.058105,00000000,FFFFE0B6,00000000,00000000,00000000,00000000,0,9,8034DBB8,00000000,00000000,00000000
O,83,120,0101,800E98C4,880,-19,1160,00000000,00000000,00000000,00000000,00000000,00000000,0,9,80347A58,00000000,00000000,00000000
O,83,121,0101,800ED86C,1815,-4762,800,00004000,00000900,00000000,00000000,00000000,00000000,0,9,8034C658,00000000,00000000,00000000
M,84,27,104974,3,00001924,0C400201,0,0,00000000,1403.09863,-4002,-533.620117,-1.39015019,-40,1.4378742,2,-8010,-4822,5243,00000000,80161C20,801693C0,8034D958,00000000,8034D958,00000000,8034DBB8,00000000,00000000,-1
O,84,0,0101,800ECEF0,-1032,-3291,1070,00000000,00002000,00000000,00000000,00000000,00000000,0,10,8033C118,00000000,00000000,8010CFA0
O,84,1,0101,800ECEF0,-1881,1767,-446,00000000,00004000,00000000,00000000,00000000,00000000,0,10,8033C378,00000000,00000000,8010CFA0
O,84,2,0101,800ECEF0,-1870,2068,362,00000000,00004000,00000000,00000000,00000000,00000000,0,10,8033C5D8,00000000,00000000,8010CFA0
O,84,3,0101,800ECEF0,-770,-4361,-423,00000000,FFFFA000,00000000,00000000,00000000,00000000,0,10,8033C838,00000000,00000000,8010CFA0
O,84,4,0101,800ECEF0,-1314,-3691,788,00000000,00006000,00000000,00000000,00000000,00000000,0,10,8033CA98,00000000,00000000,8010CFA0
O,84,5,0101,800ECEF0,-1314,-2892,1353,00000000,00006000,00000000,00000000,00000000,00000000,0,10,8033CCF8,00000000,00000000,8010CFA0
O,84,6,0101,800ECEF0,780,5767,-1027,00000000,FFFFE000,00000000,00000000,00000000,00000000,0,10,8033CF58,00000000,00000000,8010D038
O,84,7,0101,800ECEF0,1063,5562,-744,00000000,FFFFE000,00000000,00000000,00000000,00000000,0,10,8033D1B8,00000000,00000000,8010D038
O,84,8,0101,800ECF24,-1350,748,-1208,00000000,00002000,000018E3,00000000,00000000,00000000,0,10,8033D418,00000000,00000000,8010D0BC
O,84,9,0101,800ECF24,-690,901,-910,00000000,00002000,000018E3,00000000,00000000,00000000,0,10,8033D678,00000000,00000000,8010D0BC
O,84,10,0101,800ECF24,-1389,-3030,-1028,00000000,00002000,000018E3,00000000,00000000,00000000,0,10,8033D8D8,00000000,00000000,8010D0BC
O,84,11,0101,800ECF24,937,-3867,-1041,00000000,00002000,000018E3,00000000,00000000,00000000,0,10,8033DB38,00000000,00000000,8010D0BC
O,84,12,0101,800ECF5C,-139,-4408,-1056,00000000,00006000,00000000,00000000,00000000,00000000,0,10,8033DD98,00000000,00000000,8010D2E4
O,84,13,0101,800ECF5C,618,3656,148,00000000,00004000,00000000,00000000,00000000,00000000,0,10,8033DFF8,00000000,00000000,8010D410
O,84,14,0101,800ECF5C,963,3297,608,00000000,FFFFC000,00000000,00000000,00000000,00000000,0,10,8033E258,00000000,00000000,8010D410
O,84,15,0101,800ECF5C,1306,2939,1069,00000000,00004000,00000000,00000000,00000000,00000000,0,10,8033E4B8,00000000,00000000,8010D410
O,84,16,0101,800ECF5C,-1179,-1453,-792,00000000,FFFFE000,00000000,00000000,00000000,00000000,0,10,8033E718,00000000,00000000,8010D410
O,84,17,0101,800ECF94,174,1248,1790,00000000,FFFF8000,00000000,00000000,00000000,00000000,0,10,8033E978,00000000,00000000,8010D53C
O,84,18,0101,800ECF94,-1144.22327,1490,-1386.22327,00000000,00002000,00000000,00000000,00000000,00000000,0,10,8033EBD8,00000000,00000000,8010D53C
O,84,19,0101,800ECF94,-899.223328,1730,-1631.22327,00000000,00002000,00000000,00000000,00000000,00000000,0,10,8033EE38,00000000,00000000,8010D53C
O,84,20,0101,800ECF94,-1142.22327,1970,-1387.22327,00000000,00002000,00000000,00000000,00000000,00000000,0,10,8033F098,00000000,00000000,8010D53C
O,84,21,0101,800ECF94,-517,3175,1790,00000000,FFFF8000,00000000,00000000,00000000,00000000,0,10,8033F2F8,00000000,00000000,8010D53C
O,84,22,0101,800ECF94,-170,1248,1790,00000000,FFFF8000,00000000,00000000,00000000,00000000,0,10,8033F558,00000000,00000000,8010D53C
O,84,23,0101,800ECF94,-515,1248,1790,00000000,FFFF8000,00000000,00000000,00000000,00000000,0,10,8033F7B8,00000000,00000000,8010D53C
O,84,24,0101,800ECF94,-175,-1351,-1789,00000000,00000000,00000000,00000000,00000000,00000000,0,10,8033FA18,00000000,00000000,8010D53C
O,84,25,0101,800ECF94,-515,-2590,1790,00000000,FFFF8000,00000000,00000000,00000000,00000000,0,10,8033FC78,00000000,00000000,8010D53C
O,84,26,0101,800ECF94,518,3175,1790,00000000,FFFF8000,00000000,00000000,00000000,00000000,0,10,8033FED8,00000000,00000000,8010D53C
O,84,27,0101,800ECF94,-171,3175,1790,00000000,FFFF8000,00000000,00000000,00000000,00000000,0,10,80340138,00000000,00000000,8010D53C
O,84,28,0101,800ECF94,174,3175,1790,00000000,FFFF8000,00000000,00000000,00000000,00000000,0,10,80340398,00000000,00000000,8010D53C
O,84,29,0101,800ECFCC,1490,-2088,-873,00000000,00000000,00000000,00000000,00000000,00000000,0,10,803405F8,00000000,00000000,8010D5B4
O,84,30,0101,800ECFCC,-708,-1606,-1589,00000000,00000000,00000000,00000000,00000000,00000000,0,10,80340858,00000000,00000000,8010D5B4
O,84,31,0101,800ECFCC,954,-1627,-1448,00000000,00000000,00000000,00000000,00000000,00000000,0,10,80340AB8,00000000,00000000,8010D5B4
O,84,32,0101,800ECFCC,1215,-1781,-1215,00000000,00000000,00000000,00000000,00000000,00000000,0,10,80340D18,00000000,00000000,8010D5B4
O,84,33,0101,800ECFCC,1052,-1934,-769,00000000,00000000,00000000,00000000,00000000,00000000,0,10,80340F78,00000000,00000000,8010D5B4
O,84,34,0101,800ECFCC,-620,1229,1233,00000000,FFFFA000,00000000,00000000,00000000,00000000,0,10,803411D8,00000000,00000000,8010D680
O,84,35,0101,800ECFCC,1050,-19,-1037,00000000,FFFFE000,00000000,00000000,00000000,00000000,0,10,80341438,00000000,00000000,8010D680
O,84,36,0101,800ECFF8,-1100,259,-1030,00000000,FFFFE000,00000000,00000000,00000000,00000000,0,1,80341698,00000000,00000000,8010D784
O,84,37,0101,800ED064,0,6011,0,00000000,FFFFA000,00000000,00000000,00000000,00000000,0,10,803418F8,00000000,00000000,8010D910
O,84,38,0101,800ED064,0,-2487,0,00000000,00002000,00000000,00000000,00000000,00000000,0,10,80341B58,00000000,00000000,8010D910
O,84,39,0101,800ED090,1102,-3619,1682,00000000,00006000,00000000,00000000,00000000,00000000,0,10,80341DB8,00000000,00000000,8010DA00
O,84,40,0101,800ED090,424,-3312,1959,00000000,00004000,00000000,00000000,00000000,00000000,0,10,80342018,00000000,00000000,8010DA00
O,84,41,0101,800ED090,1102,-3004,1682,00000000,00006000,00000000,00000000,00000000,00000000,0,10,80342278,00000000,00000000,8010DA00
O,84,42,0101,800ED090,1584,-2697,1200,00000000,00006000,00000000,00000000,00000000,00000000,0,10,803424D8,00000000,00000000,8010DA00
O,84,43,0101,800ED090,1582,-3619,1203,00000000,00006000,00000000,00000000,00000000,00000000,0,10,80342738,00000000,00000000,8010DA00
O,84,44,0101,800ED090,-762,4347,1047,00000000,00006000,00000000,00000000,00000000,00000000,0,10,80342998,00000000,00000000,8010DA00
O,84,45,0101,800ED090,424,-3926,1959,00000000,00004000,00000000,00000000,00000000,00000000,0,10,80342BF8,00000000,00000000,8010DA00
O,84,46,0101,800ED090,1102,-4233,1682,00000000,00006000,00000000,00000000,00000000,00000000,0,10,80342E58,00000000,00000000,8010DA00
O,84,47,0101,800ED090,1102,-4848,1682,00000000,00006000,00000000,00000000,00000000,00000000,0,10,803430B8,00000000,00000000,8010DA00
O,84,48,0101,800ED090,424,-4540,1959,00000000,00004000,00000000,00000000,00000000,00000000,0,10,80343318,00000000,00000000,8010DA00
O,84,49,0101,800ED090,-1037,4244,772,00000000,FFFFE000,00000000,00000000,00000000,00000000,0,10,80343578,00000000,00000000,8010DA00
O,84,50,0101,800ED090,1828,3835,-50,00000000,00000000,00000000,00000000,00000000,00000000,0,10,803437D8,00000000,00000000,8010DA00
O,84,51,0101,800ED090,1459,3835,-357,00000000,00000000,00000000,00000000,00000000,00000000,0,10,80343A38,00000000,00000000,8010DA00
O,84,52,0101,800ED090,1091,3835,-665,00000000,00000000,00000000,00000000,00000000,00000000,0,10,80343C98,00000000,00000000,8010DA00
O,84,53,0101,800ED064,1580,-4854,-825,00000000,00000000,00000000,00000000,00000000,00000000,0,10,80343EF8,00000000,00000000,8010D910
O,84,54,0101,800ED064,-1692,1022,-1157,00000000,00000000,00000000,00000000,00000000,00000000,0,10,80344158,00000000,00000000,8010D910
O,84,55,0101,800ED064,2098,7007,2243,00000000,00000000,00000000,00000000,00000000,00000000,0,10,803443B8,00000000,00000000,8010D910
O,84,56,0101,800ED064,1801,-4843,-731,00000000,00000000,00000000,00000000,00000000,00000000,0,10,80344618,00000000,00000000,8010D910
O,84,57,0101,800ED064,-1477,1044,-1088,00000000,00000000,00000000,00000000,00000000,00000000,0,10,80344878,00000000,00000000,8010D910
O,84,58,0101,800ED064,2268,7030,2227,00000000,00000000,00000000,00000000,00000000,00000000,0,10,80344AD8,00000000,00000000,8010D910
O,84,59,0101,800EC1AC,800,-4400,1900,00000000,00000000,00000000,00000000,00000000,00000000,0,10,8034C658,00000000,00000000,00000000
O,84,60,0101,800EC1AC,800,-3700,1900,00000000,00000000,00000000,00000000,00000000,00000000,0,10,8034C658,00000000,00000000,00000000
O,84,61,0101,800EC1AC,800,-3000,1900,00000000,00000000,00000000,00000000,00000000,00000000,0,10,8034C658,00000000,00000000,00000000
O,84,62,0101,800EC1AC,1780,-3300,1000,00000000,00000000,00000000,00000000,00000000,00000000,0,10,8034C658,00000000,00000000,00000000
O,84,63,0101,800EC1AC,1388,-3300,1428,00000000,00000000,00000000,00000000,00000000,00000000,0,10,8034C658,00000000,00000000,00000000
O,84,64,0101,800EC1AC,200,-3000,2000,00000000,00000000,00000000,00000000,00000000,00000000,0,10,8034C658,00000000,00000000,00000000
O,84,65,0101,800EC1AC,200,-3700,2000,00000000,00000000,00000000,00000000,00000000,00000000,0,10,8034C658,00000000,00000000,00000000
O,84,66,0101,800EC1AC,200,-4400,2000,00000000,00000000,00000000,00000000,00000000,00000000,0,10,8034C658,00000000,00000000,00000000
O,84,67,0101,800EC4A4,-1080,90,1575,00000000,00000000,00000000,00000000,00000000,00000000,0,10,80346038,00000000,00000000,00000000
O,84,68,0101,800ED028,-1179,445,1413,00000000,00002000,00000000,00000000,00000000,00000000,0,10,80346298,00000000,00000000,8010D88C
O,84,69,0101,800ED028,-1524,-1454,1129,00000000,FFFFE000,00000000,00000000,00000000,00000000,0,10,803464F8,00000000,00000000,8010D88C
O,84,70,0103,800EB688,-697.536743,-710.236572,1551.06689,00000000,00007601,00000000,00000000,00000000,00000000,2,9,80346758,00000000,00000000,00000000
O,84,71,0101,800EA888,-1203,-19,-170,00000000,00002000,00000000,00000000,00000000,00000000,0,10,803469B8,00000000,00000000,80125088
O,84,72,0101,800EA8A8,0,20,-1400,00000000,00000000,00000000,00000000,00000000,00000000,1,9,80346C18,00000000,00000000,00000000
O,84,73,0101,800EA8A8,-250,20,-1700,00000000,00000000,00000000,00000000,00000000,00000000,1,9,80346E78,00000000,00000000,00000000
O,84,74,0101,800EA8A8,250,20,-1700,00000000,00000000,00000000,00000000,00000000,00000000,1,9,803470D8,00000000,00000000,00000000
O,84,75,0101,800EA8A8,0,20,-2000,00000000,00000000,00000000,00000000,00000000,00000000,1,9,80347338,00000000,00000000,00000000
O,84,76,0101,800EA8A8,500,20,-2000,00000000,00000000,00000000,00000000,00000000,00000000,1,9,80347598,00000000,00000000,00000000
O,84,77,0101,800EA8A8,-500,20,-2000,00000000,00000000,00000000,00000000,00000000,00000000,1,9,803477F8,00000000,00000000,00000000
O,84,78,0103,800E9868,880,-19,1160,00000000,00000000,00000000,00000000,00000000,00000000,0,10,80347A58,8034DE18,00000000,00000000
O,84,79,0101,800ED48C,800,-2460,160,00000000,00000000,00000000,00000000,00000000,00000000,0,10,80347CB8,00000000,00000000,00000000
O,84,80,0103,800E8C0C,-1120,-820,1320,00000000,00002000,00000000,00000000,00000000,00000000,0,10,80347F18,00000000,00000000,00000000
O,84,81,0103,800ED48C,-571,6020,-1414,00000000,00000000,00000000,00000000,00000000,00000000,0,10,80348178,00000000,00000000,00000000
O,84,82,0103,800ED1F8,620,-5150,1540,00000000,00000FA0,00000000,00000000,00000190,00000000,0,10,803483D8,00000000,00000000,00000000
O,84,83,0101,800EC424,-520,1351,1919,00000000,00000000,00000000,00000000,00000000,00000000,0,10,80348638,00000000,00000000,00000000
O,84,84,0101,800EC424,-165,1351,1919,00000000,00000000,00000000,00000000,00000000,00000000,0,10,80348898,00000000,00000000,00000000
O,84,85,0101,800EC424,182,1351,1919,00000000,00000000,00000000,00000000,00000000,00000000,0,10,80348AF8,00000000,00000000,00000000
O,84,86,0101,800EC3EC,657,1368,1879,00000000,00000000,00000000,00000000,00000000,00000000,0,10,80348D58,00000000,00000000,00000000
O,84,87,0103,800EB688,-924.740906,-2360.23657,-898.724731,00000000,0000E686,00000000,00000000,00000000,00000000,2,9,80348FB8,00000000,00000000,00000000
O,84,88,0101,800EA570,1883,4150,550,00000000,00000000,00000000,00000000,00000000,00000000,2,9,80349218,00000000,00000000,8014A168
O,84,89,0103,800ED1F8,-1333,350,1116,00000000,00000FA0,00000000,00000000,00000190,00000000,0,10,80349478,00000000,00000000,00000000
O,84,90,0101,800EA570,-1101,6316,-685,00000000,00002000,00000000,00000000,00000000,00000000,2,9,803496D8,00000000,00000000,8014A168
O,84,91,0101,800EB474,1071.34875,-4822,677.429871,00000000,FFFFF323,00000000,00000000,00000000,00000000,0,10,80349938,00000000,00000000,00000000
O,84,92,0101,800EB474,1677.34875,-4822,228.429916,00000000,FFFFF323,00000000,00000000,00000000,00000000,0,10,80349B98,00000000,00000000,00000000
O,84,93,0101,800EA8A8,0,20,-1700,00000000,00000000,00000000,00000000,00000000,00000000,1,9,80349DF8,00000000,00000000,00000000
O,84,94,0101,800ECFCC,-1020,1229,537,00000000,00000000,00000000,00000000,00000000,00000000,0,10,8034A058,00000000,00000000,8010D5B4
O,84,95,0101,800EA570,2350,5600,2350,00000000,00002000,00000000,00000000,00000000,00000000,2,9,8034A2B8,00000000,00000000,8014A168
O,84,96,0101,800EA570,0,4783,0,00000000,00000000,00000000,00000000,00000000,00000000,2,9,8034A518,00000000,00000000,8014A168
O,84,97,0101,800EA570,-1140,-3720,-1620,00000000,00002000,00000000,00000000,00000000,00000000,2,9,8034A778,00000000,00000000,8014A168
O,84,98,0101,800EA570,840,-2200,860,00000000,00002000,00000000,00000000,00000000,00000000,2,9,8034A9D8,00000000,00000000,8014A168
O,84,99,0103,800E8C3C,-770,-3800,-440,00000000,00000000,00000000,00000000,00000000,00000000,0,10,8034AC38,00000000,00000000,00000000
O,84,100,0103,800E8C3C,-770,-3700,-440,00000000,00000000,00000000,00000000,00000000,00000000,0,10,8034AE98,00000000,00000000,00000000
O,84,101,0101,800EA570,280,-4920,1660,00000000,00000000,00000000,00000000,00000000,00000000,2,9,8034B0F8,00000000,00000000,8014A168
O,84,102,0101,800EA570,1240,300,840,00000000,00002000,00000000,00000000,00000000,00000000,2,9,8034B358,00000000,00000000,8014A168
O,84,103,0101,800EA570,520,300,1500,00000000,00002000,00000000,00000000,00000000,00000000,2,9,8034B5B8,00000000,00000000,8014A168
O,84,104,0101,800EA570,-400,3600,1880,00000000,00000000,00000000,00000000,00000000,00000000,2,9,8034B818,00000000,00000000,8014A168
O,84,105,0101,800EA570,-40,4160,-1280,00000000,00000000,00000000,00000000,00000000,00000000,2,9,8034BA78,00000000,00000000,8014A168
O,84,106,0101,800EA570,-1160,2920,-840,00000000,00002000,00000000,00000000,00000000,00000000,2,9,8034BCD8,00000000,00000000,8014A168
O,84,107,0101,800EA570,-780,6316,-1020,00000000,00002000,00000000,00000000,00000000,00000000,2,9,8034BF38,00000000,00000000,8014A168
O,84,108,0101,800ECF5C,1313,6190,1313,00000000,00002000,00000000,00000000,00000000,00000000,0,10,8034C198,00000000,00000000,8010D2E4
O,84,109,0101,800ECF5C,1851,-2488,-98,00000000,00000000,00000000,00000000,00000000,00000000,0,10,8034C3F8,00000000,00000000,8010D410
O,84,110,0101,800EC18C,1815,-3200,800,00000000,00000000,00000000,00000000,00000000,00000000,0,10,8034C658,00000000,00000000,00000000
O,84,111,0101,800EC13C,-1050,2400,-790,00000000,00005000,00000000,00000000,00000000,00000000,0,10,8034C8B8,00000000,00000000,00000000
O,84,112,0101,800EC13C,2200,7300,2210,00000000,00005000,00000000,00000000,00000000,00000000,0,10,8034CB18,00000000,00000000,00000000
O,84,113,0101,800EC13C,-1300,-2250,-1300,00000000,00005000,00000000,00000000,00000000,00000000,0,10,8034CD78,00000000,00000000,00000000
O,84,114,0101,800EC13C,-1850,300,-950,00000000,00005000,00000000,00000000,00000000,00000000,0,10,8034CFD8,00000000,00000000,00000000
O,84,115,0101,800EC13C,-1450,-1130,-1050,00000000,00005000,00000000,00000000,00000000,00000000,0,10,8034D238,00000000,00000000,00000000
O,84,116,0101,800E8EAC,1919,6292,1919,00000000,FFFFA000,00000000,00000000,00000000,00000000,0,10,8034D498,00000000,00000000,8011A38C
O,84,117,0101,800E8464,-1080,-840,1573,00000000,00000000,00000000,00000000,00000000,00000000,0,10,8034D6F8,00000000,00000000,00000000
O,84,118,0101,800EB274,1417,-3822,-548,00000000,FFFFE0B6,00000000,00000000,00000000,00000000,0,10,8034D958,00000000,00000000,00000000
O,84,119,0101,800EB1C0,1403.09863,-4002,-533.620117,00000000,FFFFE0B6,00000000,00000000,00000000,00000000,0,10,8034DBB8,00000000,00000000,00000000
O,84,120,0101,800E98C4,880,-19,1160,00000000,00000000,00000000,00000000,00000000,00000000,0,10,80347A58,00000000,00000000,00000000
O,84,121,0101,800ED86C,1815,-4762,800,00004000,00000A00,00000000,00000000,00000000,00000000,0,10,8034C658,00000000,00000000,00000000
M,85,27,104974,3,00001924,0C400201,0,0,00000000,1403.09863,-4002,-533.620117,-1.39015019,-40,1.4378742,2,-8010,-4822,5243,00000000,80161C20,801693C0,8034D958,00000000,8034D958,00000000,8034DBB8,00000000,00000000,-1
O,85,0,0101,800ECEF0,-1032,-3291,1070,00000000,00002000,00000000,00000000,00000000,00000000,0,10,8033C118,00000000,00000000,8010CFA0
O,85,1,0101,800ECEF0,-1881,1767,-446,00000000,00004000,00000000,00000000,00000000,00000000,0,10,8033C378,00000000,00000000,8010CFA0
O,85,2,0101,800ECEF0,-1870,2068,362,00000000,00004000,00000000,00000000,00000000,00000000,0,10,8033C5D8,00000000,00000000,8010CFA0
O,85,3,0101,800ECEF0,-770,-4361,-423,00000000,FFFFA000,00000000,00000000,00000000,00000000,0,10,8033C838,00000000,00000000,8010CFA0
O,85,4,0101,800ECEF0,-1314,-3691,788,00000000,00006000,00000000,00000000,00000000,00000000,0,10,8033CA98,00000000,00000000,8010CFA0
O,85,5,0101,800ECEF0,-1314,-2892,1353,00000000,00006000,00000000,00000000,00000000,00000000,0,10,8033CCF8,00000000,00000000,8010CFA0
O,85,6,0101,800ECEF0,780,5767,-1027,00000000,FFFFE000,00000000,00000000,00000000,00000000,0,10,8033CF58,00000000,00000000,8010D038
O,85,7,0101,800ECEF0,1063,5562,-744,00000000,FFFFE000,00000000,00000000,00000000,00000000,0,10,8033D1B8,00000000,00000000,8010D038
O,85,8,0101,800ECF24,-1350,748,-1208,00000000,00002000,000018E3,00000000,00000000,00000000,0,10,8033D418,00000000,00000000,8010D0BC
O,85,9,0101,800ECF24,-690,901,-910,00000000,00002000,000018E3,00000000,00000000,00000000,0,10,8033D678,00000000,00000000,8010D0BC
O,85,10,0101,800ECF24,-1389,-3030,-1028,00000000,00002000,000018E3,00000000,00000000,00000000,0,10,8033D8D8,00000000,00000000,8010D0BC
O,85,11,0101,800ECF24,937,-3867,-1041,00000000,00002000,000018E3,00000000,00000000,00000000,0,10,8033DB38,00000000,00000000,8010D0BC
O,85,12,0101,800ECF5C,-139,-4408,-1056,00000000,00006000,00000000,00000000,00000000,00000000,0,10,8033DD98,00000000,00000000,8010D2E4
O,85,13,0101,800ECF5C,618,3656,148,00000000,00004000,00000000,00000000,00000000,00000000,0,10,8033DFF8,00000000,00000000,8010D410
O,85,14,0101,800ECF5C,963,3297,608,00000000,FFFFC000,00000000,00000000,00000000,00000000,0,10,8033E258,00000000,00000000,8010D410
O,85,15,0101,800ECF5C,1306,2939,1069,00000000,00004000,00000000,00000000,00000000,00000000,0,10,8033E4B8,00000000,00000000,8010D410
O,85,16,0101,800ECF5C,-1179,-1453,-792,00000000,FFFFE000,00000000,00000000,00000000,00000000,0,10,8033E718,00000000,00000000,8010D410
O,85,17,0101,800ECF94,174,1248,1790,00000000,FFFF8000,00000000,00000000,00000000,00000000,0,10,8033E978,00000000,00000000,8010D53C
O,85,18,0101,800ECF94,-1144.22327,1490,-1386.22327,00000000,00002000,00000000,00000000,00000000,00000000,0,10,8033EBD8,00000000,00000000,8010D53C
O,85,19,0101,800ECF94,-899.223328,1730,-1631.22327,00000000,00002000,00000000,00000000,00000000,00000000,0,10,8033EE38,00000000,00000000,8010D53C
O,85,20,0101,800ECF94,-1142.22327,1970,-1387.22327,00000000,00002000,00000000,00000000,00000000,00000000,0,10,8033F098,00000000,00000000,8010D53C
O,85,21,0101,800ECF94,-517,3175,1790,00000000,FFFF8000,00000000,00000000,00000000,00000000,0,10,8033F2F8,00000000,00000000,8010D53C
O,85,22,0101,800ECF94,-170,1248,1790,00000000,FFFF8000,00000000,00000000,00000000,00000000,0,10,8033F558,00000000,00000000,8010D53C
O,85,23,0101,800ECF94,-515,1248,1790,00000000,FFFF8000,00000000,00000000,00000000,00000000,0,10,8033F7B8,00000000,00000000,8010D53C
O,85,24,0101,800ECF94,-175,-1351,-1789,00000000,00000000,00000000,00000000,00000000,00000000,0,10,8033FA18,00000000,00000000,8010D53C
O,85,25,0101,800ECF94,-515,-2590,1790,00000000,FFFF8000,00000000,00000000,00000000,00000000,0,10,8033FC78,00000000,00000000,8010D53C
O,85,26,0101,800ECF94,518,3175,1790,00000000,FFFF8000,00000000,00000000,00000000,00000000,0,10,8033FED8,00000000,00000000,8010D53C
O,85,27,0101,800ECF94,-171,3175,1790,00000000,FFFF8000,00000000,00000000,00000000,00000000,0,10,80340138,00000000,00000000,8010D53C
O,85,28,0101,800ECF94,174,3175,1790,00000000,FFFF8000,00000000,00000000,00000000,00000000,0,10,80340398,00000000,00000000,8010D53C
O,85,29,0101,800ECFCC,1490,-2088,-873,00000000,00000000,00000000,00000000,00000000,00000000,0,10,803405F8,00000000,00000000,8010D5B4
O,85,30,0101,800ECFCC,-708,-1606,-1589,00000000,00000000,00000000,00000000,00000000,00000000,0,10,80340858,00000000,00000000,8010D5B4
O,85,31,0101,800ECFCC,954,-1627,-1448,00000000,00000000,00000000,00000000,00000000,00000000,0,10,80340AB8,00000000,00000000,8010D5B4
O,85,32,0101,800ECFCC,1215,-1781,-1215,00000000,00000000,00000000,00000000,00000000,00000000,0,10,80340D18,00000000,00000000,8010D5B4
O,85,33,0101,800ECFCC,1052,-1934,-769,00000000,00000000,00000000,00000000,00000000,00000000,0,10,80340F78,00000000,00000000,8010D5B4
O,85,34,0101,800ECFCC,-620,1229,1233,00000000,FFFFA000,00000000,00000000,00000000,00000000,0,10,803411D8,00000000,00000000,8010D680
O,85,35,0101,800ECFCC,1050,-19,-1037,00000000,FFFFE000,00000000,00000000,00000000,00000000,0,10,80341438,00000000,00000000,8010D680
O,85,36,0101,800ECFF8,-1100,259,-1030,00000000,FFFFE000,00000000,00000000,00000000,00000000,0,1,80341698,00000000,00000000,8010D784
O,85,37,0101,800ED064,0,6011,0,00000000,FFFFA000,00000000,00000000,00000000,00000000,0,10,803418F8,00000000,00000000,8010D910
O,85,38,0101,800ED064,0,-2487,0,00000000,00002000,00000000,00000000,00000000,00000000,0,10,80341B58,00000000,00000000,8010D910
O,85,39,0101,800ED090,1102,-3619,1682,00000000,00006000,00000000,00000000,00000000,00000000,0,10,80341DB8,00000000,00000000,8010DA00
O,85,40,0101,800ED090,424,-3312,1959,00000000,00004000,00000000,00000000,00000000,00000000,0,10,80342018,00000000,00000000,8010DA00
O,85,41,0101,800ED090,1102,-3004,1682,00000000,00006000,00000000,00000000,00000000,00000000,0,10,80342278,00000000,00000000,8010DA00
O,85,42,0101,800ED090,1584,-2697,1200,00000000,00006000,00000000,00000000,00000000,00000000,0,10,803424D8,00000000,00000000,8010DA00
O,85,43,0101,800ED090,1582,-3619,1203,00000000,00006000,00000000,00000000,00000000,00000000,0,10,80342738,00000000,00000000,8010DA00
O,85,44,0101,800ED090,-762,4347,1047,00000000,00006000,00000000,00000000,00000000,00000000,0,10,80342998,00000000,00000000,8010DA00
O,85,45,0101,800ED090,424,-3926,1959,00000000,00004000,00000000,00000000,00000000,00000000,0,10,80342BF8,00000000,00000000,8010DA00
O,85,46,0101,800ED090,1102,-4233,1682,00000000,00006000,00000000,00000000,00000000,00000000,0,10,80342E58,00000000,00000000,8010DA00
O,85,47,0101,800ED090,1102,-4848,1682,00000000,00006000,00000000,00000000,00000000,00000000,0,10,803430B8,00000000,00000000,8010DA00
O,85,48,0101,800ED090,424,-4540,1959,00000000,00004000,00000000,00000000,00000000,00000000,0,10,80343318,00000000,00000000,8010DA00
O,85,49,0101,800ED090,-1037,4244,772,00000000,FFFFE000,00000000,00000000,00000000,00000000,0,10,80343578,00000000,00000000,8010DA00
O,85,50,0101,800ED090,1828,3835,-50,00000000,00000000,00000000,00000000,00000000,00000000,0,10,803437D8,00000000,00000000,8010DA00
O,85,51,0101,800ED090,1459,3835,-357,00000000,00000000,00000000,00000000,00000000,00000000,0,10,80343A38,00000000,00000000,8010DA00
O,85,52,0101,800ED090,1091,3835,-665,00000000,00000000,00000000,00000000,00000000,00000000,0,10,80343C98,00000000,00000000,8010DA00
O,85,53,0101,800ED064,1580,-4854,-825,00000000,00000000,00000000,00000000,00000000,00000000,0,10,80343EF8,00000000,00000000,8010D910
O,85,54,0101,800ED064,-1692,1022,-1157,00000000,00000000,00000000,00000000,00000000,00000000,0,10,80344158,00000000,00000000,8010D910
O,85,55,0101,800ED064,2098,7007,2243,00000000,00000000,00000000,00000000,00000000,00000000,0,10,803443B8,00000000,00000000,8010D910
O,85,56,0101,800ED064,1801,-4843,-731,00000000,00000000,00000000,00000000,00000000,00000000,0,10,80344618,00000000,00000000,8010D910
O,85,57,0101,800ED064,-1477,1044,-1088,00000000,00000000,00000000,00000000,00000000,00000000,0,10,80344878,00000000,00000000,8010D910
O,85,58,0101,800ED064,2268,7030,2227,00000000,00000000,00000000,00000000,00000000,00000000,0,10,80344AD8,00000000,00000000,8010D910
O,85,59,0101,800EC1AC,800,-4400,1900,00000000,00000000,00000000,00000000,00000000,00000000,0,10,8034C658,00000000,00000000,00000000
O,85,60,0101,800EC1AC,800,-3700,1900,00000000,00000000,00000000,00000000,00000000,00000000,0,10,8034C658,00000000,00000000,00000000
O,85,61,0101,800EC1AC,800,-3000,1900,00000000,00000000,00000000,00000000,00000000,00000000,0,10,8034C658,00000000,00000000,00000000
O,85,62,0101,800EC1AC,1780,-3300,1000,00000000,00000000,00000000,00000000,00000000,00000000,0,10,8034C658,00000000,00000000,00000000
O,85,63,0101,800EC1AC,1388,-3300,1428,00000000,00000000,00000000,00000000,00000000,00000000,0,10,8034C658,00000000,00000000,00000000
O,85,64,0101,800EC1AC,200,-3000,2000,00000000,00000000,00000000,00000000,00000000,00000000,0,10,8034C658,00000000,00000000,00000000
O,85,65,0101,800EC1AC,200,-3700,2000,00000000,00000000,00000000,00000000,00000000,00000000,0,10,8034C658,00000000,00000000,00000000
O,85,66,0101,800EC1AC,200,-4400,2000,00000000,00000000,00000000,00000000,00000000,00000000,0,10,8034C658,00000000,00000000,00000000
O,85,67,0101,800EC4A4,-1080,90,1575,00000000,00000000,00000000,00000000,00000000,00000000,0,10,80346038,00000000,00000000,00000000
O,85,68,0101,800ED028,-1179,445,1413,00000000,00002000,00000000,00000000,00000000,00000000,0,10,80346298,00000000,00000000,8010D88C
O,85,69,0101,800ED028,-1524,-1454,1129,00000000,FFFFE000,00000000,00000000,00000000,00000000,0,10,803464F8,00000000,00000000,8010D88C
O,85,70,0103,800EB688,-697.536743,-710.236572,1551.06689,00000000,00007601,00000000,00000000,00000000,00000000,2,9,80346758,00000000,00000000,00000000
O,85,71,0101,800EA888,-1203,-19,-170,00000000,00002000,00000000,00000000,00000000,00000000,0,10,803469B8,00000000,00000000,80125088
O,85,72,0101,800EA8A8,0,20,-1400,00000000,00000000,00000000,00000000,00000000,00000000,1,9,80346C18,00000000,00000000,00000000
O,85,73,0101,800EA8A8,-250,20,-1700,00000000,00000000,00000000,00000000,00000000,00000000,1,9,80346E78,00000000,00000000,00000000
O,85,74,0101,800EA8A8,250,20,-1700,00000000,00000000,00000000,00000000,00000000,00000000,1,9,803470D8,00000000,00000000,00000000
O,85,75,0101,800EA8A8,0,20,-2000,00000000,00000000,00000000,00000000,00000000,00000000,1,9,80347338,00000000,00000000,00000000
O,85,76,0101,800EA8A8,500,20,-2000,00000000,00000000,00000000,00000000,00000000,00000000,1,9,80347598,00000000,00000000,00000000
O,85,77,0101,800EA8A8,-500,20,-2000,00000000,00000000,00000000,00000000,00000000,00000000,1,9,803477F8,00000000,00000000,00000000
O,85,78,0103,800E9868,880,-19,1160,00000000,00000000,00000000,00000000,00000000,00000000,0,10,80347A58,8034DE18,00000000,00000000
O,85,79,0101,800ED48C,800,-2460,160,00000000,00000000,00000000,00000000,00000000,00000000,0,10,80347CB8,00000000,00000000,00000000
O,85,80,0103,800E8C0C,-1120,-820,1320,00000000,00002000,00000000,00000000,00000000,00000000,0,10,80347F18,00000000,00000000,00000000
O,85,81,0103,800ED48C,-571,6020,-1414,00000000,00000000,00000000,00000000,00000000,00000000,0,10,80348178,00000000,00000000,00000000
O,85,82,0103,800ED1F8,620,-5150,1540,00000000,00000FA0,00000000,00000000,00000190,00000000,0,10,803483D8,00000000,00000000,00000000
O,85,83,0101,800EC424,-520,1351,1919,00000000,00000000,00000000,00000000,00000000,00000000,0,10,80348638,00000000,00000000,00000000
O,85,84,0101,800EC424,-165,1351,1919,00000000,00000000,00000000,00000000,00000000,00000000,0,10,80348898,00000000,00000000,00000000
O,85,85,0101,800EC424,182,1351,1919,00000000,00000000,00000000,00000000,00000000,00000000,0,10,80348AF8,00000000,00000000,00000000
O,85,86,0101,800EC3EC,657,1368,1879,00000000,00000000,00000000,00000000,00000000,00000000,0,10,80348D58,00000000,00000000,00000000
O,85,87,0103,800EB688,-924.740906,-2360.23657,-898.724731,00000000,0000E686,00000000,00000000,00000000,00000000,2,9,80348FB8,00000000,00000000,00000000
O,85,88,0101,800EA570,1883,4150,550,00000000,00000000,00000000,00000000,00000000,00000000,2,9,80349218,00000000,00000000,8014A168
O,85,89,0103,800ED1F8,-1333,350,1116,00000000,00000FA0,00000000,00000000,00000190,00000000,0,10,80349478,00000000,00000000,00000000
O,85,90,0101,800EA570,-1101,6316,-685,00000000,00002000,00000000,00000000,00000000,00000000,2,9,803496D8,00000000,00000000,8014A168
O,85,91,0101,800EB474,1071.34875,-4822,677.429871,00000000,FFFFF323,00000000,00000000,00000000,00000000,0,10,80349938,00000000,00000000,00000000
O,85,92,0101,800EB474,1677.34875,-4822,228.429916,00000000,FFFFF323,00000000,00000000,00000000,00000000,0,10,80349B98,00000000,00000000,00000000
O,85,93,0101,800EA8A8,0,20,-1700,00000000,00000000,00000000,00000000,00000000,00000000,1,9,80349DF8,00000000,00000000,00000000
O,85,94,0101,800ECFCC,-1020,1229,537,00000000,00000000,00000000,00000000,00000000,00000000,0,10,8034A058,00000000,00000000,8010D5B4
O,85,95,0101,800EA570,2350,5600,2350,00000000,00002000,00000000,00000000,00000000,00000000,2,9,8034A2B8,00000000,00000000,8014A168
O,85,96,0101,800EA570,0,4783,0,00000000,00000000,00000000,00000000,00000000,00000000,2,9,8034A518,00000000,00000000,8014A168
O,85,97,0101,800EA570,-1140,-3720,-1620,00000000,00002000,00000000,00000000,00000000,00000000,2,9,8034A778,00000000,00000000,8014A168
O,85,98,0101,800EA570,840,-2200,860,00000000,00002000,00000000,00000000,00000000,00000000,2,9,8034A9D8,00000000,00000000,8014A168
O,85,99,0103,800E8C3C,-770,-3800,-440,00000000,00000000,00000000,00000000,00000000,00000000,0,10,8034AC38,00000000,00000000,00000000
O,85,100,0103,800E8C3C,-770,-3700,-440,00000000,00000000,00000000,00000000,00000000,00000000,0,10,8034AE98,00000000,00000000,00000000
O,85,101,0101,800EA570,280,-4920,1660,00000000,00000000,00000000,00000000,00000000,00000000,2,9,8034B0F8,00000000,00000000,8014A168
O,85,102,0101,800EA570,1240,300,840,00000000,00002000,00000000,00000000,00000000,00000000,2,9,8034B358,00000000,00000000,8014A168
O,85,103,0101,800EA570,520,300,1500,00000000,00002000,00000000,00000000,00000000,00000000,2,9,8034B5B8,00000000,00000000,8014A168
O,85,104,0101,800EA570,-400,3600,1880,00000000,00000000,00000000,00000000,00000000,00000000,2,9,8034B818,00000000,00000000,8014A168
O,85,105,0101,800EA570,-40,4160,-1280,00000000,00000000,00000000,00000000,00000000,00000000,2,9,8034BA78,00000000,00000000,8014A168
O,85,106,0101,800EA570,-1160,2920,-840,00000000,00002000,00000000,00000000,00000000,00000000,2,9,8034BCD8,00000000,00000000,8014A168
O,85,107,0101,800EA570,-780,6316,-1020,00000000,00002000,00000000,00000000,00000000,00000000,2,9,8034BF38,00000000,00000000,8014A168
O,85,108,0101,800ECF5C,1313,6190,1313,00000000,00002000,00000000,00000000,00000000,00000000,0,10,8034C198,00000000,00000000,8010D2E4
O,85,109,0101,800ECF5C,1851,-2488,-98,00000000,00000000,00000000,00000000,00000000,00000000,0,10,8034C3F8,00000000,00000000,8010D410
O,85,110,0101,800EC18C,1815,-3200,800,00000000,00000000,00000000,00000000,00000000,00000000,0,10,8034C658,00000000,00000000,00000000
O,85,111,0101,800EC13C,-1050,2400,-790,00000000,00005000,00000000,00000000,00000000,00000000,0,10,8034C8B8,00000000,00000000,00000000
O,85,112,0101,800EC13C,2200,7300,2210,00000000,00005000,00000000,00000000,00000000,00000000,0,10,8034CB18,00000000,00000000,00000000
O,85,113,0101,800EC13C,-1300,-2250,-1300,00000000,00005000,00000000,00000000,00000000,00000000,0,10,8034CD78,00000000,00000000,00000000
O,85,114,0101,800EC13C,-1850,300,-950,00000000,00005000,00000000,00000000,00000000,00000000,0,10,8034CFD8,00000000,00000000,00000000
O,85,115,0101,800EC13C,-1450,-1130,-1050,00000000,00005000,00000000,00000000,00000000,00000000,0,10,8034D238,00000000,00000000,00000000
O,85,116,0101,800E8EAC,1919,6292,1919,00000000,FFFFA000,00000000,00000000,00000000,00000000,0,10,8034D498,00000000,00000000,8011A38C
O,85,117,0101,800E8464,-1080,-840,1573,00000000,00000000,00000000,00000000,00000000,00000000,0,10,8034D6F8,00000000,00000000,00000000
O,85,118,0101,800EB274,1417,-3822,-548,00000000,FFFFE0B6,00000000,00000000,00000000,00000000,0,10,8034D958,00000000,00000000,00000000
O,85,119,0101,800EB1C0,1403.09863,-4002,-533.620117,00000000,FFFFE0B6,00000000,00000000,00000000,00000000,0,10,8034DBB8,00000000,00000000,00000000
O,85,120,0101,800E98C4,880,-19,1160,00000000,00000000,00000000,00000000,00000000,00000000,0,10,80347A58,00000000,00000000,00000000
O,85,121,0101,800ED86C,1815,-4762,800,00004000,00000A00,00000000,00000000,00000000,00000000,0,10,8034C658,00000000,00000000,00000000
M,86,28,104975,3,00001924,0C400201,0,0,00000000,1401.7085,-4042,-532.182129,-1.39015019,-44,1.4378742,2,-8010,-4822,5243,00000000,80161C20,801693C0,8034D958,00000000,8034D958,00000000,8034DBB8,00000000,00000000,-1
O,86,0,0101,800ECEF0,-1032,-3291,1070,00000000,00002000,00000000,00000000,00000000,00000000,0,11,8033C118,00000000,00000000,8010CFA0
O,86,1,0101,800ECEF0,-1881,1767,-446,00000000,00004000,00000000,00000000,00000000,00000000,0,11,8033C378,00000000,00000000,8010CFA0
O,86,2,0101,800ECEF0,-1870,2068,362,00000000,00004000,00000000,00000000,00000000,00000000,0,11,8033C5D8,00000000,00000000,8010CFA0
O,86,3,0101,800ECEF0,-770,-4361,-423,00000000,FFFFA000,00000000,00000000,00000000,00000000,0,11,8033C838,00000000,00000000,8010CFA0
O,86,4,0101,800ECEF0,-1314,-3691,788,00000000,00006000,00000000,00000000,00000000,00000000,0,11,8033CA98,00000000,00000000,8010CFA0
O,86,5,0101,800ECEF0,-1314,-2892,1353,00000000,00006000,00000000,00000000,00000000,00000000,0,11,8033CCF8,00000000,00000000,8010CFA0
O,86,6,0101,800ECEF0,780,5767,-1027,00000000,FFFFE000,00000000,00000000,00000000,00000000,0,11,8033CF58,00000000,00000000,8010D038
O,86,7,0101,800ECEF0,1063,5562,-744,00000000,FFFFE000,00000000,00000000,00000000,00000000,0,11,8033D1B8,00000000,00000000,8010D038
O,86,8,0101,800ECF24,-1350,748,-1208,00000000,00002000,000018E3,00000000,00000000,00000000,0,11,8033D418,00000000,00000000,8010D0BC
O,86,9,0101,800ECF24,-690,901,-910,00000000,00002000,000018E3,00000000,00000000,00000000,0,11,8033D678,00000000,00000000,8010D0BC
O,86,10,0101,800ECF24,-1389,-3030,-1028,00000000,00002000,000018E3,00000000,00000000,00000000,0,11,8033D8D8,00000000,00000000,8010D0BC
O,86,11,0101,800ECF24,937,-3867,-1041,00000000,00002000,000018E3,00000000,00000000,00000000,0,11,8033DB38,00000000,00000000,8010D0BC
O,86,12,0101,800ECF5C,-139,-4408,-1056,00000000,00006000,00000000,00000000,00000000,00000000,0,11,8033DD98,00000000,00000000,8010D2E4
O,86,13,0101,800ECF5C,618,3656,148,00000000,00004000,00000000,00000000,00000000,00000000,0,11,8033DFF8,00000000,00000000,8010D410
O,86,14,0101,800ECF5C,963,3297,608,00000000,FFFFC000,00000000,00000000,00000000,00000000,0,11,8033E258,00000000,00000000,8010D410
O,86,15,0101,800ECF5C,1306,2939,1069,00000000,00004000,00000000,00000000,00000000,00000000,0,11,8033E4B8,00000000,00000000,8010D410
O,86,16,0101,800ECF5C,-1179,-1453,-792,00000000,FFFFE000,00000000,00000000,00000000,00000000,0,11,8033E718,00000000,00000000,8010D410
O,86,17,0101,800ECF94,174,1248,1790,00000000,FFFF8000,00000000,00000000,00000000,00000000,0,11,8033E978,00000000,00000000,8010D53C
O,86,18,0101,800ECF94,-1144.22327,1490,-1386.22327,00000000,00002000,00000000,00000000,00000000,00000000,0,11,8033EBD8,00000000,00000000,8010D53C
O,86,19,0101,800ECF94,-899.223328,1730,-1631.22327,00000000,00002000,00000000,00000000,00000000,00000000,0,11,8033EE38,00000000,00000000,8010D53C
O,86,20,0101,800ECF94,-1142.22327,1970,-1387.22327,00000000,00002000,00000000,00000000,00000000,00000000,0,11,8033F098,00000000,00000000,8010D53C
O,86,21,0101,800ECF94,-517,3175,1790,00000000,FFFF8000,00000000,00000000,00000000,00000000,0,11,8033F2F8,00000000,00000000,8010D53C
O,86,22,0101,800ECF94,-170,1248,1790,00000000,FFFF8000,00000000,00000000,00000000,00000000,0,11,8033F558,00000000,00000000,8010D53C
O,86,23,0101,800ECF94,-515,1248,1790,00000000,FFFF8000,00000000,00000000,00000000,00000000,0,11,8033F7B8,00000000,00000000,8010D53C
O,86,24,0101,800ECF94,-175,-1351,-1789,00000000,00000000,00000000,00000000,00000000,00000000,0,11,8033FA18,00000000,00000000,8010D53C
O,86,25,0101,800ECF94,-515,-2590,1790,00000000,FFFF8000,00000000,00000000,00000000,00000000,0,11,8033FC78,00000000,00000000,8010D53C
O,86,26,0101,800ECF94,518,3175,1790,00000000,FFFF8000,00000000,00000000,00000000,00000000,0,11,8033FED8,00000000,00000000,8010D53C
O,86,27,0101,800ECF94,-171,3175,1790,00000000,FFFF8000,00000000,00000000,00000000,00000000,0,11,80340138,00000000,00000000,8010D53C
O,86,28,0101,800ECF94,174,3175,1790,00000000,FFFF8000,00000000,00000000,00000000,00000000,0,11,80340398,00000000,00000000,8010D53C
O,86,29,0101,800ECFCC,1490,-2088,-873,00000000,00000000,00000000,00000000,00000000,00000000,0,11,803405F8,00000000,00000000,8010D5B4
O,86,30,0101,800ECFCC,-708,-1606,-1589,00000000,00000000,00000000,00000000,00000000,00000000,0,11,80340858,00000000,00000000,8010D5B4
O,86,31,0101,800ECFCC,954,-1627,-1448,00000000,00000000,00000000,00000000,00000000,00000000,0,11,80340AB8,00000000,00000000,8010D5B4
O,86,32,0101,800ECFCC,1215,-1781,-1215,00000000,00000000,00000000,00000000,00000000,00000000,0,11,80340D18,00000000,00000000,8010D5B4
O,86,33,0101,800ECFCC,1052,-1934,-769,00000000,00000000,00000000,00000000,00000000,00000000,0,11,80340F78,00000000,00000000,8010D5B4
O,86,34,0101,800ECFCC,-620,1229,1233,00000000,FFFFA000,00000000,00000000,00000000,00000000,0,11,803411D8,00000000,00000000,8010D680
O,86,35,0101,800ECFCC,1050,-19,-1037,00000000,FFFFE000,00000000,00000000,00000000,00000000,0,11,80341438,00000000,00000000,8010D680
O,86,36,0101,800ECFF8,-1100,259,-1030,00000000,FFFFE000,00000000,00000000,00000000,00000000,0,1,80341698,00000000,00000000,8010D784
O,86,37,0101,800ED064,0,6011,0,00000000,FFFFA000,00000000,00000000,00000000,00000000,0,11,803418F8,00000000,00000000,8010D910
O,86,38,0101,800ED064,0,-2487,0,00000000,00002000,00000000,00000000,00000000,00000000,0,11,80341B58,00000000,00000000,8010D910
O,86,39,0101,800ED090,1102,-3619,1682,00000000,00006000,00000000,00000000,00000000,00000000,0,11,80341DB8,00000000,00000000,8010DA00
O,86,40,0101,800ED090,424,-3312,1959,00000000,00004000,00000000,00000000,00000000,00000000,0,11,80342018,00000000,00000000,8010DA00
O,86,41,0101,800ED090,1102,-3004,1682,00000000,00006000,00000000,00000000,00000000,00000000,0,11,80342278,00000000,00000000,8010DA00
O,86,42,0101,800ED090,1584,-2697,1200,00000000,00006000,00000000,00000000,00000000,00000000,0,11,803424D8,00000000,00000000,8010DA00
O,86,43,0101,800ED090,1582,-3619,1203,00000000,00006000,00000000,00000000,00000000,00000000,0,11,80342738,00000000,00000000,8010DA00
O,86,44,0101,800ED090,-762,4347,1047,00000000,00006000,00000000,00000000,00000000,00000000,0,11,80342998,00000000,00000000,8010DA00
O,86,45,0101,800ED090,424,-3926,1959,00000000,00004000,00000000,00000000,00000000,00000000,0,11,80342BF8,00000000,00000000,8010DA00
O,86,46,0101,800ED090,1102,-4233,1682,00000000,00006000,00000000,00000000,00000000,00000000,0,11,80342E58,00000000,00000000,8010DA00
O,86,47,0101,800ED090,1102,-4848,1682,00000000,00006000,00000000,00000000,00000000,00000000,0,11,803430B8,00000000,00000000,8010DA00
O,86,48,0101,800ED090,424,-4540,1959,00000000,00004000,00000000,00000000,00000000,00000000,0,11,80343318,00000000,00000000,8010DA00
O,86,49,0101,800ED090,-1037,4244,772,00000000,FFFFE000,00000000,00000000,00000000,00000000,0,11,80343578,00000000,00000000,8010DA00
O,86,50,0101,800ED090,1828,3835,-50,00000000,00000000,00000000,00000000,00000000,00000000,0,11,803437D8,00000000,00000000,8010DA00
O,86,51,0101,800ED090,1459,3835,-357,00000000,00000000,00000000,00000000,00000000,00000000,0,11,80343A38,00000000,00000000,8010DA00
O,86,52,0101,800ED090,1091,3835,-665,00000000,00000000,00000000,00000000,00000000,00000000,0,11,80343C98,00000000,00000000,8010DA00
O,86,53,0101,800ED064,1580,-4854,-825,00000000,00000000,00000000,00000000,00000000,00000000,0,11,80343EF8,00000000,00000000,8010D910
O,86,54,0101,800ED064,-1692,1022,-1157,00000000,00000000,00000000,00000000,00000000,00000000,0,11,80344158,00000000,00000000,8010D910
O,86,55,0101,800ED064,2098,7007,2243,00000000,00000000,00000000,00000000,00000000,00000000,0,11,803443B8,00000000,00000000,8010D910
O,86,56,0101,800ED064,1801,-4843,-731,00000000,00000000,00000000,00000000,00000000,00000000,0,11,80344618,00000000,00000000,8010D910
O,86,57,0101,800ED064,-1477,1044,-1088,00000000,00000000,00000000,00000000,00000000,00000000,0,11,80344878,00000000,00000000,8010D910
O,86,58,0101,800ED064,2268,7030,2227,00000000,00000000,00000000,00000000,00000000,00000000,0,11,80344AD8,00000000,00000000,8010D910
O,86,59,0101,800EC1AC,800,-4400,1900,00000000,00000000,00000000,00000000,00000000,00000000,0,11,8034C658,00000000,00000000,00000000
O,86,60,0101,800EC1AC,800,-3700,1900,00000000,00000000,00000000,00000000,00000000,00000000,0,11,8034C658,00000000,00000000,00000000
O,86,61,0101,800EC1AC,800,-3000,1900,00000000,00000000,00000000,00000000,00000000,00000000,0,11,8034C658,00000000,00000000,00000000
O,86,62,0101,800EC1AC,1780,-3300,1000,00000000,00000000,00000000,00000000,00000000,00000000,0,11,8034C658,00000000,00000000,00000000
O,86,63,0101,800EC1AC,1388,-3300,1428,00000000,00000000,00000000,00000000,00000000,00000000,0,11,8034C658,00000000,00000000,00000000
O,86,64,0101,800EC1AC,200,-3000,2000,00000000,00000000,00000000,00000000,00000000,00000000,0,11,8034C658,00000000,00000000,00000000
O,86,65,0101,800EC1AC,200,-3700,2000,00000000,00000000,00000000,00000000,00000000,00000000,0,11,8034C658,00000000,00000000,00000000
O,86,66,0101,800EC1AC,200,-4400,2000,00000000,00000000,00000000,00000000,00000000,00000000,0,11,8034C658,00000000,00000000,00000000
O,86,67,0101,800EC4A4,-1080,90,1575,00000000,00000000,00000000,00000000,00000000,00000000,0,11,80346038,00000000,00000000,00000000
O,86,68,0101,800ED028,-1179,445,1413,00000000,00002000,00000000,00000000,00000000,00000000,0,11,80346298,00000000,00000000,8010D88C
O,86,69,0101,800ED028,-1524,-1454,1129,00000000,FFFFE000,00000000,00000000,00000000,00000000,0,11,803464F8,00000000,00000000,8010D88C
O,86,70,0103,800EB688,-688.990601,-715.972107,1522.89404,00000000,00007A01,00000000,00000000,00000000,00000000,2,10,80346758,00000000,00000000,00000000
O,86,71,0101,800EA888,-1203,-19,-170,00000000,00002000,00000000,00000000,00000000,00000000,0,11,803469B8,00000000,00000000,80125088
O,86,72,0101,800EA8A8,0,20,-1400,00000000,00000000,00000000,00000000,00000000,00000000,1,10,80346C18,00000000,00000000,00000000
O,86,73,0101,800EA8A8,-250,20,-1700,00000000,00000000,00000000,00000000,00000000,00000000,1,10,80346E78,00000000,00000000,00000000
O,86,74,0101,800EA8A8,250,20,-1700,00000000,00000000,00000000,00000000,00000000,00000000,1,10,803470D8,00000000,00000000,00000000
O,86,75,0101,800EA8A8,0,20,-2000,00000000,00000000,00000000,00000000,00000000,00000000,1,10,80347338,00000000,00000000,00000000
O,86,76,0101,800EA8A8,500,20,-2000,00000000,00000000,00000000,00000000,00000000,00000000,1,10,80347598,00000000,00000000,00000000
O,86,77,0101,800EA8A8,-500,20,-2000,00000000,00000000,00000000,00000000,00000000,00000000,1,10,803477F8,00000000,00000000,00000000
O,86,78,0103,800E9868,880,-19,1160,00000000,00000000,00000000,00000000,00000000,00000000,0,11,80347A58,8034DE18,00000000,00000000
O,86,79,0101,800ED48C,800,-2460,160,00000000,00000000,00000000,00000000,00000000,00000000,0,11,80347CB8,00000000,00000000,00000000
O,86,80,0103,800E8C0C,-1120,-820,1320,00000000,00002000,00000000,00000000,00000000,00000000,0,11,80347F18,00000000,00000000,00000000
O,86,81,0103,800ED48C,-571,6020,-1414,00000000,00000000,00000000,00000000,00000000,00000000,0,11,80348178,00000000,00000000,00000000
O,86,82,0103,800ED1F8,620,-5150,1540,00000000,00001130,00000000,00000000,00000190,00000000,0,11,803483D8,00000000,00000000,00000000
O,86,83,0101,800EC424,-520,1351,1919,00000000,00000000,00000000,00000000,00000000,00000000,0,11,80348638,00000000,00000000,00000000
O,86,84,0101,800EC424,-165,1351,1919,00000000,00000000,00000000,00000000,00000000,00000000,0,11,80348898,00000000,00000000,00000000
O,86,85,0101,800EC424,182,1351,1919,00000000,00000000,00000000,00000000,00000000,00000000,0,11,80348AF8,00000000,00000000,00000000
O,86,86,0101,800EC3EC,657,1368,1879,00000000,00000000,00000000,00000000,00000000,00000000,0,11,80348D58,00000000,00000000,00000000
O,86,87,0103,800EB688,-943.137146,-2365.97217,-875.73938,00000000,0000EA86,00000000,00000000,00000000,00000000,2,10,80348FB8,00000000,00000000,00000000
O,86,88,0101,800EA570,1883,4150,550,00000000,00000000,00000000,00000000,00000000,00000000,2,10,80349218,00000000,00000000,8014A168
O,86,89,0103,800ED1F8,-1333,350,1116,00000000,00001130,00000000,00000000,00000190,00000000,0,11,80349478,00000000,00000000,00000000
O,86,90,0101,800EA570,-1101,6316,-685,00000000,00002000,00000000,00000000,00000000,00000000,2,10,803496D8,00000000,00000000,8014A168
O,86,91,0101,800EB474,1070.09985,-4822,681.229919,00000000,FFFFF1DE,00000000,00000000,00000000,00000000,0,11,80349938,00000000,00000000,00000000
O,86,92,0101,800EB474,1676.09985,-4822,232.22995,00000000,FFFFF1DE,00000000,00000000,00000000,00000000,0,11,80349B98,00000000,00000000,00000000
O,86,93,0101,800EA8A8,0,20,-1700,00000000,00000000,00000000,00000000,00000000,00000000,1,10,80349DF8,00000000,00000000,00000000
O,86,94,0101,800ECFCC,-1020,1229,537,00000000,00000000,00000000,00000000,00000000,00000000,0,11,8034A058,00000000,00000000,8010D5B4
O,86,95,0101,800EA570,2350,5600,2350,00000000,00002000,00000000,00000000,00000000,00000000,2,10,8034A2B8,00000000,00000000,8014A168
O,86,96,0101,800EA570,0,4783,0,00000000,00000000,00000000,00000000,00000000,00000000,2,10,8034A518,00000000,00000000,8014A168
O,86,97,0101,800EA570,-1140,-3720,-1620,00000000,00002000,00000000,00000000,00000000,00000000,2,10,8034A778,00000000,00000000,8014A168
O,86,98,0101,800EA570,840,-2200,860,00000000,00002000,00000000,00000000,00000000,00000000,2,10,8034A9D8,00000000,00000000,8014A168
O,86,99,0103,800E8C3C,-770,-3800,-440,00000000,00000000,00000000,00000000,00000000,00000000,0,11,8034AC38,00000000,00000000,00000000
O,86,100,0103,800E8C3C,-770,-3700,-440,00000000,00000000,00000000,00000000,00000000,00000000,0,11,8034AE98,00000000,00000000,00000000
O,86,101,0101,800EA570,280,-4920,1660,00000000,00000000,00000000,00000000,00000000,00000000,2,10,8034B0F8,00000000,00000000,8014A168
O,86,102,0101,800EA570,1240,300,840,00000000,00002000,00000000,00000000,00000000,00000000,2,10,8034B358,00000000,00000000,8014A168
O,86,103,0101,800EA570,520,300,1500,00000000,00002000,00000000,00000000,00000000,00000000,2,10,8034B5B8,00000000,00000000,8014A168
O,86,104,0101,800EA570,-400,3600,1880,00000000,00000000,00000000,00000000,00000000,00000000,2,10,8034B818,00000000,00000000,8014A168
O,86,105,0101,800EA570,-40,4160,-1280,00000000,00000000,00000000,00000000,00000000,00000000,2,10,8034BA78,00000000,00000000,8014A168
O,86,106,0101,800EA570,-1160,2920,-840,00000000,00002000,00000000,00000000,00000000,00000000,2,10,8034BCD8,00000000,00000000,8014A168
O,86,107,0101,800EA570,-780,6316,-1020,00000000,00002000,00000000,00000000,00000000,00000000,2,10,8034BF38,00000000,00000000,8014A168
O,86,108,0101,800ECF5C,1313,6190,1313,00000000,00002000,00000000,00000000,00000000,00000000,0,11,8034C198,00000000,00000000,8010D2E4
O,86,109,0101,800ECF5C,1851,-2488,-98,00000000,00000000,00000000,00000000,00000000,00000000,0,11,8034C3F8,00000000,00000000,8010D410
O,86,110,0101,800EC18C,1815,-3200,800,00000000,00000000,00000000,00000000,00000000,00000000,0,11,8034C658,00000000,00000000,00000000
O,86,111,0101,800EC13C,-1050,2400,-790,00000000,00005800,00000000,00000000,00000000,00000000,0,11,8034C8B8,00000000,00000000,00000000
O,86,112,0101,800EC13C,2200,7300,2210,00000000,00005800,00000000,00000000,00000000,00000000,0,11,8034CB18,00000000,00000000,00000000
O,86,113,0101,800EC13C,-1300,-2250,-1300,00000000,00005800,00000000,00000000,00000000,00000000,0,11,8034CD78,00000000,00000000,00000000
O,86,114,0101,800EC13C,-1850,300,-950,00000000,00005800,00000000,00000000,00000000,00000000,0,11,8034CFD8,00000000,00000000,00000000
O,86,115,0101,800EC13C,-1450,-1130,-1050,00000000,00005800,00000000,00000000,00000000,00000000,0,11,8034D238,00000000,00000000,00000000
O,86,116,0101,800E8EAC,1919,6302,1919,00000000,FFFFA000,00000000,00000000,00000000,00000000,0,11,8034D498,00000000,00000000,8011A38C
O,86,117,0101,800E8464,-1080,-840,1573,00000000,00000000,00000000,00000000,00000000,00000000,0,11,8034D6F8,00000000,00000000,00000000
O,86,118,0101,800EB274,1417,-3822,-548,00000000,FFFFE0B6,00000000,00000000,00000000,00000000,0,11,8034D958,00000000,00000000,00000000
O,86,119,0101,800EB1C0,1401.7085,-4042,-532.182129,00000000,FFFFE0B6,00000000,00000000,00000000,00000000,0,11,8034DBB8,00000000,00000000,00000000
O,86,120,0101,800E98C4,880,-19,1160,00000000,00000000,00000000,00000000,00000000,00000000,0,11,80347A58,00000000,00000000,00000000
O,86,121,0101,800ED86C,1815,-4762,800,00004000,00000B00,00000000,00000000,00000000,00000000,0,11,8034C658,00000000,00000000,00000000
M,87,28,104975,3,00001924,0C400201,0,0,00000000,1401.7085,-4042,-532.182129,-1.39015019,-44,1.4378742,2,-8010,-4822,5243,00000000,80161C20,801693C0,8034D958,00000000,8034D958,00000000,8034DBB8,00000000,00000000,-1
O,87,0,0101,800ECEF0,-1032,-3291,1070,00000000,00002000,00000000,00000000,00000000,00000000,0,11,8033C118,00000000,00000000,8010CFA0
O,87,1,0101,800ECEF0,-1881,1767,-446,00000000,00004000,00000000,00000000,00000000,00000000,0,11,8033C378,00000000,00000000,8010CFA0
O,87,2,0101,800ECEF0,-1870,2068,362,00000000,00004000,00000000,00000000,00000000,00000000,0,11,8033C5D8,00000000,00000000,8010CFA0
O,87,3,0101,800ECEF0,-770,-4361,-423,00000000,FFFFA000,00000000,00000000,00000000,00000000,0,11,8033C838,00000000,00000000,8010CFA0
O,87,4,0101,800ECEF0,-1314,-3691,788,00000000,00006000,00000000,00000000,00000000,00000000,0,11,8033CA98,00000000,00000000,8010CFA0
O,87,5,0101,800ECEF0,-1314,-2892,1353,00000000,00006000,00000000,00000000,00000000,00000000,0,11,8033CCF8,00000000,00000000,8010CFA0
O,87,6,0101,800ECEF0,780,5767,-1027,00000000,FFFFE000,00000000,00000000,00000000,00000000,0,11,8033CF58,00000000,00000000,8010D038
O,87,7,0101,800ECEF0,1063,5562,-744,00000000,FFFFE000,00000000,00000000,00000000,00000000,0,11,8033D1B8,00000000,00000000,8010D038
O,87,8,0101,800ECF24,-1350,748,-1208,00000000,00002000,000018E3,00000000,00000000,00000000,0,11,8033D418,00000000,00000000,8010D0BC
O,87,9,0101,800ECF24,-690,901,-910,00000000,00002000,000018E3,00000000,00000000,00000000,0,11,8033D678,00000000,00000000,8010D0BC
O,87,10,0101,800ECF24,-1389,-3030,-1028,00000000,00002000,000018E3,00000000,00000000,00000000,0,11,8033D8D8,00000000,00000000,8010D0BC
O,87,11,0101,800ECF24,937,-3867,-1041,00000000,00002000,000018E3,00000000,00000000,00000000,0,11,8033DB38,00000000,00000000,8010D0BC
O,87,12,0101,800ECF5C,-139,-4408,-1056,00000000,00006000,00000000,00000000,00000000,00000000,0,11,8033DD98,00000000,00000000,8010D2E4
O,87,13,0101,800ECF5C,618,3656,148,00000000,00004000,00000000,00000000,00000000,00000000,0,11,8033DFF8,00000000,00000000,8010D410
O,87,14,0101,800ECF5C,963,3297,608,00000000,FFFFC000,00000000,00000000,00000000,00000000,0,11,8033E258,00000000,00000000,8010D410
O,87,15,0101,800ECF5C,1306,2939,1069,00000000,00004000,00000000,00000000,00000000,00000000,0,11,8033E4B8,00000000,00000000,8010D410
O,87,16,0101,800ECF5C,-1179,-1453,-792,00000000,FFFFE000,00000000,00000000,00000000,00000000,0,11,8033E718,00000000,00000000,8010D410
O,87,17,0101,800ECF94,174,1248,1790,00000000,FFFF8000,00000000,00000000,00000000,00000000,0,11,8033E978,00000000,00000000,8010D53C
O,87,18,0101,800ECF94,-1144.22327,1490,-1386.22327,00000000,00002000,00000000,00000000,00000000,00000000,0,11,8033EBD8,00000000,00000000,8010D53C
O,87,19,0101,800ECF94,-899.223328,1730,-1631.22327,00000000,00002000,00000000,00000000,00000000,00000000,0,11,8033EE38,00000000,00000000,8010D53C
O,87,20,0101,800ECF94,-1142.22327,1970,-1387.22327,00000000,00002000,00000000,00000000,00000000,00000000,0,11,8033F098,00000000,00000000,8010D53C
O,87,21,0101,800ECF94,-517,3175,1790,00000000,FFFF8000,00000000,00000000,00000000,00000000,0,11,8033F2F8,00000000,00000000,8010D53C
O,87,22,0101,800ECF94,-170,1248,1790,00000000,FFFF8000,00000000,00000000,00000000,00000000,0,11,8033F558,00000000,00000000,8010D53C
O,87,23,0101,800ECF94,-515,1248,1790,00000000,FFFF8000,00000000,00000000,00000000,00000000,0,11,8033F7B8,00000000,00000000,8010D53C
O,87,24,0101,800ECF94,-175,-1351,-1789,00000000,00000000,00000000,00000000,00000000,00000000,0,11,8033FA18,00000000,00000000,8010D53C
O,87,25,0101,800ECF94,-515,-2590,1790,00000000,FFFF8000,00000000,00000000,00000000,00000000,0,11,8033FC78,00000000,00000000,8010D53C
O,87,26,0101,800ECF94,518,3175,1790,00000000,FFFF8000,00000000,00000000,00000000,00000000,0,11,8033FED8,00000000,00000000,8010D53C
O,87,27,0101,800ECF94,-171,3175,1790,00000000,FFFF8000,00000000,00000000,00000000,00000000,0,11,80340138,00000000,00000000,8010D53C
O,87,28,0101,800ECF94,174,3175,1790,00000000,FFFF8000,00000000,00000000,00000000,00000000,0,11,80340398,00000000,00000000,8010D53C
O,87,29,0101,800ECFCC,1490,-2088,-873,00000000,00000000,00000000,00000000,00000000,00000000,0,11,803405F8,00000000,00000000,8010D5B4
O,87,30,0101,800ECFCC,-708,-1606,-1589,00000000,00000000,00000000,00000000,00000000,00000000,0,11,80340858,00000000,00000000,8010D5B4
O,87,31,0101,800ECFCC,954,-1627,-1448,00000000,00000000,00000000,00000000,00000000,00000000,0,11,80340AB8,00000000,00000000,8010D5B4
O,87,32,0101,800ECFCC,1215,-1781,-1215,00000000,00000000,00000000,00000000,00000000,00000000,0,11,80340D18,00000000,00000000,8010D5B4
O,87,33,0101,800ECFCC,1052,-1934,-769,00000000,00000000,00000000,00000000,00000000,00000000,0,11,80340F78,00000000,00000000,8010D5B4
O,87,34,0101,800ECFCC,-620,1229,1233,00000000,FFFFA000,00000000,00000000,00000000,00000000,0,11,803411D8,00000000,00000000,8010D680
O,87,35,0101,800ECFCC,1050,-19,-1037,00000000,FFFFE000,00000000,00000000,00000000,00000000,0,11,80341438,00000000,00000000,8010D680
O,87,36,0101,800ECFF8,-1100,259,-1030,00000000,FFFFE000,00000000,00000000,00000000,00000000,0,1,80341698,00000000,00000000,8010D784
O,87,37,0101,800ED064,0,6011,0,00000000,FFFFA000,00000000,00000000,00000000,00000000,0,11,803418F8,00000000,00000000,8010D910
O,87,38,0101,800ED064,0,-2487,0,00000000,00002000,00000000,00000000,00000000,00000000,0,11,80341B58,00000000,00000000,8010D910
O,87,39,0101,800ED090,1102,-3619,1682,00000000,00006000,00000000,00000000,00000000,00000000,0,11,80341DB8,00000000,00000000,8010DA00
O,87,40,0101,800ED090,424,-3312,1959,00000000,00004000,00000000,00000000,00000000,00000000,0,11,80342018,00000000,00000000,8010DA00
O,87,41,0101,800ED090,1102,-3004,1682,00000000,00006000,00000000,00000000,00000000,00000000,0,11,80342278,00000000,00000000,8010DA00
O,87,42,0101,800ED090,1584,-2697,1200,00000000,00006000,00000000,00000000,00000000,00000000,0,11,803424D8,00000000,00000000,8010DA00
O,87,43,0101,800ED090,1582,-3619,1203,00000000,00006000,00000000,00000000,00000000,00000000,0,11,80342738,00000000,00000000,8010DA00
O,87,44,0101,800ED090,-762,4347,1047,00000000,00006000,00000000,00000000,00000000,00000000,0,11,80342998,00000000,00000000,8010DA00
O,87,45,0101,800ED090,424,-3926,1959,00000000,00004000,00000000,00000000,00000000,00000000,0,11,80342BF8,00000000,00000000,8010DA00
O,87,46,0101,800ED090,1102,-4233,1682,00000000,00006000,00000000,00000000,00000000,00000000,0,11,80342E58,00000000,00000000,8010DA00
O,87,47,0101,800ED090,1102,-4848,1682,00000000,00006000,00000000,00000000,00000000,00000000,0,11,803430B8,00000000,00000000,8010DA00
O,87,48,0101,800ED090,424,-4540,1959,00000000,00004000,00000000,00000000,00000000,00000000,0,11,80343318,00000000,00000000,8010DA00
O,87,49,0101,800ED090,-1037,4244,772,00000000,FFFFE000,00000000,00000000,00000000,00000000,0,11,80343578,00000000,00000000,8010DA00
O,87,50,0101,800ED090,1828,3835,-50,00000000,00000000,00000000,00000000,00000000,00000000,0,11,803437D8,00000000,00000000,8010DA00
O,87,51,0101,800ED090,1459,3835,-357,00000000,00000000,00000000,00000000,00000000,00000000,0,11,80343A38,00000000,00000000,8010DA00
O,87,52,0101,800ED090,1091,3835,-665,00000000,00000000,00000000,00000000,00000000,00000000,0,11,80343C98,00000000,00000000,8010DA00
O,87,53,0101,800ED064,1580,-4854,-825,00000000,00000000,00000000,00000000,00000000,00000000,0,11,80343EF8,00000000,00000000,8010D910
O,87,54,0101,800ED064,-1692,1022,-1157,00000000,00000000,00000000,00000000,00000000,00000000,0,11,80344158,00000000,00000000,8010D910
O,87,55,0101,800ED064,2098,7007,2243,00000000,00000000,00000000,00000000,00000000,00000000,0,11,803443B8,00000000,00000000,8010D910
O,87,56,0101,800ED064,1801,-4843,-731,00000000,00000000,00000000,00000000,00000000,00000000,0,11,80344618,00000000,00000000,8010D910
O,87,57,0101,800ED064,-1477,1044,-1088,00000000,00000000,00000000,00000000,00000000,00000000,0,11,80344878,00000000,00000000,8010D910
O,87,58,0101,800ED064,2268,7030,2227,00000000,00000000,00000000,00000000,00000000,00000000,0,11,80344AD8,00000000,00000000,8010D910
O,87,59,0101,800EC1AC,800,-4400,1900,00000000,00000000,00000000,00000000,00000000,00000000,0,11,8034C658,00000000,00000000,00000000
O,87,60,0101,800EC1AC,800,-3700,1900,00000000,00000000,00000000,00000000,00000000,00000000,0,11,8034C658,00000000,00000000,00000000
O,87,61,0101,800EC1AC,800,-3000,1900,00000000,00000000,00000000,00000000,00000000,00000000,0,11,8034C658,00000000,00000000,00000000
O,87,62,0101,800EC1AC,1780,-3300,1000,00000000,00000000,00000000,00000000,00000000,00000000,0,11,8034C658,00000000,00000000,00000000
O,87,63,0101,800EC1AC,1388,-3300,1428,00000000,00000000,00000000,00000000,00000000,00000000,0,11,8034C658,00000000,00000000,00000000
O,87,64,0101,800EC1AC,200,-3000,2000,00000000,00000000,00000000,00000000,00000000,00000000,0,11,8034C658,00000000,00000000,00000000
O,87,65,0101,800EC1AC,200,-3700,2000,00000000,00000000,00000000,00000000,00000000,00000000,0,11,8034C658,00000000,00000000,00000000
O,87,66,0101,800EC1AC,200,-4400,2000,00000000,00000000,00000000,00000000,00000000,00000000,0,11,8034C658,00000000,00000000,00000000
O,87,67,0101,800EC4A4,-1080,90,1575,00000000,00000000,00000000,00000000,00000000,00000000,0,11,80346038,00000000,00000000,00000000
O,87,68,0101,800ED028,-1179,445,1413,00000000,00002000,00000000,00000000,00000000,00000000,0,11,80346298,00000000,00000000,8010D88C
O,87,69,0101,800ED028,-1524,-1454,1129,00000000,FFFFE000,00000000,00000000,00000000,00000000,0,11,803464F8,00000000,00000000,8010D88C
O,87,70,0103,800EB688,-688.990601,-715.972107,1522.89404,00000000,00007A01,00000000,00000000,00000000,00000000,2,10,80346758,00000000,00000000,00000000
O,87,71,0101,800EA888,-1203,-19,-170,00000000,00002000,00000000,00000000,00000000,00000000,0,11,803469B8,00000000,00000000,80125088
O,87,72,0101,800EA8A8,0,20,-1400,00000000,00000000,00000000,00000000,00000000,00000000,1,10,80346C18,00000000,00000000,00000000
O,87,73,0101,800EA8A8,-250,20,-1700,00000000,00000000,00000000,00000000,00000000,00000000,1,10,80346E78,00000000,00000000,00000000
O,87,74,0101,800EA8A8,250,20,-1700,00000000,00000000,00000000,00000000,00000000,00000000,1,10,803470D8,00000000,00000000,00000000
O,87,75,0101,800EA8A8,0,20,-2000,00000000,00000000,00000000,00000000,00000000,00000000,1,10,80347338,00000000,00000000,00000000
O,87,76,0101,800EA8A8,500,20,-2000,00000000,00000000,00000000,00000000,00000000,00000000,1,10,80347598,00000000,00000000,00000000
O,87,77,0101,800EA8A8,-500,20,-2000,00000000,00000000,00000000,00000000,00000000,00000000,1,10,803477F8,00000000,00000000,00000000
O,87,78,0103,800E9868,880,-19,1160,00000000,00000000,00000000,00000000,00000000,00000000,0,11,80347A58,8034DE18,00000000,00000000
O,87,79,0101,800ED48C,800,-2460,160,00000000,00000000,00000000,00000000,00000000,00000000,0,11,80347CB8,00000000,00000000,00000000
O,87,80,0103,800E8C0C,-1120,-820,1320,00000000,00002000,00000000,00000000,00000000,00000000,0,11,80347F18,00000000,00000000,00000000
O,87,81,0103,800ED48C,-571,6020,-1414,00000000,00000000,00000000,00000000,00000000,00000000,0,11,80348178,00000000,00000000,00000000
O,87,82,0103,800ED1F8,620,-5150,1540,00000000,00001130,00000000,00000000,00000190,00000000,0,11,803483D8,00000000,00000000,00000000
O,87,83,0101,800EC424,-520,1351,1919,00000000,00000000,00000000,00000000,00000000,00000000,0,11,80348638,00000000,00000000,00000000
O,87,84,0101,800EC424,-165,1351,1919,00000000,00000000,00000000,00000000,00000000,00000000,0,11,80348898,00000000,00000000,00000000
O,87,85,0101,800EC424,182,1351,1919,00000000,00000000,00000000,00000000,00000000,00000000,0,11,80348AF8,00000000,00000000,00000000
O,87,86,0101,800EC3EC,657,1368,1879,00000000,00000000,00000000,00000000,00000000,00000000,0,11,80348D58,00000000,00000000,00000000
O,87,87,0103,800EB688,-943.137146,-2365.97217,-875.73938,00000000,0000EA86,00000000,00000000,00000000,00000000,2,10,80348FB8,00000000,00000000,00000000
O,87,88,0101,800EA570,1883,4150,550,00000000,00000000,00000000,00000000,00000000,00000000,2,10,80349218,00000000,00000000,8014A168
O,87,89,0103,800ED1F8,-1333,350,1116,00000000,00001130,00000000,00000000,00000190,00000000,0,11,80349478,00000000,00000000,00000000
O,87,90,0101,800EA570,-1101,6316,-685,00000000,00002000,00000000,00000000,00000000,00000000,2,10,803496D8,00000000,00000000,8014A168
O,87,91,0101,800EB474,1070.09985,-4822,681.229919,00000000,FFFFF1DE,00000000,00000000,00000000,00000000,0,11,80349938,00000000,00000000,00000000
O,87,92,0101,800EB474,1676.09985,-4822,232.22995,00000000,FFFFF1DE,00000000,00000000,00000000,00000000,0,11,80349B98,00000000,00000000,00000000
O,87,93,0101,800EA8A8,0,20,-1700,00000000,00000000,00000000,00000000,00000000,00000000,1,10,80349DF8,00000000,00000000,00000000
O,87,94,0101,800ECFCC,-1020,1229,537,00000000,00000000,00000000,00000000,00000000,00000000,0,11,8034A058,00000000,00000000,8010D5B4
O,87,95,0101,800EA570,2350,5600,2350,00000000,00002000,00000000,00000000,00000000,00000000,2,10,8034A2B8,00000000,00000000,8014A168
O,87,96,0101,800EA570,0,4783,0,00000000,00000000,00000000,00000000,00000000,00000000,2,10,8034A518,00000000,00000000,8014A168
O,87,97,0101,800EA570,-1140,-3720,-1620,00000000,00002000,00000000,00000000,00000000,00000000,2,10,8034A778,00000000,00000000,8014A168
O,87,98,0101,800EA570,840,-2200,860,00000000,00002000,00000000,00000000,00000000,00000000,2,10,8034A9D8,00000000,00000000,8014A168
O,87,99,0103,800E8C3C,-770,-3800,-440,00000000,00000000,00000000,00000000,00000000,00000000,0,11,8034AC38,00000000,00000000,00000000
O,87,100,0103,800E8C3C,-770,-3700,-440,00000000,00000000,00000000,00000000,00000000,00000000,0,11,8034AE98,00000000,00000000,00000000
O,87,101,0101,800EA570,280,-4920,1660,00000000,00000000,00000000,00000000,00000000,00000000,2,10,8034B0F8,00000000,00000000,8014A168
O,87,102,0101,800EA570,1240,300,840,00000000,00002000,00000000,00000000,00000000,00000000,2,10,8034B358,00000000,00000000,8014A168
O,87,103,0101,800EA570,520,300,1500,00000000,00002000,00000000,00000000,00000000,00000000,2,10,8034B5B8,00000000,00000000,8014A168
O,87,104,0101,800EA570,-400,3600,1880,00000000,00000000,00000000,00000000,00000000,00000000,2,10,8034B818,00000000,00000000,8014A168
O,87,105,0101,800EA570,-40,4160,-1280,00000000,00000000,00000000,00000000,00000000,00000000,2,10,8034BA78,00000000,00000000,8014A168
O,87,106,0101,800EA570,-1160,2920,-840,00000000,00002000,00000000,00000000,00000000,00000000,2,10,8034BCD8,00000000,00000000,8014A168
O,87,107,0101,800EA570,-780,6316,-1020,00000000,00002000,00000000,00000000,00000000,00000000,2,10,8034BF38,00000000,00000000,8014A168
O,87,108,0101,800ECF5C,1313,6190,1313,00000000,00002000,00000000,00000000,00000000,00000000,0,11,8034C198,00000000,00000000,8010D2E4
O,87,109,0101,800ECF5C,1851,-2488,-98,00000000,00000000,00000000,00000000,00000000,00000000,0,11,8034C3F8,00000000,00000000,8010D410
O,87,110,0101,800EC18C,1815,-3200,800,00000000,00000000,00000000,00000000,00000000,00000000,0,11,8034C658,00000000,00000000,00000000
O,87,111,0101,800EC13C,-1050,2400,-790,00000000,00005800,00000000,00000000,00000000,00000000,0,11,8034C8B8,00000000,00000000,00000000
O,87,112,0101,800EC13C,2200,7300,2210,00000000,00005800,00000000,00000000,00000000,00000000,0,11,8034CB18,00000000,00000000,00000000
O,87,113,0101,800EC13C,-1300,-2250,-1300,00000000,00005800,00000000,00000000,00000000,00000000,0,11,8034CD78,00000000,00000000,00000000
O,87,114,0101,800EC13C,-1850,300,-950,00000000,00005800,00000000,00000000,00000000,00000000,0,11,8034CFD8,00000000,00000000,00000000
O,87,115,0101,800EC13C,-1450,-1130,-1050,00000000,00005800,00000000,00000000,00000000,00000000,0,11,8034D238,00000000,00000000,00000000
O,87,116,0101,800E8EAC,1919,6302,1919,00000000,FFFFA000,00000000,00000000,00000000,00000000,0,11,8034D498,00000000,00000000,8011A38C
O,87,117,0101,800E8464,-1080,-840,1573,00000000,00000000,00000000,00000000,00000000,00000000,0,11,8034D6F8,00000000,00000000,00000000
O,87,118,0101,800EB274,1417,-3822,-548,00000000,FFFFE0B6,00000000,00000000,00000000,00000000,0,11,8034D958,00000000,00000000,00000000
O,87,119,0101,800EB1C0,1401.7085,-4042,-532.182129,00000000,FFFFE0B6,00000000,00000000,00000000,00000000,0,11,8034DBB8,00000000,00000000,00000000
O,87,120,0101,800E98C4,880,-19,1160,00000000,00000000,00000000,00000000,00000000,00000000,0,11,80347A58,00000000,00000000,00000000
O,87,121,0101,800ED86C,1815,-4762,800,00004000,00000B00,00000000,00000000,00000000,00000000,0,11,8034C658,00000000,00000000,00000000
M,88,29,104976,3,00001924,0C400201,0,0,00000000,1400.31836,-4086,-530.744141,-1.39015019,-48,1.4378742,2,-8010,-4822,5243,00000000,80161C20,801693C0,8034D958,00000000,8034D958,00000000,8034DBB8,00000000,00000000,-1
O,88,0,0101,800ECEF0,-1032,-3291,1070,00000000,00002000,00000000,00000000,00000000,00000000,0,12,8033C118,00000000,00000000,8010CFA0
O,88,1,0101,800ECEF0,-1881,1767,-446,00000000,00004000,00000000,00000000,00000000,00000000,0,12,8033C378,00000000,00000000,8010CFA0
O,88,2,0101,800ECEF0,-1870,2068,362,00000000,00004000,00000000,00000000,00000000,00000000,0,12,8033C5D8,00000000,00000000,8010CFA0
O,88,3,0101,800ECEF0,-770,-4361,-423,00000000,FFFFA000,00000000,00000000,00000000,00000000,0,12,8033C838,00000000,00000000,8010CFA0
O,88,4,0101,800ECEF0,-1314,-3691,788,00000000,00006000,00000000,00000000,00000000,00000000,0,12,8033CA98,00000000,00000000,8010CFA0
O,88,5,0101,800ECEF0,-1314,-2892,1353,00000000,00006000,00000000,00000000,00000000,00000000,0,12,8033CCF8,00000000,00000000,8010CFA0
O,88,6,0101,800ECEF0,780,5767,-1027,00000000,FFFFE000,00000000,00000000,00000000,00000000,0,12,8033CF58,00000000,00000000,8010D038
O,88,7,0101,800ECEF0,1063,5562,-744,00000000,FFFFE000,00000000,00000000,00000000,00000000,0,12,8033D1B8,00000000,00000000,8010D038
O,88,8,0101,800ECF24,-1350,748,-1208,00000000,00002000,000018E3,00000000,00000000,00000000,0,12,8033D418,00000000,00000000,8010D0BC
O,88,9,0101,800ECF24,-690,901,-910,00000000,00002000,000018E3,00000000,00000000,00000000,0,12,8033D678,00000000,00000000,8010D0BC
O,88,10,0101,800ECF24,-1389,-3030,-1028,00000000,00002000,000018E3,00000000,00000000,00000000,0,12,8033D8D8,00000000,00000000,8010D0BC
O,88,11,0101,800ECF24,937,-3867,-1041,00000000,00002000,000018E3,00000000,00000000,00000000,0,12,8033DB38,00000000,00000000,8010D0BC
O,88,12,0101,800ECF5C,-139,-4408,-1056,00000000,00006000,00000000,00000000,00000000,00000000,0,12,8033DD98,00000000,00000000,8010D2E4
O,88,13,0101,800ECF5C,618,3656,148,00000000,00004000,00000000,00000000,00000000,00000000,0,12,8033DFF8,00000000,00000000,8010D410
O,88,14,0101,800ECF5C,963,3297,608,00000000,FFFFC000,00000000,00000000,00000000,00000000,0,12,8033E258,00000000,00000000,8010D410
O,88,15,0101,800ECF5C,1306,2939,1069,00000000,00004000,00000000,00000000,00000000,00000000,0,12,8033E4B8,00000000,00000000,8010D410
O,88,16,0101,800ECF5C,-1179,-1453,-792,00000000,FFFFE000,00000000,00000000,00000000,00000000,0,12,8033E718,00000000,00000000,8010D410
O,88,17,0101,800ECF94,174,1248,1790,00000000,FFFF8000,00000000,00000000,00000000,00000000,0,12,8033E978,00000000,00000000,8010D53C
O,88,18,0101,800ECF94,-1144.22327,1490,-1386.22327,00000000,00002000,00000000,00000000,00000000,00000000,0,12,8033EBD8,00000000,00000000,8010D53C
O,88,19,0101,800ECF94,-899.223328,1730,-1631.22327,00000000,00002000,00000000,00000000,00000000,00000000,0,12,8033EE38,00000000,00000000,8010D53C
O,88,20,0101,800ECF94,-1142.22327,1970,-1387.22327,00000000,00002000,00000000,00000000,00000000,00000000,0,12,8033F098,00000000,00000000,8010D53C
O,88,21,0101,800ECF94,-517,3175,1790,00000000,FFFF8000,00000000,00000000,00000000,00000000,0,12,8033F2F8,00000000,00000000,8010D53C
O,88,22,0101,800ECF94,-170,1248,1790,00000000,FFFF8000,00000000,00000000,00000000,00000000,0,12,8033F558,00000000,00000000,8010D53C
O,88,23,0101,800ECF94,-515,1248,1790,00000000,FFFF8000,00000000,00000000,00000000,00000000,0,12,8033F7B8,00000000,00000000,8010D53C
O,88,24,0101,800ECF94,-175,-1351,-1789,00000000,00000000,00000000,00000000,00000000,00000000,0,12,8033FA18,00000000,00000000,8010D53C
O,88,25,0101,800ECF94,-515,-2590,1790,00000000,FFFF8000,00000000,00000000,00000000,00000000,0,12,8033FC78,00000000,00000000,8010D53C
O,88,26,0101,800ECF94,518,3175,1790,00000000,FFFF8000,00000000,00000000,00000000,00000000,0,12,8033FED8,00000000,00000000,8010D53C
O,88,27,0101,800ECF94,-171,3175,1790,00000000,FFFF8000,00000000,00000000,00000000,00000000,0,12,80340138,00000000,00000000,8010D53C
O,88,28,0101,800ECF94,174,3175,1790,00000000,FFFF8000,00000000,00000000,00000000,00000000,0,12,80340398,00000000,00000000,8010D53C
O,88,29,0101,800ECFCC,1490,-2088,-873,00000000,00000000,00000000,00000000,00000000,00000000,0,12,803405F8,00000000,00000000,8010D5B4
O,88,30,0101,800ECFCC,-708,-1606,-1589,00000000,00000000,00000000,00000000,00000000,00000000,0,12,80340858,00000000,00000000,8010D5B4
O,88,31,0101,800ECFCC,954,-1627,-1448,00000000,00000000,00000000,00000000,00000000,00000000,0,12,80340AB8,00000000,00000000,8010D5B4
O,88,32,0101,800ECFCC,1215,-1781,-1215,00000000,00000000,00000000,00000000,00000000,00000000,0,12,80340D18,00000000,00000000,8010D5B4
O,88,33,0101,800ECFCC,1052,-1934,-769,00000000,00000000,00000000,00000000,00000000,00000000,0,12,80340F78,00000000,00000000,8010D5B4
O,88,34,0101,800ECFCC,-620,1229,1233,00000000,FFFFA000,00000000,00000000,00000000,00000000,0,12,803411D8,00000000,00000000,8010D680
O,88,35,0101,800ECFCC,1050,-19,-1037,00000000,FFFFE000,00000000,00000000,00000000,00000000,0,12,80341438,00000000,00000000,8010D680
O,88,36,0101,800ECFF8,-1100,259,-1030,00000000,FFFFE000,00000000,00000000,00000000,00000000,0,1,80341698,00000000,00000000,8010D784
O,88,37,0101,800ED064,0,6011,0,00000000,FFFFA000,00000000,00000000,00000000,00000000,0,12,803418F8,00000000,00000000,8010D910
O,88,38,0101,800ED064,0,-2487,0,00000000,00002000,00000000,00000000,00000000,00000000,0,12,80341B58,00000000,00000000,8010D910
O,88,39,0101,800ED090,1102,-3619,1682,00000000,00006000,00000000,00000000,00000000,00000000,0,12,80341DB8,00000000,00000000,8010DA00
O,88,40,0101,800ED090,424,-3312,1959,00000000,00004000,00000000,00000000,00000000,00000000,0,12,80342018,00000000,00000000,8010DA00
O,88,41,0101,800ED090,1102,-3004,1682,00000000,00006000,00000000,00000000,00000000,00000000,0,12,80342278,00000000,00000000,8010DA00
O,88,42,0101,800ED090,1584,-2697,1200,00000000,00006000,00000000,00000000,00000000,00000000,0,12,803424D8,00000000,00000000,8010DA00
O,88,43,0101,800ED090,1582,-3619,1203,00000000,00006000,00000000,00000000,00000000,00000000,0,12,80342738,00000000,00000000,8010DA00
O,88,44,0101,800ED090,-762,4347,1047,00000000,00006000,00000000,00000000,00000000,00000000,0,12,80342998,00000000,00000000,8010DA00
O,88,45,0101,800ED090,424,-3926,1959,00000000,00004000,00000000,00000000,00000000,00000000,0,12,80342BF8,00000000,00000000,8010DA00
O,88,46,0101,800ED090,1102,-4233,1682,00000000,00006000,00000000,00000000,00000000,00000000,0,12,80342E58,00000000,00000000,8010DA00
O,88,47,0101,800ED090,1102,-4848,1682,00000000,00006000,00000000,00000000,00000000,00000000,0,12,803430B8,00000000,00000000,8010DA00
O,88,48,0101,800ED090,424,-4540,1959,00000000,00004000,00000000,00000000,00000000,00000000,0,12,80343318,00000000,00000000,8010DA00
O,88,49,0101,800ED090,-1037,4244,772,00000000,FFFFE000,00000000,00000000,00000000,00000000,0,12,80343578,00000000,00000000,8010DA00
O,88,50,0101,800ED090,1828,3835,-50,00000000,00000000,00000000,00000000,00000000,00000000,0,12,803437D8,00000000,00000000,8010DA00
O,88,51,0101,800ED090,1459,3835,-357,00000000,00000000,00000000,00000000,00000000,00000000,0,12,80343A38,00000000,00000000,8010DA00
O,88,52,0101,800ED090,1091,3835,-665,00000000,00000000,00000000,00000000,00000000,00000000,0,12,80343C98,00000000,00000000,8010DA00
O,88,53,0101,800ED064,1580,-4854,-825,00000000,00000000,00000000,00000000,00000000,00000000,0,12,80343EF8,00000000,00000000,8010D910
O,88,54,0101,800ED064,-1692,1022,-1157,00000000,00000000,00000000,00000000,00000000,00000000,0,12,80344158,00000000,00000000,8010D910
O,88,55,0101,800ED064,2098,7007,2243,00000000,00000000,00000000,00000000,00000000,00000000,0,12,803443B8,00000000,00000000,8010D910
O,88,56,0101,800ED064,1801,-4843,-731,00000000,00000000,00000000,00000000,00000000,00000000,0,12,80344618,00000000,00000000,8010D910
O,88,57,0101,800ED064,-1477,1044,-1088,00000000,00000000,00000000,00000000,00000000,00000000,0,12,80344878,00000000,00000000,8010D910
O,88,58,0101,800ED064,2268,7030,2227,00000000,00000000,00000000,00000000,00000000,00000000,0,12,80344AD8,00000000,00000000,8010D910
O,88,59,0101,800EC1AC,800,-4400,1900,00000000,00000000,00000000,00000000,00000000,00000000,0,12,8034C658,00000000,00000000,00000000
O,88,60,0101,800EC1AC,800,-3700,1900,00000000,00000000,00000000,00000000,00000000,00000000,0,12,8034C658,00000000,00000000,00000000
O,88,61,0101,800EC1AC,800,-3000,1900,00000000,00000000,00000000,00000000,00000000,00000000,0,12,8034C658,00000000,00000000,00000000
O,88,62,0101,800EC1AC,1780,-3300,1000,00000000,00000000,00000000,00000000,00000000,00000000,0,12,8034C658,00000000,00000000,00000000
O,88,63,0101,800EC1AC,1388,-3300,1428,00000000,00000000,00000000,00000000,00000000,00000000,0,12,8034C658,00000000,00000000,00000000
O,88,64,0101,800EC1AC,200,-3000,2000,00000000,00000000,00000000,00000000,00000000,00000000,0,12,8034C658,00000000,00000000,00000000
O,88,65,0101,800EC1AC,200,-3700,2000,00000000,00000000,00000000,00000000,00000000,00000000,0,12,8034C658,00000000,00000000,00000000
O,88,66,0101,800EC1AC,200,-4400,2000,00000000,00000000,00000000,00000000,00000000,00000000,0,12,8034C658,00000000,00000000,00000000
O,88,67,0101,800EC4A4,-1080,90,1575,00000000,00000000,00000000,00000000,00000000,00000000,0,12,80346038,00000000,00000000,00000000
O,88,68,0101,800ED028,-1179,445,1413,00000000,00002000,00000000,00000000,00000000,00000000,0,12,80346298,00000000,00000000,8010D88C
O,88,69,0101,800ED028,-1524,-1454,1129,00000000,FFFFE000,00000000,00000000,00000000,00000000,0,12,803464F8,00000000,00000000,8010D88C
O,88,70,0103,800EB688,-683.24707,-720.984192,1494.01917,00000000,00007E01,00000000,00000000,00000000,00000000,2,11,80346758,00000000,00000000,00000000
O,88,71,0101,800EA888,-1203,-19,-170,00000000,00002000,00000000,00000000,00000000,00000000,0,12,803469B8,00000000,00000000,80125088
O,88,72,0101,800EA8A8,0,20,-1400,00000000,00000000,00000000,00000000,00000000,00000000,1,11,80346C18,00000000,00000000,00000000
O,88,73,0101,800EA8A8,-250,20,-1700,00000000,00000000,00000000,00000000,00000000,00000000,1,11,80346E78,00000000,00000000,00000000
O,88,74,0101,800EA8A8,250,20,-1700,00000000,00000000,00000000,00000000,00000000,00000000,1,11,803470D8,00000000,00000000,00000000
O,88,75,0101,800EA8A8,0,20,-2000,00000000,00000000,00000000,00000000,00000000,00000000,1,11,80347338,00000000,00000000,00000000
O,88,76,0101,800EA8A8,500,20,-2000,00000000,00000000,00000000,00000000,00000000,00000000,1,11,80347598,00000000,00000000,00000000
O,88,77,0101,800EA8A8,-500,20,-2000,00000000,00000000,00000000,00000000,00000000,00000000,1,11,803477F8,00000000,00000000,00000000
O,88,78,0103,800E9868,880,-19,1160,00000000,00000000,00000000,00000000,00000000,00000000,0,12,80347A58,8034DE18,00000000,00000000
O,88,79,0101,800ED48C,800,-2460,160,00000000,00000000,00000000,00000000,00000000,00000000,0,12,80347CB8,00000000,00000000,00000000
O,88,80,0103,800E8C0C,-1120,-820,1320,00000000,00002000,00000000,00000000,00000000,00000000,0,12,80347F18,00000000,00000000,00000000
O,88,81,0103,800ED48C,-571,6020,-1414,00000000,00000000,00000000,00000000,00000000,00000000,0,12,80348178,00000000,00000000,00000000
O,88,82,0103,800ED1F8,620,-5150,1540,00000000,000012C0,00000000,00000000,00000190,00000000,0,12,803483D8,00000000,00000000,00000000
O,88,83,0101,800EC424,-520,1351,1919,00000000,00000000,00000000,00000000,00000000,00000000,0,12,80348638,00000000,00000000,00000000
O,88,84,0101,800EC424,-165,1351,1919,00000000,00000000,00000000,00000000,00000000,00000000,0,12,80348898,00000000,00000000,00000000
O,88,85,0101,800EC424,182,1351,1919,00000000,00000000,00000000,00000000,00000000,00000000,0,12,80348AF8,00000000,00000000,00000000
O,88,86,0101,800EC3EC,657,1368,1879,00000000,00000000,00000000,00000000,00000000,00000000,0,12,80348D58,00000000,00000000,00000000
O,88,87,0103,800EB688,-959.191895,-2370.98413,-851.061523,00000000,0000EE86,00000000,00000000,00000000,00000000,2,11,80348FB8,00000000,00000000,00000000
O,88,88,0101,800EA570,1883,4150,550,00000000,00000000,00000000,00000000,00000000,00000000,2,11,80349218,00000000,00000000,8014A168
O,88,89,0103,800ED1F8,-1333,350,1116,00000000,000012C0,00000000,00000000,00000190,00000000,0,12,80349478,00000000,00000000,00000000
O,88,90,0101,800EA570,-1101,6316,-685,00000000,00002000,00000000,00000000,00000000,00000000,2,11,803496D8,00000000,00000000,8014A168
O,88,91,0101,800EB474,1068.72925,-4822,684.987732,00000000,FFFFF08D,00000000,00000000,00000000,00000000,0,12,80349938,00000000,00000000,00000000
O,88,92,0101,800EB474,1674.72925,-4822,235.987793,00000000,FFFFF08D,00000000,00000000,00000000,00000000,0,12,80349B98,00000000,00000000,00000000
O,88,93,0101,800EA8A8,0,20,-1700,00000000,00000000,00000000,00000000,00000000,00000000,1,11,80349DF8,00000000,00000000,00000000
O,88,94,0101,800ECFCC,-1020,1229,537,00000000,00000000,00000000,00000000,00000000,00000000,0,12,8034A058,00000000,00000000,8010D5B4
O,88,95,0101,800EA570,2350,5600,2350,00000000,00002000,00000000,00000000,00000000,00000000,2,11,8034A2B8,00000000,00000000,8014A168
O,88,96,0101,800EA570,0,4783,0,00000000,00000000,00000000,00000000,00000000,00000000,2,11,8034A518,00000000,00000000,8014A168
O,88,97,0101,800EA570,-1140,-3720,-1620,00000000,00002000,00000000,00000000,00000000,00000000,2,11,8034A778,00000000,00000000,8014A168
O,88,98,0101,800EA570,840,-2200,860,00000000,00002000,00000000,00000000,00000000,00000000,2,11,8034A9D8,00000000,00000000,8014A168
O,88,99,0103,800E8C3C,-770,-3800,-440,00000000,00000000,00000000,00000000,00000000,00000000,0,12,8034AC38,00000000,00000000,00000000
O,88,100,0103,800E8C3C,-770,-3700,-440,00000000,00000000,00000000,00000000,00000000,00000000,0,12,8034AE98,00000000,00000000,00000000
O,88,101,0101,800EA570,280,-4920,1660,00000000,00000000,00000000,00000000,00000000,00000000,2,11,8034B0F8,00000000,00000000,8014A168
O,88,102,0101,800EA570,1240,300,840,00000000,00002000,00000000,00000000,00000000,00000000,2,11,8034B358,00000000,00000000,8014A168
O,88,103,0101,800EA570,520,300,1500,00000000,00002000,00000000,00000000,00000000,00000000,2,11,8034B5B8,00000000,00000000,8014A168
O,88,104,0101,800EA570,-400,3600,1880,00000000,00000000,00000000,00000000,00000000,00000000,2,11,8034B818,00000000,00000000,8014A168
O,88,105,0101,800EA570,-40,4160,-1280,00000000,00000000,00000000,00000000,00000000,00000000,2,11,8034BA78,00000000,00000000,8014A168
O,88,106,0101,800EA570,-1160,2920,-840,00000000,00002000,00000000,00000000,00000000,00000000,2,11,8034BCD8,00000000,00000000,8014A168
O,88,107,0101,800EA570,-780,6316,-1020,00000000,00002000,00000000,00000000,00000000,00000000,2,11,8034BF38,00000000,00000000,8014A168
O,88,108,0101,800ECF5C,1313,6190,1313,00000000,00002000,00000000,00000000,00000000,00000000,0,12,8034C198,00000000,00000000,8010D2E4
O,88,109,0101,800ECF5C,1851,-2488,-98,00000000,00000000,00000000,00000000,00000000,00000000,0,12,8034C3F8,00000000,00000000,8010D410
O,88,110,0101,800EC18C,1815,-3200,800,00000000,00000000,00000000,00000000,00000000,00000000,0,12,8034C658,00000000,00000000,00000000
O,88,111,0101,800EC13C,-1050,2400,-790,00000000,00006000,00000000,00000000,00000000,00000000,0,12,8034C8B8,00000000,00000000,00000000
O,88,112,0101,800EC13C,2200,7300,2210,00000000,00006000,00000000,00000000,00000000,00000000,0,12,8034CB18,00000000,00000000,00000000
O,88,113,0101,800EC13C,-1300,-2250,-1300,00000000,00006000,00000000,00000000,00000000,00000000,0,12,8034CD78,00000000,00000000,00000000
O,88,114,0101,800EC13C,-1850,300,-950,00000000,00006000,00000000,00000000,00000000,00000000,0,12,8034CFD8,00000000,00000000,00000000
O,88,115,0101,800EC13C,-1450,-1130,-1050,00000000,00006000,00000000,00000000,00000000,00000000,0,12,8034D238,00000000,00000000,00000000
O,88,116,0101,800E8EAC,1919,6312,1919,00000000,FFFFA000,00000000,00000000,00000000,00000000,0,12,8034D498,00000000,00000000,8011A38C
O,88,117,0101,800E8464,-1080,-840,1573,00000000,00000000,00000000,00000000,00000000,00000000,0,12,8034D6F8,00000000,00000000,00000000
O,88,118,0101,800EB274,1417,-3822,-548,00000000,FFFFE0B6,00000000,00000000,00000000,00000000,0,12,8034D958,00000000,00000000,00000000
O,88,119,0101,800EB1C0,1400.31836,-4086,-530.744141,00000000,FFFFE0B6,00000000,00000000,00000000,00000000,0,12,8034DBB8,00000000,00000000,00000000
O,88,120,0101,800E98C4,880,-19,1160,00000000,00000000,00000000,00000000,00000000,00000000,0,12,80347A58,00000000,00000000,00000000
O,88,121,0101,800ED86C,1815,-4762,800,00004000,00000C00,00000000,00000000,00000000,00000000,0,12,8034C658,00000000,00000000,00000000
M,89,29,104976,3,00001924,0C400201,0,0,00000000,1400.31836,-4086,-530.744141,-1.39015019,-48,1.4378742,2,-8010,-4822,5243,00000000,80161C20,801693C0,8034D958,00000000,8034D958,00000000,8034DBB8,00000000,00000000,-1
O,89,0,0101,800ECEF0,-1032,-3291,1070,00000000,00002000,00000000,00000000,00000000,00000000,0,12,8033C118,00000000,00000000,8010CFA0
O,89,1,0101,800ECEF0,-1881,1767,-446,00000000,00004000,00000000,00000000,00000000,00000000,0,12,8033C378,00000000,00000000,8010CFA0
O,89,2,0101,800ECEF0,-1870,2068,362,00000000,00004000,00000000,00000000,00000000,00000000,0,12,8033C5D8,00000000,00000000,8010CFA0
O,89,3,0101,800ECEF0,-770,-4361,-423,00000000,FFFFA000,00000000,00000000,00000000,00000000,0,12,8033C838,00000000,00000000,8010CFA0
O,89,4,0101,800ECEF0,-1314,-3691,788,00000000,00006000,00000000,00000000,00000000,00000000,0,12,8033CA98,00000000,00000000,8010CFA0
O,89,5,0101,800ECEF0,-1314,-2892,1353,00000000,00006000,00000000,00000000,00000000,00000000,0,12,8033CCF8,00000000,00000000,8010CFA0
O,89,6,0101,800ECEF0,780,5767,-1027,00000000,FFFFE000,00000000,00000000,00000000,00000000,0,12,8033CF58,00000000,00000000,8010D038
O,89,7,0101,800ECEF0,1063,5562,-744,00000000,FFFFE000,00000000,00000000,00000000,00000000,0,12,8033D1B8,00000000,00000000,8010D038
O,89,8,0101,800ECF24,-1350,748,-1208,00000000,00002000,000018E3,00000000,00000000,00000000,0,12,8033D418,00000000,00000000,8010D0BC
O,89,9,0101,800ECF24,-690,901,-910,00000000,00002000,000018E3,00000000,00000000,00000000,0,12,8033D678,00000000,00000000,8010D0BC
O,89,10,0101,800ECF24,-1389,-3030,-1028,00000000,00002000,000018E3,00000000,00000000,00000000,0,12,8033D8D8,00000000,00000000,8010D0BC
O,89,11,0101,800ECF24,937,-3867,-1041,00000000,00002000,000018E3,00000000,00000000,00000000,0,12,8033DB38,00000000,00000000,8010D0BC
O,89,12,0101,800ECF5C,-139,-4408,-1056,00000000,00006000,00000000,00000000,00000000,00000000,0,12,8033DD98,00000000,00000000,8010D2E4
O,89,13,0101,800ECF5C,618,3656,148,00000000,00004000,00000000,00000000,00000000,00000000,0,12,8033DFF8,00000000,00000000,8010D410
O,89,14,0101,800ECF5C,963,3297,608,00000000,FFFFC000,00000000,00000000,00000000,00000000,0,12,8033E258,00000000,00000000,8010D410
O,89,15,0101,800ECF5C,1306,2939,1069,00000000,00004000,00000000,00000000,00000000,00000000,0,12,8033E4B8,00000000,00000000,8010D410
O,89,16,0101,800ECF5C,-1179,-1453,-792,00000000,FFFFE000,00000000,00000000,00000000,00000000,0,12,8033E718,00000000,00000000,8010D410
O,89,17,0101,800ECF94,174,1248,1790,00000000,FFFF8000,00000000,00000000,00000000,00000000,0,12,8033E978,00000000,00000000,8010D53C
O,89,18,0101,800ECF94,-1144.22327,1490,-1386.22327,00000000,00002000,00000000,00000000,00000000,00000000,0,12,8033EBD8,00000000,00000000,8010D53C
O,89,19,0101,800ECF94,-899.223328,1730,-1631.22327,00000000,00002000,00000000,00000000,00000000,00000000,0,12,8033EE38,00000000,00000000,8010D53C
O,89,20,0101,800ECF94,-1142.22327,1970,-1387.22327,00000000,00002000,00000000,00000000,00000000,00000000,0,12,8033F098,00000000,00000000,8010D53C
O,89,21,0101,800ECF94,-517,3175,1790,00000000,FFFF8000,00000000,00000000,00000000,00000000,0,12,8033F2F8,00000000,00000000,8010D53C
O,89,22,0101,800ECF94,-170,1248,1790,00000000,FFFF8000,00000000,00000000,00000000,00000000,0,12,8033F558,00000000,00000000,8010D53C
O,89,23,0101,800ECF94,-515,1248,1790,00000000,FFFF8000,00000000,00000000,00000000,00000000,0,12,8033F7B8,00000000,00000000,8010D53C
O,89,24,0101,800ECF94,-175,-1351,-1789,00000000,00000000,00000000,00000000,00000000,00000000,0,12,8033FA18,00000000,00000000,8010D53C
O,89,25,0101,800ECF94,-515,-2590,1790,00000000,FFFF8000,00000000,00000000,00000000,00000000,0,12,8033FC78,00000000,00000000,8010D53C
O,89,26,0101,800ECF94,518,3175,1790,00000000,FFFF8000,00000000,00000000,00000000,00000000,0,12,8033FED8,00000000,00000000,8010D53C
O,89,27,0101,800ECF94,-171,3175,1790,00000000,FFFF8000,00000000,00000000,00000000,00000000,0,12,80340138,00000000,00000000,8010D53C
O,89,28,0101,800ECF94,174,3175,1790,00000000,FFFF8000,00000000,00000000,00000000,00000000,0,12,80340398,00000000,00000000,8010D53C
O,89,29,0101,800ECFCC,1490,-2088,-873,00000000,00000000,00000000,00000000,00000000,00000000,0,12,803405F8,00000000,00000000,8010D5B4
O,89,30,0101,800ECFCC,-708,-1606,-1589,00000000,00000000,00000000,00000000,00000000,00000000,0,12,80340858,00000000,00000000,8010D5B4
O,89,31,0101,800ECFCC,954,-1627,-1448,00000000,00000000,00000000,00000000,00000000,00000000,0,12,80340AB8,00000000,00000000,8010D5B4
O,89,32,0101,800ECFCC,1215,-1781,-1215,00000000,00000000,00000000,00000000,00000000,00000000,0,12,80340D18,00000000,00000000,8010D5B4
O,89,33,0101,800ECFCC,1052,-1934,-769,00000000,00000000,00000000,00000000,00000000,00000000,0,12,80340F78,00000000,00000000,8010D5B4
O,89,34,0101,800ECFCC,-620,1229,1233,00000000,FFFFA000,00000000,00000000,00000000,00000000,0,12,803411D8,00000000,00000000,8010D680
O,89,35,0101,800ECFCC,1050,-19,-1037,00000000,FFFFE000,00000000,00000000,00000000,00000000,0,12,80341438,00000000,00000000,8010D680
O,89,36,0101,800ECFF8,-1100,259,-1030,00000000,FFFFE000,00000000,00000000,00000000,00000000,0,1,80341698,00000000,00000000,8010D784
O,89,37,0101,800ED064,0,6011,0,00000000,FFFFA000,00000000,00000000,00000000,00000000,0,12,803418F8,00000000,00000000,8010D910
O,89,38,0101,800ED064,0,-2487,0,00000000,00002000,00000000,00000000,00000000,00000000,0,12,80341B58,00000000,00000000,8010D910
O,89,39,0101,800ED090,1102,-3619,1682,00000000,00006000,00000000,00000000,00000000,00000000,0,12,80341DB8,00000000,00000000,8010DA00
O,89,40,0101,800ED090,424,-3312,1959,00000000,00004000,00000000,00000000,00000000,00000000,0,12,80342018,00000000,00000000,8010DA00
O,89,41,0101,800ED090,1102,-3004,1682,00000000,00006000,00000000,00000000,00000000,00000000,0,12,80342278,00000000,00000000,8010DA00
O,89,42,0101,800ED090,1584,-2697,1200,00000000,00006000,00000000,00000000,00000000,00000000,0,12,803424D8,00000000,00000000,8010DA00
O,89,43,0101,800ED090,1582,-3619,1203,00000000,00006000,00000000,00000000,00000000,00000000,0,12,80342738,00000000,00000000,8010DA00
O,89,44,0101,800ED090,-762,4347,1047,00000000,00006000,00000000,00000000,00000000,00000000,0,12,80342998,00000000,00000000,8010DA00
O,89,45,0101,800ED090,424,-3926,1959,00000000,00004000,00000000,00000000,00000000,00000000,0,12,80342BF8,00000000,00000000,8010DA00
O,89,46,0101,800ED090,1102,-4233,1682,00000000,00006000,00000000,00000000,00000000,00000000,0,12,80342E58,00000000,00000000,8010DA00
O,89,47,0101,800ED090,1102,-4848,1682,00000000,00006000,00000000,00000000,00000000,00000000,0,12,803430B8,00000000,00000000,8010DA00
O,89,48,0101,800ED090,424,-4540,1959,00000000,00004000,00000000,00000000,00000000,00000000,0,12,80343318,00000000,00000000,8010DA00
O,89,49,0101,800ED090,-1037,4244,772,00000000,FFFFE000,00000000,00000000,00000000,00000000,0,12,80343578,00000000,00000000,8010DA00
O,89,50,0101,800ED090,1828,3835,-50,00000000,00000000,00000000,00000000,00000000,00000000,0,12,803437D8,00000000,00000000,8010DA00
O,89,51,0101,800ED090,1459,3835,-357,00000000,00000000,00000000,00000000,00000000,00000000,0,12,80343A38,00000000,00000000,8010DA00
O,89,52,0101,800ED090,1091,3835,-665,00000000,00000000,00000000,00000000,00000000,00000000,0,12,80343C98,00000000,00000000,8010DA00
O,89,53,0101,800ED064,1580,-4854,-825,00000000,00000000,00000000,00000000,00000000,00000000,0,12,80343EF8,00000000,00000000,8010D910
O,89,54,0101,800ED064,-1692,1022,-1157,00000000,00000000,00000000,00000000,00000000,00000000,0,12,80344158,00000000,00000000,8010D910
O,89,55,0101,800ED064,2098,7007,2243,00000000,00000000,00000000,00000000,00000000,00000000,0,12,803443B8,00000000,00000000,8010D910
O,89,56,0101,800ED064,1801,-4843,-731,00000000,00000000,00000000,00000000,00000000,00000000,0,12,80344618,00000000,00000000,8010D910
O,89,57,0101,800ED064,-1477,1044,-1088,00000000,00000000,00000000,00000000,00000000,00000000,0,12,80344878,00000000,00000000,8010D910
O,89,58,0101,800ED064,2268,7030,2227,00000000,00000000,00000000,00000000,00000000,00000000,0,12,80344AD8,00000000,00000000,8010D910
O,89,59,0101,800EC1AC,800,-4400,1900,00000000,00000000,00000000,00000000,00000000,00000000,0,12,8034C658,00000000,00000000,00000000
O,89,60,0101,800EC1AC,800,-3700,1900,00000000,00000000,00000000,00000000,00000000,00000000,0,12,8034C658,00000000,00000000,00000000
O,89,61,0101,800EC1AC,800,-3000,1900,00000000,00000000,00000000,00000000,00000000,00000000,0,12,8034C658,00000000,00000000,00000000
O,89,62,0101,800EC1AC,1780,-3300,1000,00000000,00000000,00000000,00000000,00000000,00000000,0,12,8034C658,00000000,00000000,00000000
O,89,63,0101,800EC1AC,1388,-3300,1428,00000000,00000000,00000000,00000000,00000000,00000000,0,12,8034C658,00000000,00000000,00000000
O,89,64,0101,800EC1AC,200,-3000,2000,00000000,00000000,00000000,00000000,00000000,00000000,0,12,8034C658,00000000,00000000,00000000
O,89,65,0101,800EC1AC,200,-3700,2000,00000000,00000000,00000000,00000000,00000000,00000000,0,12,8034C658,00000000,00000000,00000000
O,89,66,0101,800EC1AC,200,-4400,2000,00000000,00000000,00000000,00000000,00000000,00000000,0,12,8034C658,00000000,00000000,00000000
O,89,67,0101,800EC4A4,-1080,90,1575,00000000,00000000,00000000,00000000,00000000,00000000,0,12,80346038,00000000,00000000,00000000
O,89,68,0101,800ED028,-1179,445,1413,00000000,00002000,00000000,00000000,00000000,00000000,0,12,80346298,00000000,00000000,8010D88C
O,89,69,0101,800ED028,-1524,-1454,1129,00000000,FFFFE000,00000000,00000000,00000000,00000000,0,12,803464F8,00000000,00000000,8010D88C
O,89,70,0103,800EB688,-683.24707,-720.984192,1494.01917,00000000,00007E01,00000000,00000000,00000000,00000000,2,11,80346758,00000000,00000000,00000000
O,89,71,0101,800EA888,-1203,-19,-170,00000000,00002000,00000000,00000000,00000000,00000000,0,12,803469B8,00000000,00000000,80125088
O,89,72,0101,800EA8A8,0,20,-1400,00000000,00000000,00000000,00000000,00000000,00000000,1,11,80346C18,00000000,00000000,00000000
O,89,73,0101,800EA8A8,-250,20,-1700,00000000,00000000,00000000,00000000,00000000,00000000,1,11,80346E78,00000000,00000000,00000000
O,89,74,0101,800EA8A8,250,20,-1700,00000000,00000000,00000000,00000000,00000000,00000000,1,11,803470D8,00000000,00000000,00000000
O,89,75,0101,800EA8A8,0,20,-2000,00000000,00000000,00000000,00000000,00000000,00000000,1,11,80347338,00000000,00000000,00000000
O,89,76,0101,800EA8A8,500,20,-2000,00000000,00000000,00000000,00000000,00000000,00000000,1,11,80347598,00000000,00000000,00000000
O,89,77,0101,800EA8A8,-500,20,-2000,00000000,00000000,00000000,00000000,00000000,00000000,1,11,803477F8,00000000,00000000,00000000
O,89,78,0103,800E9868,880,-19,1160,00000000,00000000,00000000,00000000,00000000,00000000,0,12,80347A58,8034DE18,00000000,00000000
O,89,79,0101,800ED48C,800,-2460,160,00000000,00000000,00000000,00000000,00000000,00000000,0,12,80347CB8,00000000,00000000,00000000
O,89,80,0103,800E8C0C,-1120,-820,1320,00000000,00002000,00000000,00000000,00000000,00000000,0,12,80347F18,00000000,00000000,00000000
O,89,81,0103,800ED48C,-571,6020,-1414,00000000,00000000,00000000,00000000,00000000,00000000,0,12,80348178,00000000,00000000,00000000
O,89,82,0103,800ED1F8,620,-5150,1540,00000000,000012C0,00000000,00000000,00000190,00000000,0,12,803483D8,00000000,00000000,00000000
O,89,83,0101,800EC424,-520,1351,1919,00000000,00000000,00000000,00000000,00000000,00000000,0,12,80348638,00000000,00000000,00000000
O,89,84,0101,800EC424,-165,1351,1919,00000000,00000000,00000000,00000000,00000000,00000000,0,12,80348898,00000000,00000000,00000000
O,89,85,0101,800EC424,182,1351,1919,00000000,00000000,00000000,00000000,00000000,00000000,0,12,80348AF8,00000000,00000000,00000000
O,89,86,0101,800EC3EC,657,1368,1879,00000000,00000000,00000000,00000000,00000000,00000000,0,12,80348D58,00000000,00000000,00000000
O,89,87,0103,800EB688,-959.191895,-2370.98413,-851.061523,00000000,0000EE86,00000000,00000000,00000000,00000000,2,11,80348FB8,00000000,00000000,00000000
O,89,88,0101,800EA570,1883,4150,550,00000000,00000000,00000000,00000000,00000000,00000000,2,11,80349218,00000000,00000000,8014A168
O,89,89,0103,800ED1F8,-1333,350,1116,00000000,000012C0,00000000,00000000,00000190,00000000,0,12,80349478,00000000,00000000,00000000
O,89,90,0101,800EA570,-1101,6316,-685,00000000,00002000,00000000,00000000,00000000,00000000,2,11,803496D8,00000000,00000000,8014A168
O,89,91,0101,800EB474,1068.72925,-4822,684.987732,00000000,FFFFF08D,00000000,00000000,00000000,00000000,0,12,80349938,00000000,00000000,00000000
O,89,92,0101,800EB474,1674.72925,-4822,235.987793,00000000,FFFFF08D,00000000,00000000,00000000,00000000,0,12,80349B98,00000000,00000000,00000000
O,89,93,0101,800EA8A8,0,20,-1700,00000000,00000000,00000000,00000000,00000000,00000000,1,11,80349DF8,00000000,00000000,00000000
O,89,94,0101,800ECFCC,-1020,1229,537,00000000,00000000,00000000,00000000,00000000,00000000,0,12,8034A058,00000000,00000000,8010D5B4
O,89,95,0101,800EA570,2350,5600,2350,00000000,00002000,00000000,00000000,00000000,00000000,2,11,8034A2B8,00000000,00000000,8014A168
O,89,96,0101,800EA570,0,4783,0,00000000,00000000,00000000,00000000,00000000,00000000,2,11,8034A518,00000000,00000000,8014A168
O,89,97,0101,800EA570,-1140,-3720,-1620,00000000,00002000,00000000,00000000,00000000,00000000,2,11,8034A778,00000000,00000000,8014A168
O,89,98,0101,800EA570,840,-2200,860,00000000,00002000,00000000,00000000,00000000,00000000,2,11,8034A9D8,00000000,00000000,8014A168
O,89,99,0103,800E8C3C,-770,-3800,-440,00000000,00000000,00000000,00000000,00000000,00000000,0,12,8034AC38,00000000,00000000,00000000
O,89,100,0103,800E8C3C,-770,-3700,-440,00000000,00000000,00000000,00000000,00000000,00000000,0,12,8034AE98,00000000,00000000,00000000
O,89,101,0101,800EA570,280,-4920,1660,00000000,00000000,00000000,00000000,00000000,00000000,2,11,8034B0F8,00000000,00000000,8014A168
O,89,102,0101,800EA570,1240,300,840,00000000,00002000,00000000,00000000,00000000,00000000,2,11,8034B358,00000000,00000000,8014A168
O,89,103,0101,800EA570,520,300,1500,00000000,00002000,00000000,00000000,00000000,00000000,2,11,8034B5B8,00000000,00000000,8014A168
O,89,104,0101,800EA570,-400,3600,1880,00000000,00000000,00000000,00000000,00000000,00000000,2,11,8034B818,00000000,00000000,8014A168
O,89,105,0101,800EA570,-40,4160,-1280,00000000,00000000,00000000,00000000,00000000,00000000,2,11,8034BA78,00000000,00000000,8014A168
O,89,106,0101,800EA570,-1160,2920,-840,00000000,00002000,00000000,00000000,00000000,00000000,2,11,8034BCD8,00000000,00000000,8014A168
O,89,107,0101,800EA570,-780,6316,-1020,00000000,00002000,00000000,00000000,00000000,00000000,2,11,8034BF38,00000000,00000000,8014A168
O,89,108,0101,800ECF5C,1313,6190,1313,00000000,00002000,00000000,00000000,00000000,00000000,0,12,8034C198,00000000,00000000,8010D2E4
O,89,109,0101,800ECF5C,1851,-2488,-98,00000000,00000000,00000000,00000000,00000000,00000000,0,12,8034C3F8,00000000,00000000,8010D410
O,89,110,0101,800EC18C,1815,-3200,800,00000000,00000000,00000000,00000000,00000000,00000000,0,12,8034C658,00000000,00000000,00000000
O,89,111,0101,800EC13C,-1050,2400,-790,00000000,00006000,00000000,00000000,00000000,00000000,0,12,8034C8B8,00000000,00000000,00000000
O,89,112,0101,800EC13C,2200,7300,2210,00000000,00006000,00000000,00000000,00000000,00000000,0,12,8034CB18,00000000,00000000,00000000
O,89,113,0101,800EC13C,-1300,-2250,-1300,00000000,00006000,00000000,00000000,00000000,00000000,0,12,8034CD78,00000000,00000000,00000000
O,89,114,0101,800EC13C,-1850,300,-950,00000000,00006000,00000000,00000000,00000000,00000000,0,12,8034CFD8,00000000,00000000,00000000
O,89,115,0101,800EC13C,-1450,-1130,-1050,00000000,00006000,00000000,00000000,00000000,00000000,0,12,8034D238,00000000,00000000,00000000
O,89,116,0101,800E8EAC,1919,6312,1919,00000000,FFFFA000,00000000,00000000,00000000,00000000,0,12,8034D498,00000000,00000000,8011A38C
O,89,117,0101,800E8464,-1080,-840,1573,00000000,00000000,00000000,00000000,00000000,00000000,0,12,8034D6F8,00000000,00000000,00000000
O,89,118,0101,800EB274,1417,-3822,-548,00000000,FFFFE0B6,00000000,00000000,00000000,00000000,0,12,8034D958,00000000,00000000,00000000
O,89,119,0101,800EB1C0,1400.31836,-4086,-530.744141,00000000,FFFFE0B6,00000000,00000000,00000000,00000000,0,12,8034DBB8,00000000,00000000,00000000
O,89,120,0101,800E98C4,880,-19,1160,00000000,00000000,00000000,00000000,00000000,00000000,0,12,80347A58,00000000,00000000,00000000
O,89,121,0101,800ED86C,1815,-4762,800,00004000,00000C00,00000000,00000000,00000000,00000000,0,12,8034C658,00000000,00000000,00000000
M,90,30,104977,3,00001924,0C400201,0,0,00000000,1398.92822,-4134,-529.306152,-1.39015019,-52,1.4378742,2,-8010,-4822,5243,00000000,80161C20,801693C0,8034D958,00000000,8034D958,00000000,8034DBB8,00000000,00000000,-1
O,90,0,0101,800ECEF0,-1032,-3291,1070,00000000,00002000,00000000,00000000,00000000,00000000,0,13,8033C118,00000000,00000000,8010CFA0
O,90,1,0101,800ECEF0,-1881,1767,-446,00000000,00004000,00000000,00000000,00000000,00000000,0,13,8033C378,00000000,00000000,8010CFA0
O,90,2,0101,800ECEF0,-1870,2068,362,00000000,00004000,00000000,00000000,00000000,00000000,0,13,8033C5D8,00000000,00000000,8010CFA0
O,90,3,0101,800ECEF0,-770,-4361,-423,00000000,FFFFA000,00000000,00000000,00000000,00000000,0,13,8033C838,00000000,00000000,8010CFA0
O,90,4,0101,800ECEF0,-1314,-3691,788,00000000,00006000,00000000,00000000,00000000,00000000,0,13,8033CA98,00000000,00000000,8010CFA0
O,90,5,0101,800ECEF0,-1314,-2892,1353,00000000,00006000,00000000,00000000,00000000,00000000,0,13,8033CCF8,00000000,00000000,8010CFA0
O,90,6,0101,800ECEF0,780,5767,-1027,00000000,FFFFE000,00000000,00000000,00000000,00000000,0,13,8033CF58,00000000,00000000,8010D038
O,90,7,0101,800ECEF0,1063,5562,-744,00000000,FFFFE000,00000000,00000000,00000000,00000000,0,13,8033D1B8,00000000,00000000,8010D038
O,90,8,0101,800ECF24,-1350,748,-1208,00000000,00002000,000018E3,00000000,00000000,00000000,0,13,8033D418,00000000,00000000,8010D0BC
O,90,9,0101,800ECF24,-690,901,-910,00000000,00002000,000018E3,00000000,00000000,00000000,0,13,8033D678,00000000,00000000,8010D0BC
O,90,10,0101,800ECF24,-1389,-3030,-1028,00000000,00002000,000018E3,00000000,00000000,00000000,0,13,8033D8D8,00000000,00000000,8010D0BC
O,90,11,0101,800ECF24,937,-3867,-1041,00000000,00002000,000018E3,00000000,00000000,00000000,0,13,8033DB38,00000000,00000000,8010D0BC
O,90,12,0101,800ECF5C,-139,-4408,-1056,00000000,00006000,00000000,00000000,00000000,00000000,0,13,8033DD98,00000000,00000000,8010D2E4
O,90,13,0101,800ECF5C,618,3656,148,00000000,00004000,00000000,00000000,00000000,00000000,0,13,8033DFF8,00000000,00000000,8010D410
O,90,14,0101,800ECF5C,963,3297,608,00000000,FFFFC000,00000000,00000000,00000000,00000000,0,13,8033E258,00000000,00000000,8010D410
O,90,15,0101,800ECF5C,1306,2939,1069,00000000,00004000,00000000,00000000,00000000,00000000,0,13,8033E4B8,00000000,00000000,8010D410
O,90,16,0101,800ECF5C,-1179,-1453,-792,00000000,FFFFE000,00000000,00000000,00000000,00000000,0,13,8033E718,00000000,00000000,8010D410
O,90,17,0101,800ECF94,174,1248,1790,00000000,FFFF8000,00000000,00000000,00000000,00000000,0,13,8033E978,00000000,00000000,8010D53C
O,90,18,0101,800ECF94,-1144.22327,1490,-1386.22327,00000000,00002000,00000000,00000000,00000000,00000000,0,13,8033EBD8,00000000,00000000,8010D53C
O,90,19,0101,800ECF94,-899.223328,1730,-1631.22327,00000000,00002000,00000000,00000000,00000000,00000000,0,13,8033EE38,00000000,00000000,8010D53C
O,90,20,0101,800ECF94,-1142.22327,1970,-1387.22327,00000000,00002000,00000000,00000000,00000000,00000000,0,13,8033F098,00000000,00000000,8010D53C
O,90,21,0101,800ECF94,-517,3175,1790,00000000,FFFF8000,00000000,00000000,00000000,00000000,0,13,8033F2F8,00000000,00000000,8010D53C
O,90,22,0101,800ECF94,-170,1248,1790,00000000,FFFF8000,00000000,00000000,00000000,00000000,0,13,8033F558,00000000,00000000,8010D53C
O,90,23,0101,800ECF94,-515,1248,1790,00000000,FFFF8000,00000000,00000000,00000000,00000000,0,13,8033F7B8,00000000,00000000,8010D53C
O,90,24,0101,800ECF94,-175,-1351,-1789,00000000,00000000,00000000,00000000,00000000,00000000,0,13,8033FA18,00000000,00000000,8010D53C
O,90,25,0101,800ECF94,-515,-2590,1790,00000000,FFFF8000,00000000,00000000,00000000,00000000,0,13,8033FC78,00000000,00000000,8010D53C
O,90,26,0101,800ECF94,518,3175,1790,00000000,FFFF8000,00000000,00000000,00000000,00000000,0,13,8033FED8,00000000,00000000,8010D53C
O,90,27,0101,800ECF94,-171,3175,1790,00000000,FFFF8000,00000000,00000000,00000000,00000000,0,13,80340138,00000000,00000000,8010D53C
O,90,28,0101,800ECF94,174,3175,1790,00000000,FFFF8000,00000000,00000000,00000000,00000000,0,13,80340398,00000000,00000000,8010D53C
O,90,29,0101,800ECFCC,1490,-2088,-873,00000000,00000000,00000000,00000000,00000000,00000000,0,13,803405F8,00000000,00000000,8010D5B4
O,90,30,0101,800ECFCC,-708,-1606,-1589,00000000,00000000,00000000,00000000,00000000,00000000,0,13,80340858,00000000,00000000,8010D5B4
O,90,31,0101,800ECFCC,954,-1627,-1448,00000000,00000000,00000000,00000000,00000000,00000000,0,13,80340AB8,00000000,00000000,8010D5B4
O,90,32,0101,800ECFCC,1215,-1781,-1215,00000000,00000000,00000000,00000000,00000000,00000000,0,13,80340D18,00000000,00000000,8010D5B4
O,90,33,0101,800ECFCC,1052,-1934,-769,00000000,00000000,00000000,00000000,00000000,00000000,0,13,80340F78,00000000,00000000,8010D5B4
O,90,34,0101,800ECFCC,-620,1229,1233,00000000,FFFFA000,00000000,00000000,00000000,00000000,0,13,803411D8,00000000,00000000,8010D680
O,90,35,0101,800ECFCC,1050,-19,-1037,00000000,FFFFE000,00000000,00000000,00000000,00000000,0,13,80341438,00000000,00000000,8010D680
O,90,36,0101,800ECFF8,-1100,259,-1030,00000000,FFFFE000,00000000,00000000,00000000,00000000,0,1,80341698,00000000,00000000,8010D784
O,90,37,0101,800ED064,0,6011,0,00000000,FFFFA000,00000000,00000000,00000000,00000000,0,13,803418F8,00000000,00000000,8010D910
O,90,38,0101,800ED064,0,-2487,0,00000000,00002000,00000000,00000000,00000000,00000000,0,13,80341B58,00000000,00000000,8010D910
O,90,39,0101,800ED090,1102,-3619,1682,00000000,00006000,00000000,00000000,00000000,00000000,0,13,80341DB8,00000000,00000000,8010DA00
O,90,40,0101,800ED090,424,-3312,1959,00000000,00004000,00000000,00000000,00000000,00000000,0,13,80342018,00000000,00000000,8010DA00
O,90,41,0101,800ED090,1102,-3004,1682,00000000,00006000,00000000,00000000,00000000,00000000,0,13,80342278,00000000,00000000,8010DA00
O,90,42,0101,800ED090,1584,-2697,1200,00000000,00006000,00000000,00000000,00000000,00000000,0,13,803424D8,00000000,00000000,8010DA00
O,90,43,0101,800ED090,1582,-3619,1203,00000000,00006000,00000000,00000000,00000000,00000000,0,13,80342738,00000000,00000000,8010DA00
O,90,44,0101,800ED090,-762,4347,1047,00000000,00006000,00000000,00000000,00000000,00000000,0,13,80342998,00000000,00000000,8010DA00
O,90,45,0101,800ED090,424,-3926,1959,00000000,00004000,00000000,00000000,00000000,00000000,0,13,80342BF8,00000000,00000000,8010DA00
O,90,46,0101,800ED090,1102,-4233,1682,00000000,00006000,00000000,00000000,00000000,00000000,0,13,80342E58,00000000,00000000,8010DA00
O,90,47,0101,800ED090,1102,-4848,1682,00000000,00006000,00000000,00000000,00000000,00000000,0,13,803430B8,00000000,00000000,8010DA00
O,90,48,0101,800ED090,424,-4540,1959,00000000,00004000,00000000,00000000,00000000,00000000,0,13,80343318,00000000,00000000,8010DA00
O,90,49,0101,800ED090,-1037,4244,772,00000000,FFFFE000,00000000,00000000,00000000,00000000,0,13,80343578,00000000,00000000,8010DA00
O,90,50,0101,800ED090,1828,3835,-50,00000000,00000000,00000000,00000000,00000000,00000000,0,13,803437D8,00000000,00000000,8010DA00
O,90,51,0101,800ED090,1459,3835,-357,00000000,00000000,00000000,00000000,00000000,00000000,0,13,80343A38,00000000,00000000,8010DA00
O,90,52,0101,800ED090,1091,3835,-665,00000000,00000000,00000000,00000000,00000000,00000000,0,13,80343C98,00000000,00000000,8010DA00
O,90,53,0101,800ED064,1580,-4854,-825,00000000,00000000,00000000,00000000,00000000,00000000,0,13,80343EF8,00000000,00000000,8010D910
O,90,54,0101,800ED064,-1692,1022,-1157,00000000,00000000,00000000,00000000,00000000,00000000,0,13,80344158,00000000,00000000,8010D910
O,90,55,0101,800ED064,2098,7007,2243,00000000,00000000,00000000,00000000,00000000,00000000,0,13,803443B8,00000000,00000000,8010D910
O,90,56,0101,800ED064,1801,-4843,-731,00000000,00000000,00000000,00000000,00000000,00000000,0,13,80344618,00000000,00000000,8010D910
O,90,57,0101,800ED064,-1477,1044,-1088,00000000,00000000,00000000,00000000,00000000,00000000,0,13,80344878,00000000,00000000,8010D910
O,90,58,0101,800ED064,2268,7030,2227,00000000,00000000,00000000,00000000,00000000,00000000,0,13,80344AD8,00000000,00000000,8010D910
O,90,59,0101,800EC1AC,800,-4400,1900,00000000,00000000,00000000,00000000,00000000,00000000,0,13,8034C658,00000000,00000000,00000000
O,90,60,0101,800EC1AC,800,-3700,1900,00000000,00000000,00000000,00000000,00000000,00000000,0,13,8034C658,00000000,00000000,00000000
O,90,61,0101,800EC1AC,800,-3000,1900,00000000,00000000,00000000,00000000,00000000,00000000,0,13,8034C658,00000000,00000000,00000000
O,90,62,0101,800EC1AC,1780,-3300,1000,00000000,00000000,00000000,00000000,00000000,00000000,0,13,8034C658,00000000,00000000,00000000
O,90,63,0101,800EC1AC,1388,-3300,1428,00000000,00000000,00000000,00000000,00000000,00000000,0,13,8034C658,00000000,00000000,00000000
O,90,64,0101,800EC1AC,200,-3000,2000,00000000,00000000,00000000,00000000,00000000,00000000,0,13,8034C658,00000000,00000000,00000000
O,90,65,0101,800EC1AC,200,-3700,2000,00000000,00000000,00000000,00000000,00000000,00000000,0,13,8034C658,00000000,00000000,00000000
O,90,66,0101,800EC1AC,200,-4400,2000,00000000,00000000,00000000,00000000,00000000,00000000,0,13,8034C658,00000000,00000000,00000000
O,90,67,0101,800EC4A4,-1080,90,1575,00000000,00000000,00000000,00000000,00000000,00000000,0,13,80346038,00000000,00000000,00000000
O,90,68,0101,800ED028,-1179,445,1413,00000000,00002000,00000000,00000000,00000000,00000000,0,13,80346298,00000000,00000000,8010D88C
O,90,69,0101,800ED028,-1524,-1454,1129,00000000,FFFFE000,00000000,00000000,00000000,00000000,0,13,803464F8,00000000,00000000,8010D88C
O,90,70,0103,800EB688,-680.361328,-725.045898,1464.72034,00000000,00008201,00000000,00000000,00000000,00000000,2,12,80346758,00000000,00000000,00000000
O,90,71,0101,800EA888,-1203,-19,-170,00000000,00002000,00000000,00000000,00000000,00000000,0,13,803469B8,00000000,00000000,80125088
O,90,72,0101,800EA8A8,0,20,-1400,00000000,00000000,00000000,00000000,00000000,00000000,1,12,80346C18,00000000,00000000,00000000
O,90,73,0101,800EA8A8,-250,20,-1700,00000000,00000000,00000000,00000000,00000000,00000000,1,12,80346E78,00000000,00000000,00000000
O,90,74,0101,800EA8A8,250,20,-1700,00000000,00000000,00000000,00000000,00000000,00000000,1,12,803470D8,00000000,00000000,00000000
O,90,75,0101,800EA8A8,0,20,-2000,00000000,00000000,00000000,00000000,00000000,00000000,1,12,80347338,00000000,00000000,00000000
O,90,76,0101,800EA8A8,500,20,-2000,00000000,00000000,00000000,00000000,00000000,00000000,1,12,80347598,00000000,00000000,00000000
O,90,77,0101,800EA8A8,-500,20,-2000,00000000,00000000,00000000,00000000,00000000,00000000,1,12,803477F8,00000000,00000000,00000000
O,90,78,0103,800E9868,880,-19,1160,00000000,00000000,00000000,00000000,00000000,00000000,0,13,80347A58,8034DE18,00000000,00000000
O,90,79,0101,800ED48C,800,-2460,160,00000000,00000000,00000000,00000000,00000000,00000000,0,13,80347CB8,00000000,00000000,00000000
O,90,80,0103,800E8C0C,-1120,-820,1320,00000000,00002000,00000000,00000000,00000000,00000000,0,13,80347F18,00000000,00000000,00000000
O,90,81,0103,800ED48C,-571,6020,-1414,00000000,00000000,00000000,00000000,00000000,00000000,0,13,80348178,00000000,00000000,00000000
O,90,82,0103,800ED1F8,620,-5150,1540,00000000,00001450,00000000,00000000,00000190,00000000,0,13,803483D8,00000000,00000000,00000000
O,90,83,0101,800EC424,-520,1351,1919,00000000,00000000,00000000,00000000,00000000,00000000,0,13,80348638,00000000,00000000,00000000
O,90,84,0101,800EC424,-165,1351,1919,00000000,00000000,00000000,00000000,00000000,00000000,0,13,80348898,00000000,00000000,00000000
O,90,85,0101,800EC424,182,1351,1919,00000000,00000000,00000000,00000000,00000000,00000000,0,13,80348AF8,00000000,00000000,00000000
O,90,86,0101,800EC3EC,657,1368,1879,00000000,00000000,00000000,00000000,00000000,00000000,0,13,80348D58,00000000,00000000,00000000
O,90,87,0103,800EB688,-972.750366,-2375.0459,-824.928833,00000000,0000F286,00000000,00000000,00000000,00000000,2,12,80348FB8,00000000,00000000,00000000
O,90,88,0101,800EA570,1883,4150,550,00000000,00000000,00000000,00000000,00000000,00000000,2,12,80349218,00000000,00000000,8014A168
O,90,89,0103,800ED1F8,-1333,350,1116,00000000,00001450,00000000,00000000,00000190,00000000,0,13,80349478,00000000,00000000,00000000
O,90,90,0101,800EA570,-1101,6316,-685,00000000,00002000,00000000,00000000,00000000,00000000,2,12,803496D8,00000000,00000000,8014A168
O,90,91,0101,800EB474,1067.23828,-4822,688.699463,00000000,FFFFEF3C,00000000,00000000,00000000,00000000,0,13,80349938,00000000,00000000,00000000
O,90,92,0101,800EB474,1673.23828,-4822,239.699539,00000000,FFFFEF3C,00000000,00000000,00000000,00000000,0,13,80349B98,00000000,00000000,00000000
O,90,93,0101,800EA8A8,0,20,-1700,00000000,00000000,00000000,00000000,00000000,00000000,1,12,80349DF8,00000000,00000000,00000000
O,90,94,0101,800ECFCC,-1020,1229,537,00000000,00000000,00000000,00000000,00000000,00000000,0,13,8034A058,00000000,00000000,8010D5B4
O,90,95,0101,800EA570,2350,5600,2350,00000000,00002000,00000000,00000000,00000000,00000000,2,12,8034A2B8,00000000,00000000,8014A168
O,90,96,0101,800EA570,0,4783,0,00000000,00000000,00000000,00000000,00000000,00000000,2,12,8034A518,00000000,00000000,8014A168
O,90,97,0101,800EA570,-1140,-3720,-1620,00000000,00002000,00000000,00000000,00000000,00000000,2,12,8034A778,00000000,00000000,8014A168
O,90,98,0101,800EA570,840,-2200,860,00000000,00002000,00000000,00000000,00000000,00000000,2,12,8034A9D8,00000000,00000000,8014A168
O,90,99,0103,800E8C3C,-770,-3800,-440,00000000,00000000,00000000,00000000,00000000,00000000,0,13,8034AC38,00000000,00000000,00000000
O,90,100,0103,800E8C3C,-770,-3700,-440,00000000,00000000,00000000,00000000,00000000,00000000,0,13,8034AE98,00000000,00000000,00000000
O,90,101,0101,800EA570,280,-4920,1660,00000000,00000000,00000000,00000000,00000000,00000000,2,12,8034B0F8,00000000,00000000,8014A168
O,90,102,0101,800EA570,1240,300,840,00000000,00002000,00000000,00000000,00000000,00000000,2,12,8034B358,00000000,00000000,8014A168
O,90,103,0101,800EA570,520,300,1500,00000000,00002000,00000000,00000000,00000000,00000000,2,12,8034B5B8,00000000,00000000,8014A168
O,90,104,0101,800EA570,-400,3600,1880,00000000,00000000,00000000,00000000,00000000,00000000,2,12,8034B818,00000000,00000000,8014A168
O,90,105,0101,800EA570,-40,4160,-1280,00000000,00000000,00000000,00000000,00000000,00000000,2,12,8034BA78,00000000,00000000,8014A168
O,90,106,0101,800EA570,-1160,2920,-840,00000000,00002000,00000000,00000000,00000000,00000000,2,12,8034BCD8,00000000,00000000,8014A168
O,90,107,0101,800EA570,-780,6316,-1020,00000000,00002000,00000000,00000000,00000000,00000000,2,12,8034BF38,00000000,00000000,8014A168
O,90,108,0101,800ECF5C,1313,6190,1313,00000000,00002000,00000000,00000000,00000000,00000000,0,13,8034C198,00000000,00000000,8010D2E4
O,90,109,0101,800ECF5C,1851,-2488,-98,00000000,00000000,00000000,00000000,00000000,00000000,0,13,8034C3F8,00000000,00000000,8010D410
O,90,110,0101,800EC18C,1815,-3200,800,00000000,00000000,00000000,00000000,00000000,00000000,0,13,8034C658,00000000,00000000,00000000
O,90,111,0101,800EC13C,-1050,2400,-790,00000000,00006800,00000000,00000000,00000000,00000000,0,13,8034C8B8,00000000,00000000,00000000
O,90,112,0101,800EC13C,2200,7300,2210,00000000,00006800,00000000,00000000,00000000,00000000,0,13,8034CB18,00000000,00000000,00000000
O,90,113,0101,800EC13C,-1300,-2250,-1300,00000000,00006800,00000000,00000000,00000000,00000000,0,13,8034CD78,00000000,00000000,00000000
O,90,114,0101,800EC13C,-1850,300,-950,00000000,00006800,00000000,00000000,00000000,00000000,0,13,8034CFD8,00000000,00000000,00000000
O,90,115,0101,800EC13C,-1450,-1130,-1050,00000000,00006800,00000000,00000000,00000000,00000000,0,13,8034D238,00000000,00000000,00000000
O,90,116,0101,800E8EAC,1919,6322,1919,00000000,FFFFA000,00000000,00000000,00000000,00000000,0,13,8034D498,00000000,00000000,8011A38C
O,90,117,0101,800E8464,-1080,-840,1573,00000000,00000000,00000000,00000000,00000000,00000000,0,13,8034D6F8,00000000,00000000,00000000
O,90,118,0101,800EB274,1417,-3822,-548,00000000,FFFFE0B6,00000000,00000000,00000000,00000000,0,13,8034D958,00000000,00000000,00000000
O,90,119,0101,800EB1C0,1398.92822,-4134,-529.306152,00000000,FFFFE0B6,00000000,00000000,00000000,00000000,0,13,8034DBB8,00000000,00000000,00000000
O,90,120,0101,800E98C4,880,-19,1160,00000000,00000000,00000000,00000000,00000000,00000000,0,13,80347A58,00000000,00000000,00000000
O,90,121,0101,800ED86C,1815,-4762,800,00004000,00000D00,00000000,00000000,00000000,00000000,0,13,8034C658,00000000,00000000,00000000
M,91,30,104977,3,00001924,0C400201,0,0,00000000,1398.92822,-4134,-529.306152,-1.39015019,-52,1.4378742,2,-8010,-4822,5243,00000000,80161C20,801693C0,8034D958,00000000,8034D958,00000000,8034DBB8,00000000,00000000,-1
O,91,0,0101,800ECEF0,-1032,-3291,1070,00000000,00002000,00000000,00000000,00000000,00000000,0,13,8033C118,00000000,00000000,8010CFA0
O,91,1,0101,800ECEF0,-1881,1767,-446,00000000,00004000,00000000,00000000,00000000,00000000,0,13,8033C378,00000000,00000000,8010CFA0
O,91,2,0101,800ECEF0,-1870,2068,362,00000000,00004000,00000000,00000000,00000000,00000000,0,13,8033C5D8,00000000,00000000,8010CFA0
O,91,3,0101,800ECEF0,-770,-4361,-423,00000000,FFFFA000,00000000,00000000,00000000,00000000,0,13,8033C838,00000000,00000000,8010CFA0
O,91,4,0101,800ECEF0,-1314,-3691,788,00000000,00006000,00000000,00000000,00000000,00000000,0,13,8033CA98,00000000,00000000,8010CFA0
O,91,5,0101,800ECEF0,-1314,-2892,1353,00000000,00006000,00000000,00000000,00000000,00000000,0,13,8033CCF8,00000000,00000000,8010CFA0
O,91,6,0101,800ECEF0,780,5767,-1027,00000000,FFFFE000,00000000,00000000,00000000,00000000,0,13,8033CF58,00000000,00000000,8010D038
O,91,7,0101,800ECEF0,1063,5562,-744,00000000,FFFFE000,00000000,00000000,00000000,00000000,0,13,8033D1B8,00000000,00000000,8010D038
O,91,8,0101,800ECF24,-1350,748,-1208,00000000,00002000,000018E3,00000000,00000000,00000000,0,13,8033D418,00000000,00000000,8010D0BC
O,91,9,0101,800ECF24,-690,901,-910,00000000,00002000,000018E3,00000000,00000000,00000000,0,13,8033D678,00000000,00000000,8010D0BC
O,91,10,0101,800ECF24,-1389,-3030,-1028,00000000,00002000,000018E3,00000000,00000000,00000000,0,13,8033D8D8,00000000,00000000,8010D0BC
O,91,11,0101,800ECF24,937,-3867,-1041,00000000,00002000,000018E3,00000000,00000000,00000000,0,13,8033DB38,00000000,00000000,8010D0BC
O,91,12,0101,800ECF5C,-139,-4408,-1056,00000000,00006000,00000000,00000000,00000000,00000000,0,13,8033DD98,00000000,00000000,8010D2E4
O,91,13,0101,800ECF5C,618,3656,148,00000000,00004000,00000000,00000000,00000000,00000000,0,13,8033DFF8,00000000,00000000,8010D410
O,91,14,0101,800ECF5C,963,3297,608,00000000,FFFFC000,00000000,00000000,00000000,00000000,0,13,8033E258,00000000,00000000,8010D410
O,91,15,0101,800ECF5C,1306,2939,1069,00000000,00004000,00000000,00000000,00000000,00000000,0,13,8033E4B8,00000000,00000000,8010D410
O,91,16,0101,800ECF5C,-1179,-1453,-792,00000000,FFFFE000,00000000,00000000,00000000,00000000,0,13,8033E718,00000000,00000000,8010D410
O,91,17,0101,800ECF94,174,1248,1790,00000000,FFFF8000,00000000,00000000,00000000,00000000,0,13,8033E978,00000000,00000000,8010D53C
O,91,18,0101,800ECF94,-1144.22327,1490,-1386.22327,00000000,00002000,00000000,00000000,00000000,00000000,0,13,8033EBD8,00000000,00000000,8010D53C
O,91,19,0101,800ECF94,-899.223328,1730,-1631.22327,00000000,00002000,00000000,00000000,00000000,00000000,0,13,8033EE38,00000000,00000000,8010D53C
O,91,20,0101,800ECF94,-1142.22327,1970,-1387.22327,00000000,00002000,00000000,00000000,00000000,00000000,0,13,8033F098,00000000,00000000,8010D53C
O,91,21,0101,800ECF94,-517,3175,1790,00000000,FFFF8000,00000000,00000000,00000000,00000000,0,13,8033F2F8,00000000,00000000,8010D53C
O,91,22,0101,800ECF94,-170,1248,1790,00000000,FFFF8000,00000000,00000000,00000000,00000000,0,13,8033F558,00000000,00000000,8010D53C
O,91,23,0101,800ECF94,-515,1248,1790,00000000,FFFF8000,00000000,00000000,00000000,00000000,0,13,8033F7B8,00000000,00000000,8010D53C
O,91,24,0101,800ECF94,-175,-1351,-1789,00000000,00000000,00000000,00000000,00000000,00000000,0,13,8033FA18,00000000,00000000,8010D53C
O,91,25,0101,800ECF94,-515,-2590,1790,00000000,FFFF8000,00000000,00000000,00000000,00000000,0,13,8033FC78,00000000,00000000,8010D53C
O,91,26,0101,800ECF94,518,3175,1790,00000000,FFFF8000,00000000,00000000,00000000,00000000,0,13,8033FED8,00000000,00000000,8010D53C
O,91,27,0101,800ECF94,-171,3175,1790,00000000,FFFF8000,00000000,00000000,00000000,00000000,0,13,80340138,00000000,00000000,8010D53C
O,91,28,0101,800ECF94,174,3175,1790,00000000,FFFF8000,00000000,00000000,00000000,00000000,0,13,80340398,00000000,00000000,8010D53C
O,91,29,0101,800ECFCC,1490,-2088,-873,00000000,00000000,00000000,00000000,00000000,00000000,0,13,803405F8,00000000,00000000,8010D5B4
O,91,30,0101,800ECFCC,-708,-1606,-1589,00000000,00000000,00000000,00000000,00000000,00000000,0,13,80340858,00000000,00000000,8010D5B4
O,91,31,0101,800ECFCC,954,-1627,-1448,00000000,00000000,00000000,00000000,00000000,00000000,0,13,80340AB8,00000000,00000000,8010D5B4
O,91,32,0101,800ECFCC,1215,-1781,-1215,00000000,00000000,00000000,00000000,00000000,00000000,0,13,80340D18,00000000,00000000,8010D5B4
O,91,33,0101,800ECFCC,1052,-1934,-769,00000000,00000000,00000000,00000000,00000000,00000000,0,13,80340F78,00000000,00000000,8010D5B4
O,91,34,0101,800ECFCC,-620,1229,1233,00000000,FFFFA000,00000000,00000000,00000000,00000000,0,13,803411D8,00000000,00000000,8010D680
O,91,35,0101,800ECFCC,1050,-19,-1037,00000000,FFFFE000,00000000,00000000,00000000,00000000,0,13,80341438,00000000,00000000,8010D680
O,91,36,0101,800ECFF8,-1100,259,-1030,00000000,FFFFE000,00000000,00000000,00000000,00000000,0,1,80341698,00000000,00000000,8010D784
O,91,37,0101,800ED064,0,6011,0,00000000,FFFFA000,00000000,00000000,00000000,00000000,0,13,803418F8,00000000,00000000,8010D910
O,91,38,0101,800ED064,0,-2487,0,00000000,00002000,00000000,00000000,00000000,00000000,0,13,80341B58,00000000,00000000,8010D910
O,91,39,0101,800ED090,1102,-3619,1682,00000000,00006000,00000000,00000000,00000000,00000000,0,13,80341DB8,00000000,00000000,8010DA00
O,91,40,0101,800ED090,424,-3312,1959,00000000,00004000,00000000,00000000,00000000,00000000,0,13,80342018,00000000,00000000,8010DA00
O,91,41,0101,800ED090,1102,-3004,1682,00000000,00006000,00000000,00000000,00000000,00000000,0,13,80342278,00000000,00000000,8010DA00
O,91,42,0101,800ED090,1584,-2697,1200,00000000,00006000,00000000,00000000,00000000,00000000,0,13,803424D8,00000000,00000000,8010DA00
O,91,43,0101,800ED090,1582,-3619,1203,00000000,00006000,00000000,00000000,00000000,00000000,0,13,80342738,00000000,00000000,8010DA00
O,91,44,0101,800ED090,-762,4347,1047,00000000,00006000,00000000,00000000,00000000,00000000,0,13,80342998,00000000,00000000,8010DA00
O,91,45,0101,800ED090,424,-3926,1959,00000000,00004000,00000000,00000000,00000000,00000000,0,13,80342BF8,00000000,00000000,8010DA00
O,91,46,0101,800ED090,1102,-4233,1682,00000000,00006000,00000000,00000000,00000000,00000000,0,13,80342E58,00000000,00000000,8010DA00
O,91,47,0101,800ED090,1102,-4848,1682,00000000,00006000,00000000,00000000,00000000,00000000,0,13,803430B8,00000000,00000000,8010DA00
O,91,48,0101,800ED090,424,-4540,1959,00000000,00004000,00000000,00000000,00000000,00000000,0,13,80343318,00000000,00000000,8010DA00
O,91,49,0101,800ED090,-1037,4244,772,00000000,FFFFE000,00000000,00000000,00000000,00000000,0,13,80343578,00000000,00000000,8010DA00
O,91,50,0101,800ED090,1828,3835,-50,00000000,00000000,00000000,00000000,00000000,00000000,0,13,803437D8,00000000,00000000,8010DA00
O,91,51,0101,800ED090,1459,3835,-357,00000000,00000000,00000000,00000000,00000000,00000000,0,13,80343A38,00000000,00000000,8010DA00
O,91,52,0101,800ED090,1091,3835,-665,00000000,00000000,00000000,00000000,00000000,00000000,0,13,80343C98,00000000,00000000,8010DA00
O,91,53,0101,800ED064,1580,-4854,-825,00000000,00000000,00000000,00000000,00000000,00000000,0,13,80343EF8,00000000,00000000,8010D910
O,91,54,0101,800ED064,-1692,1022,-1157,00000000,00000000,00000000,00000000,00000000,00000000,0,13,80344158,00000000,00000000,8010D910
O,91,55,0101,800ED064,2098,7007,2243,00000000,00000000,00000000,00000000,00000000,00000000,0,13,803443B8,00000000,00000000,8010D910
O,91,56,0101,800ED064,1801,-4843,-731,00000000,00000000,00000000,00000000,00000000,00000000,0,13,80344618,00000000,00000000,8010D910
O,91,57,0101,800ED064,-1477,1044,-1088,00000000,00000000,00000000,00000000,00000000,00000000,0,13,80344878,00000000,00000000,8010D910
O,91,58,0101,800ED064,2268,7030,2227,00000000,00000000,00000000,00000000,00000000,00000000,0,13,80344AD8,00000000,00000000,8010D910
O,91,59,0101,800EC1AC,800,-4400,1900,00000000,00000000,00000000,00000000,00000000,00000000,0,13,8034C658,00000000,00000000,00000000
O,91,60,0101,800EC1AC,800,-3700,1900,00000000,00000000,00000000,00000000,00000000,00000000,0,13,8034C658,00000000,00000000,00000000
O,91,61,0101,800EC1AC,800,-3000,1900,00000000,00000000,00000000,00000000,00000000,00000000,0,13,8034C658,00000000,00000000,00000000
O,91,62,0101,800EC1AC,1780,-3300,1000,00000000,00000000,00000000,00000000,00000000,00000000,0,13,8034C658,00000000,00000000,00000000
O,91,63,0101,800EC1AC,1388,-3300,1428,00000000,00000000,00000000,00000000,00000000,00000000,0,13,8034C658,00000000,00000000,00000000
O,91,64,0101,800EC1AC,200,-3000,2000,00000000,00000000,00000000,00000000,00000000,00000000,0,13,8034C658,00000000,00000000,00000000
O,91,65,0101,800EC1AC,200,-3700,2000,00000000,00000000,00000000,00000000,00000000,00000000,0,13,8034C658,00000000,00000000,00000000
O,91,66,0101,800EC1AC,200,-4400,2000,00000000,00000000,00000000,00000000,00000000,00000000,0,13,8034C658,00000000,00000000,00000000
O,91,67,0101,800EC4A4,-1080,90,1575,00000000,00000000,00000000,00000000,00000000,00000000,0,13,80346038,00000000,00000000,00000000
O,91,68,0101,800ED028,-1179,445,1413,00000000,00002000,00000000,00000000,00000000,00000000,0,13,80346298,00000000,00000000,8010D88C
O,91,69,0101,800ED028,-1524,-1454,1129,00000000,FFFFE000,00000000,00000000,00000000,00000000,0,13,803464F8,00000000,00000000,8010D88C
O,91,70,0103,800EB688,-680.361328,-725.045898,1464.72034,00000000,00008201,00000000,00000000,00000000,00000000,2,12,80346758,00000000,00000000,00000000
O,91,71,0101,800EA888,-1203,-19,-170,00000000,00002000,00000000,00000000,00000000,00000000,0,13,803469B8,00000000,00000000,80125088
O,91,72,0101,800EA8A8,0,20,-1400,00000000,00000000,00000000,00000000,00000000,00000000,1,12,80346C18,00000000,00000000,00000000
O,91,73,0101,800EA8A8,-250,20,-1700,00000000,00000000,00000000,00000000,00000000,00000000,1,12,80346E78,00000000,00000000,00000000
O,91,74,0101,800EA8A8,250,20,-1700,00000000,00000000,00000000,00000000,00000000,00000000,1,12,803470D8,00000000,00000000,00000000
O,91,75,0101,800EA8A8,0,20,-2000,00000000,00000000,00000000,00000000,00000000,00000000,1,12,80347338,00000000,00000000,00000000
O,91,76,0101,800EA8A8,500,20,-2000,00000000,00000000,00000000,00000000,00000000,00000000,1,12,80347598,00000000,00000000,00000000
O,91,77,0101,800EA8A8,-500,20,-2000,00000000,00000000,00000000,00000000,00000000,00000000,1,12,803477F8,00000000,00000000,00000000
O,91,78,0103,800E9868,880,-19,1160,00000000,00000000,00000000,00000000,00000000,00000000,0,13,80347A58,8034DE18,00000000,00000000
O,91,79,0101,800ED48C,800,-2460,160,00000000,00000000,00000000,00000000,00000000,00000000,0,13,80347CB8,00000000,00000000,00000000
O,91,80,0103,800E8C0C,-1120,-820,1320,00000000,00002000,00000000,00000000,00000000,00000000,0,13,80347F18,00000000,00000000,00000000
O,91,81,0103,800ED48C,-571,6020,-1414,00000000,00000000,00000000,00000000,00000000,00000000,0,13,80348178,00000000,00000000,00000000
O,91,82,0103,800ED1F8,620,-5150,1540,00000000,00001450,00000000,00000000,00000190,00000000,0,13,803483D8,00000000,00000000,00000000
O,91,83,0101,800EC424,-520,1351,1919,00000000,00000000,00000000,00000000,00000000,00000000,0,13,80348638,00000000,00000000,00000000
O,91,84,0101,800EC424,-165,1351,1919,00000000,00000000,00000000,00000000,00000000,00000000,0,13,80348898,00000000,00000000,00000000
O,91,85,0101,800EC424,182,1351,1919,00000000,00000000,00000000,00000000,00000000,00000000,0,13,80348AF8,00000000,00000000,00000000
O,91,86,0101,800EC3EC,657,1368,1879,00000000,00000000,00000000,00000000,00000000,00000000,0,13,80348D58,00000000,00000000,00000000
O,91,87,0103,800EB688,-972.750366,-2375.0459,-824.928833,00000000,0000F286,00000000,00000000,00000000,00000000,2,12,80348FB8,00000000,00000000,00000000
O,91,88,0101,800EA570,1883,4150,550,00000000,00000000,00000000,00000000,00000000,00000000,2,12,80349218,00000000,00000000,8014A168
O,91,89,0103,800ED1F8,-1333,350,1116,00000000,00001450,00000000,00000000,00000190,00000000,0,13,80349478,00000000,00000000,00000000
O,91,90,0101,800EA570,-1101,6316,-685,00000000,00002000,00000000,00000000,00000000,00000000,2,12,803496D8,00000000,00000000,8014A168
O,91,91,0101,800EB474,1067.23828,-4822,688.699463,00000000,FFFFEF3C,00000000,00000000,00000000,00000000,0,13,80349938,00000000,00000000,00000000
O,91,92,0101,800EB474,1673.23828,-4822,239.699539,00000000,FFFFEF3C,00000000,00000000,00000000,00000000,0,13,80349B98,00000000,00000000,00000000
O,91,93,0101,800EA8A8,0,20,-1700,00000000,00000000,00000000,00000000,00000000,00000000,1,12,80349DF8,00000000,00000000,00000000
O,91,94,0101,800ECFCC,-1020,1229,537,00000000,00000000,00000000,00000000,00000000,00000000,0,13,8034A058,00000000,00000000,8010D5B4
O,91,95,0101,800EA570,2350,5600,2350,00000000,00002000,00000000,00000000,00000000,00000000,2,12,8034A2B8,00000000,00000000,8014A168
O,91,96,0101,800EA570,0,4783,0,00000000,00000000,00000000,00000000,00000000,00000000,2,12,8034A518,00000000,00000000,8014A168
O,91,97,0101,800EA570,-1140,-3720,-1620,00000000,00002000,00000000,00000000,00000000,00000000,2,12,8034A778,00000000,00000000,8014A168
O,91,98,0101,800EA570,840,-2200,860,00000000,00002000,00000000,00000000,00000000,00000000,2,12,8034A9D8,00000000,00000000,8014A168
O,91,99,0103,800E8C3C,-770,-3800,-440,00000000,00000000,00000000,00000000,00000000,00000000,0,13,8034AC38,00000000,00000000,00000000
O,91,100,0103,800E8C3C,-770,-3700,-440,00000000,00000000,00000000,00000000,00000000,00000000,0,13,8034AE98,00000000,00000000,00000000
O,91,101,0101,800EA570,280,-4920,1660,00000000,00000000,00000000,00000000,00000000,00000000,2,12,8034B0F8,00000000,00000000,8014A168
O,91,102,0101,800EA570,1240,300,840,00000000,00002000,00000000,00000000,00000000,00000000,2,12,8034B358,00000000,00000000,8014A168
O,91,103,0101,800EA570,520,300,1500,00000000,00002000,00000000,00000000,00000000,00000000,2,12,8034B5B8,00000000,00000000,8014A168
O,91,104,0101,800EA570,-400,3600,1880,00000000,00000000,00000000,00000000,00000000,00000000,2,12,8034B818,00000000,00000000,8014A168
O,91,105,0101,800EA570,-40,4160,-1280,00000000,00000000,00000000,00000000,00000000,00000000,2,12,8034BA78,00000000,00000000,8014A168
O,91,106,0101,800EA570,-1160,2920,-840,00000000,00002000,00000000,00000000,00000000,00000000,2,12,8034BCD8,00000000,00000000,8014A168
O,91,107,0101,800EA570,-780,6316,-1020,00000000,00002000,00000000,00000000,00000000,00000000,2,12,8034BF38,00000000,00000000,8014A168
O,91,108,0101,800ECF5C,1313,6190,1313,00000000,00002000,00000000,00000000,00000000,00000000,0,13,8034C198,00000000,00000000,8010D2E4
O,91,109,0101,800ECF5C,1851,-2488,-98,00000000,00000000,00000000,00000000,00000000,00000000,0,13,8034C3F8,00000000,00000000,8010D410
O,91,110,0101,800EC18C,1815,-3200,800,00000000,00000000,00000000,00000000,00000000,00000000,0,13,8034C658,00000000,00000000,00000000
O,91,111,0101,800EC13C,-1050,2400,-790,00000000,00006800,00000000,00000000,00000000,00000000,0,13,8034C8B8,00000000,00000000,00000000
O,91,112,0101,800EC13C,2200,7300,2210,00000000,00006800,00000000,00000000,00000000,00000000,0,13,8034CB18,00000000,00000000,00000000
O,91,113,0101,800EC13C,-1300,-2250,-1300,00000000,00006800,00000000,00000000,00000000,00000000,0,13,8034CD78,00000000,00000000,00000000
O,91,114,0101,800EC13C,-1850,300,-950,00000000,00006800,00000000,00000000,00000000,00000000,0,13,8034CFD8,00000000,00000000,00000000
O,91,115,0101,800EC13C,-1450,-1130,-1050,00000000,00006800,00000000,00000000,00000000,00000000,0,13,8034D238,00000000,00000000,00000000
O,91,116,0101,800E8EAC,1919,6322,1919,00000000,FFFFA000,00000000,00000000,00000000,00000000,0,13,8034D498,00000000,00000000,8011A38C
O,91,117,0101,800E8464,-1080,-840,1573,00000000,00000000,00000000,00000000,00000000,00000000,0,13,8034D6F8,00000000,00000000,00000000
O,91,118,0101,800EB274,1417,-3822,-548,00000000,FFFFE0B6,00000000,00000000,00000000,00000000,0,13,8034D958,00000000,00000000,00000000
O,91,119,0101,800EB1C0,1398.92822,-4134,-529.306152,00000000,FFFFE0B6,00000000,00000000,00000000,00000000,0,13,8034DBB8,00000000,00000000,00000000
O,91,120,0101,800E98C4,880,-19,1160,00000000,00000000,00000000,00000000,00000000,00000000,0,13,80347A58,00000000,00000000,00000000
O,91,121,0101,800ED86C,1815,-4762,800,00004000,00000D00,00000000,00000000,00000000,00000000,0,13,8034C658,00000000,00000000,00000000
M,92,31,104978,3,00001924,0C400201,0,0,00000000,1397.53809,-4186,-527.868164,-1.39015019,-56,1.4378742,2,-8010,-4822,5243,00000000,80161C20,801693C0,8034D958,00000000,8034D958,00000000,8034DBB8,00000000,00000000,-1
O,92,0,0101,800ECEF0,-1032,-3291,1070,00000000,00002000,00000000,00000000,00000000,00000000,0,14,8033C118,00000000,00000000,8010CFA0
O,92,1,0101,800ECEF0,-1881,1767,-446,00000000,00004000,00000000,00000000,00000000,00000000,0,14,8033C378,00000000,00000000,8010CFA0
O,92,2,0101,800ECEF0,-1870,2068,362,00000000,00004000,00000000,00000000,00000000,00000000,0,14,8033C5D8,00000000,00000000,8010CFA0
O,92,3,0101,800ECEF0,-770,-4361,-423,00000000,FFFFA000,00000000,00000000,00000000,00000000,0,14,8033C838,00000000,00000000,8010CFA0
O,92,4,0101,800ECEF0,-1314,-3691,788,00000000,00006000,00000000,00000000,00000000,00000000,0,14,8033CA98,00000000,00000000,8010CFA0
O,92,5,0101,800ECEF0,-1314,-2892,1353,00000000,00006000,00000000,00000000,00000000,00000000,0,14,8033CCF8,00000000,00000000,8010CFA0
O,92,6,0101,800ECEF0,780,5767,-1027,00000000,FFFFE000,00000000,00000000,00000000,00000000,0,14,8033CF58,00000000,00000000,8010D038
O,92,7,0101,800ECEF0,1063,5562,-744,00000000,FFFFE000,00000000,00000000,00000000,00000000,0,14,8033D1B8,00000000,00000000,8010D038
O,92,8,0101,800ECF24,-1350,748,-1208,00000000,00002000,000018E3,00000000,00000000,00000000,0,14,8033D418,00000000,00000000,8010D0BC
O,92,9,0101,800ECF24,-690,901,-910,00000000,00002000,000018E3,00000000,00000000,00000000,0,14,8033D678,00000000,00000000,8010D0BC
O,92,10,0101,800ECF24,-1389,-3030,-1028,00000000,00002000,000018E3,00000000,00000000,00000000,0,14,8033D8D8,00000000,00000000,8010D0BC
O,92,11,0101,800ECF24,937,-3867,-1041,00000000,00002000,000018E3,00000000,00000000,00000000,0,14,8033DB38,00000000,00000000,8010D0BC
O,92,12,0101,800ECF5C,-139,-4408,-1056,00000000,00006000,00000000,00000000,00000000,00000000,0,14,8033DD98,00000000,00000000,8010D2E4
O,92,13,0101,800ECF5C,618,3656,148,00000000,00004000,00000000,00000000,00000000,00000000,0,14,8033DFF8,00000000,00000000,8010D410
O,92,14,0101,800ECF5C,963,3297,608,00000000,FFFFC000,00000000,00000000,00000000,00000000,0,14,8033E258,00000000,00000000,8010D410
O,92,15,0101,800ECF5C,1306,2939,1069,00000000,00004000,00000000,00000000,00000000,00000000,0,14,8033E4B8,00000000,00000000,8010D410
O,92,16,0101,800ECF5C,-1179,-1453,-792,00000000,FFFFE000,00000000,00000000,00000000,00000000,0,14,8033E718,00000000,00000000,8010D410
O,92,17,0101,800ECF94,174,1248,1790,00000000,FFFF8000,00000000,00000000,00000000,00000000,0,14,8033E978,00000000,00000000,8010D53C
O,92,18,0101,800ECF94,-1144.22327,1490,-1386.22327,00000000,00002000,00000000,00000000,00000000,00000000,0,14,8033EBD8,00000000,00000000,8010D53C
O,92,19,0101,800ECF94,-899.223328,1730,-1631.22327,00000000,00002000,00000000,00000000,00000000,00000000,0,14,8033EE38,00000000,00000000,8010D53C
O,92,20,0101,800ECF94,-1142.22327,1970,-1387.22327,00000000,00002000,00000000,00000000,00000000,00000000,0,14,8033F098,00000000,00000000,8010D53C
O,92,21,0101,800ECF94,-517,3175,1790,00000000,FFFF8000,00000000,00000000,00000000,00000000,0,14,8033F2F8,00000000,00000000,8010D53C
O,92,22,0101,800ECF94,-170,1248,1790,00000000,FFFF8000,00000000,00000000,00000000,00000000,0,14,8033F558,00000000,00000000,8010D53C
O,92,23,0101,800ECF94,-515,1248,1790,00000000,FFFF8000,00000000,00000000,00000000,00000000,0,14,8033F7B8,00000000,00000000,8010D53C
O,92,24,0101,800ECF94,-175,-1351,-1789,00000000,00000000,00000000,00000000,00000000,00000000,0,14,8033FA18,00000000,00000000,8010D53C
O,92,25,0101,800ECF94,-515,-2590,1790,00000000,FFFF8000,00000000,00000000,00000000,00000000,0,14,8033FC78,00000000,00000000,8010D53C
O,92,26,0101,800ECF94,518,3175,1790,00000000,FFFF8000,00000000,00000000,00000000,00000000,0,14,8033FED8,00000000,00000000,8010D53C
O,92,27,0101,800ECF94,-171,3175,1790,00000000,FFFF8000,00000000,00000000,00000000,00000000,0,14,80340138,00000000,00000000,8010D53C
O,92,28,0101,800ECF94,174,3175,1790,00000000,FFFF8000,00000000,00000000,00000000,00000000,0,14,80340398,00000000,00000000,8010D53C
O,92,29,0101,800ECFCC,1490,-2088,-873,00000000,00000000,00000000,00000000,00000000,00000000,0,14,803405F8,00000000,00000000,8010D5B4
O,92,30,0101,800ECFCC,-708,-1606,-1589,00000000,00000000,00000000,00000000,00000000,00000000,0,14,80340858,00000000,00000000,8010D5B4
O,92,31,0101,800ECFCC,954,-1627,-1448,00000000,00000000,00000000,00000000,00000000,00000000,0,14,80340AB8,00000000,00000000,8010D5B4
O,92,32,0101,800ECFCC,1215,-1781,-1215,00000000,00000000,00000000,00000000,00000000,00000000,0,14,80340D18,00000000,00000000,8010D5B4
O,92,33,0101,800ECFCC,1052,-1934,-769,00000000,00000000,00000000,00000000,00000000,00000000,0,14,80340F78,00000000,00000000,8010D5B4
O,92,34,0101,800ECFCC,-620,1229,1233,00000000,FFFFA000,00000000,00000000,00000000,00000000,0,14,803411D8,00000000,00000000,8010D680
O,92,35,0101,800ECFCC,1050,-19,-1037,00000000,FFFFE000,00000000,00000000,00000000,00000000,0,14,80341438,00000000,00000000,8010D680
O,92,36,0101,800ECFF8,-1100,259,-1030,00000000,FFFFE000,00000000,00000000,00000000,00000000,0,1,80341698,00000000,00000000,8010D784
O,92,37,0101,800ED064,0,6011,0,00000000,FFFFA000,00000000,00000000,00000000,00000000,0,14,803418F8,00000000,00000000,8010D910
O,92,38,0101,800ED064,0,-2487,0,00000000,00002000,00000000,00000000,00000000,00000000,0,14,80341B58,00000000,00000000,8010D910
O,92,39,0101,800ED090,1102,-3619,1682,00000000,00006000,00000000,00000000,00000000,00000000,0,14,80341DB8,00000000,00000000,8010DA00
O,92,40,0101,800ED090,424,-3312,1959,00000000,00004000,00000000,00000000,00000000,00000000,0,14,80342018,00000000,00000000,8010DA00
O,92,41,0101,800ED090,1102,-3004,1682,00000000,00006000,00000000,00000000,00000000,00000000,0,14,80342278,00000000,00000000,8010DA00
O,92,42,0101,800ED090,1584,-2697,1200,00000000,00006000,00000000,00000000,00000000,00000000,0,14,803424D8,00000000,00000000,8010DA00
O,92,43,0101,800ED090,1582,-3619,1203,00000000,00006000,00000000,00000000,00000000,00000000,0,14,80342738,00000000,00000000,8010DA00
O,92,44,0101,800ED090,-762,4347,1047,00000000,00006000,00000000,00000000,00000000,00000000,0,14,80342998,00000000,00000000,8010DA00
O,92,45,0101,800ED090,424,-3926,1959,00000000,00004000,00000000,00000000,00000000,00000000,0,14,80342BF8,00000000,00000000,8010DA00
O,92,46,0101,800ED090,1102,-4233,1682,00000000,00006000,00000000,00000000,00000000,00000000,0,14,80342E58,00000000,00000000,8010DA00
O,92,47,0101,800ED090,1102,-4848,1682,00000000,00006000,00000000,00000000,00000000,00000000,0,14,803430B8,00000000,00000000,8010DA00
O,92,48,0101,800ED090,424,-4540,1959,00000000,00004000,00000000,00000000,00000000,00000000,0,14,80343318,00000000,00000000,8010DA00
O,92,49,0101,800ED090,-1037,4244,772,00000000,FFFFE000,00000000,00000000,00000000,00000000,0,14,80343578,00000000,00000000,8010DA00
O,92,50,0101,800ED090,1828,3835,-50,00000000,00000000,00000000,00000000,00000000,00000000,0,14,803437D8,00000000,00000000,8010DA00
O,92,51,0101,800ED090,1459,3835,-357,00000000,00000000,00000000,00000000,00000000,00000000,0,14,80343A38,00000000,00000000,8010DA00
O,92,52,0101,800ED090,1091,3835,-665,00000000,00000000,00000000,00000000,00000000,00000000,0,14,80343C98,00000000,00000000,8010DA00
O,92,53,0101,800ED064,1580,-4854,-825,00000000,00000000,00000000,00000000,00000000,00000000,0,14,80343EF8,00000000,00000000,8010D910
O,92,54,0101,800ED064,-1692,1022,-1157,00000000,00000000,00000000,00000000,00000000,00000000,0,14,80344158,00000000,00000000,8010D910
O,92,55,0101,800ED064,2098,7007,2243,00000000,00000000,00000000,00000000,00000000,00000000,0,14,803443B8,00000000,00000000,8010D910
O,92,56,0101,800ED064,1801,-4843,-731,00000000,00000000,00000000,00000000,00000000,00000000,0,14,80344618,00000000,00000000,8010D910
O,92,57,0101,800ED064,-1477,1044,-1088,00000000,00000000,00000000,00000000,00000000,00000000,0,14,80344878,00000000,00000000,8010D910
O,92,58,0101,800ED064,2268,7030,2227,00000000,00000000,00000000,00000000,00000000,00000000,0,14,80344AD8,00000000,00000000,8010D910
O,92,59,0101,800EC1AC,800,-4400,1900,00000000,00000000,00000000,00000000,00000000,00000000,0,14,8034C658,00000000,00000000,00000000
O,92,60,0101,800EC1AC,800,-3700,1900,00000000,00000000,00000000,00000000,00000000,00000000,0,14,8034C658,00000000,00000000,00000000
O,92,61,0101,800EC1AC,800,-3000,1900,00000000,00000000,00000000,00000000,00000000,00000000,0,14,8034C658,00000000,00000000,00000000
O,92,62,0101,800EC1AC,1780,-3300,1000,00000000,00000000,00000000,00000000,00000000,00000000,0,14,8034C658,00000000,00000000,00000000
O,92,63,0101,800EC1AC,1388,-3300,1428,00000000,00000000,00000000,00000000,00000000,00000000,0,14,8034C658,00000000,00000000,00000000
O,92,64,0101,800EC1AC,200,-3000,2000,00000000,00000000,00000000,00000000,00000000,00000000,0,14,8034C658,00000000,00000000,00000000
O,92,65,0101,800EC1AC,200,-3700,2000,00000000,00000000,00000000,00000000,00000000,00000000,0,14,8034C658,00000000,00000000,00000000
O,92,66,0101,800EC1AC,200,-4400,2000,00000000,00000000,00000000,00000000,00000000,00000000,0,14,8034C658,00000000,00000000,00000000
O,92,67,0101,800EC4A4,-1080,90,1575,00000000,00000000,00000000,00000000,00000000,00000000,0,14,80346038,00000000,00000000,00000000
O,92,68,0101,800ED028,-1179,445,1413,00000000,00002000,00000000,00000000,00000000,00000000,0,14,80346298,00000000,00000000,8010D88C
O,92,69,0101,800ED028,-1524,-1454,1129,00000000,FFFFE000,00000000,00000000,00000000,00000000,0,14,803464F8,00000000,00000000,8010D88C
O,92,70,0103,800EB688,-680.361328,-727.973206,1435.27966,00000000,00008601,00000000,00000000,00000000,00000000,2,13,80346758,00000000,00000000,00000000
O,92,71,0101,800EA888,-1203,-19,-170,00000000,00002000,00000000,00000000,00000000,00000000,0,14,803469B8,00000000,00000000,80125088
O,92,72,0101,800EA8A8,0,20,-1400,00000000,00000000,00000000,00000000,00000000,00000000,1,13,80346C18,00000000,00000000,00000000
O,92,73,0101,800EA8A8,-250,20,-1700,00000000,00000000,00000000,00000000,00000000,00000000,1,13,80346E78,00000000,00000000,00000000
O,92,74,0101,800EA8A8,250,20,-1700,00000000,00000000,00000000,00000000,00000000,00000000,1,13,803470D8,00000000,00000000,00000000
O,92,75,0101,800EA8A8,0,20,-2000,00000000,00000000,00000000,00000000,00000000,00000000,1,13,80347338,00000000,00000000,00000000
O,92,76,0101,800EA8A8,500,20,-2000,00000000,00000000,00000000,00000000,00000000,00000000,1,13,80347598,00000000,00000000,00000000
O,92,77,0101,800EA8A8,-500,20,-2000,00000000,00000000,00000000,00000000,00000000,00000000,1,13,803477F8,00000000,00000000,00000000
O,92,78,0103,800E9868,880,-19,1160,00000000,00000000,00000000,00000000,00000000,00000000,0,14,80347A58,8034DE18,00000000,00000000
O,92,79,0101,800ED48C,800,-2460,160,00000000,00000000,00000000,00000000,00000000,00000000,0,14,80347CB8,00000000,00000000,00000000
O,92,80,0103,800E8C0C,-1120,-820,1320,00000000,00002000,00000000,00000000,00000000,00000000,0,14,80347F18,00000000,00000000,00000000
O,92,81,0103,800ED48C,-571,6020,-1414,00000000,00000000,00000000,00000000,00000000,00000000,0,14,80348178,00000000,00000000,00000000
O,92,82,0103,800ED1F8,620,-5150,1540,00000000,000015E0,00000000,00000000,00000190,00000000,0,14,803483D8,00000000,00000000,00000000
O,92,83,0101,800EC424,-520,1351,1919,00000000,00000000,00000000,00000000,00000000,00000000,0,14,80348638,00000000,00000000,00000000
O,92,84,0101,800EC424,-165,1351,1919,00000000,00000000,00000000,00000000,00000000,00000000,0,14,80348898,00000000,00000000,00000000
O,92,85,0101,800EC424,182,1351,1919,00000000,00000000,00000000,00000000,00000000,00000000,0,14,80348AF8,00000000,00000000,00000000
O,92,86,0101,800EC3EC,657,1368,1879,00000000,00000000,00000000,00000000,00000000,00000000,0,14,80348D58,00000000,00000000,00000000
O,92,87,0103,800EB688,-983.68219,-2377.97314,-797.593079,00000000,0000F686,00000000,00000000,00000000,00000000,2,13,80348FB8,00000000,00000000,00000000
O,92,88,0101,800EA570,1883,4150,550,00000000,00000000,00000000,00000000,00000000,00000000,2,13,80349218,00000000,00000000,8014A168
O,92,89,0103,800ED1F8,-1333,350,1116,00000000,000015E0,00000000,00000000,00000190,00000000,0,14,80349478,00000000,00000000,00000000
O,92,90,0101,800EA570,-1101,6316,-685,00000000,00002000,00000000,00000000,00000000,00000000,2,13,803496D8,00000000,00000000,8014A168
O,92,91,0101,800EB474,1065.63416,-4822,692.363708,00000000,FFFFEDF2,00000000,00000000,00000000,00000000,0,14,80349938,00000000,00000000,00000000
O,92,92,0101,800EB474,1671.63416,-4822,243.3638,00000000,FFFFEDF2,00000000,00000000,00000000,00000000,0,14,80349B98,00000000,00000000,00000000
O,92,93,0101,800EA8A8,0,20,-1700,00000000,00000000,00000000,00000000,00000000,00000000,1,13,80349DF8,00000000,00000000,00000000
O,92,94,0101,800ECFCC,-1020,1229,537,00000000,00000000,00000000,00000000,00000000,00000000,0,14,8034A058,00000000,00000000,8010D5B4
O,92,95,0101,800EA570,2350,5600,2350,00000000,00002000,00000000,00000000,00000000,00000000,2,13,8034A2B8,00000000,00000000,8014A168
O,92,96,0101,800EA570,0,4783,0,00000000,00000000,00000000,00000000,00000000,00000000,2,13,8034A518,00000000,00000000,8014A168
O,92,97,0101,800EA570,-1140,-3720,-1620,00000000,00002000,00000000,00000000,00000000,00000000,2,13,8034A778,00000000,00000000,8014A168
O,92,98,0101,800EA570,840,-2200,860,00000000,00002000,00000000,00000000,00000000,00000000,2,13,8034A9D8,00000000,00000000,8014A168
O,92,99,0103,800E8C3C,-770,-3800,-440,00000000,00000000,00000000,00000000,00000000,00000000,0,14,8034AC38,00000000,00000000,00000000
O,92,100,0103,800E8C3C,-770,-3700,-440,00000000,00000000,00000000,00000000,00000000,00000000,0,14,8034AE98,00000000,00000000,00000000
O,92,101,0101,800EA570,280,-4920,1660,00000000,00000000,00000000,00000000,00000000,00000000,2,13,8034B0F8,00000000,00000000,8014A168
O,92,102,0101,800EA570,1240,300,840,00000000,00002000,00000000,00000000,00000000,00000000,2,13,8034B358,00000000,00000000,8014A168
O,92,103,0101,800EA570,520,300,1500,00000000,00002000,00000000,00000000,00000000,00000000,2,13,8034B5B8,00000000,00000000,8014A168
O,92,104,0101,800EA570,-400,3600,1880,00000000,00000000,00000000,00000000,00000000,00000000,2,13,8034B818,00000000,00000000,8014A168
O,92,105,0101,800EA570,-40,4160,-1280,00000000,00000000,00000000,00000000,00000000,00000000,2,13,8034BA78,00000000,00000000,8014A168
O,92,106,0101,800EA570,-1160,2920,-840,00000000,00002000,00000000,00000000,00000000,00000000,2,13,8034BCD8,00000000,00000000,8014A168
O,92,107,0101,800EA570,-780,6316,-1020,00000000,00002000,00000000,00000000,00000000,00000000,2,13,8034BF38,00000000,00000000,8014A168
O,92,108,0101,800ECF5C,1313,6190,1313,00000000,00002000,00000000,00000000,00000000,00000000,0,14,8034C198,00000000,00000000,8010D2E4
O,92,109,0101,800ECF5C,1851,-2488,-98,00000000,00000000,00000000,00000000,00000000,00000000,0,14,8034C3F8,00000000,00000000,8010D410
O,92,110,0101,800EC18C,1815,-3200,800,00000000,00000000,00000000,00000000,00000000,00000000,0,14,8034C658,00000000,00000000,00000000
O,92,111,0101,800EC13C,-1050,2400,-790,00000000,00007000,00000000,00000000,00000000,00000000,0,14,8034C8B8,00000000,00000000,00000000
O,92,112,0101,800EC13C,2200,7300,2210,00000000,00007000,00000000,00000000,00000000,00000000,0,14,8034CB18,00000000,00000000,00000000
O,92,113,0101,800EC13C,-1300,-2250,-1300,00000000,00007000,00000000,00000000,00000000,00000000,0,14,8034CD78,00000000,00000000,00000000
O,92,114,0101,800EC13C,-1850,300,-950,00000000,00007000,00000000,00000000,00000000,00000000,0,14,8034CFD8,00000000,00000000,00000000
O,92,115,0101,800EC13C,-1450,-1130,-1050,00000000,00007000,00000000,00000000,00000000,00000000,0,14,8034D238,00000000,00000000,00000000
O,92,116,0101,800E8EAC,1919,6332,1919,00000000,FFFFA000,00000000,00000000,00000000,00000000,0,14,8034D498,00000000,00000000,8011A38C
O,92,117,0101,800E8464,-1080,-840,1573,00000000,00000000,00000000,00000000,00000000,00000000,0,14,8034D6F8,00000000,00000000,00000000
O,92,118,0101,800EB274,1417,-3822,-548,00000000,FFFFE0B6,00000000,00000000,00000000,00000000,0,14,8034D958,00000000,00000000,00000000
O,92,119,0101,800EB1C0,1397.53809,-4186,-527.868164,00000000,FFFFE0B6,00000000,00000000,00000000,00000000,0,14,8034DBB8,00000000,00000000,00000000
O,92,120,0101,800E98C4,880,-19,1160,00000000,00000000,00000000,00000000,00000000,00000000,0,14,80347A58,00000000,00000000,00000000
O,92,121,0101,800ED86C,1815,-4762,800,00004000,00000E00,00000000,00000000,00000000,00000000,0,14,8034C658,00000000,00000000,00000000
M,93,31,104978,3,00001924,0C400201,0,0,00000000,1397.53809,-4186,-527.868164,-1.39015019,-56,1.4378742,2,-8010,-4822,5243,00000000,80161C20,801693C0,8034D958,00000000,8034D958,00000000,8034DBB8,00000000,00000000,-1
O,93,0,0101,800ECEF0,-1032,-3291,1070,00000000,00002000,00000000,00000000,00000000,00000000,0,14,8033C118,00000000,00000000,8010CFA0
O,93,1,0101,800ECEF0,-1881,1767,-446,00000000,00004000,00000000,00000000,00000000,00000000,0,14,8033C378,00000000,00000000,8010CFA0
O,93,2,0101,800ECEF0,-1870,2068,362,00000000,00004000,00000000,00000000,00000000,00000000,0,14,8033C5D8,00000000,00000000,8010CFA0
O,93,3,0101,800ECEF0,-770,-4361,-423,00000000,FFFFA000,00000000,00000000,00000000,00000000,0,14,8033C838,00000000,00000000,8010CFA0
O,93,4,0101,800ECEF0,-1314,-3691,788,00000000,00006000,00000000,00000000,00000000,00000000,0,14,8033CA98,00000000,00000000,8010CFA0
O,93,5,0101,800ECEF0,-1314,-2892,1353,00000000,00006000,00000000,00000000,00000000,00000000,0,14,8033CCF8,00000000,00000000,8010CFA0
O,93,6,0101,800ECEF0,780,5767,-1027,00000000,FFFFE000,00000000,00000000,00000000,00000000,0,14,8033CF58,00000000,00000000,8010D038
O,93,7,0101,800ECEF0,1063,5562,-744,00000000,FFFFE000,00000000,00000000,00000000,00000000,0,14,8033D1B8,00000000,00000000,8010D038
O,93,8,0101,800ECF24,-1350,748,-1208,00000000,00002000,000018E3,00000000,00000000,00000000,0,14,8033D418,00000000,00000000,8010D0BC
O,93,9,0101,800ECF24,-690,901,-910,00000000,00002000,000018E3,00000000,00000000,00000000,0,14,8033D678,00000000,00000000,8010D0BC
O,93,10,0101,800ECF24,-1389,-3030,-1028,00000000,00002000,000018E3,00000000,00000000,00000000,0,14,8033D8D8,00000000,00000000,8010D0BC
O,93,11,0101,800ECF24,937,-3867,-1041,00000000,00002000,000018E3,00000000,00000000,00000000,0,14,8033DB38,00000000,00000000,8010D0BC
O,93,12,0101,800ECF5C,-139,-4408,-1056,00000000,00006000,00000000,00000000,00000000,00000000,0,14,8033DD98,00000000,00000000,8010D2E4
O,93,13,0101,800ECF5C,618,3656,148,00000000,00004000,00000000,00000000,00000000,00000000,0,14,8033DFF8,00000000,00000000,8010D410
O,93,14,0101,800ECF5C,963,3297,608,00000000,FFFFC000,00000000,00000000,00000000,00000000,0,14,8033E258,00000000,00000000,8010D410
O,93,15,0101,800ECF5C,1306,2939,1069,00000000,00004000,00000000,00000000,00000000,00000000,0,14,8033E4B8,00000000,00000000,8010D410
O,93,16,0101,800ECF5C,-1179,-1453,-792,00000000,FFFFE000,00000000,00000000,00000000,00000000,0,14,8033E718,00000000,00000000,8010D410
O,93,17,0101,800ECF94,174,1248,1790,00000000,FFFF8000,00000000,00000000,00000000,00000000,0,14,8033E978,00000000,00000000,8010D53C
O,93,18,0101,800ECF94,-1144.22327,1490,-1386.22327,00000000,00002000,00000000,00000000,00000000,00000000,0,14,8033EBD8,00000000,00000000,8010D53C
O,93,19,0101,800ECF94,-899.223328,1730,-1631.22327,00000000,00002000,00000000,00000000,00000000,00000000,0,14,8033EE38,00000000,00000000,8010D53C
O,93,20,0101,800ECF94,-1142.22327,1970,-1387.22327,00000000,00002000,00000000,00000000,00000000,00000000,0,14,8033F098,00000000,00000000,8010D53C
O,93,21,0101,800ECF94,-517,3175,1790,00000000,FFFF8000,00000000,00000000,00000000,00000000,0,14,8033F2F8,00000000,00000000,8010D53C
O,93,22,0101,800ECF94,-170,1248,1790,00000000,FFFF8000,00000000,00000000,00000000,00000000,0,14,8033F558,00000000,00000000,8010D53C
O,93,23,0101,800ECF94,-515,1248,1790,00000000,FFFF8000,00000000,00000000,00000000,00000000,0,14,8033F7B8,00000000,00000000,8010D53C
O,93,24,0101,800ECF94,-175,-1351,-1789,00000000,00000000,00000000,00000000,00000000,00000000,0,14,8033FA18,00000000,00000000,8010D53C
O,93,25,0101,800ECF94,-515,-2590,1790,00000000,FFFF8000,00000000,00000000,00000000,00000000,0,14,8033FC78,00000000,00000000,8010D53C
O,93,26,0101,800ECF94,518,3175,1790,00000000,FFFF8000,00000000,00000000,00000000,00000000,0,14,8033FED8,00000000,00000000,8010D53C
O,93,27,0101,800ECF94,-171,3175,1790,00000000,FFFF8000,00000000,00000000,00000000,00000000,0,14,80340138,00000000,00000000,8010D53C
O,93,28,0101,800ECF94,174,3175,1790,00000000,FFFF8000,00000000,00000000,00000000,00000000,0,14,80340398,00000000,00000000,8010D53C
O,93,29,0101,800ECFCC,1490,-2088,-873,00000000,00000000,00000000,00000000,00000000,00000000,0,14,803405F8,00000000,00000000,8010D5B4
O,93,30,0101,800ECFCC,-708,-1606,-1589,00000000,00000000,00000000,00000000,00000000,00000000,0,14,80340858,00000000,00000000,8010D5B4
O,93,31,0101,800ECFCC,954,-1627,-1448,00000000,00000000,00000000,00000000,00000000,00000000,0,14,80340AB8,00000000,00000000,8010D5B4
O,93,32,0101,800ECFCC,1215,-1781,-1215,00000000,00000000,00000000,00000000,00000000,00000000,0,14,80340D18,00000000,00000000,8010D5B4
O,93,33,0101,800ECFCC,1052,-1934,-769,00000000,00000000,00000000,00000000,00000000,00000000,0,14,80340F78,00000000,00000000,8010D5B4
O,93,34,0101,800ECFCC,-620,1229,1233,00000000,FFFFA000,00000000,00000000,00000000,00000000,0,14,803411D8,00000000,00000000,8010D680
O,93,35,0101,800ECFCC,1050,-19,-1037,00000000,FFFFE000,00000000,00000000,00000000,00000000,0,14,80341438,00000000,00000000,8010D680
O,93,36,0101,800ECFF8,-1100,259,-1030,00000000,FFFFE000,00000000,00000000,00000000,00000000,0,1,80341698,00000000,00000000,8010D784
O,93,37,0101,800ED064,0,6011,0,00000000,FFFFA000,00000000,00000000,00000000,00000000,0,14,803418F8,00000000,00000000,8010D910
O,93,38,0101,800ED064,0,-2487,0,00000000,00002000,00000000,00000000,00000000,00000000,0,14,80341B58,00000000,00000000,8010D910
O,93,39,0101,800ED090,1102,-3619,1682,00000000,00006000,00000000,00000000,00000000,00000000,0,14,80341DB8,00000000,00000000,8010DA00
O,93,40,0101,800ED090,424,-3312,1959,00000000,00004000,00000000,00000000,00000000,00000000,0,14,80342018,00000000,00000000,8010DA00
O,93,41,0101,800ED090,1102,-3004,1682,00000000,00006000,00000000,00000000,00000000,00000000,0,14,80342278,00000000,00000000,8010DA00
O,93,42,0101,800ED090,1584,-2697,1200,00000000,00006000,00000000,00000000,00000000,00000000,0,14,803424D8,00000000,00000000,8010DA00
O,93,43,0101,800ED090,1582,-3619,1203,00000000,00006000,00000000,00000000,00000000,00000000,0,14,80342738,00000000,00000000,8010DA00
O,93,44,0101,800ED090,-762,4347,1047,00000000,00006000,00000000,00000000,00000000,00000000,0,14,80342998,00000000,00000000,8010DA00
O,93,45,0101,800ED090,424,-3926,1959,00000000,00004000,00000000,00000000,00000000,00000000,0,14,80342BF8,00000000,00000000,8010DA00
O,93,46,0101,800ED090,1102,-4233,1682,00000000,00006000,00000000,00000000,00000000,00000000,0,14,80342E58,00000000,00000000,8010DA00
O,93,47,0101,800ED090,1102,-4848,1682,00000000,00006000,00000000,00000000,00000000,00000000,0,14,803430B8,00000000,00000000,8010DA00
O,93,48,0101,800ED090,424,-4540,1959,00000000,00004000,00000000,00000000,00000000,00000000,0,14,80343318,00000000,00000000,8010DA00
O,93,49,0101,800ED090,-1037,4244,772,00000000,FFFFE000,00000000,00000000,00000000,00000000,0,14,80343578,00000000,00000000,8010DA00
O,93,50,0101,800ED090,1828,3835,-50,00000000,00000000,00000000,00000000,00000000,00000000,0,14,803437D8,00000000,00000000,8010DA00
O,93,51,0101,800ED090,1459,3835,-357,00000000,00000000,00000000,00000000,00000000,00000000,0,14,80343A38,00000000,00000000,8010DA00
O,93,52,0101,800ED090,1091,3835,-665,00000000,00000000,00000000,00000000,00000000,00000000,0,14,80343C98,00000000,00000000,8010DA00
O,93,53,0101,800ED064,1580,-4854,-825,00000000,00000000,00000000,00000000,00000000,00000000,0,14,80343EF8,00000000,00000000,8010D910
O,93,54,0101,800ED064,-1692,1022,-1157,00000000,00000000,00000000,00000000,00000000,00000000,0,14,80344158,00000000,00000000,8010D910
O,93,55,0101,800ED064,2098,7007,2243,00000000,00000000,00000000,00000000,00000000,00000000,0,14,803443B8,00000000,00000000,8010D910
O,93,56,0101,800ED064,1801,-4843,-731,00000000,00000000,00000000,00000000,00000000,00000000,0,14,80344618,00000000,00000000,8010D910
O,93,57,0101,800ED064,-1477,1044,-1088,00000000,00000000,00000000,00000000,00000000,00000000,0,14,80344878,00000000,00000000,8010D910
O,93,58,0101,800ED064,2268,7030,2227,00000000,00000000,00000000,00000000,00000000,00000000,0,14,80344AD8,00000000,00000000,8010D910
O,93,59,0101,800EC1AC,800,-4400,1900,00000000,00000000,00000000,00000000,00000000,00000000,0,14,8034C658,00000000,00000000,00000000
O,93,60,0101,800EC1AC,800,-3700,1900,00000000,00000000,00000000,00000000,00000000,00000000,0,14,8034C658,00000000,00000000,00000000
O,93,61,0101,800EC1AC,800,-3000,1900,00000000,00000000,00000000,00000000,00000000,00000000,0,14,8034C658,00000000,00000000,00000000
O,93,62,0101,800EC1AC,1780,-3300,1000,00000000,00000000,00000000,00000000,00000000,00000000,0,14,8034C658,00000000,00000000,00000000
O,93,63,0101,800EC1AC,1388,-3300,1428,00000000,00000000,00000000,00000000,00000000,00000000,0,14,8034C658,00000000,00000000,00000000
O,93,64,0101,800EC1AC,200,-3000,2000,00000000,00000000,00000000,00000000,00000000,00000000,0,14,8034C658,00000000,00000000,00000000
O,93,65,0101,800EC1AC,200,-3700,2000,00000000,00000000,00000000,00000000,00000000,00000000,0,14,8034C658,00000000,00000000,00000000
O,93,66,0101,800EC1AC,200,-4400,2000,00000000,00000000,00000000,00000000,00000000,00000000,0,14,8034C658,00000000,00000000,00000000
O,93,67,0101,800EC4A4,-1080,90,1575,00000000,00000000,00000000,00000000,00000000,00000000,0,14,80346038,00000000,00000000,00000000
O,93,68,0101,800ED028,-1179,445,1413,00000000,00002000,00000000,00000000,00000000,00000000,0,14,80346298,00000000,00000000,8010D88C
O,93,69,0101,800ED028,-1524,-1454,1129,00000000,FFFFE000,00000000,00000000,00000000,00000000,0,14,803464F8,00000000,00000000,8010D88C
O,93,70,0103,800EB688,-680.361328,-727.973206,1435.27966,00000000,00008601,00000000,00000000,00000000,00000000,2,13,80346758,00000000,00000000,00000000
O,93,71,0101,800EA888,-1203,-19,-170,00000000,00002000,00000000,00000000,00000000,00000000,0,14,803469B8,00000000,00000000,80125088
O,93,72,0101,800EA8A8,0,20,-1400,00000000,00000000,00000000,00000000,00000000,00000000,1,13,80346C18,00000000,00000000,00000000
O,93,73,0101,800EA8A8,-250,20,-1700,00000000,00000000,00000000,00000000,00000000,00000000,1,13,80346E78,00000000,00000000,00000000
O,93,74,0101,800EA8A8,250,20,-1700,00000000,00000000,00000000,00000000,00000000,00000000,1,13,803470D8,00000000,00000000,00000000
O,93,75,0101,800EA8A8,0,20,-2000,00000000,00000000,00000000,00000000,00000000,00000000,1,13,80347338,00000000,00000000,00000000
O,93,76,0101,800EA8A8,500,20,-2000,00000000,00000000,00000000,00000000,00000000,00000000,1,13,80347598,00000000,00000000,00000000
O,93,77,0101,800EA8A8,-500,20,-2000,00000000,00000000,00000000,00000000,00000000,00000000,1,13,803477F8,00000000,00000000,00000000
O,93,78,0103,800E9868,880,-19,1160,00000000,00000000,00000000,00000000,00000000,00000000,0,14,80347A58,8034DE18,00000000,00000000
O,93,79,0101,800ED48C,800,-2460,160,00000000,00000000,00000000,00000000,00000000,00000000,0,14,80347CB8,00000000,00000000,00000000
O,93,80,0103,800E8C0C,-1120,-820,1320,00000000,00002000,00000000,00000000,00000000,00000000,0,14,80347F18,00000000,00000000,00000000
O,93,81,0103,800ED48C,-571,6020,-1414,00000000,00000000,00000000,00000000,00000000,00000000,0,14,80348178,00000000,00000000,00000000
O,93,82,0103,800ED1F8,620,-5150,1540,00000000,000015E0,00000000,00000000,00000190,00000000,0,14,803483D8,00000000,00000000,00000000
O,93,83,0101,800EC424,-520,1351,1919,00000000,00000000,00000000,00000000,00000000,00000000,0,14,80348638,00000000,00000000,00000000
O,93,84,0101,800EC424,-165,1351,1919,00000000,00000000,00000000,00000000,00000000,00000000,0,14,80348898,00000000,00000000,00000000
O,93,85,0101,800EC424,182,1351,1919,00000000,00000000,00000000,00000000,00000000,00000000,0,14,80348AF8,00000000,00000000,00000000
O,93,86,0101,800EC3EC,657,1368,1879,00000000,00000000,00000000,00000000,00000000,00000000,0,14,80348D58,00000000,00000000,00000000
O,93,87,0103,800EB688,-983.68219,-2377.97314,-797.593079,00000000,0000F686,00000000,00000000,00000000,00000000,2,13,80348FB8,00000000,00000000,00000000
O,93,88,0101,800EA570,1883,4150,550,00000000,00000000,00000000,00000000,00000000,00000000,2,13,80349218,00000000,00000000,8014A168
O,93,89,0103,800ED1F8,-1333,350,1116,00000000,000015E0,00000000,00000000,00000190,00000000,0,14,80349478,00000000,00000000,00000000
O,93,90,0101,800EA570,-1101,6316,-685,00000000,00002000,00000000,00000000,00000000,00000000,2,13,803496D8,00000000,00000000,8014A168
O,93,91,0101,800EB474,1065.63416,-4822,692.363708,00000000,FFFFEDF2,00000000,00000000,00000000,00000000,0,14,80349938,00000000,00000000,00000000
O,93,92,0101,800EB474,1671.63416,-4822,243.3638,00000000,FFFFEDF2,00000000,00000000,00000000,00000000,0,14,80349B98,00000000,00000000,00000000
O,93,93,0101,800EA8A8,0,20,-1700,00000000,00000000,00000000,00000000,00000000,00000000,1,13,80349DF8,00000000,00000000,00000000
O,93,94,0101,800ECFCC,-1020,1229,537,00000000,00000000,00000000,00000000,00000000,00000000,0,14,8034A058,00000000,00000000,8010D5B4
O,93,95,0101,800EA570,2350,5600,2350,00000000,00002000,00000000,00000000,00000000,00000000,2,13,8034A2B8,00000000,00000000,8014A168
O,93,96,0101,800EA570,0,4783,0,00000000,00000000,00000000,00000000,00000000,00000000,2,13,8034A518,00000000,00000000,8014A168
O,93,97,0101,800EA570,-1140,-3720,-1620,00000000,00002000,00000000,00000000,00000000,00000000,2,13,8034A778,00000000,00000000,8014A168
O,93,98,0101,800EA570,840,-2200,860,00000000,00002000,00000000,00000000,00000000,00000000,2,13,8034A9D8,00000000,00000000,8014A168
O,93,99,0103,800E8C3C,-770,-3800,-440,00000000,00000000,00000000,00000000,00000000,00000000,0,14,8034AC38,00000000,00000000,00000000
O,93,100,0103,800E8C3C,-770,-3700,-440,00000000,00000000,00000000,00000000,00000000,00000000,0,14,8034AE98,00000000,00000000,00000000
O,93,101,0101,800EA570,280,-4920,1660,00000000,00000000,00000000,00000000,00000000,00000000,2,13,8034B0F8,00000000,00000000,8014A168
O,93,102,0101,800EA570,1240,300,840,00000000,00002000,00000000,00000000,00000000,00000000,2,13,8034B358,00000000,00000000,8014A168
O,93,103,0101,800EA570,520,300,1500,00000000,00002000,00000000,00000000,00000000,00000000,2,13,8034B5B8,00000000,00000000,8014A168
O,93,104,0101,800EA570,-400,3600,1880,00000000,00000000,00000000,00000000,00000000,00000000,2,13,8034B818,00000000,00000000,8014A168
O,93,105,0101,800EA570,-40,4160,-1280,00000000,00000000,00000000,00000000,00000000,00000000,2,13,8034BA78,00000000,00000000,8014A168
O,93,106,0101,800EA570,-1160,2920,-840,00000000,00002000,00000000,00000000,00000000,00000000,2,13,8034BCD8,00000000,00000000,8014A168
O,93,107,0101,800EA570,-780,6316,-1020,00000000,00002000,00000000,00000000,00000000,00000000,2,13,8034BF38,00000000,00000000,8014A168
O,93,108,0101,800ECF5C,1313,6190,1313,00000000,00002000,00000000,00000000,00000000,00000000,0,14,8034C198,00000000,00000000,8010D2E4
O,93,109,0101,800ECF5C,1851,-2488,-98,00000000,00000000,00000000,00000000,00000000,00000000,0,14,8034C3F8,00000000,00000000,8010D410
O,93,110,0101,800EC18C,1815,-3200,800,00000000,00000000,00000000,00000000,00000000,00000000,0,14,8034C658,00000000,00000000,00000000
O,93,111,0101,800EC13C,-1050,2400,-790,00000000,00007000,00000000,00000000,00000000,00000000,0,14,8034C8B8,00000000,00000000,00000000
O,93,112,0101,800EC13C,2200,7300,2210,00000000,00007000,00000000,00000000,00000000,00000000,0,14,8034CB18,00000000,00000000,00000000
O,93,113,0101,800EC13C,-1300,-2250,-1300,00000000,00007000,00000000,00000000,00000000,00000000,0,14,8034CD78,00000000,00000000,00000000
O,93,114,0101,800EC13C,-1850,300,-950,00000000,00007000,00000000,00000000,00000000,00000000,0,14,8034CFD8,00000000,00000000,00000000
O,93,115,0101,800EC13C,-1450,-1130,-1050,00000000,00007000,00000000,00000000,00000000,00000000,0,14,8034D238,00000000,00000000,00000000
O,93,116,0101,800E8EAC,1919,6332,1919,00000000,FFFFA000,00000000,00000000,00000000,00000000,0,14,8034D498,00000000,00000000,8011A38C
O,93,117,0101,800E8464,-1080,-840,1573,00000000,00000000,00000000,00000000,00000000,00000000,0,14,8034D6F8,00000000,00000000,00000000
O,93,118,0101,800EB274,1417,-3822,-548,00000000,FFFFE0B6,00000000,00000000,00000000,00000000,0,14,8034D958,00000000,00000000,00000000
O,93,119,0101,800EB1C0,1397.53809,-4186,-527.868164,00000000,FFFFE0B6,00000000,00000000,00000000,00000000,0,14,8034DBB8,00000000,00000000,00000000
O,93,120,0101,800E98C4,880,-19,1160,00000000,00000000,00000000,00000000,00000000,00000000,0,14,80347A58,00000000,00000000,00000000
O,93,121,0101,800ED86C,1815,-4762,800,00004000,00000E00,00000000,00000000,00000000,00000000,0,14,8034C658,00000000,00000000,00000000
M,94,32,104979,3,00001924,0C400201,0,0,00000000,1396.14795,-4242,-526.430176,-1.39015019,-60,1.4378742,2,-8010,-4822,5243,00000000,80161C20,801693C0,8034D958,00000000,8034D958,00000000,8034DBB8,00000000,00000000,-1
O,94,0,0101,800ECEF0,-1032,-3291,1070,00000000,00002000,00000000,00000000,00000000,00000000,0,15,8033C118,00000000,00000000,8010CFA0
O,94,1,0101,800ECEF0,-1881,1767,-446,00000000,00004000,00000000,00000000,00000000,00000000,0,15,8033C378,00000000,00000000,8010CFA0
O,94,2,0101,800ECEF0,-1870,2068,362,00000000,00004000,00000000,00000000,00000000,00000000,0,15,8033C5D8,00000000,00000000,8010CFA0
O,94,3,0101,800ECEF0,-770,-4361,-423,00000000,FFFFA000,00000000,00000000,00000000,00000000,0,15,8033C838,00000000,00000000,8010CFA0
O,94,4,0101,800ECEF0,-1314,-3691,788,00000000,00006000,00000000,00000000,00000000,00000000,0,15,8033CA98,00000000,00000000,8010CFA0
O,94,5,0101,800ECEF0,-1314,-2892,1353,00000000,00006000,00000000,00000000,00000000,00000000,0,15,8033CCF8,00000000,00000000,8010CFA0
O,94,6,0101,800ECEF0,780,5767,-1027,00000000,FFFFE000,00000000,00000000,00000000,00000000,0,15,8033CF58,00000000,00000000,8010D038
O,94,7,0101,800ECEF0,1063,5562,-744,00000000,FFFFE000,00000000,00000000,00000000,00000000,0,15,8033D1B8,00000000,00000000,8010D038
O,94,8,0101,800ECF24,-1350,748,-1208,00000000,00002000,000018E3,00000000,00000000,00000000,0,15,8033D418,00000000,00000000,8010D0BC
O,94,9,0101,800ECF24,-690,901,-910,00000000,00002000,000018E3,00000000,00000000,00000000,0,15,8033D678,00000000,00000000,8010D0BC
O,94,10,0101,800ECF24,-1389,-3030,-1028,00000000,00002000,000018E3,00000000,00000000,00000000,0,15,8033D8D8,00000000,00000000,8010D0BC
O,94,11,0101,800ECF24,937,-3867,-1041,00000000,00002000,000018E3,00000000,00000000,00000000,0,15,8033DB38,00000000,00000000,8010D0BC
O,94,12,0101,800ECF5C,-139,-4408,-1056,00000000,00006000,00000000,00000000,00000000,00000000,0,15,8033DD98,00000000,00000000,8010D2E4
O,94,13,0101,800ECF5C,618,3656,148,00000000,00004000,00000000,00000000,00000000,00000000,0,15,8033DFF8,00000000,00000000,8010D410
O,94,14,0101,800ECF5C,963,3297,608,00000000,FFFFC000,00000000,00000000,00000000,00000000,0,15,8033E258,00000000,00000000,8010D410
O,94,15,0101,800ECF5C,1306,2939,1069,00000000,00004000,00000000,00000000,00000000,00000000,0,15,8033E4B8,00000000,00000000,8010D410
O,94,16,0101,800ECF5C,-1179,-1453,-792,00000000,FFFFE000,00000000,00000000,00000000,00000000,0,15,8033E718,00000000,00000000,8010D410
O,94,17,0101,800ECF94,174,1248,1790,00000000,FFFF8000,00000000,00000000,00000000,00000000,0,15,8033E978,00000000,00000000,8010D53C
O,94,18,0101,800ECF94,-1144.22327,1490,-1386.22327,00000000,00002000,00000000,00000000,00000000,00000000,0,15,8033EBD8,00000000,00000000,8010D53C
O,94,19,0101,800ECF94,-899.223328,1730,-1631.22327,00000000,00002000,00000000,00000000,00000000,00000000,0,15,8033EE38,00000000,00000000,8010D53C
O,94,20,0101,800ECF94,-1142.22327,1970,-1387.22327,00000000,00002000,00000000,00000000,00000000,00000000,0,15,8033F098,00000000,00000000,8010D53C
O,94,21,0101,800ECF94,-517,3175,1790,00000000,FFFF8000,00000000,00000000,00000000,00000000,0,15,8033F2F8,00000000,00000000,8010D53C
O,94,22,0101,800ECF94,-170,1248,1790,00000000,FFFF8000,00000000,00000000,00000000,00000000,0,15,8033F558,00000000,00000000,8010D53C
O,94,23,0101,800ECF94,-515,1248,1790,00000000,FFFF8000,00000000,00000000,00000000,00000000,0,15,8033F7B8,00000000,00000000,8010D53C
O,94,24,0101,800ECF94,-175,-1351,-1789,00000000,00000000,00000000,00000000,00000000,00000000,0,15,8033FA18,00000000,00000000,8010D53C
O,94,25,0101,800ECF94,-515,-2590,1790,00000000,FFFF8000,00000000,00000000,00000000,00000000,0,15,8033FC78,00000000,00000000,8010D53C
O,94,26,0101,800ECF94,518,3175,1790,00000000,FFFF8000,00000000,00000000,00000000,00000000,0,15,8033FED8,00000000,00000000,8010D53C
O,94,27,0101,800ECF94,-171,3175,1790,00000000,FFFF8000,00000000,00000000,00000000,00000000,0,15,80340138,00000000,00000000,8010D53C
O,94,28,0101,800ECF94,174,3175,1790,00000000,FFFF8000,00000000,00000000,00000000,00000000,0,15,80340398,00000000,00000000,8010D53C
O,94,29,0101,800ECFCC,1490,-2088,-873,00000000,00000000,00000000,00000000,00000000,00000000,0,15,803405F8,00000000,00000000,8010D5B4
O,94,30,0101,800ECFCC,-708,-1606,-1589,00000000,00000000,00000000,00000000,00000000,00000000,0,15,80340858,00000000,00000000,8010D5B4
O,94,31,0101,800ECFCC,954,-1627,-1448,00000000,00000000,00000000,00000000,00000000,00000000,0,15,80340AB8,00000000,00000000,8010D5B4
O,94,32,0101,800ECFCC,1215,-1781,-1215,00000000,00000000,00000000,00000000,00000000,00000000,0,15,80340D18,00000000,00000000,8010D5B4
O,94,33,0101,800ECFCC,1052,-1934,-769,00000000,00000000,00000000,00000000,00000000,00000000,0,15,80340F78,00000000,00000000,8010D5B4
O,94,34,0101,800ECFCC,-620,1229,1233,00000000,FFFFA000,00000000,00000000,00000000,00000000,0,15,803411D8,00000000,00000000,8010D680
O,94,35,0101,800ECFCC,1050,-19,-1037,00000000,FFFFE000,00000000,00000000,00000000,00000000,0,15,80341438,00000000,00000000,8010D680
O,94,36,0101,800ECFF8,-1100,259,-1030,00000000,FFFFE000,00000000,00000000,00000000,00000000,0,1,80341698,00000000,00000000,8010D784
O,94,37,0101,800ED064,0,6011,0,00000000,FFFFA000,00000000,00000000,00000000,00000000,0,15,803418F8,00000000,00000000,8010D910
O,94,38,0101,800ED064,0,-2487,0,00000000,00002000,00000000,00000000,00000000,00000000,0,15,80341B58,00000000,00000000,8010D910
O,94,39,0101,800ED090,1102,-3619,1682,00000000,00006000,00000000,00000000,00000000,00000000,0,15,80341DB8,00000000,00000000,8010DA00
O,94,40,0101,800ED090,424,-3312,1959,00000000,00004000,00000000,00000000,00000000,00000000,0,15,80342018,00000000,00000000,8010DA00
O,94,41,0101,800ED090,1102,-3004,1682,00000000,00006000,00000000,00000000,00000000,00000000,0,15,80342278,00000000,00000000,8010DA00
O,94,42,0101,800ED090,1584,-2697,1200,00000000,00006000,00000000,00000000,00000000,00000000,0,15,803424D8,00000000,00000000,8010DA00
O,94,43,0101,800ED090,1582,-3619,1203,00000000,00006000,00000000,00000000,00000000,00000000,0,15,80342738,00000000,00000000,8010DA00
O,94,44,0101,800ED090,-762,4347,1047,00000000,00006000,00000000,00000000,00000000,00000000,0,15,80342998,00000000,00000000,8010DA00
O,94,45,0101,800ED090,424,-3926,1959,00000000,00004000,00000000,00000000,00000000,00000000,0,15,80342BF8,00000000,00000000,8010DA00
O,94,46,0101,800ED090,1102,-4233,1682,00000000,00006000,00000000,00000000,00000000,00000000,0,15,80342E58,00000000,00000000,8010DA00
O,94,47,0101,800ED090,1102,-4848,1682,00000000,00006000,00000000,00000000,00000000,00000000,0,15,803430B8,00000000,00000000,8010DA00
O,94,48,0101,800ED090,424,-4540,1959,00000000,00004000,00000000,00000000,00000000,00000000,0,15,80343318,00000000,00000000,8010DA00
O,94,49,0101,800ED090,-1037,4244,772,00000000,FFFFE000,00000000,00000000,00000000,00000000,0,15,80343578,00000000,00000000,8010DA00
O,94,50,0101,800ED090,1828,3835,-50,00000000,00000000,00000000,00000000,00000000,00000000,0,15,803437D8,00000000,00000000,8010DA00
O,94,51,0101,800ED090,1459,3835,-357,00000000,00000000,00000000,00000000,00000000,00000000,0,15,80343A38,00000000,00000000,8010DA00
O,94,52,0101,800ED090,1091,3835,-665,00000000,00000000,00000000,00000000,00000000,00000000,0,15,80343C98,00000000,00000000,8010DA00
O,94,53,0101,800ED064,1580,-4854,-825,00000000,00000000,00000000,00000000,00000000,00000000,0,15,80343EF8,00000000,00000000,8010D910
O,94,54,0101,800ED064,-1692,1022,-1157,00000000,00000000,00000000,00000000,00000000,00000000,0,15,80344158,00000000,00000000,8010D910
O,94,55,0101,800ED064,2098,7007,2243,00000000,00000000,00000000,00000000,00000000,00000000,0,15,803443B8,00000000,00000000,8010D910
O,94,56,0101,800ED064,1801,-4843,-731,00000000,00000000,00000000,00000000,00000000,00000000,0,15,80344618,00000000,00000000,8010D910
O,94,57,0101,800ED064,-1477,1044,-1088,00000000,00000000,00000000,00000000,00000000,00000000,0,15,80344878,00000000,00000000,8010D910
O,94,58,0101,800ED064,2268,7030,2227,00000000,00000000,00000000,00000000,00000000,00000000,0,15,80344AD8,00000000,00000000,8010D910
O,94,59,0101,800EC1AC,800,-4400,1900,00000000,00000000,00000000,00000000,00000000,00000000,0,15,8034C658,00000000,00000000,00000000
O,94,60,0101,800EC1AC,800,-3700,1900,00000000,00000000,00000000,00000000,00000000,00000000,0,15,8034C658,00000000,00000000,00000000
O,94,61,0101,800EC1AC,800,-3000,1900,00000000,00000000,00000000,00000000,00000000,00000000,0,15,8034C658,00000000,00000000,00000000
O,94,62,0101,800EC1AC,1780,-3300,1000,00000000,00000000,00000000,00000000,00000000,00000000,0,15,8034C658,00000000,00000000,00000000
O,94,63,0101,800EC1AC,1388,-3300,1428,00000000,00000000,00000000,00000000,00000000,00000000,0,15,8034C658,00000000,00000000,00000000
O,94,64,0101,800EC1AC,200,-3000,2000,00000000,00000000,00000000,00000000,00000000,00000000,0,15,8034C658,00000000,00000000,00000000
O,94,65,0101,800EC1AC,200,-3700,2000,00000000,00000000,00000000,00000000,00000000,00000000,0,15,8034C658,00000000,00000000,00000000
O,94,66,0101,800EC1AC,200,-4400,2000,00000000,00000000,00000000,00000000,00000000,00000000,0,15,8034C658,00000000,00000000,00000000
O,94,67,0101,800EC4A4,-1080,90,1575,00000000,00000000,00000000,00000000,00000000,00000000,0,15,80346038,00000000,00000000,00000000
O,94,68,0101,800ED028,-1179,445,1413,00000000,00002000,00000000,00000000,00000000,00000000,0,15,80346298,00000000,00000000,8010D88C
O,94,69,0101,800ED028,-1524,-1454,1129,00000000,FFFFE000,00000000,00000000,00000000,00000000,0,15,803464F8,00000000,00000000,8010D88C
O,94,70,0103,800EB688,-683.24707,-729.633545,1405.98083,00000000,00008A01,00000000,00000000,00000000,00000000,2,14,80346758,00000000,00000000,00000000
O,94,71,0101,800EA888,-1203,-19,-170,00000000,00002000,00000000,00000000,00000000,00000000,0,15,803469B8,00000000,00000000,80125088
O,94,72,0101,800EA8A8,0,20,-1400,00000000,00000000,00000000,00000000,00000000,00000000,1,14,80346C18,00000000,00000000,00000000
O,94,73,0101,800EA8A8,-250,20,-1700,00000000,00000000,00000000,00000000,00000000,00000000,1,14,80346E78,00000000,00000000,00000000
O,94,74,0101,800EA8A8,250,20,-1700,00000000,00000000,00000000,00000000,00000000,00000000,1,14,803470D8,00000000,00000000,00000000
O,94,75,0101,800EA8A8,0,20,-2000,00000000,00000000,00000000,00000000,00000000,00000000,1,14,80347338,00000000,00000000,00000000
O,94,76,0101,800EA8A8,500,20,-2000,00000000,00000000,00000000,00000000,00000000,00000000,1,14,80347598,00000000,00000000,00000000
O,94,77,0101,800EA8A8,-500,20,-2000,00000000,00000000,00000000,00000000,00000000,00000000,1,14,803477F8,00000000,00000000,00000000
O,94,78,0103,800E9868,880,-19,1160,00000000,00000000,00000000,00000000,00000000,00000000,0,15,80347A58,8034DE18,00000000,00000000
O,94,79,0103,800ED48C,800,-2460,160,00000000,00000000,00000000,00000000,00000000,00000000,0,15,80347CB8,00000000,00000000,00000000
O,94,80,0103,800E8C0C,-1120,-820,1320,00000000,00002000,00000000,00000000,00000000,00000000,0,15,80347F18,00000000,00000000,00000000
O,94,81,0103,800ED48C,-571,6020,-1414,00000000,00000000,00000000,00000000,00000000,00000000,0,15,80348178,00000000,00000000,00000000
O,94,82,0103,800ED1F8,620,-5150,1540,00000000,00001770,00000000,00000000,00000190,00000000,0,15,803483D8,00000000,00000000,00000000
O,94,83,0101,800EC424,-520,1351,1919,00000000,00000000,00000000,00000000,00000000,00000000,0,15,80348638,00000000,00000000,00000000
O,94,84,0101,800EC424,-165,1351,1919,00000000,00000000,00000000,00000000,00000000,00000000,0,15,80348898,00000000,00000000,00000000
O,94,85,0101,800EC424,182,1351,1919,00000000,00000000,00000000,00000000,00000000,00000000,0,15,80348AF8,00000000,00000000,00000000
O,94,86,0101,800EC3EC,657,1368,1879,00000000,00000000,00000000,00000000,00000000,00000000,0,15,80348D58,00000000,00000000,00000000
O,94,87,0103,800EB688,-991.881958,-2379.63354,-769.317444,00000000,0000FA86,00000000,00000000,00000000,00000000,2,14,80348FB8,00000000,00000000,00000000
O,94,88,0101,800EA570,1883,4150,550,00000000,00000000,00000000,00000000,00000000,00000000,2,14,80349218,00000000,00000000,8014A168
O,94,89,0103,800ED1F8,-1333,350,1116,00000000,00001770,00000000,00000000,00000190,00000000,0,15,80349478,00000000,00000000,00000000
O,94,90,0101,800EA570,-1101,6316,-685,00000000,00002000,00000000,00000000,00000000,00000000,2,14,803496D8,00000000,00000000,8014A168
O,94,91,0101,800EB474,1063.91833,-4822,695.977051,00000000,FFFFECB2,00000000,00000000,00000000,00000000,0,15,80349938,00000000,00000000,00000000
O,94,92,0101,800EB474,1669.91833,-4822,246.977127,00000000,FFFFECB2,00000000,00000000,00000000,00000000,0,15,80349B98,00000000,00000000,00000000
O,94,93,0101,800EA8A8,0,20,-1700,00000000,00000000,00000000,00000000,00000000,00000000,1,14,80349DF8,00000000,00000000,00000000
O,94,94,0101,800ECFCC,-1020,1229,537,00000000,00000000,00000000,00000000,00000000,00000000,0,15,8034A058,00000000,00000000,8010D5B4
O,94,95,0101,800EA570,2350,5600,2350,00000000,00002000,00000000,00000000,00000000,00000000,2,14,8034A2B8,00000000,00000000,8014A168
O,94,96,0101,800EA570,0,4783,0,00000000,00000000,00000000,00000000,00000000,00000000,2,14,8034A518,00000000,00000000,8014A168
O,94,97,0101,800EA570,-1140,-3720,-1620,00000000,00002000,00000000,00000000,00000000,00000000,2,14,8034A778,00000000,00000000,8014A168
O,94,98,0101,800EA570,840,-2200,860,00000000,00002000,00000000,00000000,00000000,00000000,2,14,8034A9D8,00000000,00000000,8014A168
O,94,99,0103,800E8C3C,-770,-3800,-440,00000000,00000000,00000000,00000000,00000000,00000000,0,15,8034AC38,00000000,00000000,00000000
O,94,100,0103,800E8C3C,-770,-3700,-440,00000000,00000000,00000000,00000000,00000000,00000000,0,15,8034AE98,00000000,00000000,00000000
O,94,101,0101,800EA570,280,-4920,1660,00000000,00000000,00000000,00000000,00000000,00000000,2,14,8034B0F8,00000000,00000000,8014A168
O,94,102,0101,800EA570,1240,300,840,00000000,00002000,00000000,00000000,00000000,00000000,2,14,8034B358,00000000,00000000,8014A168
O,94,103,0101,800EA570,520,300,1500,00000000,00002000,00000000,00000000,00000000,00000000,2,14,8034B5B8,00000000,00000000,8014A168
O,94,104,0101,800EA570,-400,3600,1880,00000000,00000000,00000000,00000000,00000000,00000000,2,14,8034B818,00000000,00000000,8014A168
O,94,105,0101,800EA570,-40,4160,-1280,00000000,00000000,00000000,00000000,00000000,00000000,2,14,8034BA78,00000000,00000000,8014A168
O,94,106,0101,800EA570,-1160,2920,-840,00000000,00002000,00000000,00000000,00000000,00000000,2,14,8034BCD8,00000000,00000000,8014A168
O,94,107,0101,800EA570,-780,6316,-1020,00000000,00002000,00000000,00000000,00000000,00000000,2,14,8034BF38,00000000,00000000,8014A168
O,94,108,0101,800ECF5C,1313,6190,1313,00000000,00002000,00000000,00000000,00000000,00000000,0,15,8034C198,00000000,00000000,8010D2E4
O,94,109,0101,800ECF5C,1851,-2488,-98,00000000,00000000,00000000,00000000,00000000,00000000,0,15,8034C3F8,00000000,00000000,8010D410
O,94,110,0101,800EC18C,1815,-3200,800,00000000,00000000,00000000,00000000,00000000,00000000,0,15,8034C658,00000000,00000000,00000000
O,94,111,0101,800EC13C,-1050,2400,-790,00000000,00007800,00000000,00000000,00000000,00000000,0,15,8034C8B8,00000000,00000000,00000000
O,94,112,0101,800EC13C,2200,7300,2210,00000000,00007800,00000000,00000000,00000000,00000000,0,15,8034CB18,00000000,00000000,00000000
O,94,113,0101,800EC13C,-1300,-2250,-1300,00000000,00007800,00000000,00000000,00000000,00000000,0,15,8034CD78,00000000,00000000,00000000
O,94,114,0101,800EC13C,-1850,300,-950,00000000,00007800,00000000,00000000,00000000,00000000,0,15,8034CFD8,00000000,00000000,00000000
O,94,115,0101,800EC13C,-1450,-1130,-1050,00000000,00007800,00000000,00000000,00000000,00000000,0,15,8034D238,00000000,00000000,00000000
O,94,116,0101,800E8EAC,1919,6342,1919,00000000,FFFFA000,00000000,00000000,00000000,00000000,0,15,8034D498,00000000,00000000,8011A38C
O,94,117,0101,800E8464,-1080,-840,1573,00000000,00000000,00000000,00000000,00000000,00000000,0,15,8034D6F8,00000000,00000000,00000000
O,94,118,0101,800EB274,1417,-3822,-548,00000000,FFFFE0B6,00000000,00000000,00000000,00000000,0,15,8034D958,00000000,00000000,00000000
O,94,119,0101,800EB1C0,1396.14795,-4242,-526.430176,00000000,FFFFE0B6,00000000,00000000,00000000,00000000,0,15,8034DBB8,00000000,00000000,00000000
O,94,120,0101,800E98C4,880,-19,1160,00000000,00000000,00000000,00000000,00000000,00000000,0,15,80347A58,00000000,00000000,00000000
O,94,121,0101,800ED86C,1815,-4762,800,00004000,00000F00,00000000,00000000,00000000,00000000,0,15,8034C658,00000000,00000000,00000000
M,95,32,104979,3,00001924,0C400201,0,0,00000000,1396.14795,-4242,-526.430176,-1.39015019,-60,1.4378742,2,-8010,-4822,5243,00000000,80161C20,801693C0,8034D958,00000000,8034D958,00000000,8034DBB8,00000000,00000000,-1
O,95,0,0101,800ECEF0,-1032,-3291,1070,00000000,00002000,00000000,00000000,00000000,00000000,0,15,8033C118,00000000,00000000,8010CFA0
O,95,1,0101,800ECEF0,-1881,1767,-446,00000000,00004000,00000000,00000000,00000000,00000000,0,15,8033C378,00000000,00000000,8010CFA0
O,95,2,0101,800ECEF0,-1870,2068,362,00000000,00004000,00000000,00000000,00000000,00000000,0,15,8033C5D8,00000000,00000000,8010CFA0
O,95,3,0101,800ECEF0,-770,-4361,-423,00000000,FFFFA000,00000000,00000000,00000000,00000000,0,15,8033C838,00000000,00000000,8010CFA0
O,95,4,0101,800ECEF0,-1314,-3691,788,00000000,00006000,00000000,00000000,00000000,00000000,0,15,8033CA98,00000000,00000000,8010CFA0
O,95,5,0101,800ECEF0,-1314,-2892,1353,00000000,00006000,00000000,00000000,00000000,00000000,0,15,8033CCF8,00000000,00000000,8010CFA0
O,95,6,0101,800ECEF0,780,5767,-1027,00000000,FFFFE000,00000000,00000000,00000000,00000000,0,15,8033CF58,00000000,00000000,8010D038
O,95,7,0101,800ECEF0,1063,5562,-744,00000000,FFFFE000,00000000,00000000,00000000,00000000,0,15,8033D1B8,00000000,00000000,8010D038
O,95,8,0101,800ECF24,-1350,748,-1208,00000000,00002000,000018E3,00000000,00000000,00000000,0,15,8033D418,00000000,00000000,8010D0BC
O,95,9,0101,800ECF24,-690,901,-910,00000000,00002000,000018E3,00000000,00000000,00000000,0,15,8033D678,00000000,00000000,8010D0BC
O,95,10,0101,800ECF24,-1389,-3030,-1028,00000000,00002000,000018E3,00000000,00000000,00000000,0,15,8033D8D8,00000000,00000000,8010D0BC
O,95,11,0101,800ECF24,937,-3867,-1041,00000000,00002000,000018E3,00000000,00000000,00000000,0,15,8033DB38,00000000,00000000,8010D0BC
O,95,12,0101,800ECF5C,-139,-4408,-1056,00000000,00006000,00000000,00000000,00000000,00000000,0,15,8033DD98,00000000,00000000,8010D2E4
O,95,13,0101,800ECF5C,618,3656,148,00000000,00004000,00000000,00000000,00000000,00000000,0,15,8033DFF8,00000000,00000000,8010D410
O,95,14,0101,800ECF5C,963,3297,608,00000000,FFFFC000,00000000,00000000,00000000,00000000,0,15,8033E258,00000000,00000000,8010D410
O,95,15,0101,800ECF5C,1306,2939,1069,00000000,00004000,00000000,00000000,00000000,00000000,0,15,8033E4B8,00000000,00000000,8010D410
O,95,16,0101,800ECF5C,-1179,-1453,-792,00000000,FFFFE000,00000000,00000000,00000000,00000000,0,15,8033E718,00000000,00000000,8010D410
O,95,17,0101,800ECF94,174,1248,1790,00000000,FFFF8000,00000000,00000000,00000000,00000000,0,15,8033E978,00000000,00000000,8010D53C
O,95,18,0101,800ECF94,-1144.22327,1490,-1386.22327,00000000,00002000,00000000,00000000,00000000,00000000,0,15,8033EBD8,00000000,00000000,8010D53C
O,95,19,0101,800ECF94,-899.223328,1730,-1631.22327,00000000,00002000,00000000,00000000,00000000,00000000,0,15,8033EE38,00000000,00000000,8010D53C
O,95,20,0101,800ECF94,-1142.22327,1970,-1387.22327,00000000,00002000,00000000,00000000,00000000,00000000,0,15,8033F098,00000000,00000000,8010D53C
O,95,21,0101,800ECF94,-517,3175,1790,00000000,FFFF8000,00000000,00000000,00000000,00000000,0,15,8033F2F8,00000000,00000000,8010D53C
O,95,22,0101,800ECF94,-170,1248,1790,00000000,FFFF8000,00000000,00000000,00000000,00000000,0,15,8033F558,00000000,00000000,8010D53C
O,95,23,0101,800ECF94,-515,1248,1790,00000000,FFFF8000,00000000,00000000,00000000,00000000,0,15,8033F7B8,00000000,00000000,8010D53C
O,95,24,0101,800ECF94,-175,-1351,-1789,00000000,00000000,00000000,00000000,00000000,00000000,0,15,8033FA18,00000000,00000000,8010D53C
O,95,25,0101,800ECF94,-515,-2590,1790,00000000,FFFF8000,00000000,00000000,00000000,00000000,0,15,8033FC78,00000000,00000000,8010D53C
O,95,26,0101,800ECF94,518,3175,1790,00000000,FFFF8000,00000000,00000000,00000000,00000000,0,15,8033FED8,00000000,00000000,8010D53C
O,95,27,0101,800ECF94,-171,3175,1790,00000000,FFFF8000,00000000,00000000,00000000,00000000,0,15,80340138,00000000,00000000,8010D53C
O,95,28,0101,800ECF94,174,3175,1790,00000000,FFFF8000,00000000,00000000,00000000,00000000,0,15,80340398,00000000,00000000,8010D53C
O,95,29,0101,800ECFCC,1490,-2088,-873,00000000,00000000,00000000,00000000,00000000,00000000,0,15,803405F8,00000000,00000000,8010D5B4
O,95,30,0101,800ECFCC,-708,-1606,-1589,00000000,00000000,00000000,00000000,00000000,00000000,0,15,80340858,00000000,00000000,8010D5B4
O,95,31,0101,800ECFCC,954,-1627,-1448,00000000,00000000,00000000,00000000,00000000,00000000,0,15,80340AB8,00000000,00000000,8010D5B4
O,95,32,0101,800ECFCC,1215,-1781,-1215,00000000,00000000,00000000,00000000,00000000,00000000,0,15,80340D18,00000000,00000000,8010D5B4
O,95,33,0101,800ECFCC,1052,-1934,-769,00000000,00000000,00000000,00000000,00000000,00000000,0,15,80340F78,00000000,00000000,8010D5B4
O,95,34,0101,800ECFCC,-620,1229,1233,00000000,FFFFA000,00000000,00000000,00000000,00000000,0,15,803411D8,00000000,00000000,8010D680
O,95,35,0101,800ECFCC,1050,-19,-1037,00000000,FFFFE000,00000000,00000000,00000000,00000000,0,15,80341438,00000000,00000000,8010D680
O,95,36,0101,800ECFF8,-1100,259,-1030,00000000,FFFFE000,00000000,00000000,00000000,00000000,0,1,80341698,00000000,00000000,8010D784
O,95,37,0101,800ED064,0,6011,0,00000000,FFFFA000,00000000,00000000,00000000,00000000,0,15,803418F8,00000000,00000000,8010D910
O,95,38,0101,800ED064,0,-2487,0,00000000,00002000,00000000,00000000,00000000,00000000,0,15,80341B58,00000000,00000000,8010D910
O,95,39,0101,800ED090,1102,-3619,1682,00000000,00006000,00000000,00000000,00000000,00000000,0,15,80341DB8,00000000,00000000,8010DA00
O,95,40,0101,800ED090,424,-3312,1959,00000000,00004000,00000000,00000000,00000000,00000000,0,15,80342018,00000000,00000000,8010DA00
O,95,41,0101,800ED090,1102,-3004,1682,00000000,00006000,00000000,00000000,00000000,00000000,0,15,80342278,00000000,00000000,8010DA00
O,95,42,0101,800ED090,1584,-2697,1200,00000000,00006000,00000000,00000000,00000000,00000000,0,15,803424D8,00000000,00000000,8010DA00
O,95,43,0101,800ED090,1582,-3619,1203,00000000,00006000,00000000,00000000,00000000,00000000,0,15,80342738,00000000,00000000,8010DA00
O,95,44,0101,800ED090,-762,4347,1047,00000000,00006000,00000000,00000000,00000000,00000000,0,15,80342998,00000000,00000000,8010DA00
O,95,45,0101,800ED090,424,-3926,1959,00000000,00004000,00000000,00000000,00000000,00000000,0,15,80342BF8,00000000,00000000,8010DA00
O,95,46,0101,800ED090,1102,-4233,1682,00000000,00006000,00000000,00000000,00000000,00000000,0,15,80342E58,00000000,00000000,8010DA00
O,95,47,0101,800ED090,1102,-4848,1682,00000000,00006000,00000000,00000000,00000000,00000000,0,15,803430B8,00000000,00000000,8010DA00
O,95,48,0101,800ED090,424,-4540,1959,00000000,00004000,00000000,00000000,00000000,00000000,0,15,80343318,00000000,00000000,8010DA00
O,95,49,0101,800ED090,-1037,4244,772,00000000,FFFFE000,00000000,00000000,00000000,00000000,0,15,80343578,00000000,00000000,8010DA00
O,95,50,0101,800ED090,1828,3835,-50,00000000,00000000,00000000,00000000,00000000,00000000,0,15,803437D8,00000000,00000000,8010DA00
O,95,51,0101,800ED090,1459,3835,-357,00000000,00000000,00000000,00000000,00000000,00000000,0,15,80343A38,00000000,00000000,8010DA00
O,95,52,0101,800ED090,1091,3835,-665,00000000,00000000,00000000,00000000,00000000,00000000,0,15,80343C98,00000000,00000000,8010DA00
O,95,53,0101,800ED064,1580,-4854,-825,00000000,00000000,00000000,00000000,00000000,00000000,0,15,80343EF8,00000000,00000000,8010D910
O,95,54,0101,800ED064,-1692,1022,-1157,00000000,00000000,00000000,00000000,00000000,00000000,0,15,80344158,00000000,00000000,8010D910
O,95,55,0101,800ED064,2098,7007,2243,00000000,00000000,00000000,00000000,00000000,00000000,0,15,803443B8,00000000,00000000,8010D910
O,95,56,0101,800ED064,1801,-4843,-731,00000000,00000000,00000000,00000000,00000000,00000000,0,15,80344618,00000000,00000000,8010D910
O,95,57,0101,800ED064,-1477,1044,-1088,00000000,00000000,00000000,00000000,00000000,00000000,0,15,80344878,00000000,00000000,8010D910
O,95,58,0101,800ED064,2268,7030,2227,00000000,00000000,00000000,00000000,00000000,00000000,0,15,80344AD8,00000000,00000000,8010D910
O,95,59,0101,800EC1AC,800,-4400,1900,00000000,00000000,00000000,00000000,00000000,00000000,0,15,8034C658,00000000,00000000,00000000
O,95,60,0101,800EC1AC,800,-3700,1900,00000000,00000000,00000000,00000000,00000000,00000000,0,15,8034C658,00000000,00000000,00000000
O,95,61,0101,800EC1AC,800,-3000,1900,00000000,00000000,00000000,00000000,00000000,00000000,0,15,8034C658,00000000,00000000,00000000
O,95,62,0101,800EC1AC,1780,-3300,1000,00000000,00000000,00000000,00000000,00000000,00000000,0,15,8034C658,00000000,00000000,00000000
O,95,63,0101,800EC1AC,1388,-3300,1428,00000000,00000000,00000000,00000000,00000000,00000000,0,15,8034C658,00000000,00000000,00000000
O,95,64,0101,800EC1AC,200,-3000,2000,00000000,00000000,00000000,00000000,00000000,00000000,0,15,8034C658,00000000,00000000,00000000
O,95,65,0101,800EC1AC,200,-3700,2000,00000000,00000000,00000000,00000000,00000000,00000000,0,15,8034C658,00000000,00000000,00000000
O,95,66,0101,800EC1AC,200,-4400,2000,00000000,00000000,00000000,00000000,00000000,00000000,0,15,8034C658,00000000,00000000,00000000
O,95,67,0101,800EC4A4,-1080,90,1575,00000000,00000000,00000000,00000000,00000000,00000000,0,15,80346038,00000000,00000000,00000000
O,95,68,0101,800ED028,-1179,445,1413,00000000,00002000,00000000,00000000,00000000,00000000,0,15,80346298,00000000,00000000,8010D88C
O,95,69,0101,800ED028,-1524,-1454,1129,00000000,FFFFE000,00000000,00000000,00000000,00000000,0,15,803464F8,00000000,00000000,8010D88C
O,95,70,0103,800EB688,-683.24707,-729.633545,1405.98083,00000000,00008A01,00000000,00000000,00000000,00000000,2,14,80346758,00000000,00000000,00000000
O,95,71,0101,800EA888,-1203,-19,-170,00000000,00002000,00000000,00000000,00000000,00000000,0,15,803469B8,00000000,00000000,80125088
O,95,72,0101,800EA8A8,0,20,-1400,00000000,00000000,00000000,00000000,00000000,00000000,1,14,80346C18,00000000,00000000,00000000
O,95,73,0101,800EA8A8,-250,20,-1700,00000000,00000000,00000000,00000000,00000000,00000000,1,14,80346E78,00000000,00000000,00000000
O,95,74,0101,800EA8A8,250,20,-1700,00000000,00000000,00000000,00000000,00000000,00000000,1,14,803470D8,00000000,00000000,00000000
O,95,75,0101,800EA8A8,0,20,-2000,00000000,00000000,00000000,00000000,00000000,00000000,1,14,80347338,00000000,00000000,00000000
O,95,76,0101,800EA8A8,500,20,-2000,00000000,00000000,00000000,00000000,00000000,00000000,1,14,80347598,00000000,00000000,00000000
O,95,77,0101,800EA8A8,-500,20,-2000,00000000,00000000,00000000,00000000,00000000,00000000,1,14,803477F8,00000000,00000000,00000000
O,95,78,0103,800E9868,880,-19,1160,00000000,00000000,00000000,00000000,00000000,00000000,0,15,80347A58,8034DE18,00000000,00000000
O,95,79,0103,800ED48C,800,-2460,160,00000000,00000000,00000000,00000000,00000000,00000000,0,15,80347CB8,00000000,00000000,00000000
O,95,80,0103,800E8C0C,-1120,-820,1320,00000000,00002000,00000000,00000000,00000000,00000000,0,15,80347F18,00000000,00000000,00000000
O,95,81,0103,800ED48C,-571,6020,-1414,00000000,00000000,00000000,00000000,00000000,00000000,0,15,80348178,00000000,00000000,00000000
O,95,82,0103,800ED1F8,620,-5150,1540,00000000,00001770,00000000,00000000,00000190,00000000,0,15,803483D8,00000000,00000000,00000000
O,95,83,0101,800EC424,-520,1351,1919,00000000,00000000,00000000,00000000,00000000,00000000,0,15,80348638,00000000,00000000,00000000
O,95,84,0101,800EC424,-165,1351,1919,00000000,00000000,00000000,00000000,00000000,00000000,0,15,80348898,00000000,00000000,00000000
O,95,85,0101,800EC424,182,1351,1919,00000000,00000000,00000000,00000000,00000000,00000000,0,15,80348AF8,00000000,00000000,00000000
O,95,86,0101,800EC3EC,657,1368,1879,00000000,00000000,00000000,00000000,00000000,00000000,0,15,80348D58,00000000,00000000,00000000
O,95,87,0103,800EB688,-991.881958,-2379.63354,-769.317444,00000000,0000FA86,00000000,00000000,00000000,00000000,2,14,80348FB8,00000000,00000000,00000000
O,95,88,0101,800EA570,1883,4150,550,00000000,00000000,00000000,00000000,00000000,00000000,2,14,80349218,00000000,00000000,8014A168
O,95,89,0103,800ED1F8,-1333,350,1116,00000000,00001770,00000000,00000000,00000190,00000000,0,15,80349478,00000000,00000000,00000000
O,95,90,0101,800EA570,-1101,6316,-685,00000000,00002000,00000000,00000000,00000000,00000000,2,14,803496D8,00000000,00000000,8014A168
O,95,91,0101,800EB474,1063.91833,-4822,695.977051,00000000,FFFFECB2,00000000,00000000,00000000,00000000,0,15,80349938,00000000,00000000,00000000
O,95,92,0101,800EB474,1669.91833,-4822,246.977127,00000000,FFFFECB2,00000000,00000000,00000000,00000000,0,15,80349B98,00000000,00000000,00000000
O,95,93,0101,800EA8A8,0,20,-1700,00000000,00000000,00000000,00000000,00000000,00000000,1,14,80349DF8,00000000,00000000,00000000
O,95,94,0101,800ECFCC,-1020,1229,537,00000000,00000000,00000000,00000000,00000000,00000000,0,15,8034A058,00000000,00000000,8010D5B4
O,95,95,0101,800EA570,2350,5600,2350,00000000,00002000,00000000,00000000,00000000,00000000,2,14,8034A2B8,00000000,00000000,8014A168
O,95,96,0101,800EA570,0,4783,0,00000000,00000000,00000000,00000000,00000000,00000000,2,14,8034A518,00000000,00000000,8014A168
O,95,97,0101,800EA570,-1140,-3720,-1620,00000000,00002000,00000000,00000000,00000000,00000000,2,14,8034A778,00000000,00000000,8014A168
O,95,98,0101,800EA570,840,-2200,860,00000000,00002000,00000000,00000000,00000000,00000000,2,14,8034A9D8,00000000,00000000,8014A168
O,95,99,0103,800E8C3C,-770,-3800,-440,00000000,00000000,00000000,00000000,00000000,00000000,0,15,8034AC38,00000000,00000000,00000000
O,95,100,0103,800E8C3C,-770,-3700,-440,00000000,00000000,00000000,00000000,00000000,00000000,0,15,8034AE98,00000000,00000000,00000000
O,95,101,0101,800EA570,280,-4920,1660,00000000,00000000,00000000,00000000,00000000,00000000,2,14,8034B0F8,00000000,00000000,8014A168
O,95,102,0101,800EA570,1240,300,840,00000000,00002000,00000000,00000000,00000000,00000000,2,14,8034B358,00000000,00000000,8014A168
O,95,103,0101,800EA570,520,300,1500,00000000,00002000,00000000,00000000,00000000,00000000,2,14,8034B5B8,00000000,00000000,8014A168
O,95,104,0101,800EA570,-400,3600,1880,00000000,00000000,00000000,00000000,00000000,00000000,2,14,8034B818,00000000,00000000,8014A168
O,95,105,0101,800EA570,-40,4160,-1280,00000000,00000000,00000000,00000000,00000000,00000000,2,14,8034BA78,00000000,00000000,8014A168
O,95,106,0101,800EA570,-1160,2920,-840,00000000,00002000,00000000,00000000,00000000,00000000,2,14,8034BCD8,00000000,00000000,8014A168
O,95,107,0101,800EA570,-780,6316,-1020,00000000,00002000,00000000,00000000,00000000,00000000,2,14,8034BF38,00000000,00000000,8014A168
O,95,108,0101,800ECF5C,1313,6190,1313,00000000,00002000,00000000,00000000,00000000,00000000,0,15,8034C198,00000000,00000000,8010D2E4
O,95,109,0101,800ECF5C,1851,-2488,-98,00000000,00000000,00000000,00000000,00000000,00000000,0,15,8034C3F8,00000000,00000000,8010D410
O,95,110,0101,800EC18C,1815,-3200,800,00000000,00000000,00000000,00000000,00000000,00000000,0,15,8034C658,00000000,00000000,00000000
O,95,111,0101,800EC13C,-1050,2400,-790,00000000,00007800,00000000,00000000,00000000,00000000,0,15,8034C8B8,00000000,00000000,00000000
O,95,112,0101,800EC13C,2200,7300,2210,00000000,00007800,00000000,00000000,00000000,00000000,0,15,8034CB18,00000000,00000000,00000000
O,95,113,0101,800EC13C,-1300,-2250,-1300,00000000,00007800,00000000,00000000,00000000,00000000,0,15,8034CD78,00000000,00000000,00000000
O,95,114,0101,800EC13C,-1850,300,-950,00000000,00007800,00000000,00000000,00000000,00000000,0,15,8034CFD8,00000000,00000000,00000000
O,95,115,0101,800EC13C,-1450,-1130,-1050,00000000,00007800,00000000,00000000,00000000,00000000,0,15,8034D238,00000000,00000000,00000000
O,95,116,0101,800E8EAC,1919,6342,1919,00000000,FFFFA000,00000000,00000000,00000000,00000000,0,15,8034D498,00000000,00000000,8011A38C
O,95,117,0101,800E8464,-1080,-840,1573,00000000,00000000,00000000,00000000,00000000,00000000,0,15,8034D6F8,00000000,00000000,00000000
O,95,118,0101,800EB274,1417,-3822,-548,00000000,FFFFE0B6,00000000,00000000,00000000,00000000,0,15,8034D958,00000000,00000000,00000000
O,95,119,0101,800EB1C0,1396.14795,-4242,-526.430176,00000000,FFFFE0B6,00000000,00000000,00000000,00000000,0,15,8034DBB8,00000000,00000000,00000000
O,95,120,0101,800E98C4,880,-19,1160,00000000,00000000,00000000,00000000,00000000,00000000,0,15,80347A58,00000000,00000000,00000000
O,95,121,0101,800ED86C,1815,-4762,800,00004000,00000F00,00000000,00000000,00000000,00000000,0,15,8034C658,00000000,00000000,00000000
M,96,33,104980,3,00001924,0C400201,0,0,00000000,1394.75781,-4302,-524.992188,-1.39015019,-64,1.4378742,2,-8010,-4822,5243,00000000,80161C20,801693C0,8034D958,00000000,8034D958,00000000,8034DBB8,00000000,00000000,-1
O,96,0,0101,800ECEF0,-1032,-3291,1070,00000000,00002000,00000000,00000000,00000000,00000000,0,16,8033C118,00000000,00000000,8010CFA0
O,96,1,0101,800ECEF0,-1881,1767,-446,00000000,00004000,00000000,00000000,00000000,00000000,0,16,8033C378,00000000,00000000,8010CFA0
O,96,2,0101,800ECEF0,-1870,2068,362,00000000,00004000,00000000,00000000,00000000,00000000,0,16,8033C5D8,00000000,00000000,8010CFA0
O,96,3,0101,800ECEF0,-770,-4361,-423,00000000,FFFFA000,00000000,00000000,00000000,00000000,0,16,8033C838,00000000,00000000,8010CFA0
O,96,4,0101,800ECEF0,-1314,-3691,788,00000000,00006000,00000000,00000000,00000000,00000000,0,16,8033CA98,00000000,00000000,8010CFA0
O,96,5,0101,800ECEF0,-1314,-2892,1353,00000000,00006000,00000000,00000000,00000000,00000000,0,16,8033CCF8,00000000,00000000,8010CFA0
O,96,6,0101,800ECEF0,780,5767,-1027,00000000,FFFFE000,00000000,00000000,00000000,00000000,0,16,8033CF58,00000000,00000000,8010D038
O,96,7,0101,800ECEF0,1063,5562,-744,00000000,FFFFE000,00000000,00000000,00000000,00000000,0,16,8033D1B8,00000000,00000000,8010D038
O,96,8,0101,800ECF24,-1350,748,-1208,00000000,00002000,000018E3,00000000,00000000,00000000,0,16,8033D418,00000000,00000000,8010D0BC
O,96,9,0101,800ECF24,-690,901,-910,00000000,00002000,000018E3,00000000,00000000,00000000,0,16,8033D678,00000000,00000000,8010D0BC
O,96,10,0101,800ECF24,-1389,-3030,-1028,00000000,00002000,000018E3,00000000,00000000,00000000,0,16,8033D8D8,00000000,00000000,8010D0BC
O,96,11,0101,800ECF24,937,-3867,-1041,00000000,00002000,000018E3,00000000,00000000,00000000,0,16,8033DB38,00000000,00000000,8010D0BC
O,96,12,0101,800ECF5C,-139,-4408,-1056,00000000,00006000,00000000,00000000,00000000,00000000,0,16,8033DD98,00000000,00000000,8010D2E4
O,96,13,0101,800ECF5C,618,3656,148,00000000,00004000,00000000,00000000,00000000,00000000,0,16,8033DFF8,00000000,00000000,8010D410
O,96,14,0101,800ECF5C,963,3297,608,00000000,FFFFC000,00000000,00000000,00000000,00000000,0,16,8033E258,00000000,00000000,8010D410
O,96,15,0101,800ECF5C,1306,2939,1069,00000000,00004000,00000000,00000000,00000000,00000000,0,16,8033E4B8,00000000,00000000,8010D410
O,96,16,0101,800ECF5C,-1179,-1453,-792,00000000,FFFFE000,00000000,00000000,00000000,00000000,0,16,8033E718,00000000,00000000,8010D410
O,96,17,0101,800ECF94,174,1248,1790,00000000,FFFF8000,00000000,00000000,00000000,00000000,0,16,8033E978,00000000,00000000,8010D53C
O,96,18,0101,800ECF94,-1144.22327,1490,-1386.22327,00000000,00002000,00000000,00000000,00000000,00000000,0,16,8033EBD8,00000000,00000000,8010D53C
O,96,19,0101,800ECF94,-899.223328,1730,-1631.22327,00000000,00002000,00000000,00000000,00000000,00000000,0,16,8033EE38,00000000,00000000,8010D53C
O,96,20,0101,800ECF94,-1142.22327,1970,-1387.22327,00000000,00002000,00000000,00000000,00000000,00000000,0,16,8033F098,00000000,00000000,8010D53C
O,96,21,0101,800ECF94,-517,3175,1790,00000000,FFFF8000,00000000,00000000,00000000,00000000,0,16,8033F2F8,00000000,00000000,8010D53C
O,96,22,0101,800ECF94,-170,1248,1790,00000000,FFFF8000,00000000,00000000,00000000,00000000,0,16,8033F558,00000000,00000000,8010D53C
O,96,23,0101,800ECF94,-515,1248,1790,00000000,FFFF8000,00000000,00000000,00000000,00000000,0,16,8033F7B8,00000000,00000000,8010D53C
O,96,24,0101,800ECF94,-175,-1351,-1789,00000000,00000000,00000000,00000000,00000000,00000000,0,16,8033FA18,00000000,00000000,8010D53C
O,96,25,0101,800ECF94,-515,-2590,1790,00000000,FFFF8000,00000000,00000000,00000000,00000000,0,16,8033FC78,00000000,00000000,8010D53C
O,96,26,0101,800ECF94,518,3175,1790,00000000,FFFF8000,00000000,00000000,00000000,00000000,0,16,8033FED8,00000000,00000000,8010D53C
O,96,27,0101,800ECF94,-171,3175,1790,00000000,FFFF8000,00000000,00000000,00000000,00000000,0,16,80340138,00000000,00000000,8010D53C
O,96,28,0101,800ECF94,174,3175,1790,00000000,FFFF8000,00000000,00000000,00000000,00000000,0,16,80340398,00000000,00000000,8010D53C
O,96,29,0101,800ECFCC,1490,-2088,-873,00000000,00000000,00000000,00000000,00000000,00000000,0,16,803405F8,00000000,00000000,8010D5B4
O,96,30,0101,800ECFCC,-708,-1606,-1589,00000000,00000000,00000000,00000000,00000000,00000000,0,16,80340858,00000000,00000000,8010D5B4
O,96,31,0101,800ECFCC,954,-1627,-1448,00000000,00000000,00000000,00000000,00000000,00000000,0,16,80340AB8,00000000,00000000,8010D5B4
O,96,32,0101,800ECFCC,1215,-1781,-1215,00000000,00000000,00000000,00000000,00000000,00000000,0,16,80340D18,00000000,00000000,8010D5B4
O,96,33,0101,800ECFCC,1052,-1934,-769,00000000,00000000,00000000,00000000,00000000,00000000,0,16,80340F78,00000000,00000000,8010D5B4
O,96,34,0101,800ECFCC,-620,1229,1233,00000000,FFFFA000,00000000,00000000,00000000,00000000,0,16,803411D8,00000000,00000000,8010D680
O,96,35,0101,800ECFCC,1050,-19,-1037,00000000,FFFFE000,00000000,00000000,00000000,00000000,0,16,80341438,00000000,00000000,8010D680
O,96,36,0101,800ECFF8,-1100,259,-1030,00000000,FFFFE000,00000000,00000000,00000000,00000000,0,1,80341698,00000000,00000000,8010D784
O,96,37,0101,800ED064,0,6011,0,00000000,FFFFA000,00000000,00000000,00000000,00000000,0,16,803418F8,00000000,00000000,8010D910
O,96,38,0101,800ED064,0,-2487,0,00000000,00002000,00000000,00000000,00000000,00000000,0,16,80341B58,00000000,00000000,8010D910
O,96,39,0101,800ED090,1102,-3619,1682,00000000,00006000,00000000,00000000,00000000,00000000,0,16,80341DB8,00000000,00000000,8010DA00
O,96,40,0101,800ED090,424,-3312,1959,00000000,00004000,00000000,00000000,00000000,00000000,0,16,80342018,00000000,00000000,8010DA00
O,96,41,0101,800ED090,1102,-3004,1682,00000000,00006000,00000000,00000000,00000000,00000000,0,16,80342278,00000000,00000000,8010DA00
O,96,42,0101,800ED090,1584,-2697,1200,00000000,00006000,00000000,00000000,00000000,00000000,0,16,803424D8,00000000,00000000,8010DA00
O,96,43,0101,800ED090,1582,-3619,1203,00000000,00006000,00000000,00000000,00000000,00000000,0,16,80342738,00000000,00000000,8010DA00
O,96,44,0101,800ED090,-762,4347,1047,00000000,00006000,00000000,00000000,00000000,00000000,0,16,80342998,00000000,00000000,8010DA00
O,96,45,0101,800ED090,424,-3926,1959,00000000,00004000,00000000,00000000,00000000,00000000,0,16,80342BF8,00000000,00000000,8010DA00
O,96,46,0101,800ED090,1102,-4233,1682,00000000,00006000,00000000,00000000,00000000,00000000,0,16,80342E58,00000000,00000000,8010DA00
O,96,47,0101,800ED090,1102,-4848,1682,00000000,00006000,00000000,00000000,00000000,00000000,0,16,803430B8,00000000,00000000,8010DA00
O,96,48,0101,800ED090,424,-4540,1959,00000000,00004000,00000000,00000000,00000000,00000000,0,16,80343318,00000000,00000000,8010DA00
O,96,49,0101,800ED090,-1037,4244,772,00000000,FFFFE000,00000000,00000000,00000000,00000000,0,16,80343578,00000000,00000000,8010DA00
O,96,50,0101,800ED090,1828,3835,-50,00000000,00000000,00000000,00000000,00000000,00000000,0,16,803437D8,00000000,00000000,8010DA00
O,96,51,0101,800ED090,1459,3835,-357,00000000,00000000,00000000,00000000,00000000,00000000,0,16,80343A38,00000000,00000000,8010DA00
O,96,52,0101,800ED090,1091,3835,-665,00000000,00000000,00000000,00000000,00000000,00000000,0,16,80343C98,00000000,00000000,8010DA00
O,96,53,0101,800ED064,1580,-4854,-825,00000000,00000000,00000000,00000000,00000000,00000000,0,16,80343EF8,00000000,00000000,8010D910
O,96,54,0101,800ED064,-1692,1022,-1157,00000000,00000000,00000000,00000000,00000000,00000000,0,16,80344158,00000000,00000000,8010D910
O,96,55,0101,800ED064,2098,7007,2243,00000000,00000000,00000000,00000000,00000000,00000000,0,16,803443B8,00000000,00000000,8010D910
O,96,56,0101,800ED064,1801,-4843,-731,00000000,00000000,00000000,00000000,00000000,00000000,0,16,80344618,00000000,00000000,8010D910
O,96,57,0101,800ED064,-1477,1044,-1088,00000000,00000000,00000000,00000000,00000000,00000000,0,16,80344878,00000000,00000000,8010D910
O,96,58,0101,800ED064,2268,7030,2227,00000000,00000000,00000000,00000000,00000000,00000000,0,16,80344AD8,00000000,00000000,8010D910
O,96,59,0101,800EC1AC,800,-4400,1900,00000000,00000000,00000000,00000000,00000000,00000000,0,16,8034C658,00000000,00000000,00000000
O,96,60,0101,800EC1AC,800,-3700,1900,00000000,00000000,00000000,00000000,00000000,00000000,0,16,8034C658,00000000,00000000,00000000
O,96,61,0101,800EC1AC,800,-3000,1900,00000000,00000000,00000000,00000000,00000000,00000000,0,16,8034C658,00000000,00000000,00000000
O,96,62,0101,800EC1AC,1780,-3300,1000,00000000,00000000,00000000,00000000,00000000,00000000,0,16,8034C658,00000000,00000000,00000000
O,96,63,0101,800EC1AC,1388,-3300,1428,00000000,00000000,00000000,00000000,00000000,00000000,0,16,8034C658,00000000,00000000,00000000
O,96,64,0101,800EC1AC,200,-3000,2000,00000000,00000000,00000000,00000000,00000000,00000000,0,16,8034C658,00000000,00000000,00000000
O,96,65,0101,800EC1AC,200,-3700,2000,00000000,00000000,00000000,00000000,00000000,00000000,0,16,8034C658,00000000,00000000,00000000
O,96,66,0101,800EC1AC,200,-4400,2000,00000000,00000000,00000000,00000000,00000000,00000000,0,16,8034C658,00000000,00000000,00000000
O,96,67,0101,800EC4A4,-1080,90,1575,00000000,00000000,00000000,00000000,00000000,00000000,0,16,80346038,00000000,00000000,00000000
O,96,68,0101,800ED028,-1179,445,1413,00000000,00002000,00000000,00000000,00000000,00000000,0,16,80346298,00000000,00000000,8010D88C
O,96,69,0101,800ED028,-1524,-1454,1129,00000000,FFFFE000,00000000,00000000,00000000,00000000,0,16,803464F8,00000000,00000000,8010D88C
O,96,70,0103,800EB688,-688.990601,-729.95166,1377.10596,00000000,00008E01,00000000,00000000,00000000,00000000,2,15,80346758,00000000,00000000,00000000
O,96,71,0101,800EA888,-1203,-19,-170,00000000,00002000,00000000,00000000,00000000,00000000,0,16,803469B8,00000000,00000000,80125088
O,96,72,0101,800EA8A8,0,20,-1400,00000000,00000000,00000000,00000000,00000000,00000000,1,15,80346C18,00000000,00000000,00000000
O,96,73,0101,800EA8A8,-250,20,-1700,00000000,00000000,00000000,00000000,00000000,00000000,1,15,80346E78,00000000,00000000,00000000
O,96,74,0101,800EA8A8,250,20,-1700,00000000,00000000,00000000,00000000,00000000,00000000,1,15,803470D8,00000000,00000000,00000000
O,96,75,0101,800EA8A8,0,20,-2000,00000000,00000000,00000000,00000000,00000000,00000000,1,15,80347338,00000000,00000000,00000000
O,96,76,0101,800EA8A8,500,20,-2000,00000000,00000000,00000000,00000000,00000000,00000000,1,15,80347598,00000000,00000000,00000000
O,96,77,0101,800EA8A8,-500,20,-2000,00000000,00000000,00000000,00000000,00000000,00000000,1,15,803477F8,00000000,00000000,00000000
O,96,78,0103,800E9868,880,-19,1160,00000000,00000000,00000000,00000000,00000000,00000000,0,16,80347A58,8034DE18,00000000,00000000
O,96,79,0103,800ED48C,800,-2460,160,00000000,00000000,00000000,00000000,00000000,00000000,0,16,80347CB8,00000000,00000000,00000000
O,96,80,0103,800E8C0C,-1120,-820,1320,00000000,00002000,00000000,00000000,00000000,00000000,0,16,80347F18,00000000,00000000,00000000
O,96,81,0103,800ED48C,-571,6020,-1414,00000000,00000000,00000000,00000000,00000000,00000000,0,16,80348178,00000000,00000000,00000000
O,96,82,0103,800ED1F8,620,-5150,1540,00000000,00001900,00000000,00000000,00000190,00000000,0,16,803483D8,00000000,00000000,00000000
O,96,83,0101,800EC424,-520,1351,1919,00000000,00000000,00000000,00000000,00000000,00000000,0,16,80348638,00000000,00000000,00000000
O,96,84,0101,800EC424,-165,1351,1919,00000000,00000000,00000000,00000000,00000000,00000000,0,16,80348898,00000000,00000000,00000000
O,96,85,0101,800EC424,182,1351,1919,00000000,00000000,00000000,00000000,00000000,00000000,0,16,80348AF8,00000000,00000000,00000000
O,96,86,0101,800EC3EC,657,1368,1879,00000000,00000000,00000000,00000000,00000000,00000000,0,16,80348D58,00000000,00000000,00000000
O,96,87,0103,800EB688,-997.270813,-2379.95166,-740.374207,00000000,0000FE86,00000000,00000000,00000000,00000000,2,15,80348FB8,00000000,00000000,00000000
O,96,88,0101,800EA570,1883,4150,550,00000000,00000000,00000000,00000000,00000000,00000000,2,15,80349218,00000000,00000000,8014A168
O,96,89,0103,800ED1F8,-1333,350,1116,00000000,00001900,00000000,00000000,00000190,00000000,0,16,80349478,00000000,00000000,00000000
O,96,90,0101,800EA570,-1101,6316,-685,00000000,00002000,00000000,00000000,00000000,00000000,2,15,803496D8,00000000,00000000,8014A168
O,96,91,0101,800EB474,1062.09253,-4822,699.536072,00000000,FFFFEB73,00000000,00000000,00000000,00000000,0,16,80349938,00000000,00000000,00000000
O,96,92,0101,800EB474,1668.09253,-4822,250.536133,00000000,FFFFEB73,00000000,00000000,00000000,00000000,0,16,80349B98,00000000,00000000,00000000
O,96,93,0101,800EA8A8,0,20,-1700,00000000,00000000,00000000,00000000,00000000,00000000,1,15,80349DF8,00000000,00000000,00000000
O,96,94,0101,800ECFCC,-1020,1229,537,00000000,00000000,00000000,00000000,00000000,00000000,0,16,8034A058,00000000,00000000,8010D5B4
O,96,95,0101,800EA570,2350,5600,2350,00000000,00002000,00000000,00000000,00000000,00000000,2,15,8034A2B8,00000000,00000000,8014A168
O,96,96,0101,800EA570,0,4783,0,00000000,00000000,00000000,00000000,00000000,00000000,2,15,8034A518,00000000,00000000,8014A168
O,96,97,0101,800EA570,-1140,-3720,-1620,00000000,00002000,00000000,00000000,00000000,00000000,2,15,8034A778,00000000,00000000,8014A168
O,96,98,0101,800EA570,840,-2200,860,00000000,00002000,00000000,00000000,00000000,00000000,2,15,8034A9D8,00000000,00000000,8014A168
O,96,99,0103,800E8C3C,-770,-3800,-440,00000000,00000000,00000000,00000000,00000000,00000000,0,16,8034AC38,00000000,00000000,00000000
O,96,100,0103,800E8C3C,-770,-3700,-440,00000000,00000000,00000000,00000000,00000000,00000000,0,16,8034AE98,00000000,00000000,00000000
O,96,101,0101,800EA570,280,-4920,1660,00000000,00000000,00000000,00000000,00000000,00000000,2,15,8034B0F8,00000000,00000000,8014A168
O,96,102,0101,800EA570,1240,300,840,00000000,00002000,00000000,00000000,00000000,00000000,2,15,8034B358,00000000,00000000,8014A168
O,96,103,0101,800EA570,520,300,1500,00000000,00002000,00000000,00000000,00000000,00000000,2,15,8034B5B8,00000000,00000000,8014A168
O,96,104,0101,800EA570,-400,3600,1880,00000000,00000000,00000000,00000000,00000000,00000000,2,15,8034B818,00000000,00000000,8014A168
O,96,105,0101,800EA570,-40,4160,-1280,00000000,00000000,00000000,00000000,00000000,00000000,2,15,8034BA78,00000000,00000000,8014A168
O,96,106,0101,800EA570,-1160,2920,-840,00000000,00002000,00000000,00000000,00000000,00000000,2,15,8034BCD8,00000000,00000000,8014A168
O,96,107,0101,800EA570,-780,6316,-1020,00000000,00002000,00000000,00000000,00000000,00000000,2,15,8034BF38,00000000,00000000,8014A168
O,96,108,0101,800ECF5C,1313,6190,1313,00000000,00002000,00000000,00000000,00000000,00000000,0,16,8034C198,00000000,00000000,8010D2E4
O,96,109,0101,800ECF5C,1851,-2488,-98,00000000,00000000,00000000,00000000,00000000,00000000,0,16,8034C3F8,00000000,00000000,8010D410
O,96,110,0101,800EC18C,1815,-3200,800,00000000,00000000,00000000,00000000,00000000,00000000,0,16,8034C658,00000000,00000000,00000000
O,96,111,0101,800EC13C,-1050,2400,-790,00000000,00008000,00000000,00000000,00000000,00000000,0,16,8034C8B8,00000000,00000000,00000000
O,96,112,0101,800EC13C,2200,7300,2210,00000000,00008000,00000000,00000000,00000000,00000000,0,16,8034CB18,00000000,00000000,00000000
O,96,113,0101,800EC13C,-1300,-2250,-1300,00000000,00008000,00000000,00000000,00000000,00000000,0,16,8034CD78,00000000,00000000,00000000
O,96,114,0101,800EC13C,-1850,300,-950,00000000,00008000,00000000,00000000,00000000,00000000,0,16,8034CFD8,00000000,00000000,00000000
O,96,115,0101,800EC13C,-1450,-1130,-1050,00000000,00008000,00000000,00000000,00000000,00000000,0,16,8034D238,00000000,00000000,00000000
O,96,116,0101,800E8EAC,1919,6352,1919,00000000,FFFFA000,00000000,00000000,00000000,00000000,0,16,8034D498,00000000,00000000,8011A38C
O,96,117,0101,800E8464,-1080,-840,1573,00000000,00000000,00000000,00000000,00000000,00000000,0,16,8034D6F8,00000000,00000000,00000000
O,96,118,0101,800EB274,1417,-3822,-548,00000000,FFFFE0B6,00000000,00000000,00000000,00000000,0,16,8034D958,00000000,00000000,00000000
O,96,119,0101,800EB1C0,1394.75781,-4302,-524.992188,00000000,FFFFE0B6,00000000,00000000,00000000,00000000,0,16,8034DBB8,00000000,00000000,00000000
O,96,120,0101,800E98C4,880,-19,1160,00000000,00000000,00000000,00000000,00000000,00000000,0,16,80347A58,00000000,00000000,00000000
O,96,121,0101,800ED86C,1815,-4762,800,00004000,00001000,00000000,00000000,00000000,00000000,0,16,8034C658,00000000,00000000,00000000
M,97,33,104980,3,00001924,0C400201,0,0,00000000,1394.75781,-4302,-524.992188,-1.39015019,-64,1.4378742,2,-8010,-4822,5243,00000000,80161C20,801693C0,8034D958,00000000,8034D958,00000000,8034DBB8,00000000,00000000,-1
O,97,0,0101,800ECEF0,-1032,-3291,1070,00000000,00002000,00000000,00000000,00000000,00000000,0,16,8033C118,00000000,00000000,8010CFA0
O,97,1,0101,800ECEF0,-1881,1767,-446,00000000,00004000,00000000,00000000,00000000,00000000,0,16,8033C378,00000000,00000000,8010CFA0
O,97,2,0101,800ECEF0,-1870,2068,362,00000000,00004000,00000000,00000000,00000000,00000000,0,16,8033C5D8,00000000,00000000,8010CFA0
O,97,3,0101,800ECEF0,-770,-4361,-423,00000000,FFFFA000,00000000,00000000,00000000,00000000,0,16,8033C838,00000000,00000000,8010CFA0
O,97,4,0101,800ECEF0,-1314,-3691,788,00000000,00006000,00000000,00000000,00000000,00000000,0,16,8033CA98,00000000,00000000,8010CFA0
O,97,5,0101,800ECEF0,-1314,-2892,1353,00000000,00006000,00000000,00000000,00000000,00000000,0,16,8033CCF8,00000000,00000000,8010CFA0
O,97,6,0101,800ECEF0,780,5767,-1027,00000000,FFFFE000,00000000,00000000,00000000,00000000,0,16,8033CF58,00000000,00000000,8010D038
O,97,7,0101,800ECEF0,1063,5562,-744,00000000,FFFFE000,00000000,00000000,00000000,00000000,0,16,8033D1B8,00000000,00000000,8010D038
O,97,8,0101,800ECF24,-1350,748,-1208,00000000,00002000,000018E3,00000000,00000000,00000000,0,16,8033D418,00000000,00000000,8010D0BC
O,97,9,0101,800ECF24,-690,901,-910,00000000,00002000,000018E3,00000000,00000000,00000000,0,16,8033D678,00000000,00000000,8010D0BC
O,97,10,0101,800ECF24,-1389,-3030,-1028,00000000,00002000,000018E3,00000000,00000000,00000000,0,16,8033D8D8,00000000,00000000,8010D0BC
O,97,11,0101,800ECF24,937,-3867,-1041,00000000,00002000,000018E3,00000000,00000000,00000000,0,16,8033DB38,00000000,00000000,8010D0BC
O,97,12,0101,800ECF5C,-139,-4408,-1056,00000000,00006000,00000000,00000000,00000000,00000000,0,16,8033DD98,00000000,00000000,8010D2E4
O,97,13,0101,800ECF5C,618,3656,148,00000000,00004000,00000000,00000000,00000000,00000000,0,16,8033DFF8,00000000,00000000,8010D410
O,97,14,0101,800ECF5C,963,3297,608,00000000,FFFFC000,00000000,00000000,00000000,00000000,0,16,8033E258,00000000,00000000,8010D410
O,97,15,0101,800ECF5C,1306,2939,1069,00000000,00004000,00000000,00000000,00000000,00000000,0,16,8033E4B8,00000000,00000000,8010D410
O,97,16,0101,800ECF5C,-1179,-1453,-792,00000000,FFFFE000,00000000,00000000,00000000,00000000,0,16,8033E718,00000000,00000000,8010D410
O,97,17,0101,800ECF94,174,1248,1790,00000000,FFFF8000,00000000,00000000,00000000,00000000,0,16,8033E978,00000000,00000000,8010D53C
O,97,18,0101,800ECF94,-1144.22327,1490,-1386.22327,00000000,00002000,00000000,00000000,00000000,00000000,0,16,8033EBD8,00000000,00000000,8010D53C
O,97,19,0101,800ECF94,-899.223328,1730,-1631.22327,00000000,00002000,00000000,00000000,00000000,00000000,0,16,8033EE38,00000000,00000000,8010D53C
O,97,20,0101,800ECF94,-1142.22327,1970,-1387.22327,00000000,00002000,00000000,00000000,00000000,00000000,0,16,8033F098,00000000,00000000,8010D53C
O,97,21,0101,800ECF94,-517,3175,1790,00000000,FFFF8000,00000000,00000000,00000000,00000000,0,16,8033F2F8,00000000,00000000,8010D53C
O,97,22,0101,800ECF94,-170,1248,1790,00000000,FFFF8000,00000000,00000000,00000000,00000000,0,16,8033F558,00000000,00000000,8010D53C
O,97,23,0101,800ECF94,-515,1248,1790,00000000,FFFF8000,00000000,00000000,00000000,00000000,0,16,8033F7B8,00000000,00000000,8010D53C
O,97,24,0101,800ECF94,-175,-1351,-1789,00000000,00000000,00000000,00000000,00000000,00000000,0,16,8033FA18,00000000,00000000,8010D53C
O,97,25,0101,800ECF94,-515,-2590,1790,00000000,FFFF8000,00000000,00000000,00000000,00000000,0,16,8033FC78,00000000,00000000,8010D53C
O,97,26,0101,800ECF94,518,3175,1790,00000000,FFFF8000,00000000,00000000,00000000,00000000,0,16,8033FED8,00000000,00000000,8010D53C
O,97,27,0101,800ECF94,-171,3175,1790,00000000,FFFF8000,00000000,00000000,00000000,00000000,0,16,80340138,00000000,00000000,8010D53C
O,97,28,0101,800ECF94,174,3175,1790,00000000,FFFF8000,00000000,00000000,00000000,00000000,0,16,80340398,00000000,00000000,8010D53C
O,97,29,0101,800ECFCC,1490,-2088,-873,00000000,00000000,00000000,00000000,00000000,00000000,0,16,803405F8,00000000,00000000,8010D5B4
O,97,30,0101,800ECFCC,-708,-1606,-1589,00000000,00000000,00000000,00000000,00000000,00000000,0,16,80340858,00000000,00000000,8010D5B4
O,97,31,0101,800ECFCC,954,-1627,-1448,00000000,00000000,00000000,00000000,00000000,00000000,0,16,80340AB8,00000000,00000000,8010D5B4
O,97,32,0101,800ECFCC,1215,-1781,-1215,00000000,00000000,00000000,00000000,00000000,00000000,0,16,80340D18,00000000,00000000,8010D5B4
O,97,33,0101,800ECFCC,1052,-1934,-769,00000000,00000000,00000000,00000000,00000000,00000000,0,16,80340F78,00000000,00000000,8010D5B4
O,97,34,0101,800ECFCC,-620,1229,1233,00000000,FFFFA000,00000000,00000000,00000000,00000000,0,16,803411D8,00000000,00000000,8010D680
O,97,35,0101,800ECFCC,1050,-19,-1037,00000000,FFFFE000,00000000,00000000,00000000,00000000,0,16,80341438,00000000,00000000,8010D680
O,97,36,0101,800ECFF8,-1100,259,-1030,00000000,FFFFE000,00000000,00000000,00000000,00000000,0,1,80341698,00000000,00000000,8010D784
O,97,37,0101,800ED064,0,6011,0,00000000,FFFFA000,00000000,00000000,00000000,00000000,0,16,803418F8,00000000,00000000,8010D910
O,97,38,0101,800ED064,0,-2487,0,00000000,00002000,00000000,00000000,00000000,00000000,0,16,80341B58,00000000,00000000,8010D910
O,97,39,0101,800ED090,1102,-3619,1682,00000000,00006000,00000000,00000000,00000000,00000000,0,16,80341DB8,00000000,00000000,8010DA00
O,97,40,0101,800ED090,424,-3312,1959,00000000,00004000,00000000,00000000,00000000,00000000,0,16,80342018,00000000,00000000,8010DA00
O,97,41,0101,800ED090,1102,-3004,1682,00000000,00006000,00000000,00000000,00000000,00000000,0,16,80342278,00000000,00000000,8010DA00
O,97,42,0101,800ED090,1584,-2697,1200,00000000,00006000,00000000,00000000,00000000,00000000,0,16,803424D8,00000000,00000000,8010DA00
O,97,43,0101,800ED090,1582,-3619,1203,00000000,00006000,00000000,00000000,00000000,00000000,0,16,80342738,00000000,00000000,8010DA00
O,97,44,0101,800ED090,-762,4347,1047,00000000,00006000,00000000,00000000,00000000,00000000,0,16,80342998,00000000,00000000,8010DA00
O,97,45,0101,800ED090,424,-3926,1959,00000000,00004000,00000000,00000000,00000000,00000000,0,16,80342BF8,00000000,00000000,8010DA00
O,97,46,0101,800ED090,1102,-4233,1682,00000000,00006000,00000000,00000000,00000000,00000000,0,16,80342E58,00000000,00000000,8010DA00
O,97,47,0101,800ED090,1102,-4848,1682,00000000,00006000,00000000,00000000,00000000,00000000,0,16,803430B8,00000000,00000000,8010DA00
O,97,48,0101,800ED090,424,-4540,1959,00000000,00004000,00000000,00000000,00000000,00000000,0,16,80343318,00000000,00000000,8010DA00
O,97,49,0101,800ED090,-1037,4244,772,00000000,FFFFE000,00000000,00000000,00000000,00000000,0,16,80343578,00000000,00000000,8010DA00
O,97,50,0101,800ED090,1828,3835,-50,00000000,00000000,00000000,00000000,00000000,00000000,0,16,803437D8,00000000,00000000,8010DA00
O,97,51,0101,800ED090,1459,3835,-357,00000000,00000000,00000000,00000000,00000000,00000000,0,16,80343A38,00000000,00000000,8010DA00
O,97,52,0101,800ED090,1091,3835,-665,00000000,00000000,00000000,00000000,00000000,00000000,0,16,80343C98,00000000,00000000,8010DA00
O,97,53,0101,800ED064,1580,-4854,-825,00000000,00000000,00000000,00000000,00000000,00000000,0,16,80343EF8,00000000,00000000,8010D910
O,97,54,0101,800ED064,-1692,1022,-1157,00000000,00000000,00000000,00000000,00000000,00000000,0,16,80344158,00000000,00000000,8010D910
O,97,55,0101,800ED064,2098,7007,2243,00000000,00000000,00000000,00000000,00000000,00000000,0,16,803443B8,00000000,00000000,8010D910
O,97,56,0101,800ED064,1801,-4843,-731,00000000,00000000,00000000,00000000,00000000,00000000,0,16,80344618,00000000,00000000,8010D910
O,97,57,0101,800ED064,-1477,1044,-1088,00000000,00000000,00000000,00000000,00000000,00000000,0,16,80344878,00000000,00000000,8010D910
O,97,58,0101,800ED064,2268,7030,2227,00000000,00000000,00000000,00000000,00000000,00000000,0,16,80344AD8,00000000,00000000,8010D910
O,97,59,0101,800EC1AC,800,-4400,1900,00000000,00000000,00000000,00000000,00000000,00000000,0,16,8034C658,00000000,00000000,00000000
O,97,60,0101,800EC1AC,800,-3700,1900,00000000,00000000,00000000,00000000,00000000,00000000,0,16,8034C658,00000000,00000000,00000000
O,97,61,0101,800EC1AC,800,-3000,1900,00000000,00000000,00000000,00000000,00000000,00000000,0,16,8034C658,00000000,00000000,00000000
O,97,62,0101,800EC1AC,1780,-3300,1000,00000000,00000000,00000000,00000000,00000000,00000000,0,16,8034C658,00000000,00000000,00000000
O,97,63,0101,800EC1AC,1388,-3300,1428,00000000,00000000,00000000,00000000,00000000,00000000,0,16,8034C658,00000000,00000000,00000000
O,97,64,0101,800EC1AC,200,-3000,2000,00000000,00000000,00000000,00000000,00000000,00000000,0,16,8034C658,00000000,00000000,00000000
O,97,65,0101,800EC1AC,200,-3700,2000,00000000,00000000,00000000,00000000,00000000,00000000,0,16,8034C658,00000000,00000000,00000000
O,97,66,0101,800EC1AC,200,-4400,2000,00000000,00000000,00000000,00000000,00000000,00000000,0,16,8034C658,00000000,00000000,00000000
O,97,67,0101,800EC4A4,-1080,90,1575,00000000,00000000,00000000,00000000,00000000,00000000,0,16,80346038,00000000,00000000,00000000
O,97,68,0101,800ED028,-1179,445,1413,00000000,00002000,00000000,00000000,00000000,00000000,0,16,80346298,00000000,00000000,8010D88C
O,97,69,0101,800ED028,-1524,-1454,1129,00000000,FFFFE000,00000000,00000000,00000000,00000000,0,16,803464F8,00000000,00000000,8010D88C
O,97,70,0103,800EB688,-688.990601,-729.95166,1377.10596,00000000,00008E01,00000000,00000000,00000000,00000000,2,15,80346758,00000000,00000000,00000000
O,97,71,0101,800EA888,-1203,-19,-170,00000000,00002000,00000000,00000000,00000000,00000000,0,16,803469B8,00000000,00000000,80125088
O,97,72,0101,800EA8A8,0,20,-1400,00000000,00000000,00000000,00000000,00000000,00000000,1,15,80346C18,00000000,00000000,00000000
O,97,73,0101,800EA8A8,-250,20,-1700,00000000,00000000,00000000,00000000,00000000,00000000,1,15,80346E78,00000000,00000000,00000000
O,97,74,0101,800EA8A8,250,20,-1700,00000000,00000000,00000000,00000000,00000000,00000000,1,15,803470D8,00000000,00000000,00000000
O,97,75,0101,800EA8A8,0,20,-2000,00000000,00000000,00000000,00000000,00000000,00000000,1,15,80347338,00000000,00000000,00000000
O,97,76,0101,800EA8A8,500,20,-2000,00000000,00000000,00000000,00000000,00000000,00000000,1,15,80347598,00000000,00000000,00000000
O,97,77,0101,800EA8A8,-500,20,-2000,00000000,00000000,00000000,00000000,00000000,00000000,1,15,803477F8,00000000,00000000,00000000
O,97,78,0103,800E9868,880,-19,1160,00000000,00000000,00000000,00000000,00000000,00000000,0,16,80347A58,8034DE18,00000000,00000000
O,97,79,0103,800ED48C,800,-2460,160,00000000,00000000,00000000,00000000,00000000,00000000,0,16,80347CB8,00000000,00000000,00000000
O,97,80,0103,800E8C0C,-1120,-820,1320,00000000,00002000,00000000,00000000,00000000,00000000,0,16,80347F18,00000000,00000000,00000000
O,97,81,0103,800ED48C,-571,6020,-1414,00000000,00000000,00000000,00000000,00000000,00000000,0,16,80348178,00000000,00000000,00000000
O,97,82,0103,800ED1F8,620,-5150,1540,00000000,00001900,00000000,00000000,00000190,00000000,0,16,803483D8,00000000,00000000,00000000
O,97,83,0101,800EC424,-520,1351,1919,00000000,00000000,00000000,00000000,00000000,00000000,0,16,80348638,00000000,00000000,00000000
O,97,84,0101,800EC424,-165,1351,1919,00000000,00000000,00000000,00000000,00000000,00000000,0,16,80348898,00000000,00000000,00000000
O,97,85,0101,800EC424,182,1351,1919,00000000,00000000,00000000,00000000,00000000,00000000,0,16,80348AF8,00000000,00000000,00000000
O,97,86,0101,800EC3EC,657,1368,1879,00000000,00000000,00000000,00000000,00000000,00000000,0,16,80348D58,00000000,00000000,00000000
O,97,87,0103,800EB688,-997.270813,-2379.95166,-740.374207,00000000,0000FE86,00000000,00000000,00000000,00000000,2,15,80348FB8,00000000,00000000,00000000
O,97,88,0101,800EA570,1883,4150,550,00000000,00000000,00000000,00000000,00000000,00000000,2,15,80349218,00000000,00000000,8014A168
O,97,89,0103,800ED1F8,-1333,350,1116,00000000,00001900,00000000,00000000,00000190,00000000,0,16,80349478,00000000,00000000,00000000
O,97,90,0101,800EA570,-1101,6316,-685,00000000,00002000,00000000,00000000,00000000,00000000,2,15,803496D8,00000000,00000000,8014A168
O,97,91,0101,800EB474,1062.09253,-4822,699.536072,00000000,FFFFEB73,00000000,00000000,00000000,00000000,0,16,80349938,00000000,00000000,00000000
O,97,92,0101,800EB474,1668.09253,-4822,250.536133,00000000,FFFFEB73,00000000,00000000,00000000,00000000,0,16,80349B98,00000000,00000000,00000000
O,97,93,0101,800EA8A8,0,20,-1700,00000000,00000000,00000000,00000000,00000000,00000000,1,15,80349DF8,00000000,00000000,00000000
O,97,94,0101,800ECFCC,-1020,1229,537,00000000,00000000,00000000,00000000,00000000,00000000,0,16,8034A058,00000000,00000000,8010D5B4
O,97,95,0101,800EA570,2350,5600,2350,00000000,00002000,00000000,00000000,00000000,00000000,2,15,8034A2B8,00000000,00000000,8014A168
O,97,96,0101,800EA570,0,4783,0,00000000,00000000,00000000,00000000,00000000,00000000,2,15,8034A518,00000000,00000000,8014A168
O,97,97,0101,800EA570,-1140,-3720,-1620,00000000,00002000,00000000,00000000,00000000,00000000,2,15,8034A778,00000000,00000000,8014A168
O,97,98,0101,800EA570,840,-2200,860,00000000,00002000,00000000,00000000,00000000,00000000,2,15,8034A9D8,00000000,00000000,8014A168
O,97,99,0103,800E8C3C,-770,-3800,-440,00000000,00000000,00000000,00000000,00000000,00000000,0,16,8034AC38,00000000,00000000,00000000
O,97,100,0103,800E8C3C,-770,-3700,-440,00000000,00000000,00000000,00000000,00000000,00000000,0,16,8034AE98,00000000,00000000,00000000
O,97,101,0101,800EA570,280,-4920,1660,00000000,00000000,00000000,00000000,00000000,00000000,2,15,8034B0F8,00000000,00000000,8014A168
O,97,102,0101,800EA570,1240,300,840,00000000,00002000,00000000,00000000,00000000,00000000,2,15,8034B358,00000000,00000000,8014A168
O,97,103,0101,800EA570,520,300,1500,00000000,00002000,00000000,00000000,00000000,00000000,2,15,8034B5B8,00000000,00000000,8014A168
O,97,104,0101,800EA570,-400,3600,1880,00000000,00000000,00000000,00000000,00000000,00000000,2,15,8034B818,00000000,00000000,8014A168
O,97,105,0101,800EA570,-40,4160,-1280,00000000,00000000,00000000,00000000,00000000,00000000,2,15,8034BA78,00000000,00000000,8014A168
O,97,106,0101,800EA570,-1160,2920,-840,00000000,00002000,00000000,00000000,00000000,00000000,2,15,8034BCD8,00000000,00000000,8014A168
O,97,107,0101,800EA570,-780,6316,-1020,00000000,00002000,00000000,00000000,00000000,00000000,2,15,8034BF38,00000000,00000000,8014A168
O,97,108,0101,800ECF5C,1313,6190,1313,00000000,00002000,00000000,00000000,00000000,00000000,0,16,8034C198,00000000,00000000,8010D2E4
O,97,109,0101,800ECF5C,1851,-2488,-98,00000000,00000000,00000000,00000000,00000000,00000000,0,16,8034C3F8,00000000,00000000,8010D410
O,97,110,0101,800EC18C,1815,-3200,800,00000000,00000000,00000000,00000000,00000000,00000000,0,16,8034C658,00000000,00000000,00000000
O,97,111,0101,800EC13C,-1050,2400,-790,00000000,00008000,00000000,00000000,00000000,00000000,0,16,8034C8B8,00000000,00000000,00000000
O,97,112,0101,800EC13C,2200,7300,2210,00000000,00008000,00000000,00000000,00000000,00000000,0,16,8034CB18,00000000,00000000,00000000
O,97,113,0101,800EC13C,-1300,-2250,-1300,00000000,00008000,00000000,00000000,00000000,00000000,0,16,8034CD78,00000000,00000000,00000000
O,97,114,0101,800EC13C,-1850,300,-950,00000000,00008000,00000000,00000000,00000000,00000000,0,16,8034CFD8,00000000,00000000,00000000
O,97,115,0101,800EC13C,-1450,-1130,-1050,00000000,00008000,00000000,00000000,00000000,00000000,0,16,8034D238,00000000,00000000,00000000
O,97,116,0101,800E8EAC,1919,6352,1919,00000000,FFFFA000,00000000,00000000,00000000,00000000,0,16,8034D498,00000000,00000000,8011A38C
O,97,117,0101,800E8464,-1080,-840,1573,00000000,00000000,00000000,00000000,00000000,00000000,0,16,8034D6F8,00000000,00000000,00000000
O,97,118,0101,800EB274,1417,-3822,-548,00000000,FFFFE0B6,00000000,00000000,00000000,00000000,0,16,8034D958,00000000,00000000,00000000
O,97,119,0101,800EB1C0,1394.75781,-4302,-524.992188,00000000,FFFFE0B6,00000000,00000000,00000000,00000000,0,16,8034DBB8,00000000,00000000,00000000
O,97,120,0101,800E98C4,880,-19,1160,00000000,00000000,00000000,00000000,00000000,00000000,0,16,80347A58,00000000,00000000,00000000
O,97,121,0101,800ED86C,1815,-4762,800,00004000,00001000,00000000,00000000,00000000,00000000,0,16,8034C658,00000000,00000000,00000000
M,98,34,104981,3,00001924,0C400201,0,0,00000000,1393.36768,-4366,-523.554199,-1.39015019,-68,1.4378742,2,-8010,-4822,5243,00000000,80161C20,801693C0,8034D958,00000000,8034D958,00000000,8034DBB8,00000000,00000000,-1
O,98,0,0101,800ECEF0,-1032,-3291,1070,00000000,00002000,00000000,00000000,00000000,00000000,0,17,8033C118,00000000,00000000,8010CFA0
O,98,1,0101,800ECEF0,-1881,1767,-446,00000000,00004000,00000000,00000000,00000000,00000000,0,17,8033C378,00000000,00000000,8010CFA0
O,98,2,0101,800ECEF0,-1870,2068,362,00000000,00004000,00000000,00000000,00000000,00000000,0,17,8033C5D8,00000000,00000000,8010CFA0
O,98,3,0101,800ECEF0,-770,-4361,-423,00000000,FFFFA000,00000000,00000000,00000000,00000000,0,17,8033C838,00000000,00000000,8010CFA0
O,98,4,0101,800ECEF0,-1314,-3691,788,00000000,00006000,00000000,00000000,00000000,00000000,0,17,8033CA98,00000000,00000000,8010CFA0
O,98,5,0101,800ECEF0,-1314,-2892,1353,00000000,00006000,00000000,00000000,00000000,00000000,0,17,8033CCF8,00000000,00000000,8010CFA0
O,98,6,0101,800ECEF0,780,5767,-1027,00000000,FFFFE000,00000000,00000000,00000000,00000000,0,17,8033CF58,00000000,00000000,8010D038
O,98,7,0101,800ECEF0,1063,5562,-744,00000000,FFFFE000,00000000,00000000,00000000,00000000,0,17,8033D1B8,00000000,00000000,8010D038
O,98,8,0101,800ECF24,-1350,748,-1208,00000000,00002000,000018E3,00000000,00000000,00000000,0,17,8033D418,00000000,00000000,8010D0BC
O,98,9,0101,800ECF24,-690,901,-910,00000000,00002000,000018E3,00000000,00000000,00000000,0,17,8033D678,00000000,00000000,8010D0BC
O,98,10,0101,800ECF24,-1389,-3030,-1028,00000000,00002000,000018E3,00000000,00000000,00000000,0,17,8033D8D8,00000000,00000000,8010D0BC
O,98,11,0101,800ECF24,937,-3867,-1041,00000000,00002000,000018E3,00000000,00000000,00000000,0,17,8033DB38,00000000,00000000,8010D0BC
O,98,12,0101,800ECF5C,-139,-4408,-1056,00000000,00006000,00000000,00000000,00000000,00000000,0,17,8033DD98,00000000,00000000,8010D2E4
O,98,13,0101,800ECF5C,618,3656,148,00000000,00004000,00000000,00000000,00000000,00000000,0,17,8033DFF8,00000000,00000000,8010D410
O,98,14,0101,800ECF5C,963,3297,608,00000000,FFFFC000,00000000,00000000,00000000,00000000,0,17,8033E258,00000000,00000000,8010D410
O,98,15,0101,800ECF5C,1306,2939,1069,00000000,00004000,00000000,00000000,00000000,00000000,0,17,8033E4B8,00000000,00000000,8010D410
O,98,16,0101,800ECF5C,-1179,-1453,-792,00000000,FFFFE000,00000000,00000000,00000000,00000000,0,17,8033E718,00000000,00000000,8010D410
O,98,17,0101,800ECF94,174,1248,1790,00000000,FFFF8000,00000000,00000000,00000000,00000000,0,17,8033E978,00000000,00000000,8010D53C
O,98,18,0101,800ECF94,-1144.22327,1490,-1386.22327,00000000,00002000,00000000,00000000,00000000,00000000,0,17,8033EBD8,00000000,00000000,8010D53C
O,98,19,0101,800ECF94,-899.223328,1730,-1631.22327,00000000,00002000,00000000,00000000,00000000,00000000,0,17,8033EE38,00000000,00000000,8010D53C
O,98,20,0101,800ECF94,-1142.22327,1970,-1387.22327,00000000,00002000,00000000,00000000,00000000,00000000,0,17,8033F098,00000000,00000000,8010D53C
O,98,21,0101,800ECF94,-517,3175,1790,00000000,FFFF8000,00000000,00000000,00000000,00000000,0,17,8033F2F8,00000000,00000000,8010D53C
O,98,22,0101,800ECF94,-170,1248,1790,00000000,FFFF8000,00000000,00000000,00000000,00000000,0,17,8033F558,00000000,00000000,8010D53C
O,98,23,0101,800ECF94,-515,1248,1790,00000000,FFFF8000,00000000,00000000,00000000,00000000,0,17,8033F7B8,00000000,00000000,8010D53C
O,98,24,0101,800ECF94,-175,-1351,-1789,00000000,00000000,00000000,00000000,00000000,00000000,0,17,8033FA18,00000000,00000000,8010D53C
O,98,25,0101,800ECF94,-515,-2590,1790,00000000,FFFF8000,00000000,00000000,00000000,00000000,0,17,8033FC78,00000000,00000000,8010D53C
O,98,26,0101,800ECF94,518,3175,1790,00000000,FFFF8000,00000000,00000000,00000000,00000000,0,17,8033FED8,00000000,00000000,8010D53C
O,98,27,0101,800ECF94,-171,3175,1790,00000000,FFFF8000,00000000,00000000,00000000,00000000,0,17,80340138,00000000,00000000,8010D53C
O,98,28,0101,800ECF94,174,3175,1790,00000000,FFFF8000,00000000,00000000,00000000,00000000,0,17,80340398,00000000,00000000,8010D53C
O,98,29,0101,800ECFCC,1490,-2088,-873,00000000,00000000,00000000,00000000,00000000,00000000,0,17,803405F8,00000000,00000000,8010D5B4
O,98,30,0101,800ECFCC,-708,-1606,-1589,00000000,00000000,00000000,00000000,00000000,00000000,0,17,80340858,00000000,00000000,8010D5B4
O,98,31,0101,800ECFCC,954,-1627,-1448,00000000,00000000,00000000,00000000,00000000,00000000,0,17,80340AB8,00000000,00000000,8010D5B4
O,98,32,0101,800ECFCC,1215,-1781,-1215,00000000,00000000,00000000,00000000,00000000,00000000,0,17,80340D18,00000000,00000000,8010D5B4
O,98,33,0101,800ECFCC,1052,-1934,-769,00000000,00000000,00000000,00000000,00000000,00000000,0,17,80340F78,00000000,00000000,8010D5B4
O,98,34,0101,800ECFCC,-620,1229,1233,00000000,FFFFA000,00000000,00000000,00000000,00000000,0,17,803411D8,00000000,00000000,8010D680
O,98,35,0101,800ECFCC,1050,-19,-1037,00000000,FFFFE000,00000000,00000000,00000000,00000000,0,17,80341438,00000000,00000000,8010D680
O,98,36,0101,800ECFF8,-1100,259,-1030,00000000,FFFFE000,00000000,00000000,00000000,00000000,0,1,80341698,00000000,00000000,8010D784
O,98,37,0101,800ED064,0,6011,0,00000000,FFFFA000,00000000,00000000,00000000,00000000,0,17,803418F8,00000000,00000000,8010D910
O,98,38,0101,800ED064,0,-2487,0,00000000,00002000,00000000,00000000,00000000,00000000,0,17,80341B58,00000000,00000000,8010D910
O,98,39,0101,800ED090,1102,-3619,1682,00000000,00006000,00000000,00000000,00000000,00000000,0,17,80341DB8,00000000,00000000,8010DA00
O,98,40,0101,800ED090,424,-3312,1959,00000000,00004000,00000000,00000000,00000000,00000000,0,17,80342018,00000000,00000000,8010DA00
O,98,41,0101,800ED090,1102,-3004,1682,00000000,00006000,00000000,00000000,00000000,00000000,0,17,80342278,00000000,00000000,8010DA00
O,98,42,0101,800ED090,1584,-2697,1200,00000000,00006000,00000000,00000000,00000000,00000000,0,17,803424D8,00000000,00000000,8010DA00
O,98,43,0101,800ED090,1582,-3619,1203,00000000,00006000,00000000,00000000,00000000,00000000,0,17,80342738,00000000,00000000,8010DA00
O,98,44,0101,800ED090,-762,4347,1047,00000000,00006000,00000000,00000000,00000000,00000000,0,17,80342998,00000000,00000000,8010DA00
O,98,45,0101,800ED090,424,-3926,1959,00000000,00004000,00000000,00000000,00000000,00000000,0,17,80342BF8,00000000,00000000,8010DA00
O,98,46,0101,800ED090,1102,-4233,1682,00000000,00006000,00000000,00000000,00000000,00000000,0,17,80342E58,00000000,00000000,8010DA00
O,98,47,0101,800ED090,1102,-4848,1682,00000000,00006000,00000000,00000000,00000000,00000000,0,17,803430B8,00000000,00000000,8010DA00
O,98,48,0101,800ED090,424,-4540,1959,00000000,00004000,00000000,00000000,00000000,00000000,0,17,80343318,00000000,00000000,8010DA00
O,98,49,0101,800ED090,-1037,4244,772,00000000,FFFFE000,00000000,00000000,00000000,00000000,0,17,80343578,00000000,00000000,8010DA00
O,98,50,0101,800ED090,1828,3835,-50,00000000,00000000,00000000,00000000,00000000,00000000,0,17,803437D8,00000000,00000000,8010DA00
O,98,51,0101,800ED090,1459,3835,-357,00000000,00000000,00000000,00000000,00000000,00000000,0,17,80343A38,00000000,00000000,8010DA00
O,98,52,0101,800ED090,1091,3835,-665,00000000,00000000,00000000,00000000,00000000,00000000,0,17,80343C98,00000000,00000000,8010DA00
O,98,53,0101,800ED064,1580,-4854,-825,00000000,00000000,00000000,00000000,00000000,00000000,0,17,80343EF8,00000000,00000000,8010D910
O,98,54,0101,800ED064,-1692,1022,-1157,00000000,00000000,00000000,00000000,00000000,00000000,0,17,80344158,00000000,00000000,8010D910
O,98,55,0101,800ED064,2098,7007,2243,00000000,00000000,00000000,00000000,00000000,00000000,0,17,803443B8,00000000,00000000,8010D910
O,98,56,0101,800ED064,1801,-4843,-731,00000000,00000000,00000000,00000000,00000000,00000000,0,17,80344618,00000000,00000000,8010D910
O,98,57,0101,800ED064,-1477,1044,-1088,00000000,00000000,00000000,00000000,00000000,00000000,0,17,80344878,00000000,00000000,8010D910
O,98,58,0101,800ED064,2268,7030,2227,00000000,00000000,00000000,00000000,00000000,00000000,0,17,80344AD8,00000000,00000000,8010D910
O,98,59,0101,800EC1AC,800,-4400,1900,00000000,00000000,00000000,00000000,00000000,00000000,0,17,8034C658,00000000,00000000,00000000
O,98,60,0101,800EC1AC,800,-3700,1900,00000000,00000000,00000000,00000000,00000000,00000000,0,17,8034C658,00000000,00000000,00000000
O,98,61,0101,800EC1AC,800,-3000,1900,00000000,00000000,00000000,00000000,00000000,00000000,0,17,8034C658,00000000,00000000,00000000
O,98,62,0101,800EC1AC,1780,-3300,1000,00000000,00000000,00000000,00000000,00000000,00000000,0,17,8034C658,00000000,00000000,00000000
O,98,63,0101,800EC1AC,1388,-3300,1428,00000000,00000000,00000000,00000000,00000000,00000000,0,17,8034C658,00000000,00000000,00000000
O,98,64,0101,800EC1AC,200,-3000,2000,00000000,00000000,00000000,00000000,00000000,00000000,0,17,8034C658,00000000,00000000,00000000
O,98,65,0101,800EC1AC,200,-3700,2000,00000000,00000000,00000000,00000000,00000000,00000000,0,17,8034C658,00000000,00000000,00000000
O,98,66,0101,800EC1AC,200,-4400,2000,00000000,00000000,00000000,00000000,00000000,00000000,0,17,8034C658,00000000,00000000,00000000
O,98,67,0101,800EC4A4,-1080,90,1575,00000000,00000000,00000000,00000000,00000000,00000000,0,17,80346038,00000000,00000000,00000000
O,98,68,0101,800ED028,-1179,445,1413,00000000,00002000,00000000,00000000,00000000,00000000,0,17,80346298,00000000,00000000,8010D88C
O,98,69,0101,800ED028,-1524,-1454,1129,00000000,FFFFE000,00000000,00000000,00000000,00000000,0,17,803464F8,00000000,00000000,8010D88C
O,98,70,0103,800EB688,-697.536743,-728.913269,1348.93311,00000000,00009201,00000000,00000000,00000000,00000000,2,16,80346758,00000000,00000000,00000000
O,98,71,0101,800EA888,-1203,-19,-170,00000000,00002000,00000000,00000000,00000000,00000000,0,17,803469B8,00000000,00000000,80125088
O,98,72,0101,800EA8A8,0,20,-1400,00000000,00000000,00000000,00000000,00000000,00000000,1,16,80346C18,00000000,00000000,00000000
O,98,73,0101,800EA8A8,-250,20,-1700,00000000,00000000,00000000,00000000,00000000,00000000,1,16,80346E78,00000000,00000000,00000000
O,98,74,0101,800EA8A8,250,20,-1700,00000000,00000000,00000000,00000000,00000000,00000000,1,16,803470D8,00000000,00000000,00000000
O,98,75,0101,800EA8A8,0,20,-2000,00000000,00000000,00000000,00000000,00000000,00000000,1,16,80347338,00000000,00000000,00000000
O,98,76,0101,800EA8A8,500,20,-2000,00000000,00000000,00000000,00000000,00000000,00000000,1,16,80347598,00000000,00000000,00000000
O,98,77,0101,800EA8A8,-500,20,-2000,00000000,00000000,00000000,00000000,00000000,00000000,1,16,803477F8,00000000,00000000,00000000
O,98,78,0103,800E9868,880,-19,1160,00000000,00000000,00000000,00000000,00000000,00000000,0,17,80347A58,8034DE18,00000000,00000000
O,98,79,0103,800ED48C,800,-2460,160,00000000,00000000,00000000,00000000,00000000,00000000,0,17,80347CB8,00000000,00000000,00000000
O,98,80,0103,800E8C0C,-1120,-820,1320,00000000,00002000,00000000,00000000,00000000,00000000,0,17,80347F18,00000000,00000000,00000000
O,98,81,0103,800ED48C,-571,6020,-1414,00000000,00000000,00000000,00000000,00000000,00000000,0,17,80348178,00000000,00000000,00000000
O,98,82,0103,800ED1F8,620,-5150,1540,00000000,00001A90,00000000,00000000,00000190,00000000,0,17,803483D8,00000000,00000000,00000000
O,98,83,0101,800EC424,-520,1351,1919,00000000,00000000,00000000,00000000,00000000,00000000,0,17,80348638,00000000,00000000,00000000
O,98,84,0101,800EC424,-165,1351,1919,00000000,00000000,00000000,00000000,00000000,00000000,0,17,80348898,00000000,00000000,00000000
O,98,85,0101,800EC424,182,1351,1919,00000000,00000000,00000000,00000000,00000000,00000000,0,17,80348AF8,00000000,00000000,00000000
O,98,86,0101,800EC3EC,657,1368,1879,00000000,00000000,00000000,00000000,00000000,00000000,0,17,80348D58,00000000,00000000,00000000
O,98,87,0103,800EB688,-999.796692,-2378.91333,-711.042175,00000000,00010286,00000000,00000000,00000000,00000000,2,16,80348FB8,00000000,00000000,00000000
O,98,88,0101,800EA570,1883,4150,550,00000000,00000000,00000000,00000000,00000000,00000000,2,16,80349218,00000000,00000000,8014A168
O,98,89,0103,800ED1F8,-1333,350,1116,00000000,00001A90,00000000,00000000,00000190,00000000,0,17,80349478,00000000,00000000,00000000
O,98,90,0101,800EA570,-1101,6316,-685,00000000,00002000,00000000,00000000,00000000,00000000,2,16,803496D8,00000000,00000000,8014A168
O,98,91,0101,800EB474,1060.15308,-4822,703.034424,00000000,FFFFEA2D,00000000,00000000,00000000,00000000,0,17,80349938,00000000,00000000,00000000
O,98,92,0101,800EB474,1666.15308,-4822,254.034485,00000000,FFFFEA2D,00000000,00000000,00000000,00000000,0,17,80349B98,00000000,00000000,00000000
O,98,93,0101,800EA8A8,0,20,-1700,00000000,00000000,00000000,00000000,00000000,00000000,1,16,80349DF8,00000000,00000000,00000000
O,98,94,0101,800ECFCC,-1020,1229,537,00000000,00000000,00000000,00000000,00000000,00000000,0,17,8034A058,00000000,00000000,8010D5B4
O,98,95,0101,800EA570,2350,5600,2350,00000000,00002000,00000000,00000000,00000000,00000000,2,16,8034A2B8,00000000,00000000,8014A168
O,98,96,0101,800EA570,0,4783,0,00000000,00000000,00000000,00000000,00000000,00000000,2,16,8034A518,00000000,00000000,8014A168
O,98,97,0101,800EA570,-1140,-3720,-1620,00000000,00002000,00000000,00000000,00000000,00000000,2,16,8034A778,00000000,00000000,8014A168
O,98,98,0101,800EA570,840,-2200,860,00000000,00002000,00000000,00000000,00000000,00000000,2,16,8034A9D8,00000000,00000000,8014A168
O,98,99,0103,800E8C3C,-770,-3800,-440,00000000,00000000,00000000,00000000,00000000,00000000,0,17,8034AC38,00000000,00000000,00000000
O,98,100,0103,800E8C3C,-770,-3700,-440,00000000,00000000,00000000,00000000,00000000,00000000,0,17,8034AE98,00000000,00000000,00000000
O,98,101,0101,800EA570,280,-4920,1660,00000000,00000000,00000000,00000000,00000000,00000000,2,16,8034B0F8,00000000,00000000,8014A168
O,98,102,0101,800EA570,1240,300,840,00000000,00002000,00000000,00000000,00000000,00000000,2,16,8034B358,00000000,00000000,8014A168
O,98,103,0101,800EA570,520,300,1500,00000000,00002000,00000000,00000000,00000000,00000000,2,16,8034B5B8,00000000,00000000,8014A168
O,98,104,0101,800EA570,-400,3600,1880,00000000,00000000,00000000,00000000,00000000,00000000,2,16,8034B818,00000000,00000000,8014A168
O,98,105,0101,800EA570,-40,4160,-1280,00000000,00000000,00000000,00000000,00000000,00000000,2,16,8034BA78,00000000,00000000,8014A168
O,98,106,0101,800EA570,-1160,2920,-840,00000000,00002000,00000000,00000000,00000000,00000000,2,16,8034BCD8,00000000,00000000,8014A168
O,98,107,0101,800EA570,-780,6316,-1020,00000000,00002000,00000000,00000000,00000000,00000000,2,16,8034BF38,00000000,00000000,8014A168
O,98,108,0101,800ECF5C,1313,6190,1313,00000000,00002000,00000000,00000000,00000000,00000000,0,17,8034C198,00000000,00000000,8010D2E4
O,98,109,0101,800ECF5C,1851,-2488,-98,00000000,00000000,00000000,00000000,00000000,00000000,0,17,8034C3F8,00000000,00000000,8010D410
O,98,110,0101,800EC18C,1815,-3200,800,00000000,00000000,00000000,00000000,00000000,00000000,0,17,8034C658,00000000,00000000,00000000
O,98,111,0101,800EC13C,-1050,2400,-790,00000000,00008800,00000000,00000000,00000000,00000000,0,17,8034C8B8,00000000,00000000,00000000
O,98,112,0101,800EC13C,2200,7300,2210,00000000,00008800,00000000,00000000,00000000,00000000,0,17,8034CB18,00000000,00000000,00000000
O,98,113,0101,800EC13C,-1300,-2250,-1300,00000000,00008800,00000000,00000000,00000000,00000000,0,17,8034CD78,00000000,00000000,00000000
O,98,114,0101,800EC13C,-1850,300,-950,00000000,00008800,00000000,00000000,00000000,00000000,0,17,8034CFD8,00000000,00000000,00000000
O,98,115,0101,800EC13C,-1450,-1130,-1050,00000000,00008800,00000000,00000000,00000000,00000000,0,17,8034D238,00000000,00000000,00000000
O,98,116,0101,800E8EAC,1919,6362,1919,00000000,FFFFA000,00000000,00000000,00000000,00000000,0,17,8034D498,00000000,00000000,8011A38C
O,98,117,0101,800E8464,-1080,-840,1573,00000000,00000000,00000000,00000000,00000000,00000000,0,17,8034D6F8,00000000,00000000,00000000
O,98,118,0101,800EB274,1417,-3822,-548,00000000,FFFFE0B6,00000000,00000000,00000000,00000000,0,17,8034D958,00000000,00000000,00000000
O,98,119,0101,800EB1C0,1393.36768,-4366,-523.554199,00000000,FFFFE0B6,00000000,00000000,00000000,00000000,0,17,8034DBB8,00000000,00000000,00000000
O,98,120,0101,800E98C4,880,-19,1160,00000000,00000000,00000000,00000000,00000000,00000000,0,17,80347A58,00000000,00000000,00000000
O,98,121,0101,800ED86C,1815,-4762,800,00004000,00001100,00000000,00000000,00000000,00000000,0,17,8034C658,00000000,00000000,00000000
M,99,34,104981,3,00001924,0C400201,0,0,00000000,1393.36768,-4366,-523.554199,-1.39015019,-68,1.4378742,2,-8010,-4822,5243,00000000,80161C20,801693C0,8034D958,00000000,8034D958,00000000,8034DBB8,00000000,00000000,-1
O,99,0,0101,800ECEF0,-1032,-3291,1070,00000000,00002000,00000000,00000000,00000000,00000000,0,17,8033C118,00000000,00000000,8010CFA0
O,99,1,0101,800ECEF0,-1881,1767,-446,00000000,00004000,00000000,00000000,00000000,00000000,0,17,8033C378,00000000,00000000,8010CFA0
O,99,2,0101,800ECEF0,-1870,2068,362,00000000,00004000,00000000,00000000,00000000,00000000,0,17,8033C5D8,00000000,00000000,8010CFA0
O,99,3,0101,800ECEF0,-770,-4361,-423,00000000,FFFFA000,00000000,00000000,00000000,00000000,0,17,8033C838,00000000,00000000,8010CFA0
O,99,4,0101,800ECEF0,-1314,-3691,788,00000000,00006000,00000000,00000000,00000000,00000000,0,17,8033CA98,00000000,00000000,8010CFA0
O,99,5,0101,800ECEF0,-1314,-2892,1353,00000000,00006000,00000000,00000000,00000000,00000000,0,17,8033CCF8,00000000,00000000,8010CFA0
O,99,6,0101,800ECEF0,780,5767,-1027,00000000,FFFFE000,00000000,00000000,00000000,00000000,0,17,8033CF58,00000000,00000000,8010D038
O,99,7,0101,800ECEF0,1063,5562,-744,00000000,FFFFE000,00000000,00000000,00000000,00000000,0,17,8033D1B8,00000000,00000000,8010D038
O,99,8,0101,800ECF24,-1350,748,-1208,00000000,00002000,000018E3,00000000,00000000,00000000,0,17,8033D418,00000000,00000000,8010D0BC
O,99,9,0101,800ECF24,-690,901,-910,00000000,00002000,000018E3,00000000,00000000,00000000,0,17,8033D678,00000000,00000000,8010D0BC
O,99,10,0101,800ECF24,-1389,-3030,-1028,00000000,00002000,000018E3,00000000,00000000,00000000,0,17,8033D8D8,00000000,00000000,8010D0BC
O,99,11,0101,800ECF24,937,-3867,-1041,00000000,00002000,000018E3,00000000,00000000,00000000,0,17,8033DB38,00000000,00000000,8010D0BC
O,99,12,0101,800ECF5C,-139,-4408,-1056,00000000,00006000,00000000,00000000,00000000,00000000,0,17,8033DD98,00000000,00000000,8010D2E4
O,99,13,0101,800ECF5C,618,3656,148,00000000,00004000,00000000,00000000,00000000,00000000,0,17,8033DFF8,00000000,00000000,8010D410
O,99,14,0101,800ECF5C,963,3297,608,00000000,FFFFC000,00000000,00000000,00000000,00000000,0,17,8033E258,00000000,00000000,8010D410
O,99,15,0101,800ECF5C,1306,2939,1069,00000000,00004000,00000000,00000000,00000000,00000000,0,17,8033E4B8,00000000,00000000,8010D410
O,99,16,0101,800ECF5C,-1179,-1453,-792,00000000,FFFFE000,00000000,00000000,00000000,00000000,0,17,8033E718,00000000,00000000,8010D410
O,99,17,0101,800ECF94,174,1248,1790,00000000,FFFF8000,00000000,00000000,00000000,00000000,0,17,8033E978,00000000,00000000,8010D53C
O,99,18,0101,800ECF94,-1144.22327,1490,-1386.22327,00000000,00002000,00000000,00000000,00000000,00000000,0,17,8033EBD8,00000000,00000000,8010D53C
O,99,19,0101,800ECF94,-899.223328,1730,-1631.22327,00000000,00002000,00000000,00000000,00000000,00000000,0,17,8033EE38,00000000,00000000,8010D53C
O,99,20,0101,800ECF94,-1142.22327,1970,-1387.22327,00000000,00002000,00000000,00000000,00000000,00000000,0,17,8033F098,00000000,00000000,8010D53C
O,99,21,0101,800ECF94,-517,3175,1790,00000000,FFFF8000,00000000,00000000,00000000,00000000,0,17,8033F2F8,00000000,00000000,8010D53C
O,99,22,0101,800ECF94,-170,1248,1790,00000000,FFFF8000,00000000,00000000,00000000,00000000,0,17,8033F558,00000000,00000000,8010D53C
O,99,23,0101,800ECF94,-515,1248,1790,00000000,FFFF8000,00000000,00000000,00000000,00000000,0,17,8033F7B8,00000000,00000000,8010D53C
O,99,24,0101,800ECF94,-175,-1351,-1789,00000000,00000000,00000000,00000000,00000000,00000000,0,17,8033FA18,00000000,00000000,8010D53C
O,99,25,0101,800ECF94,-515,-2590,1790,00000000,FFFF8000,00000000,00000000,00000000,00000000,0,17,8033FC78,00000000,00000000,8010D53C
O,99,26,0101,800ECF94,518,3175,1790,00000000,FFFF8000,00000000,00000000,00000000,00000000,0,17,8033FED8,00000000,00000000,8010D53C
O,99,27,0101,800ECF94,-171,3175,1790,00000000,FFFF8000,00000000,00000000,00000000,00000000,0,17,80340138,00000000,00000000,8010D53C
O,99,28,0101,800ECF94,174,3175,1790,00000000,FFFF8000,00000000,00000000,00000000,00000000,0,17,80340398,00000000,00000000,8010D53C
O,99,29,0101,800ECFCC,1490,-2088,-873,00000000,00000000,00000000,00000000,00000000,00000000,0,17,803405F8,00000000,00000000,8010D5B4
O,99,30,0101,800ECFCC,-708,-1606,-1589,00000000,00000000,00000000,00000000,00000000,00000000,0,17,80340858,00000000,00000000,8010D5B4
O,99,31,0101,800ECFCC,954,-1627,-1448,00000000,00000000,00000000,00000000,00000000,00000000,0,17,80340AB8,00000000,00000000,8010D5B4
O,99,32,0101,800ECFCC,1215,-1781,-1215,00000000,00000000,00000000,00000000,00000000,00000000,0,17,80340D18,00000000,00000000,8010D5B4
O,99,33,0101,800ECFCC,1052,-1934,-769,00000000,00000000,00000000,00000000,00000000,00000000,0,17,80340F78,00000000,00000000,8010D5B4
O,99,34,0101,800ECFCC,-620,1229,1233,00000000,FFFFA000,00000000,00000000,00000000,00000000,0,17,803411D8,00000000,00000000,8010D680
O,99,35,0101,800ECFCC,1050,-19,-1037,00000000,FFFFE000,00000000,00000000,00000000,00000000,0,17,80341438,00000000,00000000,8010D680
O,99,36,0101,800ECFF8,-1100,259,-1030,00000000,FFFFE000,00000000,00000000,00000000,00000000,0,1,80341698,00000000,00000000,8010D784
O,99,37,0101,800ED064,0,6011,0,00000000,FFFFA000,00000000,00000000,00000000,00000000,0,17,803418F8,00000000,00000000,8010D910
O,99,38,0101,800ED064,0,-2487,0,00000000,00002000,00000000,00000000,00000000,00000000,0,17,80341B58,00000000,00000000,8010D910
O,99,39,0101,800ED090,1102,-3619,1682,00000000,00006000,00000000,00000000,00000000,00000000,0,17,80341DB8,00000000,00000000,8010DA00
O,99,40,0101,800ED090,424,-3312,1959,00000000,00004000,00000000,00000000,00000000,00000000,0,17,80342018,00000000,00000000,8010DA00
O,99,41,0101,800ED090,1102,-3004,1682,00000000,00006000,00000000,00000000,00000000,00000000,0,17,80342278,00000000,00000000,8010DA00
O,99,42,0101,800ED090,1584,-2697,1200,00000000,00006000,00000000,00000000,00000000,00000000,0,17,803424D8,00000000,00000000,8010DA00
O,99,43,0101,800ED090,1582,-3619,1203,00000000,00006000,00000000,00000000,00000000,00000000,0,17,80342738,00000000,00000000,8010DA00
O,99,44,0101,800ED090,-762,4347,1047,00000000,00006000,00000000,00000000,00000000,00000000,0,17,80342998,00000000,00000000,8010DA00
O,99,45,0101,800ED090,424,-3926,1959,00000000,00004000,00000000,00000000,00000000,00000000,0,17,80342BF8,00000000,00000000,8010DA00
O,99,46,0101,800ED090,1102,-4233,1682,00000000,00006000,00000000,00000000,00000000,00000000,0,17,80342E58,00000000,00000000,8010DA00
O,99,47,0101,800ED090,1102,-4848,1682,00000000,00006000,00000000,00000000,00000000,00000000,0,17,803430B8,00000000,00000000,8010DA00
O,99,48,0101,800ED090,424,-4540,1959,00000000,00004000,00000000,00000000,00000000,00000000,0,17,80343318,00000000,00000000,8010DA00
O,99,49,0101,800ED090,-1037,4244,772,00000000,FFFFE000,00000000,00000000,00000000,00000000,0,17,80343578,00000000,00000000,8010DA00
O,99,50,0101,800ED090,1828,3835,-50,00000000,00000000,00000000,00000000,00000000,00000000,0,17,803437D8,00000000,00000000,8010DA00
O,99,51,0101,800ED090,1459,3835,-357,00000000,00000000,00000000,00000000,00000000,00000000,0,17,80343A38,00000000,00000000,8010DA00
O,99,52,0101,800ED090,1091,3835,-665,00000000,00000000,00000000,00000000,00000000,00000000,0,17,80343C98,00000000,00000000,8010DA00
O,99,53,0101,800ED064,1580,-4854,-825,00000000,00000000,00000000,00000000,00000000,00000000,0,17,80343EF8,00000000,00000000,8010D910
O,99,54,0101,800ED064,-1692,1022,-1157,00000000,00000000,00000000,00000000,00000000,00000000,0,17,80344158,00000000,00000000,8010D910
O,99,55,0101,800ED064,2098,7007,2243,00000000,00000000,00000000,00000000,00000000,00000000,0,17,803443B8,00000000,00000000,8010D910
O,99,56,0101,800ED064,1801,-4843,-731,00000000,00000000,00000000,00000000,00000000,00000000,0,17,80344618,00000000,00000000,8010D910
O,99,57,0101,800ED064,-1477,1044,-1088,00000000,00000000,00000000,00000000,00000000,00000000,0,17,80344878,00000000,00000000,8010D910
O,99,58,0101,800ED064,2268,7030,2227,00000000,00000000,00000000,00000000,00000000,00000000,0,17,80344AD8,00000000,00000000,8010D910
O,99,59,0101,800EC1AC,800,-4400,1900,00000000,00000000,00000000,00000000,00000000,00000000,0,17,8034C658,00000000,00000000,00000000
O,99,60,0101,800EC1AC,800,-3700,1900,00000000,00000000,00000000,00000000,00000000,00000000,0,17,8034C658,00000000,00000000,00000000
O,99,61,0101,800EC1AC,800,-3000,1900,00000000,00000000,00000000,00000000,00000000,00000000,0,17,8034C658,00000000,00000000,00000000
O,99,62,0101,800EC1AC,1780,-3300,1000,00000000,00000000,00000000,00000000,00000000,00000000,0,17,8034C658,00000000,00000000,00000000
O,99,63,0101,800EC1AC,1388,-3300,1428,00000000,00000000,00000000,00000000,00000000,00000000,0,17,8034C658,00000000,00000000,00000000
O,99,64,0101,800EC1AC,200,-3000,2000,00000000,00000000,00000000,00000000,00000000,00000000,0,17,8034C658,00000000,00000000,00000000
O,99,65,0101,800EC1AC,200,-3700,2000,00000000,00000000,00000000,00000000,00000000,00000000,0,17,8034C658,00000000,00000000,00000000
O,99,66,0101,800EC1AC,200,-4400,2000,00000000,00000000,00000000,00000000,00000000,00000000,0,17,8034C658,00000000,00000000,00000000
O,99,67,0101,800EC4A4,-1080,90,1575,00000000,00000000,00000000,00000000,00000000,00000000,0,17,80346038,00000000,00000000,00000000
O,99,68,0101,800ED028,-1179,445,1413,00000000,00002000,00000000,00000000,00000000,00000000,0,17,80346298,00000000,00000000,8010D88C
O,99,69,0101,800ED028,-1524,-1454,1129,00000000,FFFFE000,00000000,00000000,00000000,00000000,0,17,803464F8,00000000,00000000,8010D88C
O,99,70,0103,800EB688,-697.536743,-728.913269,1348.93311,00000000,00009201,00000000,00000000,00000000,00000000,2,16,80346758,00000000,00000000,00000000
O,99,71,0101,800EA888,-1203,-19,-170,00000000,00002000,00000000,00000000,00000000,00000000,0,17,803469B8,00000000,00000000,80125088
O,99,72,0101,800EA8A8,0,20,-1400,00000000,00000000,00000000,00000000,00000000,00000000,1,16,80346C18,00000000,00000000,00000000
O,99,73,0101,800EA8A8,-250,20,-1700,00000000,00000000,00000000,00000000,00000000,00000000,1,16,80346E78,00000000,00000000,00000000
O,99,74,0101,800EA8A8,250,20,-1700,00000000,00000000,00000000,00000000,00000000,00000000,1,16,803470D8,00000000,00000000,00000000
O,99,75,0101,800EA8A8,0,20,-2000,00000000,00000000,00000000,00000000,00000000,00000000,1,16,80347338,00000000,00000000,00000000
O,99,76,0101,800EA8A8,500,20,-2000,00000000,00000000,00000000,00000000,00000000,00000000,1,16,80347598,00000000,00000000,00000000
O,99,77,0101,800EA8A8,-500,20,-2000,00000000,00000000,00000000,00000000,00000000,00000000,1,16,803477F8,00000000,00000000,00000000
O,99,78,0103,800E9868,880,-19,1160,00000000,00000000,00000000,00000000,00000000,00000000,0,17,80347A58,8034DE18,00000000,00000000
O,99,79,0103,800ED48C,800,-2460,160,00000000,00000000,00000000,00000000,00000000,00000000,0,17,80347CB8,00000000,00000000,00000000
O,99,80,0103,800E8C0C,-1120,-820,1320,00000000,00002000,00000000,00000000,00000000,00000000,0,17,80347F18,00000000,00000000,00000000
O,99,81,0103,800ED48C,-571,6020,-1414,00000000,00000000,00000000,00000000,00000000,00000000,0,17,80348178,00000000,00000000,00000000
O,99,82,0103,800ED1F8,620,-5150,1540,00000000,00001A90,00000000,00000000,00000190,00000000,0,17,803483D8,00000000,00000000,00000000
O,99,83,0101,800EC424,-520,1351,1919,00000000,00000000,00000000,00000000,00000000,00000000,0,17,80348638,00000000,00000000,00000000
O,99,84,0101,800EC424,-165,1351,1919,00000000,00000000,00000000,00000000,00000000,00000000,0,17,80348898,00000000,00000000,00000000
O,99,85,0101,800EC424,182,1351,1919,00000000,00000000,00000000,00000000,00000000,00000000,0,17,80348AF8,00000000,00000000,00000000
O,99,86,0101,800EC3EC,657,1368,1879,00000000,00000000,00000000,00000000,00000000,00000000,0,17,80348D58,00000000,00000000,00000000
O,99,87,0103,800EB688,-999.796692,-2378.91333,-711.042175,00000000,00010286,00000000,00000000,00000000,00000000,2,16,80348FB8,00000000,00000000,00000000
O,99,88,0101,800EA570,1883,4150,550,00000000,00000000,00000000,00000000,00000000,00000000,2,16,80349218,00000000,00000000,8014A168
O,99,89,0103,800ED1F8,-1333,350,1116,00000000,00001A90,00000000,00000000,00000190,00000000,0,17,80349478,00000000,00000000,00000000
O,99,90,0101,800EA570,-1101,6316,-685,00000000,00002000,00000000,00000000,00000000,00000000,2,16,803496D8,00000000,00000000,8014A168
O,99,91,0101,800EB474,1060.15308,-4822,703.034424,00000000,FFFFEA2D,00000000,00000000,00000000,00000000,0,17,80349938,00000000,00000000,00000000
O,99,92,0101,800EB474,1666.15308,-4822,254.034485,00000000,FFFFEA2D,00000000,00000000,00000000,00000000,0,17,80349B98,00000000,00000000,00000000
O,99,93,0101,800EA8A8,0,20,-1700,00000000,00000000,00000000,00000000,00000000,00000000,1,16,80349DF8,00000000,00000000,00000000
O,99,94,0101,800ECFCC,-1020,1229,537,00000000,00000000,00000000,00000000,00000000,00000000,0,17,8034A058,00000000,00000000,8010D5B4
O,99,95,0101,800EA570,2350,5600,2350,00000000,00002000,00000000,00000000,00000000,00000000,2,16,8034A2B8,00000000,00000000,8014A168
O,99,96,0101,800EA570,0,4783,0,00000000,00000000,00000000,00000000,00000000,00000000,2,16,8034A518,00000000,00000000,8014A168
O,99,97,0101,800EA570,-1140,-3720,-1620,00000000,00002000,00000000,00000000,00000000,00000000,2,16,8034A778,00000000,00000000,8014A168
O,99,98,0101,800EA570,840,-2200,860,00000000,00002000,00000000,00000000,00000000,00000000,2,16,8034A9D8,00000000,00000000,8014A168
O,99,99,0103,800E8C3C,-770,-3800,-440,00000000,00000000,00000000,00000000,00000000,00000000,0,17,8034AC38,00000000,00000000,00000000
O,99,100,0103,800E8C3C,-770,-3700,-440,00000000,00000000,00000000,00000000,00000000,00000000,0,17,8034AE98,00000000,00000000,00000000
O,99,101,0101,800EA570,280,-4920,1660,00000000,00000000,00000000,00000000,00000000,00000000,2,16,8034B0F8,00000000,00000000,8014A168
O,99,102,0101,800EA570,1240,300,840,00000000,00002000,00000000,00000000,00000000,00000000,2,16,8034B358,00000000,00000000,8014A168
O,99,103,0101,800EA570,520,300,1500,00000000,00002000,00000000,00000000,00000000,00000000,2,16,8034B5B8,00000000,00000000,8014A168
O,99,104,0101,800EA570,-400,3600,1880,00000000,00000000,00000000,00000000,00000000,00000000,2,16,8034B818,00000000,00000000,8014A168
O,99,105,0101,800EA570,-40,4160,-1280,00000000,00000000,00000000,00000000,00000000,00000000,2,16,8034BA78,00000000,00000000,8014A168
O,99,106,0101,800EA570,-1160,2920,-840,00000000,00002000,00000000,00000000,00000000,00000000,2,16,8034BCD8,00000000,00000000,8014A168
O,99,107,0101,800EA570,-780,6316,-1020,00000000,00002000,00000000,00000000,00000000,00000000,2,16,8034BF38,00000000,00000000,8014A168
O,99,108,0101,800ECF5C,1313,6190,1313,00000000,00002000,00000000,00000000,00000000,00000000,0,17,8034C198,00000000,00000000,8010D2E4
O,99,109,0101,800ECF5C,1851,-2488,-98,00000000,00000000,00000000,00000000,00000000,00000000,0,17,8034C3F8,00000000,00000000,8010D410
O,99,110,0101,800EC18C,1815,-3200,800,00000000,00000000,00000000,00000000,00000000,00000000,0,17,8034C658,00000000,00000000,00000000
O,99,111,0101,800EC13C,-1050,2400,-790,00000000,00008800,00000000,00000000,00000000,00000000,0,17,8034C8B8,00000000,00000000,00000000
O,99,112,0101,800EC13C,2200,7300,2210,00000000,00008800,00000000,00000000,00000000,00000000,0,17,8034CB18,00000000,00000000,00000000
O,99,113,0101,800EC13C,-1300,-2250,-1300,00000000,00008800,00000000,00000000,00000000,00000000,0,17,8034CD78,00000000,00000000,00000000
O,99,114,0101,800EC13C,-1850,300,-950,00000000,00008800,00000000,00000000,00000000,00000000,0,17,8034CFD8,00000000,00000000,00000000
O,99,115,0101,800EC13C,-1450,-1130,-1050,00000000,00008800,00000000,00000000,00000000,00000000,0,17,8034D238,00000000,00000000,00000000
O,99,116,0101,800E8EAC,1919,6362,1919,00000000,FFFFA000,00000000,00000000,00000000,00000000,0,17,8034D498,00000000,00000000,8011A38C
O,99,117,0101,800E8464,-1080,-840,1573,00000000,00000000,00000000,00000000,00000000,00000000,0,17,8034D6F8,00000000,00000000,00000000
O,99,118,0101,800EB274,1417,-3822,-548,00000000,FFFFE0B6,00000000,00000000,00000000,00000000,0,17,8034D958,00000000,00000000,00000000
O,99,119,0101,800EB1C0,1393.36768,-4366,-523.554199,00000000,FFFFE0B6,00000000,00000000,00000000,00000000,0,17,8034DBB8,00000000,00000000,00000000
O,99,120,0101,800E98C4,880,-19,1160,00000000,00000000,00000000,00000000,00000000,00000000,0,17,80347A58,00000000,00000000,00000000
O,99,121,0101,800ED86C,1815,-4762,800,00004000,00001100,00000000,00000000,00000000,00000000,0,17,8034C658,00000000,00000000,00000000
DONE,vi=99,polls=34,finished=true
